# Exported from USD: /mycobot_pro450/mygripper_f100/Geometry/f100_base_link/f100_base_link/f100_base_link
mtllib f100_base_link.mtl

g f100_base_link
v 0.05805894 0.00591447 -0.00900000
v 0.05805894 0.00002105 -0.00900000
v 0.06417064 0.00002105 -0.00900000
v 0.02249409 -0.02936416 -0.00900000
v 0.02563523 -0.03164633 -0.00900000
v 0.05606354 -0.00119924 -0.00900000
v 0.08308128 -0.00544928 -0.00900000
v 0.07625416 -0.00544928 -0.00900000
v 0.08308128 -0.01054924 -0.00900000
v 0.06331891 -0.01796706 -0.00900000
v 0.08308128 0.00305080 -0.00900000
v 0.08308128 0.00817076 -0.00900000
v 0.07625416 0.00305080 -0.00900000
v 0.08302658 0.00984137 -0.00900000
v 0.06201850 0.01278424 -0.00900000
v 0.05974391 0.01073619 -0.00900000
v 0.05683295 0.00979036 -0.00900000
v 0.05606354 0.00591447 -0.00900000
v 0.06417064 -0.00119924 -0.00900000
v 0.05110030 -0.01399700 -0.00900000
v 0.05377143 -0.01245482 -0.00900000
v 0.03278735 -0.03460884 -0.00900000
v 0.03662221 -0.03521622 -0.00900000
v 0.04928736 -0.02252619 -0.00900000
v 0.01382029 0.00817076 -0.00900000
v 0.01382029 -0.01054924 -0.00900000
v 0.01389656 -0.01249057 -0.00900000
v 0.01697002 -0.02263016 -0.00900000
v 0.01746645 -0.02347756 -0.00900000
v 0.06637897 0.03213523 -0.00900000
v 0.05974391 0.02348533 -0.00900000
v 0.06972621 0.03061861 -0.00900000
v 0.06201850 0.02143729 -0.00900000
v 0.07800465 0.02345392 -0.00900000
v 0.07559983 0.02623257 -0.00900000
v 0.06326342 0.01864114 -0.00900000
v 0.07509302 0.02672553 -0.00900000
v 0.07282118 0.02863739 -0.00900000
v 0.08252309 0.01348150 -0.00900000
v 0.08150247 0.01701172 -0.00900000
v 0.07473705 0.00119236 -0.00900000
v 0.07417700 -0.00119924 -0.00900000
v 0.07473705 -0.00359084 -0.00900000
v 0.04864609 -0.01950924 -0.00900000
v 0.04928736 -0.01649229 -0.00900000
v 0.02909471 0.03103055 -0.00900000
v 0.02563523 0.02926785 -0.00900000
v 0.01974862 -0.02661870 -0.00900000
v 0.02184141 -0.02878654 -0.00900000
v 0.04933919 0.01411688 -0.00900000
v 0.05113826 0.01164068 -0.00900000
v 0.05378896 0.01011030 -0.00900000
v 0.04870282 0.01711076 -0.00900000
v 0.04933919 0.02010464 -0.00900000
v 0.03278735 0.03223036 -0.00900000
v 0.06326342 0.01558038 -0.00900000
v 0.07998586 0.02035895 -0.00900000
v 0.07963200 0.02098925 -0.00900000
v 0.05683888 -0.01213242 -0.00900000
v 0.05977227 -0.01308553 -0.00900000
v 0.06206439 -0.01514937 -0.00900000
v 0.06284875 -0.03553431 -0.00900000
v 0.06637897 -0.03451370 -0.00900000
v 0.05977227 -0.02593294 -0.00900000
v 0.06972621 -0.03299709 -0.00900000
v 0.06206439 -0.02386911 -0.00900000
v 0.07282118 -0.03101587 -0.00900000
v 0.06331891 -0.02105142 -0.00900000
v 0.07509302 -0.02910401 -0.00900000
v 0.07559983 -0.02861105 -0.00900000
v 0.05110030 -0.02502148 -0.00900000
v 0.03856355 -0.03529250 -0.00900000
v 0.04564826 -0.03529250 -0.00900000
v 0.02909471 -0.03340903 -0.00900000
v 0.02249409 0.02698568 -0.00900000
v 0.02184141 0.02640806 -0.00900000
v 0.01974862 0.02424022 -0.00900000
v 0.01746645 0.02109908 -0.00900000
v 0.01697002 0.02025168 -0.00900000
v 0.01570376 0.01763959 -0.00900000
v 0.01450394 -0.01632544 -0.00900000
v 0.01570376 -0.02001807 -0.00900000
v 0.06284875 0.03315584 -0.00900000
v 0.05920862 0.03365933 -0.00900000
v 0.05683295 0.02443116 -0.00900000
v 0.05753801 0.03371402 -0.00900000
v 0.05378896 0.02411123 -0.00900000
v 0.04841062 0.03371402 -0.00900000
v 0.05113826 0.02258085 -0.00900000
v 0.04738755 0.03326742 -0.00900000
v 0.04653567 0.03300326 -0.00900000
v 0.08150247 -0.01939020 -0.00900000
v 0.08252309 -0.01585998 -0.00900000
v 0.08302658 -0.01221985 -0.00900000
v 0.07800465 -0.02583240 -0.00900000
v 0.07963200 -0.02336773 -0.00900000
v 0.07998586 -0.02273743 -0.00900000
v 0.04653567 -0.03538174 -0.00900000
v 0.04738755 -0.03564589 -0.00900000
v 0.05377143 -0.02656366 -0.00900000
v 0.04841062 -0.03609249 -0.00900000
v 0.05683888 -0.02688606 -0.00900000
v 0.05753801 -0.03609249 -0.00900000
v 0.05920862 -0.03603781 -0.00900000
v 0.01450394 0.01394696 -0.00900000
v 0.01389656 0.01011209 -0.00900000
v 0.04564826 0.03291402 -0.00900000
v 0.03856355 0.03291402 -0.00900000
v 0.03662221 0.03283774 -0.00900000
v -0.00164913 -0.00239372 0.04400000
v -0.00164914 -0.00236809 0.04424196
v -0.00164955 -0.00123872 0.04400000
v -0.00164915 -0.00235118 0.04368940
v -0.00164961 -0.00106448 0.04285822
v -0.00164941 -0.00161505 0.04290803
v -0.00164925 -0.00207941 0.04320800
v -0.00164997 -0.00008426 0.04403534
v -0.00164993 -0.00020007 0.04349479
v -0.00164980 -0.00055383 0.04306997
v -0.00164959 -0.00113465 0.04515030
v -0.00164978 -0.00061200 0.04497018
v -0.00164992 -0.00023292 0.04456780
v -0.00164923 -0.00212628 0.04473909
v -0.00164939 -0.00168114 0.04506690
v 0.00000120 -0.00331255 0.04204571
v 0.00000145 -0.00398314 0.04323360
v -0.00079130 -0.00370408 0.04331159
v 0.00000148 -0.00408812 0.04400000
v -0.00079129 -0.00374157 0.04453630
v 0.00000146 -0.00402488 0.04459706
v -0.00079149 -0.00320562 0.04563814
v 0.00000124 -0.00342821 0.04582374
v -0.00079184 -0.00221900 0.04636471
v 0.00000085 -0.00232981 0.04663263
v -0.00079228 -0.00100774 0.04654955
v 0.00000035 -0.00098132 0.04683841
v -0.00079270 0.00015067 0.04615032
v -0.00000011 0.00030833 0.04639395
v -0.00079301 0.00099086 0.04525848
v -0.00000045 0.00124372 0.04540106
v -0.00079313 0.00132036 0.04407833
v -0.00000058 0.00161054 0.04408721
v -0.00079303 0.00106367 0.04288024
v -0.00000048 0.00132477 0.04275338
v -0.00079275 0.00027960 0.04193867
v -0.00000016 0.00045187 0.04170513
v -0.00079234 -0.00085222 0.04146933
v 0.00000029 -0.00080818 0.04118261
v -0.00079190 -0.00207252 0.04157973
v 0.00000079 -0.00216673 0.04130553
v -0.00079152 -0.00310173 0.04224459
v -0.00138067 -0.00198755 0.04580604
v -0.00138040 -0.00274107 0.04525113
v -0.00138025 -0.00315040 0.04440960
v -0.00138026 -0.00312177 0.04347423
v -0.00138043 -0.00266173 0.04265932
v -0.00138072 -0.00187567 0.04215153
v -0.00138105 -0.00094368 0.04206721
v -0.00138136 -0.00007925 0.04242567
v -0.00138158 0.00051958 0.04314479
v -0.00138165 0.00071562 0.04405982
v -0.00138156 0.00046397 0.04496116
v -0.00138133 -0.00017772 0.04564230
v -0.00138101 -0.00106245 0.04594721
v 0.02199392 0.01676985 -0.01300000
v 0.00399392 0.01676333 -0.01300000
v 0.00398957 0.02876333 -0.01300000
v 0.02298967 0.02850226 -0.01300000
v 0.02372198 0.02777048 -0.01300000
v 0.02198957 0.02876985 -0.01300000
v 0.02399030 0.02677058 -0.01300000
v 0.02372561 0.01777048 -0.01300000
v 0.02299383 0.01703816 -0.01300000
v 0.02399319 0.01877058 -0.01300000
v 0.02400770 -0.02122942 -0.01300000
v 0.02401060 -0.02922942 -0.01300000
v 0.00401133 -0.03123667 -0.01300000
v 0.02374301 -0.03022952 -0.01300000
v 0.02301123 -0.03096183 -0.01300000
v 0.02201132 -0.03123015 -0.01300000
v 0.02300707 -0.01949773 -0.01300000
v 0.02373939 -0.02022952 -0.01300000
v 0.02200697 -0.01923015 -0.01300000
v 0.00400697 -0.01923667 -0.01300000
v 0.02399319 0.01877058 -0.01110000
v 0.02372561 0.01777048 -0.01110000
v 0.02299383 0.01703816 -0.01110000
v 0.02199392 0.01676985 -0.01110000
v 0.02399030 0.02677058 -0.01110000
v 0.02198957 0.02876985 -0.01110000
v 0.02298967 0.02850226 -0.01110000
v 0.02372198 0.02777048 -0.01110000
v 0.02401060 -0.02922942 -0.01110000
v 0.02374301 -0.03022952 -0.01110000
v 0.02301123 -0.03096183 -0.01110000
v 0.02201132 -0.03123015 -0.01110000
v 0.02400770 -0.02122942 -0.01110000
v 0.02200697 -0.01923015 -0.01110000
v 0.02300707 -0.01949773 -0.01110000
v 0.02373939 -0.02022952 -0.01110000
v -0.00000608 0.01676187 -0.00900000
v -0.00001043 0.02876187 -0.00900000
v 0.00052547 0.02876207 -0.01100000
v 0.00052982 0.01676207 -0.01100000
v 0.00198957 0.02876260 -0.01246410
v 0.00199392 0.01676260 -0.01246410
v 0.00001133 -0.03123812 -0.00900000
v 0.00000697 -0.01923812 -0.00900000
v 0.00054287 -0.01923793 -0.01100000
v 0.00054722 -0.03123793 -0.01100000
v 0.00200697 -0.01923740 -0.01246410
v 0.00201133 -0.03123740 -0.01246410
v 0.00199074 0.02554077 0.01922183
v -0.00000926 0.02554005 0.01922183
v 0.00199094 0.02498442 0.01977818
v -0.00000906 0.02498370 0.01977818
v 0.00398957 0.02876333 -0.01110000
v 0.00399392 0.01676333 -0.01110000
v 0.00199392 0.01676260 -0.00800000
v -0.00000608 0.01676187 -0.00800000
v 0.00199392 0.01676260 -0.00910000
v 0.00226187 0.01676270 -0.01010000
v 0.00299392 0.01676296 -0.01083205
v -0.00000571 0.01576188 -0.00800000
v 0.00199429 0.01576260 -0.00800000
v 0.00000697 -0.01923812 -0.00800000
v 0.00000661 -0.01823812 -0.00800000
v 0.00200697 -0.01923740 -0.00800000
v 0.00200661 -0.01823740 -0.00800000
v 0.00400697 -0.01923667 -0.01110000
v 0.00300698 -0.01923703 -0.01083205
v 0.00227492 -0.01923730 -0.01010000
v 0.00200697 -0.01923740 -0.00910000
v 0.00401133 -0.03123667 -0.01110000
v 0.00200995 -0.02745922 0.01977818
v 0.00000995 -0.02745995 0.01977818
v 0.00201016 -0.02801557 0.01922183
v 0.00001016 -0.02801630 0.01922183
v -0.00000015 0.00041188 0.01714212
v -0.00000059 0.00161976 0.01835000
v -0.00000067 0.00183688 0.01000000
v 0.00000879 -0.02423812 0.04700000
v 0.00000874 -0.02410415 0.04750000
v 0.00000622 -0.01716312 0.04742500
v -0.00001043 0.02876187 0.01144365
v -0.00001043 0.02876187 0.01000000
v -0.00000755 0.02083687 0.01000000
v 0.00000932 -0.02571184 0.02205635
v 0.00000892 -0.02461294 0.02470934
v 0.00000622 -0.01716312 0.02847500
v 0.00001119 -0.03086331 0.01429066
v 0.00001079 -0.02976440 0.01694365
v 0.00000622 -0.01716312 0.01000000
v 0.00000661 -0.01823812 -0.00550000
v 0.00000830 -0.02288812 -0.00285788
v 0.00000874 -0.02409600 -0.00165000
v 0.00000770 -0.02123812 0.00330000
v 0.00001133 -0.03123812 0.01000000
v 0.00001133 -0.03123812 0.01144365
v 0.00000830 -0.02288812 0.00285788
v 0.00000874 -0.02409600 0.00165000
v 0.00000890 -0.02453812 -0.00000000
v 0.00000770 -0.02123812 -0.00330000
v 0.00000710 -0.01958812 -0.00285788
v 0.00000622 -0.01716312 -0.00550000
v 0.00000666 -0.01838024 -0.00165000
v 0.00000650 -0.01793812 -0.00000000
v 0.00000666 -0.01838024 0.00165000
v 0.00000710 -0.01958812 0.00285788
v 0.00000379 -0.01046312 -0.00550000
v 0.00000379 -0.01046312 0.01000000
v 0.00000157 -0.00431312 -0.00550000
v 0.00000157 -0.00431312 0.01000000
v -0.00000067 0.00183688 -0.00550000
v -0.00000571 0.01576188 -0.00550000
v -0.00000289 0.00798688 -0.00550000
v -0.00000577 0.01590399 -0.00165000
v -0.00000680 0.01876188 0.00330000
v -0.00000621 0.01711188 0.00285788
v -0.00000289 0.00798688 0.01000000
v -0.00000577 0.01590399 0.00165000
v -0.00000561 0.01546188 -0.00000000
v -0.00000740 0.02041188 -0.00285788
v -0.00000680 0.01876188 -0.00330000
v -0.00000621 0.01711188 -0.00285788
v -0.00000803 0.02213669 0.02470934
v -0.00000755 0.02083687 0.02847500
v -0.00000843 0.02323559 0.02205635
v -0.00000989 0.02728815 0.01694365
v -0.00001029 0.02838706 0.01429066
v -0.00000789 0.02176188 0.04700000
v -0.00000789 0.02176188 0.04025000
v -0.00000755 0.02083687 0.04025000
v -0.00000789 0.02176188 0.02847500
v -0.00000789 0.02176188 0.02755635
v -0.00000771 0.02126187 0.04786602
v -0.00000784 0.02162790 0.04750000
v -0.00000753 0.02076188 0.04800000
v -0.00000755 0.02083687 0.04742500
v -0.00000289 0.00798688 0.04742500
v 0.00000861 -0.02373812 0.04786602
v 0.00000843 -0.02323812 0.04800000
v 0.00000773 -0.02131255 0.03454571
v 0.00000731 -0.02016673 0.03380553
v 0.00000879 -0.02423812 0.02847500
v 0.00000879 -0.02423812 0.02755635
v 0.00000622 -0.01716312 0.04025000
v 0.00000688 -0.01898132 0.03933841
v 0.00000879 -0.02423812 0.04025000
v 0.00000737 -0.02032981 0.03913262
v 0.00000777 -0.02142821 0.03832374
v 0.00000798 -0.02202488 0.03709706
v 0.00000801 -0.02208812 0.03650000
v 0.00000797 -0.02198314 0.03573360
v -0.00000015 0.00041188 0.02285788
v 0.00000045 -0.00123812 0.02330000
v -0.00000067 0.00183688 0.02847500
v 0.00000157 -0.00431312 0.02847500
v -0.00000059 0.00161976 0.02165000
v -0.00000289 0.00798688 0.02847500
v -0.00000075 0.00206188 0.02000000
v 0.00000045 -0.00123812 0.01670000
v 0.00000105 -0.00288812 0.01714212
v 0.00000105 -0.00288812 0.02285788
v 0.00000149 -0.00409601 0.02165000
v 0.00000379 -0.01046312 0.02847500
v 0.00000149 -0.00409601 0.01835000
v 0.00000165 -0.00453812 0.02000000
v -0.00000784 0.02161976 -0.00165000
v -0.00000800 0.02206188 -0.00000000
v -0.00000784 0.02161976 0.00165000
v -0.00000740 0.02041188 0.00285788
v 0.00000682 -0.01880818 0.03368261
v 0.00000636 -0.01754813 0.03420513
v 0.00000605 -0.01667523 0.03525338
v 0.00000594 -0.01638946 0.03658720
v 0.00000379 -0.01046312 0.04025000
v 0.00000608 -0.01675628 0.03790106
v 0.00000642 -0.01769166 0.03889395
v 0.00000157 -0.00431312 0.04742500
v 0.00000157 -0.00431312 0.04025000
v 0.00000379 -0.01046312 0.04742500
v -0.00000067 0.00183688 0.04025000
v -0.00000067 0.00183688 0.04742500
v -0.00000289 0.00798688 0.04025000
v 0.00000622 -0.01716312 0.04800000
v 0.00000379 -0.01046312 0.04800000
v 0.00000157 -0.00431312 0.04800000
v -0.00000067 0.00183688 0.04800000
v -0.00000289 0.00798688 0.04800000
v -0.00000568 0.01567019 0.03913262
v -0.00000528 0.01457179 0.03832374
v -0.00000623 0.01719181 0.03368261
v -0.00000669 0.01845187 0.03420513
v -0.00000507 0.01397512 0.03709706
v -0.00000504 0.01391188 0.03650000
v -0.00000508 0.01401686 0.03573360
v -0.00000533 0.01468745 0.03454571
v -0.00000574 0.01583326 0.03380553
v -0.00000617 0.01701867 0.03933841
v -0.00000664 0.01830833 0.03889395
v -0.00000701 0.01932477 0.03525338
v -0.00000711 0.01961054 0.03658720
v -0.00000698 0.01924372 0.03790106
v 0.01059421 -0.02323428 0.04800000
v 0.01059435 -0.02361043 0.04792656
v 0.01059439 -0.02373428 0.04786602
v 0.01059446 -0.02393805 0.04771043
v 0.01059452 -0.02410031 0.04750000
v 0.01059455 -0.02415726 0.04738486
v 0.01059457 -0.02423428 0.04700000
v 0.01057789 0.02176571 0.04700000
v 0.01057792 0.02168869 0.04738486
v 0.01057794 0.02163174 0.04750000
v 0.01057800 0.02146948 0.04771043
v 0.01057808 0.02126571 0.04786602
v 0.01057812 0.02114186 0.04792656
v 0.01057826 0.02076571 0.04800000
v 0.00200770 -0.02123740 0.00330000
v 0.00200830 -0.02288740 0.00285788
v 0.00200874 -0.02409528 0.00165000
v 0.00200890 -0.02453740 0.00000000
v 0.00200874 -0.02409528 -0.00165000
v 0.00200830 -0.02288740 -0.00285788
v 0.00200770 -0.02123740 -0.00330000
v 0.00200710 -0.01958740 -0.00285788
v 0.00200667 -0.01837951 -0.00165000
v 0.00200651 -0.01793740 -0.00000000
v 0.00200667 -0.01837951 0.00165000
v 0.00200710 -0.01958740 0.00285788
v 0.00199320 0.01876260 0.00330000
v 0.00199379 0.01711260 0.00285788
v 0.00199423 0.01590472 0.00165000
v 0.00199439 0.01546260 -0.00000000
v 0.00199423 0.01590472 -0.00165000
v 0.00199379 0.01711260 -0.00285788
v 0.00199320 0.01876260 -0.00330000
v 0.00199260 0.02041260 -0.00285788
v 0.00199216 0.02162048 -0.00165000
v 0.00199200 0.02206260 -0.00000000
v 0.00199216 0.02162048 0.00165000
v 0.00199260 0.02041260 0.00285788
v 0.00200045 -0.00123740 0.02330000
v 0.00200105 -0.00288740 0.02285788
v 0.00200148 -0.00409528 0.02165000
v 0.00200164 -0.00453740 0.02000000
v 0.00200148 -0.00409528 0.01835000
v 0.00200105 -0.00288740 0.01714212
v 0.00200045 -0.00123740 0.01670000
v 0.00199985 0.00041260 0.01714212
v 0.00199941 0.00162049 0.01835000
v 0.00199925 0.00206260 0.02000000
v 0.00199941 0.00162049 0.02165000
v 0.00199985 0.00041260 0.02285788
v 0.01057789 0.02176571 0.04100000
v 0.00449211 0.02176351 0.04100000
v 0.00449211 0.02176351 0.03600000
v 0.00199211 0.02176260 0.03600000
v 0.00199211 0.02176260 0.02755635
v 0.00199157 0.02323632 0.02205635
v 0.00199197 0.02213742 0.02470934
v 0.00198957 0.02876260 0.01144365
v 0.00198971 0.02838778 0.01429066
v 0.00199011 0.02728888 0.01694365
v 0.00298957 0.02876296 -0.01083205
v 0.00225752 0.02876270 -0.01010000
v 0.00198957 0.02876260 -0.00910000
v 0.00199429 0.01576260 -0.00550000
v 0.00200661 -0.01823740 -0.00550000
v 0.00301133 -0.03123703 -0.01083205
v 0.00227927 -0.03123730 -0.01010000
v 0.00201133 -0.03123740 -0.00910000
v 0.00201133 -0.03123740 0.01144365
v 0.00201079 -0.02976368 0.01694365
v 0.00201119 -0.03086258 0.01429066
v 0.00200879 -0.02423740 0.02755635
v 0.00200892 -0.02461221 0.02470934
v 0.00200932 -0.02571112 0.02205635
v 0.00450879 -0.02423649 0.04100000
v 0.01059457 -0.02423428 0.04100000
v 0.00200879 -0.02423740 0.03600000
v 0.00450879 -0.02423649 0.03600000
v 0.01000071 -0.01894838 0.04800000
v 0.00916561 -0.01523480 0.04800000
v 0.00450552 -0.01523649 0.04800000
v 0.01130298 -0.02252500 0.04800000
v 0.01128549 0.02005900 0.04800000
v 0.00998619 0.01648039 0.04800000
v 0.00915439 0.01276520 0.04800000
v 0.00449537 0.01276351 0.04800000
v 0.00199588 0.01136068 0.03850000
v 0.00199628 0.01026260 0.03959808
v 0.00199682 0.00876260 0.04000000
v 0.00200864 -0.02383547 0.03450000
v 0.00200462 -0.01273740 0.03959808
v 0.00200502 -0.01383547 0.03850000
v 0.00200516 -0.01423740 0.03700000
v 0.00200516 -0.01423740 0.03600000
v 0.00200531 -0.01463932 0.03450000
v 0.00199320 0.01876260 0.03300000
v 0.00199465 0.01476260 0.03300000
v 0.00199519 0.01326260 0.03340193
v 0.00199559 0.01216453 0.03450000
v 0.00199574 0.01176260 0.03600000
v 0.00199574 0.01176260 0.03700000
v 0.00200408 -0.01123740 0.04000000
v 0.00199226 0.02136068 0.03450000
v 0.00199265 0.02026260 0.03340193
v 0.00200570 -0.01573740 0.03340193
v 0.00200625 -0.01723740 0.03300000
v 0.00200770 -0.02123740 0.03300000
v 0.00200824 -0.02273740 0.03340193
v 0.00450770 -0.02123649 0.03300000
v 0.00450812 -0.02238454 0.03322836
v 0.00450824 -0.02273649 0.03340193
v 0.00450847 -0.02335781 0.03387868
v 0.00450870 -0.02400813 0.03485195
v 0.00450864 -0.02383457 0.03450000
v 0.00450625 -0.01723649 0.03300000
v 0.00450571 -0.01573649 0.03340193
v 0.00450531 -0.01463841 0.03450000
v 0.00450516 -0.01423649 0.03600000
v 0.00450516 -0.01423649 0.03700000
v 0.00450502 -0.01383457 0.03850000
v 0.00450462 -0.01273649 0.03959808
v 0.00450407 -0.01123649 0.04000000
v 0.00449682 0.00876351 0.04000000
v 0.00449574 0.01176351 0.03700000
v 0.00449582 0.01153515 0.03814805
v 0.00449588 0.01136158 0.03850000
v 0.00449605 0.01088483 0.03912132
v 0.00449641 0.00991156 0.03977164
v 0.00449628 0.01026351 0.03959808
v 0.00449574 0.01176351 0.03600000
v 0.00449565 0.01199187 0.03485195
v 0.00449559 0.01216543 0.03450000
v 0.00449542 0.01264219 0.03387868
v 0.00449519 0.01326351 0.03340193
v 0.00449465 0.01476351 0.03300000
v 0.00449506 0.01361546 0.03322836
v 0.00449320 0.01876351 0.03300000
v 0.00449225 0.02136158 0.03450000
v 0.00449265 0.02026351 0.03340193
v 0.01123130 0.02141923 0.04061732
v 0.01123435 0.02146972 0.04072813
v 0.01128511 0.02147308 0.04100000
v 0.01096060 0.02168973 0.04100000
v 0.01093348 0.02168882 0.04085272
v 0.01096278 0.02168883 0.04100000
v 0.01085006 0.02168879 0.04072786
v 0.01108035 0.02146966 0.04049765
v 0.01107807 0.02126589 0.04029289
v 0.01084876 0.02103641 0.04007612
v 0.01093270 0.02114199 0.04014397
v 0.01084987 0.02146958 0.04034365
v 0.01072520 0.02168874 0.04064444
v 0.01057792 0.02168869 0.04061514
v 0.01057800 0.02146948 0.04028957
v 0.01057812 0.02114186 0.04007344
v 0.01057826 0.02076571 0.04000000
v 0.01078698 -0.02415719 0.04066670
v 0.01092784 -0.02415714 0.04080757
v 0.01059455 -0.02415726 0.04061514
v 0.01059452 -0.02410031 0.04050000
v 0.01059446 -0.02393805 0.04028957
v 0.01094968 -0.02393792 0.04038475
v 0.01059421 -0.02323428 0.04000000
v 0.01094789 -0.02358771 0.04013398
v 0.01059435 -0.02361043 0.04007344
v 0.01097481 -0.02361461 0.04015709
v 0.01059439 -0.02373428 0.04013398
v 0.01103449 -0.02367424 0.04021732
v 0.01120972 -0.02393783 0.04064478
v 0.01097723 -0.02415803 0.04100000
v 0.01120681 -0.02384643 0.04050000
v 0.01130157 -0.02394113 0.04100000
v 0.01097940 -0.02415712 0.04100000
v 0.01094413 0.02040010 0.04000000
v 0.01132725 0.02078350 0.04015962
v 0.01126404 0.02072024 0.04010827
v 0.01121463 0.02067080 0.04007612
v 0.01144395 0.02090028 0.04029289
v 0.01151786 0.02097424 0.04041587
v 0.01159718 0.02105362 0.04061732
v 0.01162804 0.02108451 0.04074730
v 0.01165098 0.02110747 0.04100000
v 0.01096189 -0.02286633 0.04000000
v 0.01131558 -0.02321976 0.04013398
v 0.01166926 -0.02357318 0.04100000
v 0.01164561 -0.02354955 0.04074357
v 0.01157449 -0.02347848 0.04050000
v 0.01182557 0.02087234 0.04099187
v 0.01187014 0.02077745 0.04098911
v 0.01181461 0.02077743 0.04068393
v 0.01193621 0.02027643 0.04097786
v 0.01185768 0.01999421 0.04097382
v 0.01179492 0.02002210 0.04063492
v 0.01192714 0.02058299 0.04098412
v 0.01194375 0.02038098 0.04097978
v 0.01188394 0.02038096 0.04065882
v 0.01159893 0.02077735 0.04034507
v 0.01128532 0.02038074 0.04006021
v 0.01165111 0.02038088 0.04029303
v 0.01161810 0.02010066 0.04032464
v 0.01158182 0.02011678 0.04028370
v 0.01125538 0.02026182 0.04005979
v 0.01130307 -0.02284661 0.04006021
v 0.01127302 -0.02272777 0.04005979
v 0.01159932 -0.02258244 0.04028370
v 0.01163561 -0.02256628 0.04032467
v 0.01166886 -0.02284648 0.04029303
v 0.01181234 -0.02248757 0.04063492
v 0.01161698 -0.02324305 0.04034506
v 0.01183266 -0.02324298 0.04068393
v 0.01184369 -0.02333790 0.04099187
v 0.01195386 -0.02274181 0.04097786
v 0.01196149 -0.02284637 0.04097978
v 0.01190168 -0.02284640 0.04065882
v 0.01194505 -0.02304843 0.04098412
v 0.01188819 -0.02324296 0.04098910
v 0.01187508 -0.02245963 0.04097382
v 0.01173350 0.02102501 0.04515706
v 0.01199234 0.02076636 0.04700000
v 0.01190793 0.02079017 0.04514894
v 0.01215527 0.02054131 0.04689586
v 0.01200953 0.02050122 0.04514119
v 0.01214930 0.01968121 0.04666667
v 0.01194093 0.01991289 0.04513089
v 0.01223945 0.01995936 0.04671710
v 0.01201886 0.02019504 0.04513493
v 0.01225157 0.02006353 0.04674179
v 0.01224373 0.02026006 0.04679664
v 0.01202737 -0.02296660 0.04514119
v 0.01226138 -0.02272530 0.04679663
v 0.01192599 -0.02325567 0.04514894
v 0.01217313 -0.02300665 0.04689585
v 0.01175171 -0.02349067 0.04515706
v 0.01201034 -0.02323185 0.04700000
v 0.01195809 -0.02237839 0.04513089
v 0.01216645 -0.02214644 0.04666667
v 0.01203645 -0.02266036 0.04513493
v 0.01225685 -0.02242455 0.04671708
v 0.01226906 -0.02252872 0.04674178
v 0.00903552 0.01271282 0.04005979
v 0.00915634 0.01269408 0.04011356
v 0.00915577 0.01246161 0.04016378
v 0.00934617 0.01200292 0.04098286
v 0.00915599 0.01187567 0.04098790
v 0.00915596 0.01192898 0.04069642
v 0.00902914 0.01182116 0.04099126
v 0.00869932 0.01176503 0.04100000
v 0.00869930 0.01182506 0.04065875
v 0.00951179 0.01218293 0.04097847
v 0.00938850 0.01265807 0.04028370
v 0.00961893 0.01262232 0.04063492
v 0.00951160 0.01256643 0.04045213
v 0.00966464 0.01261523 0.04078781
v 0.00951168 0.01235319 0.04058786
v 0.00968680 0.01261180 0.04097382
v 0.00951173 0.01221746 0.04080110
v 0.00957686 0.01228677 0.04097674
v 0.00869896 0.01276503 0.04000000
v 0.00915588 0.01213614 0.04037094
v 0.00869921 0.01205793 0.04029289
v 0.00869908 0.01242378 0.04006003
v 0.00903961 -0.01429083 0.04099126
v 0.00916648 -0.01434523 0.04098790
v 0.00916649 -0.01439855 0.04069640
v 0.00939960 -0.01512735 0.04028370
v 0.00952257 -0.01503573 0.04045202
v 0.00962999 -0.01509138 0.04063492
v 0.00904667 -0.01518244 0.04005979
v 0.00871016 -0.01523496 0.04000000
v 0.00871003 -0.01489372 0.04006003
v 0.00935673 -0.01447231 0.04098286
v 0.00952248 -0.01465216 0.04097847
v 0.00952245 -0.01468669 0.04080106
v 0.00958763 -0.01475591 0.04097674
v 0.00952250 -0.01482244 0.04058777
v 0.00969592 -0.01508109 0.04093219
v 0.00969785 -0.01508079 0.04097382
v 0.00916743 -0.01516359 0.04011354
v 0.00916668 -0.01493121 0.04016375
v 0.00916656 -0.01460572 0.04037092
v 0.00870990 -0.01452786 0.04029289
v 0.00870982 -0.01429499 0.04065875
v 0.00870980 -0.01423497 0.04100000
v 0.01128511 0.02147308 0.04700000
v 0.01093168 0.02111940 0.04786602
v 0.01119041 0.02137831 0.04750000
v 0.01096288 0.02141541 0.04765571
v 0.01125444 0.02144239 0.04729136
v 0.01096281 0.02161774 0.04735522
v 0.01096278 0.02168883 0.04700000
v 0.01096060 0.02168973 0.04700000
v 0.01189764 0.02067159 0.04750000
v 0.01200401 0.02053036 0.04751141
v 0.01215904 0.02046256 0.04727212
v 0.01163891 0.02041268 0.04786602
v 0.01158343 0.02035715 0.04790683
v 0.01170523 0.02030221 0.04787445
v 0.01228522 0.02004855 0.04697920
v 0.01173583 0.02050967 0.04777077
v 0.01201241 0.02016786 0.04767804
v 0.01183834 0.02061225 0.04762311
v 0.01220978 0.02044037 0.04698431
v 0.01198074 0.02075475 0.04718043
v 0.01157130 0.01993400 0.04795010
v 0.01190505 0.01978803 0.04773670
v 0.01221795 0.02007797 0.04736077
v 0.01212838 0.01969036 0.04739198
v 0.01220146 0.01965839 0.04697741
v 0.00915473 0.01184132 0.04738268
v 0.00915475 0.01178670 0.04720625
v 0.00961773 0.01189808 0.04718281
v 0.00915452 0.01242090 0.04793886
v 0.00915467 0.01200914 0.04765450
v 0.00961766 0.01209523 0.04758012
v 0.00946963 0.01271554 0.04794771
v 0.01008572 0.01261848 0.04666667
v 0.01014210 0.01260960 0.04698497
v 0.01004183 0.01243116 0.04668240
v 0.00961994 0.01189598 0.04683348
v 0.00976952 0.01200811 0.04677992
v 0.00947242 0.01182396 0.04688629
v 0.00915476 0.01176520 0.04700000
v 0.00982421 0.01265968 0.04773499
v 0.00997526 0.01256883 0.04753630
v 0.01006256 0.01262213 0.04739339
v 0.01012002 0.01261308 0.04721080
v 0.00997535 0.01233362 0.04737386
v 0.00961753 0.01246020 0.04783216
v 0.00961814 0.01269214 0.04788295
v 0.00997539 0.01221946 0.04683226
v 0.01014119 0.01260975 0.04704553
v 0.00997539 0.01220656 0.04711781
v 0.00998450 0.01229332 0.04670294
v 0.00948080 -0.01518484 0.04794771
v 0.00963358 -0.01516062 0.04788063
v 0.00963279 -0.01493030 0.04783007
v 0.00999530 -0.01476217 0.04670295
v 0.01013041 -0.01508187 0.04678602
v 0.01009679 -0.01508720 0.04666667
v 0.00978011 -0.01447719 0.04677995
v 0.00963481 -0.01436785 0.04683194
v 0.00963259 -0.01436958 0.04718257
v 0.00948291 -0.01429331 0.04688630
v 0.00999181 -0.01504060 0.04752886
v 0.01013105 -0.01508177 0.04721098
v 0.00999172 -0.01480869 0.04736874
v 0.01015225 -0.01507841 0.04704563
v 0.00999168 -0.01468336 0.04711632
v 0.01015317 -0.01507826 0.04698497
v 0.00999168 -0.01469600 0.04683479
v 0.00983533 -0.01512864 0.04773499
v 0.01007357 -0.01509088 0.04739356
v 0.00916548 -0.01489057 0.04793889
v 0.00916534 -0.01447885 0.04765463
v 0.00963266 -0.01456629 0.04757876
v 0.00916528 -0.01431092 0.04738268
v 0.00916526 -0.01425636 0.04720651
v 0.00916525 -0.01423480 0.04700000
v 0.01097723 -0.02415803 0.04700000
v 0.01097940 -0.02415712 0.04700000
v 0.01097938 -0.02408603 0.04735522
v 0.01094789 -0.02358771 0.04786602
v 0.01097931 -0.02388370 0.04765571
v 0.01120681 -0.02384643 0.04750000
v 0.01127088 -0.02391047 0.04729136
v 0.01130157 -0.02394113 0.04700000
v 0.01175375 -0.02297545 0.04777065
v 0.01185625 -0.02307787 0.04762307
v 0.01202190 -0.02299582 0.04751135
v 0.01230270 -0.02251372 0.04697921
v 0.01221859 -0.02212358 0.04697741
v 0.01191558 -0.02313715 0.04750000
v 0.01199874 -0.02322026 0.04718038
v 0.01217685 -0.02292788 0.04727208
v 0.01222757 -0.02290565 0.04698432
v 0.01223546 -0.02254320 0.04736077
v 0.01203000 -0.02263327 0.04767802
v 0.01172295 -0.02276789 0.04787443
v 0.01165666 -0.02287843 0.04786602
v 0.01160116 -0.02282296 0.04790681
v 0.01158868 -0.02239975 0.04795010
v 0.01192230 -0.02225348 0.04773670
v 0.01214553 -0.02215561 0.04739198
v 0.00980794 -0.01508019 0.04513089
v 0.01091613 -0.01871953 0.04666667
v 0.01064348 -0.01879986 0.04513089
v 0.01054247 -0.01884220 0.04097382
v 0.00913919 0.01182115 0.04514832
v 0.00880949 0.01176507 0.04515706
v 0.00968683 0.01228643 0.04513380
v 0.00980105 0.01261089 0.04513089
v 0.00945613 0.01200278 0.04513992
v 0.00499573 0.01176369 0.04100000
v 0.00499571 0.01183981 0.04061732
v 0.00499563 0.01205658 0.04029289
v 0.00499551 0.01238101 0.04007612
v 0.00499537 0.01276369 0.04000000
v 0.00956902 0.01665682 0.04000000
v 0.00989578 0.01656074 0.04005979
v 0.01023847 0.01645997 0.04028370
v 0.01046218 0.01639418 0.04063492
v 0.01052808 0.01637480 0.04097382
v 0.01074118 0.01706761 0.04097382
v 0.00991035 -0.01902872 0.04005979
v 0.01025295 -0.01892763 0.04028370
v 0.00958368 -0.01912511 0.04000000
v 0.01047660 -0.01886164 0.04063492
v 0.00915572 -0.01429289 0.04514816
v 0.00881997 -0.01423493 0.04515706
v 0.00969863 -0.01475737 0.04513378
v 0.00947007 -0.01447496 0.04513983
v 0.00500516 -0.01423631 0.04100000
v 0.00500519 -0.01431243 0.04061732
v 0.00500527 -0.01452920 0.04029289
v 0.00500539 -0.01485363 0.04007612
v 0.00500552 -0.01523631 0.04000000
v 0.00451133 0.02174430 0.04080491
v 0.00456826 0.02168741 0.04061732
v 0.00499233 0.02114637 0.04007612
v 0.00499229 0.02126369 0.04013398
v 0.00478511 0.02147072 0.04029289
v 0.00499247 0.02076369 0.04000000
v 0.01094595 0.01619997 0.04698497
v 0.01089116 0.01621598 0.04666667
v 0.01086828 0.01622266 0.04739431
v 0.01063705 0.01629023 0.04773499
v 0.01029250 0.01639089 0.04794771
v 0.00499573 0.01176369 0.04700000
v 0.00499571 0.01183981 0.04738268
v 0.00499569 0.01189766 0.04750000
v 0.00478852 0.01205651 0.04770711
v 0.00457163 0.01238085 0.04792388
v 0.00451466 0.01256843 0.04798079
v 0.00452467 -0.01504139 0.04798079
v 0.00458151 -0.01485378 0.04792388
v 0.00500519 -0.01431243 0.04738268
v 0.00500521 -0.01437028 0.04750000
v 0.00479816 -0.01452928 0.04770711
v 0.00500516 -0.01423631 0.04700000
v 0.01096021 -0.01866707 0.04698497
v 0.01088257 -0.01868984 0.04739431
v 0.01065140 -0.01875761 0.04773499
v 0.01030694 -0.01885860 0.04794771
v 0.00464271 -0.02410247 0.04050000
v 0.00500860 -0.02373631 0.04013398
v 0.00500843 -0.02323631 0.04000000
v 0.00454285 -0.02420240 0.04074118
v 0.00499229 0.02126369 0.03600000
v 0.00499320 0.01876369 0.03350000
v 0.00499274 0.02001369 0.03383494
v 0.00499241 0.02092875 0.03475000
v 0.00499465 0.01476369 0.03350000
v 0.00499556 0.01226369 0.03600000
v 0.00499548 0.01245399 0.03504329
v 0.00499529 0.01299592 0.03423223
v 0.00499499 0.01380698 0.03369030
v 0.00499556 0.01226369 0.03700000
v 0.00499634 0.01010308 0.04023358
v 0.00499682 0.00876369 0.04050000
v 0.00499592 0.01123856 0.03947487
v 0.00499565 0.01199727 0.03833939
v 0.00500407 -0.01123631 0.04050000
v 0.00500471 -0.01298631 0.04003109
v 0.00500517 -0.01426740 0.03875000
v 0.00500534 -0.01473631 0.03700000
v 0.00500534 -0.01473631 0.03600000
v 0.00500625 -0.01723631 0.03350000
v 0.00500580 -0.01598631 0.03383494
v 0.00500546 -0.01507124 0.03475000
v 0.00500770 -0.02123631 0.03350000
v 0.00500860 -0.02373631 0.03600000
v 0.00500854 -0.02354601 0.03504329
v 0.00500834 -0.02300408 0.03423223
v 0.00500805 -0.02219302 0.03369030
v -0.00165566 0.01560628 0.03650000
v -0.00165567 0.01563191 0.03674196
v -0.00165608 0.01676128 0.03650000
v -0.00165568 0.01564882 0.03618941
v -0.00165614 0.01693552 0.03535822
v -0.00165594 0.01638494 0.03540803
v -0.00165577 0.01592059 0.03570800
v -0.00165649 0.01791574 0.03653534
v -0.00165645 0.01779992 0.03599479
v -0.00165633 0.01744617 0.03556997
v -0.00165611 0.01686535 0.03765030
v -0.00165630 0.01738800 0.03747018
v -0.00165644 0.01776708 0.03706780
v -0.00165576 0.01587372 0.03723909
v -0.00165592 0.01631886 0.03756691
v -0.00079783 0.01429592 0.03581159
v -0.00079782 0.01425843 0.03703630
v -0.00079801 0.01479438 0.03813814
v -0.00079837 0.01578100 0.03886471
v -0.00079881 0.01699225 0.03904955
v -0.00079923 0.01815067 0.03865032
v -0.00079953 0.01899086 0.03775848
v -0.00079965 0.01932036 0.03657833
v -0.00079956 0.01906367 0.03538024
v -0.00079928 0.01827960 0.03443867
v -0.00079887 0.01714777 0.03396933
v -0.00079842 0.01592748 0.03407973
v -0.00079805 0.01489827 0.03474459
v -0.00138720 0.01601245 0.03830604
v -0.00138693 0.01525893 0.03775113
v -0.00138678 0.01484960 0.03690960
v -0.00138679 0.01487823 0.03597423
v -0.00138695 0.01533827 0.03515932
v -0.00138724 0.01612433 0.03465153
v -0.00138758 0.01705632 0.03456721
v -0.00138789 0.01792075 0.03492567
v -0.00138811 0.01851958 0.03564479
v -0.00138818 0.01871562 0.03655982
v -0.00138809 0.01846397 0.03746116
v -0.00138786 0.01782228 0.03814230
v -0.00138754 0.01693754 0.03844721
v -0.00164261 -0.02039372 0.03650000
v -0.00164261 -0.02036809 0.03674196
v -0.00164302 -0.01923872 0.03650000
v -0.00164262 -0.02035118 0.03618941
v -0.00164309 -0.01906448 0.03535822
v -0.00164289 -0.01961505 0.03540803
v -0.00164272 -0.02007941 0.03570800
v -0.00164344 -0.01808426 0.03653534
v -0.00164340 -0.01820007 0.03599479
v -0.00164327 -0.01855383 0.03556997
v -0.00164306 -0.01913465 0.03765030
v -0.00164325 -0.01861200 0.03747018
v -0.00164339 -0.01823292 0.03706780
v -0.00164270 -0.02012628 0.03723909
v -0.00164286 -0.01968114 0.03756691
v -0.00078478 -0.02170408 0.03581159
v -0.00078477 -0.02174157 0.03703630
v -0.00078496 -0.02120562 0.03813814
v -0.00078532 -0.02021900 0.03886471
v -0.00078576 -0.01900774 0.03904955
v -0.00078618 -0.01784933 0.03865032
v -0.00078648 -0.01700914 0.03775848
v -0.00078660 -0.01667964 0.03657833
v -0.00078651 -0.01693633 0.03538024
v -0.00078622 -0.01772040 0.03443867
v -0.00078581 -0.01885222 0.03396933
v -0.00078537 -0.02007252 0.03407973
v -0.00078500 -0.02110173 0.03474459
v -0.00137415 -0.01998755 0.03830604
v -0.00137388 -0.02074107 0.03775113
v -0.00137373 -0.02115040 0.03690960
v -0.00137373 -0.02112177 0.03597423
v -0.00137390 -0.02066173 0.03515932
v -0.00137419 -0.01987567 0.03465153
v -0.00137452 -0.01894367 0.03456721
v -0.00137484 -0.01807925 0.03492567
v -0.00137506 -0.01748042 0.03564479
v -0.00137513 -0.01728438 0.03655982
v -0.00137503 -0.01753603 0.03746116
v -0.00137480 -0.01817772 0.03814230
v -0.00137448 -0.01906245 0.03844721
v 0.01199870 0.00816076 0.04935178
v 0.01315529 0.00816076 0.04982655
v 0.01330652 0.01092884 0.04982655
v 0.01056750 0.01122902 0.04791697
v 0.01469348 0.02310774 0.04791697
v 0.01272679 0.01937033 0.04791697
v 0.01134108 0.01538085 0.04791697
v 0.01301318 0.02209087 0.04513089
v 0.01406384 0.02350201 0.04638677
v 0.01389904 0.02360521 0.04513089
v 0.01663332 0.02699304 0.04638677
v 0.01648580 0.02711972 0.04513089
v 0.01887150 0.02921026 0.04664433
v 0.01868267 0.02941211 0.04513089
v 0.02027779 0.02386340 0.05000000
v 0.02209734 0.02576205 0.05000000
v 0.02105881 0.02687217 0.04976331
v 0.01928734 0.02471393 0.04982655
v 0.01702882 0.02164539 0.04982655
v 0.01813532 0.02095252 0.05000000
v 0.01525455 0.01827363 0.04982655
v 0.01645221 0.01775401 0.05000000
v 0.01400441 0.01467447 0.04982655
v 0.01526631 0.01433978 0.05000000
v 0.01460428 0.01078661 0.05000000
v 0.01446082 0.00816076 0.05000000
v 0.01017498 0.00816076 0.04757519
v 0.00982903 0.01130996 0.04638677
v 0.00965698 0.00816076 0.04638677
v 0.00963574 0.01133114 0.04513089
v 0.00946253 0.00816076 0.04513089
v 0.01039987 0.00816076 0.04791697
v 0.01936574 0.02868195 0.04800210
v 0.01719692 0.02650905 0.04791697
v 0.01161277 0.00816076 0.04910958
v 0.01177318 0.01109689 0.04910958
v 0.01251344 0.01506991 0.04910958
v 0.01383947 0.01888758 0.04910958
v 0.01572147 0.02246404 0.04910958
v 0.01811710 0.02571887 0.04910958
v 0.02011861 0.02787719 0.04907564
v 0.01288606 0.02367420 0.01080000
v 0.01255802 0.02388065 -0.00400000
v 0.01188362 0.02270671 -0.00400000
v 0.00817599 0.00816076 -0.00400000
v 0.01352884 0.02466829 0.01128691
v 0.01533489 0.02712559 0.01128691
v 0.01351266 0.02466689 0.01080000
v 0.01352303 0.02466068 0.01126155
v 0.01352655 0.02466501 0.01128269
v 0.01842117 0.02969164 0.03051309
v 0.03288456 0.03709246 0.03051309
v 0.03278758 0.03758649 0.01128691
v 0.03015237 0.03641932 0.03051309
v 0.02969223 0.03680575 0.01128691
v 0.02944832 0.03620014 0.03051309
v 0.02929267 0.03667893 0.01128691
v 0.02673386 0.03516730 0.03051309
v 0.02560726 0.03520461 0.01128691
v 0.02433408 0.03398355 0.03051309
v 0.02409110 0.03442449 0.01128691
v 0.02349572 0.03350351 0.03051309
v 0.02179965 0.03302453 0.01128691
v 0.02048731 0.03145333 0.03051309
v 0.01940677 0.03123138 0.01128691
v 0.01972840 0.03084404 0.03051309
v 0.01835091 0.03031216 0.01128691
v 0.00839629 0.01181315 -0.00400000
v 0.00887661 0.01464837 -0.00400000
v 0.00962278 0.01742549 -0.00400000
v 0.01062811 0.02011965 -0.00400000
v 0.03856355 -0.04085486 -0.00400000
v 0.05012152 -0.04085486 -0.00400000
v 0.04211187 -0.04093679 -0.00400000
v 0.05012152 -0.04093679 -0.00400000
v 0.05012123 0.03854831 -0.00400000
v 0.05012123 0.03847639 -0.00400000
v 0.04211187 0.03854831 -0.00400000
v 0.03856355 0.03847639 -0.00400000
v 0.01499254 -0.03066587 -0.00400000
v 0.01336534 -0.02738614 -0.00400000
v 0.01713423 -0.03197855 -0.00400000
v 0.04095070 0.04735962 -0.00400000
v 0.04148473 0.04627968 -0.00400000
v 0.03265121 0.03789407 -0.00400000
v 0.02925801 0.05028860 -0.00400000
v 0.03146758 0.05124440 -0.00400000
v 0.02534672 0.04763719 -0.00400000
v 0.02696608 0.03616951 -0.00400000
v 0.02170096 0.04463112 -0.00400000
v 0.03970042 0.04900307 -0.00400000
v 0.04186079 0.04512861 -0.00400000
v 0.04211008 0.04307887 -0.00399995
v 0.02172664 0.03336897 -0.00400000
v 0.01848165 0.03995850 -0.00400000
v 0.01994044 0.04265309 -0.00400000
v 0.03350270 0.05152931 -0.00400000
v 0.03588701 0.05123997 -0.00400000
v 0.03779611 0.05045356 -0.00400000
v 0.02172664 -0.03574745 -0.00400000
v 0.01778367 -0.03978564 -0.00400000
v 0.01680447 -0.03546438 -0.00400000
v 0.02696608 -0.03854799 -0.00400000
v 0.01993558 -0.04502752 -0.00400000
v 0.01847808 -0.04233713 -0.00400000
v 0.03265121 -0.04027255 -0.00400000
v 0.02534270 -0.05001267 -0.00400000
v 0.02169353 -0.04700285 -0.00400000
v 0.01336534 0.02500767 -0.00400000
v 0.01480142 0.02785318 -0.00400000
v 0.01713423 0.02960007 -0.00400000
v 0.01674930 0.03287080 -0.00400000
v 0.01778780 0.03740300 -0.00400000
v 0.01287116 -0.02677590 -0.00400000
v 0.01188362 -0.02509519 -0.00400000
v 0.01056480 -0.02214670 -0.00400000
v 0.03355813 -0.05390869 -0.00400000
v 0.03146478 -0.05361679 -0.00400000
v 0.02925801 -0.05266707 -0.00400000
v 0.04211186 -0.04546054 -0.00400000
v 0.04189217 -0.04737668 -0.00400000
v 0.04102319 -0.04961199 -0.00400000
v 0.03976776 -0.05130455 -0.00400000
v 0.03787657 -0.05278637 -0.00400000
v 0.03593402 -0.05360009 -0.00400000
v 0.00817599 -0.01054924 -0.00400000
v 0.00825792 0.00817076 -0.00400000
v 0.00884023 0.01408310 -0.00400000
v 0.00956287 0.01696802 -0.00400000
v 0.01056480 0.01976822 -0.00400000
v 0.01183637 0.02245673 -0.00400000
v 0.00825792 -0.01054924 -0.00400000
v 0.00840385 -0.01351971 -0.00400000
v 0.00839629 -0.01420163 -0.00400000
v 0.00884023 -0.01646157 -0.00400000
v 0.00887661 -0.01703685 -0.00400000
v 0.00956287 -0.01934650 -0.00400000
v 0.00962278 -0.01981397 -0.00400000
v 0.01062811 -0.02250813 -0.00400000
v 0.08757450 -0.00514616 0.00400000
v 0.08771608 -0.00507390 0.00400000
v 0.08771608 -0.01054924 0.00400000
v 0.05753801 -0.03763651 0.00400000
v 0.05026117 -0.03975137 0.00400000
v 0.04553759 -0.03847988 0.00400000
v 0.06999638 -0.03491117 0.00400000
v 0.07098909 -0.03491117 0.00400000
v 0.07193774 -0.03707024 0.00400000
v 0.08719122 -0.00522236 0.00400000
v 0.03611284 -0.03763651 0.00400000
v 0.03856355 -0.03847997 0.00400000
v 0.03721531 -0.03855738 0.00400000
v 0.05026117 -0.04072730 0.00400000
v 0.05753801 -0.04072730 0.00400000
v 0.06095427 -0.04053331 0.00400000
v 0.06291262 -0.03709795 0.00400000
v 0.06661274 -0.03933057 0.00400000
v 0.07358604 -0.03377463 0.00400000
v 0.07673363 -0.03383537 0.00400000
v 0.07295285 -0.03429464 0.00400000
v 0.07201958 -0.03475295 0.00400000
v 0.03630522 -0.03859198 0.00400000
v 0.03596268 -0.03857718 0.00400000
v 0.03557390 -0.03853659 0.00399991
v 0.06807350 -0.03550365 0.00400000
v 0.06811159 -0.03548764 0.00400000
v 0.06907320 -0.03514220 0.00400000
v 0.07410540 -0.03301801 0.00400000
v 0.07426705 -0.03270456 0.00400000
v 0.07454707 -0.03221744 0.00400000
v 0.08462529 -0.00522236 0.00400000
v 0.08462529 -0.01054924 0.00400000
v 0.08436465 -0.01429790 0.00400000
v 0.08752209 -0.01396549 0.00400000
v 0.08326288 -0.01903167 0.00400000
v 0.08631935 -0.01962396 0.00400000
v 0.08133291 -0.02349234 0.00400000
v 0.08405901 -0.02494897 0.00400000
v 0.07863684 -0.02753630 0.00400000
v 0.08082415 -0.02974485 0.00400000
v 0.07617935 -0.03020175 0.00400000
v 0.07501789 -0.03151793 0.00400000
v 0.01082051 -0.01138330 0.01900000
v 0.01150799 -0.01151825 0.04506983
v 0.01176286 -0.01437842 0.04507168
v 0.03544304 -0.03786426 0.02899996
v 0.03260729 -0.03816736 0.00000000
v 0.03511332 -0.03859091 0.00000075
v 0.03587685 -0.03867435 0.00000000
v 0.02222657 -0.03360007 -0.00000000
v 0.01793260 -0.02985213 -0.00000000
v 0.01978604 -0.03063181 0.02900000
v 0.01879456 -0.02904565 0.04507853
v 0.02007360 -0.03032427 0.04507853
v 0.01979129 -0.03063671 0.02900000
v 0.02266568 -0.03298051 0.02900000
v 0.02718541 -0.03640993 -0.00000000
v 0.02749123 -0.03571485 0.02900000
v 0.03276738 -0.03742503 0.02900000
v 0.01447822 -0.02531863 -0.00000000
v 0.01200403 -0.02018407 0.00000000
v 0.01317153 -0.01993964 0.04507538
v 0.01032003 -0.01128493 0.00000000
v 0.01061072 -0.01465740 0.00000000
v 0.01231947 -0.01719645 0.04507353
v 0.01430943 -0.02257711 0.04507723
v 0.01527777 -0.02435875 0.04507853
v 0.01744927 -0.02749377 0.04507853
v 0.04195214 0.03854825 0.00210000
v 0.04195048 0.04308005 0.00210003
v 0.04173707 0.03854817 0.01031309
v 0.04173527 0.04308072 0.01031309
v 0.03255428 0.03789745 -0.00210000
v 0.02600040 0.04212669 -0.00210000
v 0.03253227 0.03778077 0.00210000
v 0.02594076 0.04203428 0.00210000
v 0.02559381 0.04283559 -0.00210000
v 0.02548393 0.04283078 0.00210000
v 0.02564566 0.04257281 -0.00210000
v 0.02554219 0.04253553 0.00210000
v 0.02579976 0.04230413 -0.00210000
v 0.02571533 0.04223365 0.00210000
v 0.02576393 0.04488763 -0.00210000
v 0.02565635 0.04491047 0.00210000
v 0.02397007 0.04641214 -0.00210000
v 0.02367629 0.04625304 -0.00210000
v 0.02367629 0.04611449 0.00210000
v 0.02400996 0.04630965 0.00210000
v 0.02455817 0.04638894 0.00210000
v 0.02456738 0.04649854 -0.00210000
v 0.02508544 0.04621922 0.00210000
v 0.02514188 0.04631361 -0.00210000
v 0.02548446 0.04583504 0.00210000
v 0.02557664 0.04589501 -0.00210000
v 0.02567402 0.04531457 0.00210000
v 0.02578319 0.04532793 -0.00210000
v 0.03253227 -0.04016924 0.00210000
v 0.02594076 -0.04442276 0.00210000
v 0.03255428 -0.04028593 -0.00210000
v 0.02600040 -0.04451517 -0.00210000
v 0.02579976 -0.04469261 -0.00210000
v 0.02571533 -0.04462212 0.00210000
v 0.02564566 -0.04496129 -0.00210000
v 0.02554219 -0.04492401 0.00210000
v 0.02559381 -0.04522407 -0.00210000
v 0.02548393 -0.04521926 0.00210000
v 0.02576393 -0.04727611 -0.00210000
v 0.02565635 -0.04729895 0.00210000
v 0.03374820 0.04480264 0.01080000
v 0.03374820 0.04480264 0.00210000
v 0.03454820 0.04458828 0.01080000
v 0.03454820 0.04458828 0.00210000
v 0.03513384 0.04400264 0.01080000
v 0.03513384 0.04400264 0.00210000
v 0.03534820 0.04320264 0.01080000
v 0.03534820 0.04320264 0.00210000
v 0.03513384 0.04240264 0.01080000
v 0.03513384 0.04240264 0.00210000
v 0.03454820 0.04181700 0.01080000
v 0.03454820 0.04181700 0.00210000
v 0.03374820 0.04160264 0.01080000
v 0.03374820 0.04160264 0.00210000
v 0.03294820 0.04181700 0.01080000
v 0.03294820 0.04181700 0.00210000
v 0.03236256 0.04240264 0.01080000
v 0.03236256 0.04240264 0.00210000
v 0.03214820 0.04320264 0.01080000
v 0.03214820 0.04320264 0.00210000
v 0.03236256 0.04400264 0.01080000
v 0.03236256 0.04400264 0.00210000
v 0.03294820 0.04458828 0.01080000
v 0.03294820 0.04458828 0.00210000
v 0.03736631 0.05019904 0.01052560
v 0.03837172 0.04958073 0.01052560
v 0.03840150 0.04962216 0.01035243
v 0.03928479 0.04881302 0.01052560
v 0.03830720 0.04949094 0.01067061
v 0.03680919 0.04997586 0.01080000
v 0.03801651 0.04928575 0.01080000
v 0.03821592 0.04936392 0.01076678
v 0.04123543 0.04307889 0.01080000
v 0.04127293 0.04307889 0.01079873
v 0.04123275 0.04335078 0.01080000
v 0.04137842 0.04385970 0.01076678
v 0.04108349 0.04460946 0.01080000
v 0.04117959 0.04498583 0.01076678
v 0.04153409 0.04387506 0.01067061
v 0.04081956 0.04606854 0.01076678
v 0.03985861 0.04775063 0.01076678
v 0.04064680 0.04601879 0.01080000
v 0.03992963 0.04734184 0.01080000
v 0.03619340 0.05041729 0.01076678
v 0.03509734 0.05070768 0.01076678
v 0.03541864 0.05045696 0.01080000
v 0.03396226 0.05083081 0.01076678
v 0.03393723 0.05065239 0.01080000
v 0.03253027 0.05057311 0.01080000
v 0.03171731 0.05059101 0.01076678
v 0.03108692 0.05020755 0.01080000
v 0.03063666 0.05022164 0.01076678
v 0.02962545 0.04968770 0.01077011
v 0.02971429 0.04954242 0.01080000
v 0.02945353 0.04996884 0.01031309
v 0.03051136 0.05051390 0.01035243
v 0.03087706 0.05066295 0.01031308
v 0.03163766 0.05089892 0.01035243
v 0.03159536 0.05089058 0.01031308
v 0.03238101 0.05105590 0.01031308
v 0.03280290 0.05110851 0.01035243
v 0.03397177 0.05115130 0.01031308
v 0.03699360 0.05044109 0.01031307
v 0.03620689 0.05075144 0.01031307
v 0.03629791 0.05071767 0.01035243
v 0.03552844 0.05094453 0.01031307
v 0.03515522 0.05102041 0.01035243
v 0.03397328 0.05114866 0.01035243
v 0.04149370 0.04505154 0.01031305
v 0.04110771 0.04621057 0.01031305
v 0.04111315 0.04619085 0.01035243
v 0.04048745 0.04740028 0.01031305
v 0.04011345 0.04794092 0.01035243
v 0.04164414 0.04388592 0.01052560
v 0.04166438 0.04307931 0.01055991
v 0.04173438 0.04308028 0.01035343
v 0.04141322 0.04307891 0.01076801
v 0.04150862 0.04307897 0.01071995
v 0.04158549 0.04307908 0.01065878
v 0.03932054 0.04884943 0.01035243
v 0.03628114 0.05066947 0.01052560
v 0.03738993 0.05024428 0.01035243
v 0.03836595 0.04965091 0.01031306
v 0.03953302 0.04863634 0.01031306
v 0.03999427 0.04810072 0.01031306
v 0.02947145 0.04993954 0.01048254
v 0.03053146 0.05046701 0.01052560
v 0.03165044 0.05084951 0.01052560
v 0.03280820 0.05105774 0.01052560
v 0.03397151 0.05109766 0.01052560
v 0.03514593 0.05097023 0.01052560
v 0.03731513 0.05010102 0.01067061
v 0.03624480 0.05056503 0.01067061
v 0.03512581 0.05086149 0.01067061
v 0.02953228 0.04984007 0.01065815
v 0.03057503 0.05036539 0.01067061
v 0.03167814 0.05074245 0.01067061
v 0.03281967 0.05094776 0.01067061
v 0.03396768 0.05098714 0.01067061
v 0.04133121 0.04502431 0.01067061
v 0.03908891 0.04837783 0.01080000
v 0.03909775 0.04862246 0.01076678
v 0.03998395 0.04784422 0.01067061
v 0.04096396 0.04612870 0.01067061
v 0.04143840 0.04505152 0.01052560
v 0.04169493 0.04389093 0.01035243
v 0.04173320 0.04325544 0.01031304
v 0.03920732 0.04873409 0.01067061
v 0.04007256 0.04791038 0.01052560
v 0.04106604 0.04617123 0.01052560
v 0.04148786 0.04506407 0.01035243
v 0.04157469 0.04469775 0.01031305
v 0.04123724 0.03854778 0.01080000
v 0.04140415 0.03854791 0.01077132
v 0.04158447 0.03854805 0.01065976
v 0.04170235 0.03854814 0.01048351
v 0.04170281 0.03813948 0.01048176
v 0.04173736 0.03817351 0.01031309
v 0.04158655 0.03802258 0.01065815
v 0.04135451 0.03779056 0.01078615
v 0.04123792 0.03767368 0.01080000
v 0.02367629 0.04612449 0.00210000
v 0.02367629 0.04626667 -0.00210000
v 0.04016335 0.04823364 0.00209998
v 0.04182306 0.04454577 0.00209998
v 0.04140027 0.04605913 0.00209998
v 0.04081428 0.04727648 0.00209998
v 0.02934134 0.05015232 0.00210000
v 0.02987950 0.05045588 0.00210000
v 0.03134175 0.05104321 0.00210000
v 0.03273511 0.05132012 0.00210000
v 0.03392520 0.05136792 0.00209999
v 0.03433795 0.05134622 0.00209999
v 0.03588222 0.05107561 0.00209999
v 0.03736863 0.05049978 0.00209999
v 0.03842812 0.04987008 0.00209999
v 0.03873425 0.04964628 0.00209999
v 0.03988398 0.04857003 0.00209998
v 0.02576883 0.04707336 0.01077011
v 0.02587089 0.04693703 0.01080000
v 0.02217402 0.04410929 0.01077011
v 0.02228840 0.04398312 0.01080000
v 0.02566179 0.04721633 0.01065815
v 0.02205407 0.04424161 0.01065815
v 0.02559192 0.04730967 0.01048254
v 0.02197576 0.04432799 0.01048254
v 0.02557134 0.04733716 0.01031309
v 0.02195269 0.04435343 0.01031309
v 0.01889541 0.03901989 0.01077011
v 0.01905758 0.03896790 0.01080000
v 0.01989656 0.04093467 0.01080000
v 0.01848336 0.03729216 0.01077011
v 0.01865153 0.03726536 0.01080000
v 0.01872534 0.03907441 0.01065815
v 0.01830699 0.03732026 0.01065815
v 0.01861431 0.03911000 0.01048254
v 0.01819184 0.03733861 0.01048254
v 0.02024544 0.04243525 0.01031309
v 0.01945700 0.04117263 0.01031309
v 0.01948721 0.04115628 0.01048254
v 0.01858161 0.03912048 0.01031309
v 0.02069680 0.04302752 0.01031309
v 0.02095258 0.04281974 0.01077011
v 0.02081395 0.04293235 0.01065815
v 0.02072345 0.04300587 0.01048254
v 0.01958974 0.04110078 0.01065815
v 0.01974680 0.04101575 0.01077011
v 0.02108476 0.04271238 0.01080000
v 0.01815793 0.03734402 0.01031309
v 0.02945353 -0.05234732 0.01031309
v 0.02934134 -0.05253080 0.00210000
v 0.03142229 -0.05321569 0.01031309
v 0.03136246 -0.05342226 0.00210000
v 0.03354586 -0.05353368 0.01031309
v 0.03354257 -0.05374872 0.00210000
v 0.03567511 -0.05328136 0.01031309
v 0.03572857 -0.05348967 0.00210000
v 0.03765994 -0.05247850 0.01031309
v 0.03776633 -0.05266540 0.00210000
v 0.03936658 -0.05117853 0.01031309
v 0.03951848 -0.05133077 0.00210000
v 0.04067121 -0.04947283 0.01031309
v 0.04085789 -0.04957962 0.00210000
v 0.04147973 -0.04748452 0.01031309
v 0.04168795 -0.04753838 0.00210000
v 0.04173706 -0.04546054 0.01031309
v 0.04195213 -0.04546054 0.00210000
v 0.02400996 -0.04869813 0.00210000
v 0.02367629 -0.04850297 0.00210000
v 0.02362392 -0.04860214 -0.00210000
v 0.02578319 -0.04771641 -0.00210000
v 0.02567402 -0.04770305 0.00210000
v 0.02548446 -0.04822351 0.00210000
v 0.02557664 -0.04828349 -0.00210000
v 0.02508544 -0.04860770 0.00210000
v 0.02514188 -0.04870209 -0.00210000
v 0.02455817 -0.04877742 0.00210000
v 0.02456738 -0.04888701 -0.00210000
v 0.02397007 -0.04880062 -0.00210000
v 0.03374820 -0.04398112 0.01080000
v 0.03374820 -0.04398112 0.00210000
v 0.03454820 -0.04419548 0.01080000
v 0.03454820 -0.04419548 0.00210000
v 0.03513384 -0.04478112 0.01080000
v 0.03513384 -0.04478112 0.00210000
v 0.03534820 -0.04558112 0.01080000
v 0.03534820 -0.04558112 0.00210000
v 0.03513384 -0.04638112 0.01080000
v 0.03513384 -0.04638112 0.00210000
v 0.03454820 -0.04696676 0.01080000
v 0.03454820 -0.04696676 0.00210000
v 0.03374820 -0.04718112 0.01080000
v 0.03374820 -0.04718112 0.00210000
v 0.03294820 -0.04696676 0.01080000
v 0.03294820 -0.04696676 0.00210000
v 0.03236256 -0.04638112 0.01080000
v 0.03236256 -0.04638112 0.00210000
v 0.03214820 -0.04558112 0.01080000
v 0.03214820 -0.04558112 0.00210000
v 0.03236256 -0.04478112 0.01080000
v 0.03236256 -0.04478112 0.00210000
v 0.03294820 -0.04419548 0.01080000
v 0.03294820 -0.04419548 0.00210000
v 0.04123724 -0.04006216 0.01080000
v 0.04123723 -0.04546054 0.01080000
v 0.04140456 -0.04022951 0.01077116
v 0.04140851 -0.04546054 0.01076975
v 0.04151207 -0.04033708 0.01071764
v 0.04158270 -0.04040761 0.01066147
v 0.04158778 -0.04546054 0.01065653
v 0.04170402 -0.04546054 0.01047919
v 0.04167588 -0.04050129 0.01053909
v 0.04173707 -0.04056199 0.01031309
v 0.04173367 -0.04055869 0.01035882
v 0.02947145 -0.05231802 0.01048254
v 0.02953228 -0.05221855 0.01065815
v 0.03142108 -0.05317187 0.01050037
v 0.02962545 -0.05206618 0.01077011
v 0.03145162 -0.05306704 0.01065815
v 0.02971429 -0.05192089 0.01080000
v 0.03149655 -0.05291286 0.01076318
v 0.03352001 -0.05349150 0.01050037
v 0.03562668 -0.05325060 0.01050037
v 0.03759452 -0.05246753 0.01050037
v 0.03929167 -0.05119396 0.01050037
v 0.04059655 -0.04951856 0.01050037
v 0.04141640 -0.04756074 0.01050037
v 0.03352203 -0.05338232 0.01065815
v 0.03560004 -0.05314470 0.01065815
v 0.03754110 -0.05237228 0.01065815
v 0.03921515 -0.05111605 0.01065815
v 0.04050228 -0.04946345 0.01065815
v 0.04131099 -0.04753224 0.01065815
v 0.03352500 -0.05322177 0.01076318
v 0.03556087 -0.05298897 0.01076318
v 0.03746254 -0.05223223 0.01076318
v 0.03910262 -0.05100150 0.01076318
v 0.04036365 -0.04938241 0.01076318
v 0.04115598 -0.04749033 0.01076318
v 0.03154923 -0.05273207 0.01080000
v 0.03352849 -0.05303349 0.01080000
v 0.03551494 -0.05280634 0.01080000
v 0.03737041 -0.05206799 0.01080000
v 0.03897065 -0.05086716 0.01080000
v 0.04020108 -0.04928738 0.01080000
v 0.04097419 -0.04744118 0.01080000
v 0.02576487 -0.04944887 0.01077011
v 0.02586694 -0.04931255 0.01080000
v 0.02228110 -0.04635498 0.01080000
v 0.02565782 -0.04959183 0.01065815
v 0.02558794 -0.04968516 0.01048254
v 0.02196838 -0.04669978 0.01048254
v 0.02194532 -0.04672522 0.01031309
v 0.02556735 -0.04971265 0.01031309
v 0.02216670 -0.04648112 0.01077011
v 0.02204671 -0.04661342 0.01065815
v 0.02094709 -0.04519328 0.01077011
v 0.02107927 -0.04508591 0.01080000
v 0.01989248 -0.04331088 0.01080000
v 0.02080847 -0.04530589 0.01065815
v 0.02071797 -0.04537940 0.01048254
v 0.01882716 -0.04220067 0.01031309
v 0.01945300 -0.04354897 0.01031309
v 0.01948319 -0.04353261 0.01048254
v 0.02069131 -0.04540106 0.01031309
v 0.01818767 -0.03972095 0.01048254
v 0.01815376 -0.03972638 0.01031309
v 0.01857799 -0.04150007 0.01031309
v 0.01864730 -0.03964734 0.01080000
v 0.01847915 -0.03967427 0.01077011
v 0.01889174 -0.04139930 0.01077011
v 0.01830279 -0.03970251 0.01065815
v 0.01872169 -0.04145391 0.01065815
v 0.01861069 -0.04148956 0.01048254
v 0.01958571 -0.04347708 0.01065815
v 0.01974275 -0.04339200 0.01077011
v 0.01905388 -0.04134723 0.01080000
v 0.06062118 0.03768342 0.01077011
v 0.06060349 0.03751405 0.01080000
v 0.06430184 0.03688816 0.01080000
v 0.05753801 0.03784398 0.01077011
v 0.05753801 0.03767368 0.01080000
v 0.06063973 0.03786106 0.01065815
v 0.05753801 0.03802258 0.01065815
v 0.06065184 0.03797702 0.01048254
v 0.05753801 0.03813917 0.01048254
v 0.06656303 0.03678443 0.01031309
v 0.06441639 0.03737468 0.01031309
v 0.06440852 0.03734126 0.01048254
v 0.06065541 0.03801117 0.01031309
v 0.07091329 0.03498998 0.01048254
v 0.07092862 0.03502071 0.01031309
v 0.06806627 0.03626630 0.01031309
v 0.07070561 0.03457339 0.01080000
v 0.07078159 0.03472580 0.01077011
v 0.06795067 0.03595770 0.01077011
v 0.07086127 0.03488564 0.01065815
v 0.06801333 0.03612496 0.01065815
v 0.06805422 0.03623414 0.01048254
v 0.06438180 0.03722776 0.01065815
v 0.06434087 0.03705392 0.01077011
v 0.06789093 0.03579823 0.01080000
v 0.05753801 0.03817351 0.01031309
v 0.08729715 0.00816076 0.01073518
v 0.08739983 0.00816076 0.01065815
v 0.08726382 0.01100772 0.01065815
v 0.08747952 0.00816076 0.01055752
v 0.08751643 0.00816076 0.01048254
v 0.08737987 0.01101883 0.01048254
v 0.08755077 0.00816076 0.01031309
v 0.08691651 0.01097446 0.01080000
v 0.08705094 0.00816076 0.01080000
v 0.08722123 0.00816076 0.01077011
v 0.08708602 0.01099069 0.01077011
v 0.08640174 0.01508742 0.01077011
v 0.08623615 0.01504768 0.01080000
v 0.08515232 0.01904852 0.01077011
v 0.08499390 0.01898606 0.01080000
v 0.08336222 0.02279645 0.01077011
v 0.08321407 0.02271249 0.01080000
v 0.08106650 0.02625782 0.01077011
v 0.08093152 0.02615399 0.01080000
v 0.07831010 0.02936485 0.01077011
v 0.07819093 0.02924321 0.01080000
v 0.07619394 0.03124863 0.01077011
v 0.07608691 0.03111618 0.01080000
v 0.08542694 0.01915680 0.01048254
v 0.08364892 0.02295893 0.01031309
v 0.08361904 0.02294200 0.01048254
v 0.08132771 0.02645873 0.01031309
v 0.08130049 0.02643779 0.01048254
v 0.08069659 0.02725122 0.01031309
v 0.07851668 0.02957573 0.01048254
v 0.07854071 0.02960026 0.01031309
v 0.07637946 0.03147824 0.01048254
v 0.07640105 0.03150495 0.01031309
v 0.08741406 0.01102211 0.01031309
v 0.08672218 0.01516432 0.01031309
v 0.08668879 0.01515630 0.01048254
v 0.08616169 0.01718577 0.01031309
v 0.08545889 0.01916940 0.01031309
v 0.08657541 0.01512909 0.01065815
v 0.08531848 0.01911403 0.01065815
v 0.08351761 0.02288451 0.01065815
v 0.08120807 0.02636671 0.01065815
v 0.07843509 0.02949244 0.01065815
v 0.07630619 0.03138755 0.01065815
v 0.04206216 0.03849856 -0.00210000
v 0.04206212 0.03854829 -0.00210000
v 0.04195226 0.03838858 0.00210000
v 0.02544245 0.04750932 0.00210000
v 0.03551451 0.03823441 0.00210000
v 0.03856355 0.03838858 0.00210000
v 0.03856355 0.03849856 -0.00210000
v 0.03550341 0.03834383 -0.00210000
v 0.02928396 0.05024615 -0.00210000
v 0.02537654 0.04759737 -0.00210000
v 0.03266605 0.05142298 -0.00210000
v 0.03148049 0.05119636 -0.00210000
v 0.03131097 0.05114880 -0.00210000
v 0.04071549 0.04764740 -0.00210000
v 0.02983906 0.05055877 -0.00210000
v 0.03972798 0.04890303 -0.00210000
v 0.03871338 0.04979986 -0.00210000
v 0.03777179 0.05041016 -0.00210000
v 0.03733838 0.05063757 -0.00210000
v 0.03583716 0.05120189 -0.00210000
v 0.03427876 0.05146080 -0.00210000
v 0.04206046 0.04307925 -0.00209997
v 0.04205891 0.04316493 -0.00210000
v 0.04190385 0.04470995 -0.00210000
v 0.04145392 0.04622326 -0.00210000
v 0.04195214 -0.04077705 0.00210000
v 0.05753801 -0.04056199 0.01031309
v 0.05753801 -0.04052765 0.01048254
v 0.05753801 -0.04041106 0.01065815
v 0.05753801 -0.04023245 0.01077011
v 0.05753801 -0.04006216 0.01080000
v 0.02537252 -0.04997284 -0.00210000
v 0.03355878 -0.05385894 -0.00210000
v 0.03592068 -0.05355216 -0.00210000
v 0.03785177 -0.05274323 -0.00210000
v 0.04097985 -0.04958756 -0.00210000
v 0.03973182 -0.05127014 -0.00210000
v 0.02928396 -0.05262463 -0.00210000
v 0.03147777 -0.05356876 -0.00210000
v 0.04184371 -0.04736540 -0.00210000
v 0.03856355 -0.04088704 -0.00210000
v 0.04206211 -0.04546054 -0.00210000
v 0.04206212 -0.04088704 -0.00210000
v 0.03550341 -0.04073231 -0.00210000
v 0.03551451 -0.04062289 0.00210000
v 0.03856355 -0.04077705 0.00210000
v 0.02543845 -0.04988480 0.00210000
v 0.07637657 -0.03386314 0.01049386
v 0.07637946 -0.03386671 0.01048254
v 0.07851668 -0.03196421 0.01048254
v 0.08747952 -0.01054924 0.01055752
v 0.08739983 -0.01054924 0.01065815
v 0.08726382 -0.01339620 0.01065815
v 0.08729715 -0.01054924 0.01073518
v 0.08722123 -0.01054924 0.01077011
v 0.08708602 -0.01337917 0.01077011
v 0.08705094 -0.01054924 0.01080000
v 0.08741406 -0.01341059 0.01031309
v 0.08755077 -0.01054924 0.01031309
v 0.08751643 -0.01054924 0.01048254
v 0.08737987 -0.01340731 0.01048254
v 0.08668879 -0.01754478 0.01048254
v 0.08672218 -0.01755279 0.01031309
v 0.08616169 -0.01957425 0.01031309
v 0.08542694 -0.02154528 0.01048254
v 0.08545889 -0.02155787 0.01031309
v 0.08361904 -0.02533048 0.01048254
v 0.08364892 -0.02534741 0.01031309
v 0.08130049 -0.02882627 0.01048254
v 0.08132771 -0.02884721 0.01031309
v 0.08069659 -0.02963970 0.01031309
v 0.07854071 -0.03198874 0.01031309
v 0.07640105 -0.03389343 0.01031309
v 0.07630619 -0.03377603 0.01065815
v 0.07843509 -0.03188092 0.01065815
v 0.07625588 -0.03371377 0.01072157
v 0.07819093 -0.03163168 0.01080000
v 0.07608691 -0.03350465 0.01080000
v 0.07614248 -0.03357343 0.01079212
v 0.08691651 -0.01336293 0.01080000
v 0.08623615 -0.01743616 0.01080000
v 0.08640174 -0.01747590 0.01077011
v 0.08499390 -0.02137454 0.01080000
v 0.08515232 -0.02143700 0.01077011
v 0.08321407 -0.02510097 0.01080000
v 0.08336222 -0.02518493 0.01077011
v 0.08093152 -0.02854248 0.01080000
v 0.08106650 -0.02864630 0.01077011
v 0.07831010 -0.03175333 0.01077011
v 0.07619394 -0.03363711 0.01077011
v 0.08120807 -0.02875519 0.01065815
v 0.08351761 -0.02527299 0.01065815
v 0.08531848 -0.02150251 0.01065815
v 0.08657541 -0.01751757 0.01065815
v 0.06062118 -0.04007189 0.01077011
v 0.06060349 -0.03990252 0.01080000
v 0.06434087 -0.03944239 0.01077011
v 0.06430184 -0.03927663 0.01080000
v 0.06795067 -0.03834618 0.01077011
v 0.06789093 -0.03818671 0.01080000
v 0.07078159 -0.03711427 0.01077011
v 0.07070561 -0.03696187 0.01080000
v 0.07092862 -0.03740919 0.01031309
v 0.07091329 -0.03737846 0.01048254
v 0.06806627 -0.03865477 0.01031309
v 0.06805422 -0.03862261 0.01048254
v 0.06656303 -0.03917291 0.01031309
v 0.06440852 -0.03972973 0.01048254
v 0.06441639 -0.03976316 0.01031309
v 0.06065184 -0.04036549 0.01048254
v 0.06065541 -0.04039965 0.01031309
v 0.06063973 -0.04024953 0.01065815
v 0.06438180 -0.03961624 0.01065815
v 0.06801333 -0.03851343 0.01065815
v 0.07086127 -0.03727411 0.01065815
v 0.07113907 0.03476999 0.01064473
v 0.07119176 0.03485004 0.01049026
v 0.07121690 0.03487474 0.01032344
v 0.07098909 0.03450162 0.01080518
v 0.07102748 0.03457373 0.01078767
v 0.07106656 0.03464498 0.01075501
v 0.07110444 0.03471166 0.01070694
v 0.01754384 0.03307553 0.01077011
v 0.01770749 0.03302840 0.01080000
v 0.01609654 0.02900516 0.01077011
v 0.01625320 0.02893840 0.01080000
v 0.01737222 0.03312496 0.01065815
v 0.01593223 0.02907518 0.01065815
v 0.01726018 0.03315723 0.01048254
v 0.01582497 0.02912088 0.01048254
v 0.01722718 0.03316674 0.01031309
v 0.01579338 0.02913435 0.01031309
v 0.04143720 0.03457339 0.01080000
v 0.04019978 0.03474636 0.01080000
v 0.03700812 0.03710635 0.01080000
v 0.03796722 0.03620089 0.01080000
v 0.03889138 0.03536002 0.01080000
v 0.03269131 0.03807696 0.01080000
v 0.03400675 0.03817361 0.01080000
v 0.03558659 0.03786258 0.01080000
v 0.01801401 0.03068138 0.01080000
v 0.02152022 0.03343896 0.01080000
v 0.02539130 0.03565538 0.01080000
v 0.02954437 0.03728320 0.01080000
v 0.01753460 -0.03545198 0.01077011
v 0.01769820 -0.03540469 0.01080000
v 0.01623743 -0.03130994 0.01080000
v 0.01736302 -0.03550157 0.01065815
v 0.01725101 -0.03553395 0.01048254
v 0.01721803 -0.03554348 0.01031309
v 0.01577783 -0.03150640 0.01031309
v 0.01580941 -0.03149290 0.01048254
v 0.01608085 -0.03137687 0.01077011
v 0.01598804 -0.03141654 0.01072005
v 0.01591662 -0.03144707 0.01065815
v 0.01483529 -0.02912669 0.01094443
v 0.01472556 -0.02895511 0.01096393
v 0.01469649 -0.02896283 0.01093036
v 0.01423104 -0.02817944 0.01106025
v 0.01320961 -0.02656214 0.01128691
v 0.01457626 -0.02896162 0.01064095
v 0.01393344 -0.02775841 0.01103239
v 0.01459305 -0.02897187 0.01072718
v 0.01462469 -0.02897446 0.01081367
v 0.01525668 -0.02978412 0.01087791
v 0.01543000 -0.03016240 0.01081651
v 0.01574933 -0.03055081 0.01082184
v 0.01537697 -0.03018184 0.01077553
v 0.01579326 -0.03075697 0.01078993
v 0.01586290 -0.03072742 0.01081322
v 0.01519806 -0.03021639 0.01041008
v 0.01522435 -0.03022189 0.01054123
v 0.01528584 -0.03021038 0.01066945
v 0.01532835 -0.03019805 0.01072612
v 0.01466971 -0.02896871 0.01089386
v 0.01395749 -0.02774843 0.01111828
v 0.06803957 0.03303479 0.00900000
v 0.06830572 0.03292676 0.00900000
v 0.04143720 0.03292676 0.00900000
v 0.06289531 0.03462393 0.00900000
v 0.03732022 0.03450477 0.00900000
v 0.03669062 0.03516076 0.00900000
v 0.05753801 0.03516076 0.00900000
v 0.03863509 0.03360104 0.00900000
v 0.04013796 0.03306535 0.00900000
v 0.07461404 0.03268030 0.01097796
v 0.07462654 0.03266972 0.01097624
v 0.07465117 0.03276317 0.01083173
v 0.07186412 0.03453057 0.01041591
v 0.07465004 0.03279424 0.01074949
v 0.07464001 0.03281300 0.01066556
v 0.07380157 0.03336959 0.01080751
v 0.07151251 0.03435498 0.01083850
v 0.07190558 0.03422497 0.01087747
v 0.07193675 0.03426613 0.01084388
v 0.07202426 0.03436236 0.01070415
v 0.07254867 0.03396985 0.01095372
v 0.07282592 0.03384164 0.01098627
v 0.07287747 0.03386747 0.01092180
v 0.07389856 0.03322288 0.01104430
v 0.07290976 0.03388990 0.01084790
v 0.07199689 0.03433591 0.01075646
v 0.07196745 0.03430350 0.01080335
v 0.07234576 0.03405647 0.01092907
v 0.07379291 0.03335251 0.01093170
v 0.07293614 0.03390057 0.01076917
v 0.07295564 0.03389928 0.01068897
v 0.07460149 0.03269086 0.01097968
v 0.07581247 0.03157405 0.01079257
v 0.07585367 0.03163401 0.01075612
v 0.07547753 0.03200514 0.01078496
v 0.07592132 0.03174160 0.01064622
v 0.07576901 0.03151354 0.01081608
v 0.07542200 0.03190730 0.01085744
v 0.07504214 0.03229426 0.01091446
v 0.07507389 0.03236819 0.01084074
v 0.07552529 0.03218247 0.01042797
v 0.07553216 0.03215070 0.01055778
v 0.07551607 0.03208980 0.01068168
v 0.04019978 -0.03713483 0.01080000
v 0.03889138 -0.03774850 0.01080000
v 0.01677781 -0.03187630 0.01080000
v 0.04143720 -0.03696187 0.01080000
v 0.03796722 -0.03858937 0.01080000
v 0.03009357 -0.03983612 0.01080000
v 0.03700812 -0.03949483 0.01080000
v 0.03558659 -0.04025105 0.01080000
v 0.03400675 -0.04056209 0.01080000
v 0.03269131 -0.04046543 0.01080000
v 0.02640682 -0.03850771 0.01080000
v 0.02292092 -0.03671736 0.01080000
v 0.01969348 -0.03449465 0.01080000
v 0.07121690 -0.03726322 0.01032344
v 0.07119176 -0.03723852 0.01049026
v 0.07113907 -0.03715847 0.01064473
v 0.07098909 -0.03689010 0.01080518
v 0.07102694 -0.03696120 0.01078801
v 0.07106656 -0.03703346 0.01075501
v 0.07628170 -0.03292268 0.01080000
v 0.07628170 0.03053420 0.01080000
v 0.07647617 0.02908631 0.01080000
v 0.07647617 -0.03147479 0.01080000
v 0.07518489 -0.03479950 0.01062751
v 0.07100033 -0.03688723 0.01080560
v 0.07150717 -0.03674453 0.01083837
v 0.07248368 -0.03645594 0.01086829
v 0.07255660 -0.03635485 0.01095456
v 0.07234544 -0.03644480 0.01092912
v 0.07170542 -0.03668123 0.01085699
v 0.07173847 -0.03672888 0.01082548
v 0.07557771 -0.03412410 0.01083692
v 0.07507405 -0.03465207 0.01090925
v 0.07514083 -0.03464531 0.01086811
v 0.07409074 -0.03547738 0.01103397
v 0.07389368 -0.03563295 0.01101752
v 0.07389744 -0.03561249 0.01104403
v 0.07297781 -0.03615523 0.01100228
v 0.07517938 -0.03475067 0.01073421
v 0.07390866 -0.03566546 0.01092847
v 0.07252717 -0.03649035 0.01078291
v 0.07256283 -0.03650752 0.01068909
v 0.07177148 -0.03677301 0.01078530
v 0.07573742 -0.03422252 0.01071480
v 0.07389972 -0.03564531 0.01098871
v 0.07515736 -0.03468374 0.01082819
v 0.07311205 -0.03619228 0.01072616
v 0.07391323 -0.03568583 0.01080268
v 0.07391318 -0.03567905 0.01086594
v 0.07465846 -0.03518883 0.01066065
v 0.07517412 -0.03482706 0.01051708
v 0.07183283 -0.03684403 0.01068197
v 0.07563458 -0.03405936 0.01083015
v 0.07567186 -0.03411498 0.01080288
v 0.07570688 -0.03417040 0.01076417
v 0.07517034 -0.03471914 0.01078330
v 0.07186434 -0.03691896 0.01041621
v 0.04143720 -0.03531524 0.00900000
v 0.06830572 -0.03531524 0.00900000
v 0.06807803 -0.03540712 0.00900000
v 0.05753801 -0.03754924 0.00900000
v 0.06289531 -0.03701241 0.00900000
v 0.06803957 -0.03542327 0.00900000
v 0.03669062 -0.03754924 0.00900000
v 0.03732023 -0.03689324 0.00900000
v 0.03863509 -0.03598952 0.00900000
v 0.04013796 -0.03545382 0.00900000
v 0.07193774 0.03468176 0.00400000
v 0.06661274 0.03694209 0.00400000
v 0.06095427 0.03814484 0.00400000
v 0.05753801 0.03833883 0.00400000
v 0.08771608 0.00816076 0.00400000
v 0.08752209 0.01157701 0.00400000
v 0.08631935 0.01723548 0.00400000
v 0.08405901 0.02256049 0.00400000
v 0.08082415 0.02735637 0.00400000
v 0.07673363 0.03144690 0.00400000
v 0.05026087 0.03833883 0.00400000
v 0.05026087 0.03736275 0.00400000
v 0.05012123 0.03746466 -0.00400000
v 0.06807350 0.03311517 0.00400000
v 0.06291262 0.03470947 0.00400000
v 0.05753801 0.03524804 0.00400000
v 0.07458789 0.02959850 0.00904411
v 0.07445052 0.02981608 0.00910212
v 0.07410550 0.03062935 0.00400000
v 0.07442795 0.02985301 0.00911336
v 0.07433548 0.03000850 0.00916282
v 0.07405376 0.03052678 0.00929097
v 0.07402299 0.03058775 0.00929358
v 0.07482620 0.02924618 0.00900000
v 0.07501790 0.02912946 0.00400000
v 0.07494763 0.02907771 0.00900000
v 0.07554618 0.02847229 0.00400000
v 0.07548054 0.02841478 0.00900000
v 0.07592831 0.02806033 0.00400000
v 0.07586622 0.02799899 0.00900000
v 0.07617924 0.02781337 0.00400000
v 0.07611882 0.02775040 0.00900000
v 0.07856885 0.02509310 0.00900000
v 0.07863683 0.02514783 0.00400000
v 0.08125623 0.02106216 0.00900000
v 0.08133290 0.02110387 0.00400000
v 0.08318000 0.01661586 0.00900000
v 0.08326288 0.01664319 0.00400000
v 0.08427821 0.01189735 0.00900000
v 0.08436465 0.01190943 0.00400000
v 0.08453801 0.00816076 0.00900000
v 0.08462529 0.00816076 0.00400000
v 0.08462529 0.00282388 0.00400000
v 0.08453801 -0.01054924 0.00900000
v 0.08427821 -0.01428582 0.00900000
v 0.08318000 -0.01900434 0.00900000
v 0.08125623 -0.02345063 0.00900000
v 0.07856886 -0.02748157 0.00900000
v 0.07611883 -0.03013886 0.00900000
v 0.05012152 -0.03985316 -0.00400000
v 0.08771608 0.00267542 0.00400000
v 0.07482620 -0.03163471 0.00900000
v 0.07494762 -0.03146619 0.00900000
v 0.07402300 -0.03297622 0.00929358
v 0.07437998 -0.03232003 0.00913876
v 0.07457969 -0.03200048 0.00904697
v 0.07482955 -0.03147513 0.00900000
v 0.07482955 0.02908666 0.00900000
v 0.03856355 -0.03931906 0.00000000
v 0.03856355 -0.03938888 -0.00400000
v 0.03466124 -0.03905318 0.00000000
v 0.03465177 -0.03912235 -0.00400000
v 0.02870211 -0.03757617 0.00000000
v 0.02867818 -0.03764176 -0.00400000
v 0.02319207 -0.03486837 0.00000000
v 0.02315476 -0.03492739 -0.00400000
v 0.01838202 -0.03105311 0.00000000
v 0.01833304 -0.03110287 -0.00400000
v 0.01449102 -0.02630412 0.00000000
v 0.01443260 -0.02634236 -0.00400000
v 0.01169626 -0.02083767 0.00000000
v 0.01163106 -0.02086264 -0.00400000
v 0.01012501 -0.01490270 0.00000000
v 0.01005600 -0.01491326 -0.00400000
v 0.00980336 -0.01129500 0.00000000
v 0.00973298 -0.01127360 -0.00400000
v 0.03856355 -0.03924924 0.00000000
v 0.03856355 -0.03931906 -0.00400000
v 0.04834973 -0.03924924 -0.00000000
v 0.04834016 -0.03931906 -0.00400000
v 0.04568744 -0.03858415 -0.00000000
v 0.03856355 -0.03858425 0.00000000
v 0.03479302 0.03615692 0.00047675
v 0.03472570 0.03615196 0.00000084
v 0.03483858 0.03617449 0.00000000
v 0.04585132 0.03616067 0.00400000
v 0.04327747 0.03616069 0.00400000
v 0.04584347 0.03623048 0.00000000
v 0.04094952 0.03623053 0.00000000
v 0.04834025 0.03693058 -0.00400000
v 0.04834983 0.03686076 0.00000000
v 0.03856355 0.03686076 0.00000000
v 0.03856355 0.03693058 -0.00400000
v 0.03856355 0.03700040 -0.00400000
v 0.03856355 0.03693058 0.00000000
v 0.00979372 0.00816076 0.00000000
v 0.00972390 0.00816076 -0.00400000
v 0.01006504 0.01210258 0.00000000
v 0.00999588 0.01211215 -0.00400000
v 0.01157195 0.01811849 0.00000000
v 0.01150644 0.01814265 -0.00400000
v 0.01433311 0.02367167 0.00000000
v 0.01427430 0.02370932 -0.00400000
v 0.01822021 0.02850410 0.00000000
v 0.01817084 0.02855347 -0.00400000
v 0.02305263 0.03239120 0.00000000
v 0.02301499 0.03245001 -0.00400000
v 0.02860582 0.03515236 0.00000000
v 0.02858165 0.03521786 -0.00400000
v 0.03462172 0.03665926 0.00000000
v 0.03461216 0.03672843 -0.00400000
v 0.00972390 -0.01127378 -0.00400000
v 0.00979372 -0.01129518 0.00000000
v 0.03930861 0.03454795 0.01128691
v 0.04006272 0.03426569 0.01128691
v 0.04007214 0.03429871 0.01111746
v 0.03879531 0.03521941 0.01082989
v 0.04143720 0.03440310 0.01082989
v 0.04015308 0.03458259 0.01082989
v 0.04010411 0.03441083 0.01094185
v 0.04143720 0.03422450 0.01094185
v 0.04143720 0.03410790 0.01111746
v 0.04143720 0.03407356 0.01128691
v 0.03760930 0.03590328 0.01111746
v 0.03758290 0.03588132 0.01128691
v 0.03860942 0.03494732 0.01128691
v 0.03783628 0.03609201 0.01082989
v 0.03769895 0.03597782 0.01094185
v 0.03869456 0.03507194 0.01094185
v 0.03862879 0.03497567 0.01111746
v 0.03399872 0.03800351 0.01082989
v 0.03552953 0.03770212 0.01082989
v 0.03690695 0.03696937 0.01082989
v 0.03673157 0.03673192 0.01111746
v 0.03671117 0.03670429 0.01128691
v 0.03543063 0.03742399 0.01111746
v 0.03541913 0.03739164 0.01128691
v 0.03455830 0.03761365 0.01128691
v 0.03398482 0.03770864 0.01111746
v 0.03398320 0.03767434 0.01128691
v 0.03272411 0.03790985 0.01082989
v 0.03275852 0.03773460 0.01094185
v 0.03680084 0.03682571 0.01094185
v 0.03546969 0.03753385 0.01094185
v 0.03399031 0.03782510 0.01094185
v 0.03278097 0.03762019 0.01111746
v 0.05171315 0.03407356 0.01128691
v 0.04557518 0.03407356 0.01128691
v 0.05471315 0.03407356 0.01128691
v 0.05771315 0.03407356 0.01128691
v 0.07098909 0.03410790 0.01111746
v 0.06071315 0.03407356 0.01128691
v 0.07098909 0.03407356 0.01128691
v 0.07098909 0.03422450 0.01094185
v 0.07098909 0.03440310 0.01082989
v 0.04143720 0.03357011 0.03051309
v 0.04143720 0.03361727 0.02871209
v 0.03992468 0.03378152 0.03051309
v 0.04143720 0.03370370 0.02541137
v 0.04143720 0.03375605 0.02341206
v 0.04143720 0.03380841 0.02141275
v 0.04143720 0.03386076 0.01941343
v 0.04143720 0.03391312 0.01741412
v 0.04143720 0.03396547 0.01541480
v 0.03719579 0.03555943 0.03051309
v 0.03832541 0.03453162 0.03051309
v 0.03909482 0.03409214 0.03051309
v 0.01353364 0.02467924 0.01123943
v 0.01359317 0.02478084 0.01117650
v 0.01403151 0.02554275 0.01091837
v 0.01510341 0.02760848 0.01044731
v 0.01352933 0.02466930 0.01128212
v 0.01353294 0.02467537 0.01127450
v 0.01353715 0.02468389 0.01125363
v 0.01577398 0.02846351 0.01075496
v 0.01591127 0.02840626 0.01081129
v 0.01565039 0.02800031 0.01083287
v 0.01545623 0.02791329 0.01077223
v 0.01556702 0.02787055 0.01084168
v 0.01513528 0.02735976 0.01081294
v 0.01521143 0.02731660 0.01088800
v 0.01415513 0.02570034 0.01103481
v 0.01487084 0.02678492 0.01094358
v 0.01481129 0.02680525 0.01087254
v 0.01487326 0.02678870 0.01094315
v 0.01517351 0.02725744 0.01089369
v 0.01402739 0.02546060 0.01111693
v 0.01413479 0.02569747 0.01098366
v 0.01392385 0.02529699 0.01114181
v 0.01381380 0.02514756 0.01110468
v 0.01383421 0.02515512 0.01116443
v 0.01365293 0.02487733 0.01117598
v 0.01366415 0.02488526 0.01121238
v 0.01357413 0.02474586 0.01122106
v 0.01356231 0.02472282 0.01125186
v 0.01358149 0.02475352 0.01124265
v 0.01475967 0.02681345 0.01078766
v 0.01472349 0.02681207 0.01069475
v 0.01529468 0.02795799 0.01053454
v 0.01535996 0.02794445 0.01066562
v 0.01565010 0.02851081 0.01064450
v 0.01812879 0.03055559 0.01082989
v 0.01530829 0.02714731 0.01111746
v 0.01521797 0.02722104 0.01094185
v 0.01824918 0.03042366 0.01094185
v 0.02161542 0.03329776 0.01082989
v 0.02546488 0.03550180 0.01082989
v 0.02959475 0.03712053 0.01082989
v 0.02968208 0.03683855 0.01111746
v 0.02178045 0.03305300 0.01111746
v 0.02559242 0.03523558 0.01111746
v 0.01832777 0.03033753 0.01111746
v 0.02964758 0.03694992 0.01094185
v 0.02554205 0.03534073 0.01094185
v 0.02171527 0.03314967 0.01094185
v 0.03641206 0.03629933 0.03051309
v 0.03525045 0.03691728 0.03051309
v 0.03447652 0.03711687 0.03051309
v 0.03395947 0.03717144 0.03051309
v 0.01459375 -0.02862532 0.01111746
v 0.03022289 -0.03938896 0.01111746
v 0.03278097 -0.04000866 0.01111746
v 0.03278758 -0.03997497 0.01128691
v 0.03019050 -0.03950096 0.01094185
v 0.03275852 -0.04012307 0.01094185
v 0.03272411 -0.04029833 0.01082989
v 0.01689950 -0.03175718 0.01082989
v 0.01979888 -0.03436089 0.01082989
v 0.02300829 -0.03657119 0.01082989
v 0.02647472 -0.03835154 0.01082989
v 0.03014088 -0.03967253 0.01082989
v 0.01702712 -0.03163223 0.01094185
v 0.01711044 -0.03155067 0.01111746
v 0.01462116 -0.02860464 0.01128691
v 0.01540712 -0.02960219 0.01128691
v 0.02315976 -0.03631781 0.01111746
v 0.02000285 -0.03410206 0.01128691
v 0.01998159 -0.03412904 0.01111746
v 0.01940677 -0.03361985 0.01128691
v 0.01713498 -0.03152665 0.01128691
v 0.02659243 -0.03808083 0.01111746
v 0.02409110 -0.03681297 0.01128691
v 0.02317738 -0.03628833 0.01128691
v 0.03023243 -0.03935597 0.01128691
v 0.02929267 -0.03906741 0.01128691
v 0.02660612 -0.03804933 0.01128691
v 0.02654594 -0.03818775 0.01094185
v 0.02309994 -0.03641789 0.01094185
v 0.01990943 -0.03422061 0.01094185
v 0.00946253 -0.01054924 0.04513089
v 0.03519829 0.03621202 0.00007805
v 0.03544771 0.03624150 0.00000110
v 0.03512894 0.03620429 0.00000139
v 0.03481094 0.03615954 0.00045191
v 0.03842277 0.03318542 0.00932061
v 0.03840766 0.03315584 0.00949127
v 0.03698608 0.03413292 0.00949127
v 0.04003951 0.03260914 0.00932061
v 0.04003251 0.03257667 0.00949127
v 0.03913754 0.03283650 0.00949127
v 0.04143720 0.03246005 0.00932061
v 0.04143720 0.03242684 0.00949127
v 0.04006403 0.03272278 0.00914337
v 0.04143720 0.03257631 0.00914337
v 0.04010184 0.03289799 0.00903023
v 0.04143720 0.03275555 0.00903023
v 0.03855720 0.03344857 0.00903023
v 0.03720579 0.03437742 0.00903023
v 0.03606401 0.03515219 0.00949127
v 0.03611251 0.03515537 0.00930162
v 0.03700828 0.03415763 0.00932061
v 0.03626874 0.03515857 0.00912613
v 0.03708598 0.03424410 0.00914337
v 0.03647531 0.03515975 0.00902908
v 0.03657968 0.03516039 0.00900747
v 0.03847566 0.03328895 0.00914337
v 0.03611284 0.03524804 0.00400000
v 0.03556762 0.03614878 0.00400000
v 0.03551424 0.03589638 0.01337968
v 0.03547591 0.03624461 0.00000094
v 0.03707349 0.03615477 0.00400000
v 0.03695726 0.03626545 0.00000000
v 0.04081829 0.03612379 0.00400000
v 0.03800676 0.03620899 0.00000000
v 0.01974234 0.02820239 0.02900000
v 0.02003057 0.02789547 0.04507853
v 0.01872577 0.02658339 0.04507853
v 0.03237067 0.03494794 0.02900000
v 0.03543980 0.03547644 0.02900000
v 0.02626473 0.03359700 0.00000000
v 0.02689894 0.03389395 0.00000000
v 0.02721261 0.03320194 0.02900000
v 0.02903203 0.03475751 0.00000000
v 0.03184205 0.03560309 0.00000000
v 0.02369262 0.03218351 0.00000000
v 0.02249984 0.03047358 0.02900000
v 0.02205598 0.03109013 0.00000000
v 0.01447763 0.02292919 0.00000000
v 0.01506333 0.02384441 0.00000021
v 0.01574421 0.02272813 0.04507853
v 0.01538104 0.02431042 0.00000000
v 0.01806984 0.02585083 0.04507853
v 0.01707882 0.02650926 0.00000000
v 0.01786065 0.02738680 0.00000000
v 0.01905638 0.02859866 0.00000000
v 0.02128046 0.03051155 0.00000000
v 0.01437297 0.02275712 0.00000023
v 0.01389056 0.01930412 0.04507853
v 0.01203934 0.01789237 0.00000046
v 0.01032835 0.00916527 0.00000183
v 0.01032833 0.00916617 0.00000000
v 0.01032994 0.00921001 0.00000023
v 0.01314752 0.01748579 0.04507853
v 0.01254725 0.01564961 0.04507853
v 0.01064159 0.01247378 0.00000046
v 0.01174206 0.01184021 0.04507853
v 0.01150872 0.00914406 0.04507853
v 0.05064639 0.03388039 0.01866397
v 0.05065671 0.03388087 0.01864549
v 0.05069348 0.03226863 0.01855520
v 0.05071315 0.03227110 0.01841377
v 0.05064642 0.03226673 0.01866391
v 0.05057771 0.03226512 0.01875606
v 0.05049536 0.03387613 0.01882664
v 0.05046317 0.03226354 0.01884681
v 0.05046316 0.03387560 0.01884681
v 0.05039079 0.03226294 0.01888127
v 0.05027454 0.03387394 0.01891015
v 0.05021315 0.03226237 0.01891377
v 0.05021315 0.03387385 0.01891377
v 0.05015137 0.03226243 0.01891005
v 0.05003515 0.03387470 0.01888118
v 0.04996315 0.03226354 0.01884678
v 0.04996314 0.03387560 0.01884678
v 0.04993065 0.03226389 0.01882639
v 0.04984830 0.03387798 0.01875580
v 0.04977998 0.03226673 0.01866391
v 0.04977996 0.03388039 0.01866387
v 0.04976957 0.03226706 0.01864524
v 0.04973288 0.03388324 0.01855513
v 0.04971315 0.03227110 0.01841377
v 0.04971315 0.03388694 0.01841377
v 0.04973282 0.03227356 0.01827235
v 0.04976959 0.03389301 0.01818206
v 0.04977988 0.03227546 0.01816363
v 0.04977991 0.03389349 0.01816358
v 0.04984859 0.03227707 0.01807149
v 0.04993095 0.03389775 0.01800090
v 0.04996313 0.03227866 0.01798074
v 0.04996314 0.03389828 0.01798074
v 0.05003550 0.03227926 0.01794628
v 0.05015176 0.03389994 0.01791740
v 0.05021315 0.03227982 0.01791377
v 0.05021315 0.03390003 0.01791377
v 0.05027492 0.03227976 0.01791750
v 0.05039115 0.03389918 0.01794636
v 0.05046315 0.03227865 0.01798076
v 0.05046315 0.03389828 0.01798077
v 0.05049565 0.03227830 0.01800115
v 0.05057800 0.03389589 0.01807174
v 0.05064632 0.03227546 0.01816364
v 0.05064635 0.03389349 0.01816368
v 0.05065673 0.03227514 0.01818231
v 0.05069342 0.03389064 0.01827241
v 0.05071315 0.03388694 0.01841377
v 0.05064639 0.03393274 0.01666465
v 0.05065671 0.03393323 0.01664617
v 0.05069348 0.03230353 0.01655588
v 0.05071315 0.03230599 0.01641446
v 0.05064642 0.03230163 0.01666460
v 0.05057771 0.03230002 0.01675674
v 0.05049536 0.03392848 0.01682733
v 0.05046317 0.03229843 0.01684749
v 0.05046316 0.03392795 0.01684749
v 0.05039079 0.03229783 0.01688196
v 0.05027454 0.03392630 0.01691083
v 0.05021315 0.03229727 0.01691446
v 0.05021315 0.03392620 0.01691446
v 0.05015137 0.03229733 0.01691073
v 0.05003515 0.03392705 0.01688187
v 0.04996315 0.03229844 0.01684747
v 0.04996314 0.03392795 0.01684747
v 0.04993065 0.03229879 0.01682708
v 0.04984830 0.03393034 0.01675649
v 0.04977998 0.03230163 0.01666460
v 0.04977996 0.03393275 0.01666455
v 0.04976957 0.03230195 0.01664593
v 0.04973288 0.03393559 0.01655582
v 0.04971315 0.03230599 0.01641446
v 0.04971315 0.03393929 0.01641446
v 0.04973282 0.03230846 0.01627303
v 0.04976959 0.03394536 0.01618274
v 0.04977988 0.03231036 0.01616432
v 0.04977991 0.03394584 0.01616427
v 0.04984859 0.03231197 0.01607218
v 0.04993095 0.03395011 0.01600159
v 0.04996313 0.03231355 0.01598143
v 0.04996314 0.03395063 0.01598142
v 0.05003550 0.03231416 0.01594696
v 0.05015176 0.03395229 0.01591809
v 0.05021315 0.03231472 0.01591446
v 0.05021315 0.03395239 0.01591446
v 0.05027492 0.03231466 0.01591819
v 0.05039115 0.03395153 0.01594705
v 0.05046315 0.03231355 0.01598145
v 0.05046315 0.03395063 0.01598145
v 0.05049565 0.03231320 0.01600184
v 0.05057800 0.03394825 0.01607243
v 0.05064632 0.03231036 0.01616432
v 0.05064635 0.03394584 0.01616436
v 0.05065673 0.03231004 0.01618299
v 0.05069342 0.03394299 0.01627310
v 0.05071315 0.03393929 0.01641446
v 0.05064639 0.03398510 0.01466534
v 0.05065671 0.03398558 0.01464686
v 0.05069348 0.03233843 0.01455657
v 0.05071315 0.03234089 0.01441514
v 0.05064642 0.03233653 0.01466529
v 0.05057771 0.03233492 0.01475743
v 0.05049536 0.03398084 0.01482802
v 0.05046317 0.03233333 0.01484818
v 0.05046316 0.03398031 0.01484818
v 0.05039079 0.03233273 0.01488264
v 0.05027454 0.03397865 0.01491152
v 0.05021315 0.03233217 0.01491514
v 0.05021315 0.03397856 0.01491514
v 0.05015137 0.03233223 0.01491142
v 0.05003515 0.03397941 0.01488256
v 0.04996315 0.03233333 0.01484815
v 0.04996314 0.03398031 0.01484815
v 0.04993065 0.03233369 0.01482776
v 0.04984830 0.03398269 0.01475717
v 0.04977998 0.03233653 0.01466528
v 0.04977996 0.03398510 0.01466524
v 0.04976957 0.03233685 0.01464661
v 0.04973288 0.03398795 0.01455650
v 0.04971315 0.03234089 0.01441514
v 0.04971315 0.03399165 0.01441514
v 0.04973282 0.03234336 0.01427372
v 0.04976959 0.03399771 0.01418343
v 0.04977988 0.03234526 0.01416500
v 0.04977991 0.03399820 0.01416495
v 0.04984859 0.03234687 0.01407286
v 0.04993095 0.03400246 0.01400227
v 0.04996313 0.03234845 0.01398211
v 0.04996314 0.03400299 0.01398211
v 0.05003550 0.03234905 0.01394765
v 0.05015176 0.03400465 0.01391877
v 0.05021315 0.03234962 0.01391514
v 0.05021315 0.03400474 0.01391514
v 0.05027492 0.03234956 0.01391887
v 0.05039115 0.03400389 0.01394773
v 0.05046315 0.03234845 0.01398213
v 0.05046315 0.03400299 0.01398214
v 0.05049565 0.03234810 0.01400253
v 0.05057800 0.03400061 0.01407311
v 0.05064632 0.03234526 0.01416501
v 0.05064635 0.03399820 0.01416505
v 0.05065673 0.03234493 0.01418368
v 0.05069342 0.03399535 0.01427379
v 0.05071315 0.03399165 0.01441514
v 0.05364639 0.03388039 0.01866397
v 0.05365671 0.03388087 0.01864549
v 0.05369348 0.03226863 0.01855520
v 0.05371315 0.03227110 0.01841377
v 0.05364642 0.03226673 0.01866391
v 0.05357771 0.03226512 0.01875606
v 0.05349535 0.03387613 0.01882664
v 0.05346316 0.03226354 0.01884681
v 0.05346316 0.03387560 0.01884681
v 0.05339079 0.03226294 0.01888127
v 0.05327453 0.03387394 0.01891015
v 0.05321315 0.03226237 0.01891377
v 0.05321315 0.03387385 0.01891377
v 0.05315137 0.03226243 0.01891005
v 0.05303515 0.03387470 0.01888118
v 0.05296315 0.03226354 0.01884678
v 0.05296315 0.03387560 0.01884678
v 0.05293065 0.03226389 0.01882639
v 0.05284829 0.03387798 0.01875580
v 0.05277998 0.03226673 0.01866391
v 0.05277995 0.03388039 0.01866387
v 0.05276957 0.03226706 0.01864524
v 0.05273288 0.03388324 0.01855513
v 0.05271315 0.03227110 0.01841377
v 0.05271315 0.03388694 0.01841377
v 0.05273282 0.03227356 0.01827235
v 0.05276959 0.03389301 0.01818206
v 0.05277988 0.03227546 0.01816363
v 0.05277991 0.03389349 0.01816358
v 0.05284859 0.03227707 0.01807149
v 0.05293094 0.03389775 0.01800090
v 0.05296313 0.03227866 0.01798074
v 0.05296314 0.03389828 0.01798074
v 0.05303551 0.03227926 0.01794628
v 0.05315176 0.03389994 0.01791740
v 0.05321315 0.03227982 0.01791377
v 0.05321315 0.03390003 0.01791377
v 0.05327492 0.03227976 0.01791750
v 0.05339115 0.03389918 0.01794636
v 0.05346315 0.03227865 0.01798076
v 0.05346315 0.03389828 0.01798077
v 0.05349565 0.03227830 0.01800115
v 0.05357800 0.03389589 0.01807174
v 0.05364632 0.03227546 0.01816364
v 0.05364634 0.03389349 0.01816368
v 0.05365673 0.03227514 0.01818231
v 0.05369341 0.03389064 0.01827241
v 0.05371315 0.03388694 0.01841377
v 0.05364639 0.03393274 0.01666465
v 0.05365671 0.03393323 0.01664617
v 0.05369348 0.03230353 0.01655588
v 0.05371315 0.03230599 0.01641446
v 0.05364642 0.03230163 0.01666460
v 0.05357771 0.03230002 0.01675674
v 0.05349535 0.03392848 0.01682733
v 0.05346316 0.03229843 0.01684749
v 0.05346316 0.03392795 0.01684749
v 0.05339079 0.03229783 0.01688196
v 0.05327453 0.03392630 0.01691083
v 0.05321315 0.03229727 0.01691446
v 0.05321315 0.03392620 0.01691446
v 0.05315137 0.03229733 0.01691073
v 0.05303515 0.03392705 0.01688187
v 0.05296315 0.03229844 0.01684747
v 0.05296315 0.03392795 0.01684747
v 0.05293065 0.03229879 0.01682708
v 0.05284829 0.03393034 0.01675649
v 0.05277998 0.03230163 0.01666460
v 0.05277995 0.03393275 0.01666455
v 0.05276957 0.03230195 0.01664593
v 0.05273288 0.03393559 0.01655582
v 0.05271315 0.03230599 0.01641446
v 0.05271315 0.03393929 0.01641446
v 0.05273282 0.03230846 0.01627303
v 0.05276959 0.03394536 0.01618274
v 0.05277988 0.03231036 0.01616432
v 0.05277991 0.03394584 0.01616427
v 0.05284859 0.03231197 0.01607218
v 0.05293094 0.03395011 0.01600159
v 0.05296313 0.03231355 0.01598143
v 0.05296314 0.03395063 0.01598142
v 0.05303551 0.03231416 0.01594696
v 0.05315176 0.03395229 0.01591809
v 0.05321315 0.03231472 0.01591446
v 0.05321315 0.03395239 0.01591446
v 0.05327492 0.03231466 0.01591819
v 0.05339115 0.03395153 0.01594705
v 0.05346315 0.03231355 0.01598145
v 0.05346315 0.03395063 0.01598145
v 0.05349565 0.03231320 0.01600184
v 0.05357800 0.03394825 0.01607243
v 0.05364632 0.03231036 0.01616432
v 0.05364634 0.03394584 0.01616436
v 0.05365673 0.03231004 0.01618299
v 0.05369341 0.03394299 0.01627310
v 0.05371315 0.03393929 0.01641446
v 0.05364639 0.03398510 0.01466534
v 0.05365671 0.03398558 0.01464686
v 0.05369348 0.03233843 0.01455657
v 0.05371315 0.03234089 0.01441514
v 0.05364642 0.03233653 0.01466529
v 0.05357771 0.03233492 0.01475743
v 0.05349535 0.03398084 0.01482802
v 0.05346316 0.03233333 0.01484818
v 0.05346316 0.03398031 0.01484818
v 0.05339079 0.03233273 0.01488264
v 0.05327453 0.03397865 0.01491152
v 0.05321315 0.03233217 0.01491514
v 0.05321315 0.03397856 0.01491514
v 0.05315137 0.03233223 0.01491142
v 0.05303515 0.03397941 0.01488256
v 0.05296315 0.03233333 0.01484815
v 0.05296315 0.03398031 0.01484815
v 0.05293065 0.03233369 0.01482776
v 0.05284829 0.03398269 0.01475717
v 0.05277998 0.03233653 0.01466528
v 0.05277995 0.03398510 0.01466524
v 0.05276957 0.03233685 0.01464661
v 0.05273288 0.03398795 0.01455650
v 0.05271315 0.03234089 0.01441514
v 0.05271315 0.03399165 0.01441514
v 0.05273282 0.03234336 0.01427372
v 0.05276959 0.03399771 0.01418343
v 0.05277988 0.03234526 0.01416500
v 0.05277991 0.03399820 0.01416495
v 0.05284859 0.03234687 0.01407286
v 0.05293094 0.03400246 0.01400227
v 0.05296313 0.03234845 0.01398211
v 0.05296314 0.03400299 0.01398211
v 0.05303551 0.03234905 0.01394765
v 0.05315176 0.03400465 0.01391877
v 0.05321315 0.03234962 0.01391514
v 0.05321315 0.03400474 0.01391514
v 0.05327492 0.03234956 0.01391887
v 0.05339115 0.03400389 0.01394773
v 0.05346315 0.03234845 0.01398213
v 0.05346315 0.03400299 0.01398214
v 0.05349565 0.03234810 0.01400253
v 0.05357800 0.03400061 0.01407311
v 0.05364632 0.03234526 0.01416501
v 0.05364634 0.03399820 0.01416505
v 0.05365673 0.03234493 0.01418368
v 0.05369341 0.03399535 0.01427379
v 0.05371315 0.03399165 0.01441514
v 0.06264639 0.03388039 0.01866397
v 0.06265671 0.03388087 0.01864549
v 0.06269348 0.03226863 0.01855520
v 0.06271315 0.03227110 0.01841377
v 0.06264642 0.03226673 0.01866391
v 0.06257771 0.03226512 0.01875606
v 0.06249535 0.03387613 0.01882664
v 0.06246316 0.03226354 0.01884681
v 0.06246316 0.03387560 0.01884681
v 0.06239079 0.03226294 0.01888127
v 0.06227454 0.03387394 0.01891015
v 0.06221315 0.03226237 0.01891377
v 0.06221315 0.03387385 0.01891377
v 0.06215138 0.03226243 0.01891005
v 0.06203515 0.03387470 0.01888118
v 0.06196315 0.03226354 0.01884678
v 0.06196314 0.03387560 0.01884678
v 0.06193065 0.03226389 0.01882639
v 0.06184830 0.03387798 0.01875580
v 0.06177998 0.03226673 0.01866391
v 0.06177995 0.03388039 0.01866387
v 0.06176957 0.03226706 0.01864524
v 0.06173288 0.03388324 0.01855513
v 0.06171315 0.03227110 0.01841377
v 0.06171315 0.03388694 0.01841377
v 0.06173282 0.03227356 0.01827235
v 0.06176959 0.03389301 0.01818206
v 0.06177988 0.03227546 0.01816363
v 0.06177991 0.03389349 0.01816358
v 0.06184859 0.03227707 0.01807149
v 0.06193094 0.03389775 0.01800090
v 0.06196313 0.03227866 0.01798074
v 0.06196314 0.03389828 0.01798074
v 0.06203550 0.03227926 0.01794628
v 0.06215176 0.03389994 0.01791740
v 0.06221315 0.03227982 0.01791377
v 0.06221315 0.03390003 0.01791377
v 0.06227492 0.03227976 0.01791750
v 0.06239115 0.03389918 0.01794636
v 0.06246315 0.03227865 0.01798076
v 0.06246315 0.03389828 0.01798077
v 0.06249565 0.03227830 0.01800115
v 0.06257800 0.03389589 0.01807174
v 0.06264632 0.03227546 0.01816364
v 0.06264634 0.03389349 0.01816368
v 0.06265673 0.03227514 0.01818231
v 0.06269342 0.03389064 0.01827241
v 0.06271315 0.03388694 0.01841377
v 0.06264639 0.03393274 0.01666465
v 0.06265671 0.03393323 0.01664617
v 0.06269348 0.03230353 0.01655588
v 0.06271315 0.03230599 0.01641446
v 0.06264642 0.03230163 0.01666460
v 0.06257771 0.03230002 0.01675674
v 0.06249535 0.03392848 0.01682733
v 0.06246316 0.03229843 0.01684749
v 0.06246316 0.03392795 0.01684749
v 0.06239079 0.03229783 0.01688196
v 0.06227454 0.03392630 0.01691083
v 0.06221315 0.03229727 0.01691446
v 0.06221315 0.03392620 0.01691446
v 0.06215138 0.03229733 0.01691073
v 0.06203515 0.03392705 0.01688187
v 0.06196315 0.03229844 0.01684747
v 0.06196314 0.03392795 0.01684747
v 0.06193065 0.03229879 0.01682708
v 0.06184830 0.03393034 0.01675649
v 0.06177998 0.03230163 0.01666460
v 0.06177995 0.03393275 0.01666455
v 0.06176957 0.03230195 0.01664593
v 0.06173288 0.03393559 0.01655582
v 0.06171315 0.03230599 0.01641446
v 0.06171315 0.03393929 0.01641446
v 0.06173282 0.03230846 0.01627303
v 0.06176959 0.03394536 0.01618274
v 0.06177988 0.03231036 0.01616432
v 0.06177991 0.03394584 0.01616427
v 0.06184859 0.03231197 0.01607218
v 0.06193094 0.03395011 0.01600159
v 0.06196313 0.03231355 0.01598143
v 0.06196314 0.03395063 0.01598142
v 0.06203550 0.03231416 0.01594696
v 0.06215176 0.03395229 0.01591809
v 0.06221315 0.03231472 0.01591446
v 0.06221315 0.03395239 0.01591446
v 0.06227492 0.03231466 0.01591819
v 0.06239115 0.03395153 0.01594705
v 0.06246315 0.03231355 0.01598145
v 0.06246315 0.03395063 0.01598145
v 0.06249565 0.03231320 0.01600184
v 0.06257800 0.03394825 0.01607243
v 0.06264632 0.03231036 0.01616432
v 0.06264634 0.03394584 0.01616436
v 0.06265673 0.03231004 0.01618299
v 0.06269342 0.03394299 0.01627310
v 0.06271315 0.03393929 0.01641446
v 0.06264639 0.03398510 0.01466534
v 0.06265671 0.03398558 0.01464686
v 0.06269348 0.03233843 0.01455657
v 0.06271315 0.03234089 0.01441514
v 0.06264642 0.03233653 0.01466529
v 0.06257771 0.03233492 0.01475743
v 0.06249535 0.03398084 0.01482802
v 0.06246316 0.03233333 0.01484818
v 0.06246316 0.03398031 0.01484818
v 0.06239079 0.03233273 0.01488264
v 0.06227454 0.03397865 0.01491152
v 0.06221315 0.03233217 0.01491514
v 0.06221315 0.03397856 0.01491514
v 0.06215138 0.03233223 0.01491142
v 0.06203515 0.03397941 0.01488256
v 0.06196315 0.03233333 0.01484815
v 0.06196314 0.03398031 0.01484815
v 0.06193065 0.03233369 0.01482776
v 0.06184830 0.03398269 0.01475717
v 0.06177998 0.03233653 0.01466528
v 0.06177995 0.03398510 0.01466524
v 0.06176957 0.03233685 0.01464661
v 0.06173288 0.03398795 0.01455650
v 0.06171315 0.03234089 0.01441514
v 0.06171315 0.03399165 0.01441514
v 0.06173282 0.03234336 0.01427372
v 0.06176959 0.03399771 0.01418343
v 0.06177988 0.03234526 0.01416500
v 0.06177991 0.03399820 0.01416495
v 0.06184859 0.03234687 0.01407286
v 0.06193094 0.03400246 0.01400227
v 0.06196313 0.03234845 0.01398211
v 0.06196314 0.03400299 0.01398211
v 0.06203550 0.03234905 0.01394765
v 0.06215176 0.03400465 0.01391877
v 0.06221315 0.03234962 0.01391514
v 0.06221315 0.03400474 0.01391514
v 0.06227492 0.03234956 0.01391887
v 0.06239115 0.03400389 0.01394773
v 0.06246315 0.03234845 0.01398213
v 0.06246315 0.03400299 0.01398214
v 0.06249565 0.03234810 0.01400253
v 0.06257800 0.03400061 0.01407311
v 0.06264632 0.03234526 0.01416501
v 0.06264634 0.03399820 0.01416505
v 0.06265673 0.03234493 0.01418368
v 0.06269342 0.03399535 0.01427379
v 0.06271315 0.03399165 0.01441514
v 0.05964639 0.03388039 0.01866397
v 0.05965671 0.03388087 0.01864549
v 0.05969348 0.03226863 0.01855520
v 0.05971315 0.03227110 0.01841377
v 0.05964642 0.03226673 0.01866391
v 0.05957771 0.03226512 0.01875606
v 0.05949536 0.03387613 0.01882664
v 0.05946317 0.03226354 0.01884681
v 0.05946316 0.03387560 0.01884681
v 0.05939079 0.03226294 0.01888127
v 0.05927454 0.03387394 0.01891015
v 0.05921315 0.03226237 0.01891377
v 0.05921315 0.03387385 0.01891377
v 0.05915137 0.03226243 0.01891005
v 0.05903515 0.03387470 0.01888118
v 0.05896315 0.03226354 0.01884678
v 0.05896314 0.03387560 0.01884678
v 0.05893065 0.03226389 0.01882639
v 0.05884830 0.03387798 0.01875580
v 0.05877998 0.03226673 0.01866391
v 0.05877995 0.03388039 0.01866387
v 0.05876957 0.03226706 0.01864524
v 0.05873288 0.03388324 0.01855513
v 0.05871315 0.03227110 0.01841377
v 0.05871315 0.03388694 0.01841377
v 0.05873282 0.03227356 0.01827235
v 0.05876959 0.03389301 0.01818206
v 0.05877988 0.03227546 0.01816363
v 0.05877991 0.03389349 0.01816358
v 0.05884859 0.03227707 0.01807149
v 0.05893094 0.03389775 0.01800090
v 0.05896313 0.03227866 0.01798074
v 0.05896313 0.03389828 0.01798074
v 0.05903551 0.03227926 0.01794628
v 0.05915176 0.03389994 0.01791740
v 0.05921315 0.03227982 0.01791377
v 0.05921315 0.03390003 0.01791377
v 0.05927492 0.03227976 0.01791750
v 0.05939114 0.03389918 0.01794636
v 0.05946315 0.03227865 0.01798076
v 0.05946315 0.03389828 0.01798077
v 0.05949565 0.03227830 0.01800115
v 0.05957800 0.03389589 0.01807174
v 0.05964632 0.03227546 0.01816364
v 0.05964635 0.03389349 0.01816368
v 0.05965673 0.03227514 0.01818231
v 0.05969341 0.03389064 0.01827241
v 0.05971315 0.03388694 0.01841377
v 0.05964639 0.03393274 0.01666465
v 0.05965671 0.03393323 0.01664617
v 0.05969348 0.03230353 0.01655588
v 0.05971315 0.03230599 0.01641446
v 0.05964642 0.03230163 0.01666460
v 0.05957771 0.03230002 0.01675674
v 0.05949536 0.03392848 0.01682733
v 0.05946317 0.03229843 0.01684749
v 0.05946316 0.03392795 0.01684749
v 0.05939079 0.03229783 0.01688196
v 0.05927454 0.03392630 0.01691083
v 0.05921315 0.03229727 0.01691446
v 0.05921315 0.03392620 0.01691446
v 0.05915137 0.03229733 0.01691073
v 0.05903515 0.03392705 0.01688187
v 0.05896315 0.03229844 0.01684747
v 0.05896314 0.03392795 0.01684747
v 0.05893065 0.03229879 0.01682708
v 0.05884830 0.03393034 0.01675649
v 0.05877998 0.03230163 0.01666460
v 0.05877995 0.03393275 0.01666455
v 0.05876957 0.03230195 0.01664593
v 0.05873288 0.03393559 0.01655582
v 0.05871315 0.03230599 0.01641446
v 0.05871315 0.03393929 0.01641446
v 0.05873282 0.03230846 0.01627303
v 0.05876959 0.03394536 0.01618274
v 0.05877988 0.03231036 0.01616432
v 0.05877991 0.03394584 0.01616427
v 0.05884859 0.03231197 0.01607218
v 0.05893094 0.03395011 0.01600159
v 0.05896313 0.03231355 0.01598143
v 0.05896313 0.03395063 0.01598142
v 0.05903551 0.03231416 0.01594696
v 0.05915176 0.03395229 0.01591809
v 0.05921315 0.03231472 0.01591446
v 0.05921315 0.03395239 0.01591446
v 0.05927492 0.03231466 0.01591819
v 0.05939114 0.03395153 0.01594705
v 0.05946315 0.03231355 0.01598145
v 0.05946315 0.03395063 0.01598145
v 0.05949565 0.03231320 0.01600184
v 0.05957800 0.03394825 0.01607243
v 0.05964632 0.03231036 0.01616432
v 0.05964635 0.03394584 0.01616436
v 0.05965673 0.03231004 0.01618299
v 0.05969341 0.03394299 0.01627310
v 0.05971315 0.03393929 0.01641446
v 0.05964639 0.03398510 0.01466534
v 0.05965671 0.03398558 0.01464686
v 0.05969348 0.03233843 0.01455657
v 0.05971315 0.03234089 0.01441514
v 0.05964642 0.03233653 0.01466529
v 0.05957771 0.03233492 0.01475743
v 0.05949536 0.03398084 0.01482802
v 0.05946317 0.03233333 0.01484818
v 0.05946316 0.03398031 0.01484818
v 0.05939079 0.03233273 0.01488264
v 0.05927454 0.03397865 0.01491152
v 0.05921315 0.03233217 0.01491514
v 0.05921315 0.03397856 0.01491514
v 0.05915137 0.03233223 0.01491142
v 0.05903515 0.03397941 0.01488256
v 0.05896315 0.03233333 0.01484815
v 0.05896314 0.03398031 0.01484815
v 0.05893065 0.03233369 0.01482776
v 0.05884830 0.03398269 0.01475717
v 0.05877998 0.03233653 0.01466528
v 0.05877995 0.03398510 0.01466524
v 0.05876957 0.03233685 0.01464661
v 0.05873288 0.03398795 0.01455650
v 0.05871315 0.03234089 0.01441514
v 0.05871315 0.03399165 0.01441514
v 0.05873282 0.03234336 0.01427372
v 0.05876959 0.03399771 0.01418343
v 0.05877988 0.03234526 0.01416500
v 0.05877991 0.03399820 0.01416495
v 0.05884859 0.03234687 0.01407286
v 0.05893094 0.03400246 0.01400227
v 0.05896313 0.03234845 0.01398211
v 0.05896313 0.03400299 0.01398211
v 0.05903551 0.03234905 0.01394765
v 0.05915176 0.03400465 0.01391877
v 0.05921315 0.03234962 0.01391514
v 0.05921315 0.03400474 0.01391514
v 0.05927492 0.03234956 0.01391887
v 0.05939114 0.03400389 0.01394773
v 0.05946315 0.03234845 0.01398213
v 0.05946315 0.03400299 0.01398214
v 0.05949565 0.03234810 0.01400253
v 0.05957800 0.03400061 0.01407311
v 0.05964632 0.03234526 0.01416501
v 0.05964635 0.03399820 0.01416505
v 0.05965673 0.03234493 0.01418368
v 0.05969341 0.03399535 0.01427379
v 0.05971315 0.03399165 0.01441514
v 0.05664639 0.03398510 0.01466534
v 0.05665671 0.03398558 0.01464686
v 0.05669348 0.03233843 0.01455657
v 0.05671315 0.03234089 0.01441514
v 0.05664641 0.03233653 0.01466529
v 0.05657771 0.03233492 0.01475743
v 0.05649535 0.03398084 0.01482802
v 0.05646317 0.03233333 0.01484818
v 0.05646316 0.03398031 0.01484818
v 0.05639079 0.03233273 0.01488264
v 0.05627454 0.03397865 0.01491152
v 0.05621315 0.03233217 0.01491514
v 0.05621315 0.03397856 0.01491514
v 0.05615138 0.03233223 0.01491142
v 0.05603515 0.03397941 0.01488256
v 0.05596315 0.03233333 0.01484815
v 0.05596314 0.03398031 0.01484815
v 0.05593065 0.03233369 0.01482776
v 0.05584830 0.03398269 0.01475717
v 0.05577998 0.03233653 0.01466528
v 0.05577995 0.03398510 0.01466524
v 0.05576957 0.03233685 0.01464661
v 0.05573288 0.03398795 0.01455650
v 0.05571315 0.03234089 0.01441514
v 0.05571315 0.03399165 0.01441514
v 0.05573282 0.03234336 0.01427372
v 0.05576959 0.03399771 0.01418343
v 0.05577988 0.03234526 0.01416500
v 0.05577991 0.03399820 0.01416495
v 0.05584859 0.03234687 0.01407286
v 0.05593094 0.03400246 0.01400227
v 0.05596313 0.03234845 0.01398211
v 0.05596314 0.03400299 0.01398211
v 0.05603550 0.03234905 0.01394765
v 0.05615176 0.03400465 0.01391877
v 0.05621315 0.03234962 0.01391514
v 0.05621315 0.03400474 0.01391514
v 0.05627492 0.03234956 0.01391887
v 0.05639115 0.03400389 0.01394773
v 0.05646315 0.03234845 0.01398213
v 0.05646316 0.03400299 0.01398214
v 0.05649565 0.03234810 0.01400253
v 0.05657800 0.03400061 0.01407311
v 0.05664632 0.03234526 0.01416501
v 0.05664634 0.03399820 0.01416505
v 0.05665673 0.03234493 0.01418368
v 0.05669342 0.03399535 0.01427379
v 0.05671315 0.03399165 0.01441514
v 0.05664639 0.03393274 0.01666465
v 0.05665671 0.03393323 0.01664617
v 0.05669348 0.03230353 0.01655588
v 0.05671315 0.03230599 0.01641446
v 0.05664641 0.03230163 0.01666460
v 0.05657771 0.03230002 0.01675674
v 0.05649535 0.03392848 0.01682733
v 0.05646317 0.03229843 0.01684749
v 0.05646316 0.03392795 0.01684749
v 0.05639079 0.03229783 0.01688196
v 0.05627454 0.03392630 0.01691083
v 0.05621315 0.03229727 0.01691446
v 0.05621315 0.03392620 0.01691446
v 0.05615138 0.03229733 0.01691073
v 0.05603515 0.03392705 0.01688187
v 0.05596315 0.03229844 0.01684747
v 0.05596314 0.03392795 0.01684747
v 0.05593065 0.03229879 0.01682708
v 0.05584830 0.03393034 0.01675649
v 0.05577998 0.03230163 0.01666460
v 0.05577995 0.03393275 0.01666455
v 0.05576957 0.03230195 0.01664593
v 0.05573288 0.03393559 0.01655582
v 0.05571315 0.03230599 0.01641446
v 0.05571315 0.03393929 0.01641446
v 0.05573282 0.03230846 0.01627303
v 0.05576959 0.03394536 0.01618274
v 0.05577988 0.03231036 0.01616432
v 0.05577991 0.03394584 0.01616427
v 0.05584859 0.03231197 0.01607218
v 0.05593094 0.03395011 0.01600159
v 0.05596313 0.03231355 0.01598143
v 0.05596314 0.03395063 0.01598142
v 0.05603550 0.03231416 0.01594696
v 0.05615176 0.03395229 0.01591809
v 0.05621315 0.03231472 0.01591446
v 0.05621315 0.03395239 0.01591446
v 0.05627492 0.03231466 0.01591819
v 0.05639115 0.03395153 0.01594705
v 0.05646315 0.03231355 0.01598145
v 0.05646316 0.03395063 0.01598145
v 0.05649565 0.03231320 0.01600184
v 0.05657800 0.03394825 0.01607243
v 0.05664632 0.03231036 0.01616432
v 0.05664634 0.03394584 0.01616436
v 0.05665673 0.03231004 0.01618299
v 0.05669342 0.03394299 0.01627310
v 0.05671315 0.03393929 0.01641446
v 0.05664639 0.03388039 0.01866397
v 0.05665671 0.03388087 0.01864549
v 0.05669348 0.03226863 0.01855520
v 0.05671315 0.03227110 0.01841377
v 0.05664641 0.03226673 0.01866391
v 0.05657771 0.03226512 0.01875606
v 0.05649535 0.03387613 0.01882664
v 0.05646317 0.03226354 0.01884681
v 0.05646316 0.03387560 0.01884681
v 0.05639079 0.03226294 0.01888127
v 0.05627454 0.03387394 0.01891015
v 0.05621315 0.03226237 0.01891377
v 0.05621315 0.03387385 0.01891377
v 0.05615138 0.03226243 0.01891005
v 0.05603515 0.03387470 0.01888118
v 0.05596315 0.03226354 0.01884678
v 0.05596314 0.03387560 0.01884678
v 0.05593065 0.03226389 0.01882639
v 0.05584830 0.03387798 0.01875580
v 0.05577998 0.03226673 0.01866391
v 0.05577995 0.03388039 0.01866387
v 0.05576957 0.03226706 0.01864524
v 0.05573288 0.03388324 0.01855513
v 0.05571315 0.03227110 0.01841377
v 0.05571315 0.03388694 0.01841377
v 0.05573282 0.03227356 0.01827235
v 0.05576959 0.03389301 0.01818206
v 0.05577988 0.03227546 0.01816363
v 0.05577991 0.03389349 0.01816358
v 0.05584859 0.03227707 0.01807149
v 0.05593094 0.03389775 0.01800090
v 0.05596313 0.03227866 0.01798074
v 0.05596314 0.03389828 0.01798074
v 0.05603550 0.03227926 0.01794628
v 0.05615176 0.03389994 0.01791740
v 0.05621315 0.03227982 0.01791377
v 0.05621315 0.03390003 0.01791377
v 0.05627492 0.03227976 0.01791750
v 0.05639115 0.03389918 0.01794636
v 0.05646315 0.03227865 0.01798076
v 0.05646316 0.03389828 0.01798077
v 0.05649565 0.03227830 0.01800115
v 0.05657800 0.03389589 0.01807174
v 0.05664632 0.03227546 0.01816364
v 0.05664634 0.03389349 0.01816368
v 0.05665673 0.03227514 0.01818231
v 0.05669342 0.03389064 0.01827241
v 0.05671315 0.03388694 0.01841377
v 0.06998780 0.03243541 0.00900000
v 0.06998695 0.03242684 0.00949127
v 0.06997482 0.03243014 0.00944162
v 0.06991740 0.03244300 0.00937296
v 0.06954054 0.03253147 0.00919376
v 0.06999638 0.03252269 0.00400000
v 0.06935830 0.03257928 0.00914038
v 0.06877547 0.03275634 0.00902944
v 0.06852184 0.03284523 0.00900651
v 0.06071315 0.03242684 0.00949127
v 0.05771315 0.03242684 0.00949127
v 0.05471315 0.03242684 0.00949127
v 0.05171315 0.03242684 0.00949127
v 0.04557518 0.03242684 0.00949127
v 0.04143720 0.03232344 0.01541480
v 0.04143720 0.03228855 0.01741412
v 0.03901995 0.03251692 0.02900000
v 0.04143720 0.03225365 0.01941343
v 0.04143720 0.03221875 0.02141275
v 0.04143720 0.03218385 0.02341206
v 0.04143720 0.03214895 0.02541137
v 0.04143720 0.03210454 0.02795555
v 0.04143720 0.03208631 0.02900000
v 0.03661052 0.03401649 0.02900000
v 0.01032835 0.00066540 0.00000190
v 0.01032835 -0.00015057 0.00000183
v 0.01032835 -0.00015061 -0.00000019
v 0.01032833 -0.00105930 0.00000000
v 0.01032834 -0.00223787 -0.00000019
v 0.01032835 -0.00223791 0.00000217
v 0.01032833 -0.00278400 0.00000000
v 0.01032835 -0.00278400 0.00000213
v 0.01032835 -0.00450869 0.00000201
v 0.01032833 -0.00450869 0.00000000
v 0.01032833 -0.00623339 0.00000000
v 0.01032833 0.00756418 0.00000000
v 0.01032836 0.00756418 0.00000239
v 0.01032836 0.00712273 -0.00000019
v 0.01032836 0.00583948 0.00000234
v 0.01032832 0.00583948 -0.00000037
v 0.01032835 0.00411479 0.00000219
v 0.01032832 0.00411479 -0.00000037
v 0.01032835 0.00239009 0.00000204
v 0.01032832 0.00239009 -0.00000037
v 0.01032832 0.00066540 -0.00000037
v 0.07313144 0.03164941 0.00949127
v 0.07313503 0.03164718 0.00947421
v 0.07335122 0.03144857 0.00949127
v 0.07315392 0.03163385 0.00944863
v 0.07465833 0.02908666 0.00903023
v 0.07447909 0.02908666 0.00914337
v 0.07376630 0.03101164 0.00930663
v 0.07404758 0.03052774 0.00930263
v 0.07329100 0.03152616 0.00938333
v 0.07407535 0.03036493 0.00949127
v 0.07428852 0.02982415 0.00930263
v 0.07439485 0.02984791 0.00914337
v 0.07436284 0.02908666 0.00932061
v 0.07432967 0.02908666 0.00949128
v 0.07313681 0.03165610 0.00900000
v 0.07319149 0.03172414 0.00400000
v 0.07216123 0.03231661 0.00400000
v 0.07227076 0.03218052 0.00900000
v 0.07098909 0.03252269 0.00400000
v 0.07098909 0.03243541 0.00900000
v 0.05321315 0.03217513 0.02391172
v 0.05171315 0.03218385 0.02341206
v 0.05471315 0.03218385 0.02341206
v 0.05321315 0.03221003 0.02191240
v 0.05171315 0.03221875 0.02141275
v 0.05471315 0.03221875 0.02141275
v 0.05321315 0.03224492 0.01991309
v 0.05171315 0.03225365 0.01941343
v 0.05471315 0.03225365 0.01941343
v 0.05171315 0.03228855 0.01741412
v 0.05471315 0.03228855 0.01741412
v 0.05171315 0.03232344 0.01541480
v 0.05471315 0.03232344 0.01541480
v 0.05621315 0.03217513 0.02391172
v 0.05771315 0.03218385 0.02341206
v 0.05621315 0.03221003 0.02191240
v 0.05771315 0.03221875 0.02141275
v 0.05621315 0.03224492 0.01991309
v 0.05771315 0.03225365 0.01941343
v 0.05771315 0.03228855 0.01741412
v 0.05771315 0.03232344 0.01541480
v 0.05921315 0.03217513 0.02391172
v 0.06071315 0.03218385 0.02341206
v 0.05921315 0.03221003 0.02191240
v 0.06071315 0.03221875 0.02141275
v 0.05921315 0.03224492 0.01991309
v 0.06071315 0.03225365 0.01941343
v 0.06071315 0.03228855 0.01741412
v 0.06071315 0.03232344 0.01541480
v 0.04557518 0.03232344 0.01541480
v 0.07098909 0.03232344 0.01541480
v 0.07098909 0.03228855 0.01741412
v 0.07098909 0.03225365 0.01941343
v 0.06184859 0.03224217 0.02007081
v 0.06196313 0.03224376 0.01998006
v 0.06203550 0.03224436 0.01994559
v 0.06177988 0.03224057 0.02016295
v 0.06173282 0.03223867 0.02027166
v 0.06171315 0.03223620 0.02041309
v 0.06176957 0.03223216 0.02064456
v 0.06249565 0.03224340 0.02000047
v 0.06264632 0.03224057 0.02016295
v 0.06265673 0.03224024 0.02018162
v 0.06246315 0.03224376 0.01998008
v 0.06227492 0.03224486 0.01991682
v 0.06221315 0.03224492 0.01991309
v 0.06177998 0.03223183 0.02066323
v 0.06193065 0.03222900 0.02082571
v 0.06196315 0.03222864 0.02084610
v 0.06246316 0.03222864 0.02084612
v 0.06257771 0.03223022 0.02075537
v 0.07098909 0.03221875 0.02141275
v 0.06215138 0.03222753 0.02090936
v 0.06221315 0.03222747 0.02091309
v 0.06239079 0.03222804 0.02088059
v 0.06264642 0.03223183 0.02066323
v 0.06269348 0.03223373 0.02055451
v 0.06271315 0.03223620 0.02041309
v 0.06184859 0.03220728 0.02207012
v 0.06196313 0.03220886 0.02197937
v 0.06203550 0.03220946 0.02194491
v 0.06177988 0.03220567 0.02216226
v 0.06173282 0.03220377 0.02227098
v 0.06171315 0.03220130 0.02241240
v 0.06176957 0.03219726 0.02264387
v 0.06249565 0.03220850 0.02199978
v 0.06264632 0.03220567 0.02216227
v 0.06265673 0.03220534 0.02218093
v 0.06246315 0.03220886 0.02197939
v 0.06227492 0.03220996 0.02191613
v 0.06221315 0.03221003 0.02191240
v 0.06177998 0.03219694 0.02266254
v 0.06193065 0.03219410 0.02282502
v 0.06196315 0.03219374 0.02284541
v 0.06246316 0.03219374 0.02284543
v 0.06257771 0.03219533 0.02275469
v 0.07098909 0.03218385 0.02341206
v 0.06215138 0.03219264 0.02290868
v 0.06221315 0.03219257 0.02291240
v 0.06239079 0.03219314 0.02287990
v 0.06264642 0.03219694 0.02266254
v 0.06269348 0.03219883 0.02255383
v 0.06271315 0.03220130 0.02241240
v 0.06184859 0.03217238 0.02406944
v 0.06196313 0.03217396 0.02397869
v 0.06203550 0.03217456 0.02394422
v 0.06177988 0.03217077 0.02416158
v 0.06173282 0.03216887 0.02427029
v 0.06071315 0.03214895 0.02541137
v 0.06171315 0.03216640 0.02441172
v 0.06176957 0.03216236 0.02464319
v 0.06249565 0.03217360 0.02399910
v 0.06264632 0.03217077 0.02416158
v 0.06265673 0.03217044 0.02418025
v 0.06246315 0.03217396 0.02397871
v 0.06227492 0.03217506 0.02391544
v 0.06221315 0.03217513 0.02391172
v 0.06177998 0.03216204 0.02466185
v 0.06193065 0.03215920 0.02482434
v 0.06196315 0.03215884 0.02484473
v 0.06246316 0.03215884 0.02484475
v 0.06257771 0.03216043 0.02475400
v 0.07098909 0.03214895 0.02541137
v 0.06215138 0.03215774 0.02490799
v 0.06221315 0.03215767 0.02491172
v 0.06239079 0.03215824 0.02487921
v 0.06264642 0.03216204 0.02466186
v 0.06269348 0.03216393 0.02455314
v 0.06271315 0.03216640 0.02441172
v 0.06203550 0.03213966 0.02594354
v 0.06196313 0.03213906 0.02597800
v 0.06184859 0.03213748 0.02606875
v 0.06177988 0.03213587 0.02616089
v 0.06249565 0.03213871 0.02599841
v 0.06264632 0.03213587 0.02616090
v 0.06265673 0.03213555 0.02617956
v 0.06246315 0.03213906 0.02597802
v 0.06227492 0.03214017 0.02591476
v 0.06221315 0.03214023 0.02591103
v 0.06173282 0.03213397 0.02626961
v 0.06171315 0.03213150 0.02641103
v 0.06071315 0.03210454 0.02795555
v 0.06176957 0.03212746 0.02664250
v 0.06177998 0.03212714 0.02666117
v 0.06193065 0.03212430 0.02682365
v 0.06196315 0.03212395 0.02684404
v 0.06215138 0.03212284 0.02690731
v 0.06221315 0.03212278 0.02691103
v 0.06239079 0.03212334 0.02687853
v 0.07098909 0.03210454 0.02795555
v 0.06246316 0.03212395 0.02684406
v 0.06257771 0.03212553 0.02675332
v 0.06264642 0.03212714 0.02666117
v 0.06269348 0.03212903 0.02655246
v 0.06271315 0.03213150 0.02641103
v 0.05903551 0.03224436 0.01994559
v 0.05896313 0.03224376 0.01998006
v 0.05884859 0.03224217 0.02007081
v 0.05877988 0.03224057 0.02016295
v 0.05873282 0.03223867 0.02027166
v 0.05871315 0.03223620 0.02041309
v 0.05876957 0.03223216 0.02064456
v 0.05949565 0.03224340 0.02000047
v 0.05964632 0.03224057 0.02016295
v 0.05965673 0.03224024 0.02018162
v 0.05946315 0.03224376 0.01998008
v 0.05927492 0.03224486 0.01991682
v 0.05877998 0.03223183 0.02066323
v 0.05893065 0.03222900 0.02082571
v 0.05896315 0.03222864 0.02084610
v 0.05946317 0.03222864 0.02084612
v 0.05957771 0.03223022 0.02075537
v 0.05915137 0.03222753 0.02090936
v 0.05921315 0.03222747 0.02091309
v 0.05939079 0.03222804 0.02088059
v 0.05964642 0.03223183 0.02066323
v 0.05969348 0.03223373 0.02055451
v 0.05971315 0.03223620 0.02041309
v 0.05903551 0.03220946 0.02194491
v 0.05896313 0.03220886 0.02197937
v 0.05884859 0.03220728 0.02207012
v 0.05877988 0.03220567 0.02216226
v 0.05873282 0.03220377 0.02227098
v 0.05871315 0.03220130 0.02241240
v 0.05876957 0.03219726 0.02264387
v 0.05949565 0.03220850 0.02199978
v 0.05964632 0.03220567 0.02216227
v 0.05965673 0.03220534 0.02218093
v 0.05946315 0.03220886 0.02197939
v 0.05927492 0.03220996 0.02191613
v 0.05877998 0.03219694 0.02266254
v 0.05893065 0.03219410 0.02282502
v 0.05896315 0.03219374 0.02284541
v 0.05946317 0.03219374 0.02284543
v 0.05957771 0.03219533 0.02275469
v 0.05915137 0.03219264 0.02290868
v 0.05921315 0.03219257 0.02291240
v 0.05939079 0.03219314 0.02287990
v 0.05964642 0.03219694 0.02266254
v 0.05969348 0.03219883 0.02255383
v 0.05971315 0.03220130 0.02241240
v 0.05903551 0.03217456 0.02394422
v 0.05896313 0.03217396 0.02397869
v 0.05884859 0.03217238 0.02406944
v 0.05871315 0.03216640 0.02441172
v 0.05771315 0.03214895 0.02541137
v 0.05873282 0.03216887 0.02427029
v 0.05877988 0.03217077 0.02416158
v 0.05949565 0.03217360 0.02399910
v 0.05964632 0.03217077 0.02416158
v 0.05965673 0.03217044 0.02418025
v 0.05946315 0.03217396 0.02397871
v 0.05927492 0.03217506 0.02391544
v 0.05876957 0.03216236 0.02464319
v 0.05877998 0.03216204 0.02466185
v 0.05893065 0.03215920 0.02482434
v 0.05896315 0.03215884 0.02484473
v 0.05915137 0.03215774 0.02490799
v 0.05921315 0.03215767 0.02491172
v 0.05939079 0.03215824 0.02487921
v 0.05946317 0.03215884 0.02484475
v 0.05957771 0.03216043 0.02475400
v 0.05964642 0.03216204 0.02466186
v 0.05969348 0.03216393 0.02455314
v 0.05971315 0.03216640 0.02441172
v 0.05921315 0.03214023 0.02591103
v 0.05903551 0.03213966 0.02594354
v 0.05896313 0.03213906 0.02597800
v 0.05884859 0.03213748 0.02606875
v 0.05877988 0.03213587 0.02616089
v 0.05877998 0.03212714 0.02666117
v 0.05893065 0.03212430 0.02682365
v 0.05771315 0.03210454 0.02795555
v 0.05949565 0.03213871 0.02599841
v 0.05964632 0.03213587 0.02616090
v 0.05965673 0.03213555 0.02617956
v 0.05946315 0.03213906 0.02597802
v 0.05927492 0.03214017 0.02591476
v 0.05873282 0.03213397 0.02626961
v 0.05871315 0.03213150 0.02641103
v 0.05876957 0.03212746 0.02664250
v 0.05896315 0.03212395 0.02684404
v 0.05915137 0.03212284 0.02690731
v 0.05921315 0.03212278 0.02691103
v 0.05939079 0.03212334 0.02687853
v 0.05946317 0.03212395 0.02684406
v 0.05957771 0.03212553 0.02675332
v 0.05964642 0.03212714 0.02666117
v 0.05969348 0.03212903 0.02655246
v 0.05971315 0.03213150 0.02641103
v 0.05603550 0.03224436 0.01994559
v 0.05596313 0.03224376 0.01998006
v 0.05584859 0.03224217 0.02007081
v 0.05577988 0.03224057 0.02016295
v 0.05573282 0.03223867 0.02027166
v 0.05571315 0.03223620 0.02041309
v 0.05576957 0.03223216 0.02064456
v 0.05649565 0.03224340 0.02000047
v 0.05664632 0.03224057 0.02016295
v 0.05665673 0.03224024 0.02018162
v 0.05646315 0.03224376 0.01998008
v 0.05627492 0.03224486 0.01991682
v 0.05577998 0.03223183 0.02066323
v 0.05593065 0.03222900 0.02082571
v 0.05596315 0.03222864 0.02084610
v 0.05646317 0.03222864 0.02084612
v 0.05657771 0.03223022 0.02075537
v 0.05615138 0.03222753 0.02090936
v 0.05621315 0.03222747 0.02091309
v 0.05639079 0.03222804 0.02088059
v 0.05664641 0.03223183 0.02066323
v 0.05669348 0.03223373 0.02055451
v 0.05671315 0.03223620 0.02041309
v 0.05603550 0.03220946 0.02194491
v 0.05596313 0.03220886 0.02197937
v 0.05584859 0.03220728 0.02207012
v 0.05577988 0.03220567 0.02216226
v 0.05573282 0.03220377 0.02227098
v 0.05571315 0.03220130 0.02241240
v 0.05576957 0.03219726 0.02264387
v 0.05649565 0.03220850 0.02199978
v 0.05664632 0.03220567 0.02216227
v 0.05665673 0.03220534 0.02218093
v 0.05646315 0.03220886 0.02197939
v 0.05627492 0.03220996 0.02191613
v 0.05577998 0.03219694 0.02266254
v 0.05593065 0.03219410 0.02282502
v 0.05596315 0.03219374 0.02284541
v 0.05646317 0.03219374 0.02284543
v 0.05657771 0.03219533 0.02275469
v 0.05615138 0.03219264 0.02290868
v 0.05621315 0.03219257 0.02291240
v 0.05639079 0.03219314 0.02287990
v 0.05664641 0.03219694 0.02266254
v 0.05669348 0.03219883 0.02255383
v 0.05671315 0.03220130 0.02241240
v 0.05603550 0.03217456 0.02394422
v 0.05596313 0.03217396 0.02397869
v 0.05584859 0.03217238 0.02406944
v 0.05571315 0.03216640 0.02441172
v 0.05471315 0.03214895 0.02541137
v 0.05573282 0.03216887 0.02427029
v 0.05577988 0.03217077 0.02416158
v 0.05649565 0.03217360 0.02399910
v 0.05664632 0.03217077 0.02416158
v 0.05665673 0.03217044 0.02418025
v 0.05646315 0.03217396 0.02397871
v 0.05627492 0.03217506 0.02391544
v 0.05576957 0.03216236 0.02464319
v 0.05577998 0.03216204 0.02466185
v 0.05593065 0.03215920 0.02482434
v 0.05596315 0.03215884 0.02484473
v 0.05615138 0.03215774 0.02490799
v 0.05621315 0.03215767 0.02491172
v 0.05639079 0.03215824 0.02487921
v 0.05646317 0.03215884 0.02484475
v 0.05657771 0.03216043 0.02475400
v 0.05664641 0.03216204 0.02466186
v 0.05669348 0.03216393 0.02455314
v 0.05671315 0.03216640 0.02441172
v 0.05621315 0.03214023 0.02591103
v 0.05603550 0.03213966 0.02594354
v 0.05596313 0.03213906 0.02597800
v 0.05584859 0.03213748 0.02606875
v 0.05577988 0.03213587 0.02616089
v 0.05577998 0.03212714 0.02666117
v 0.05593065 0.03212430 0.02682365
v 0.05471315 0.03210454 0.02795555
v 0.05649565 0.03213871 0.02599841
v 0.05664632 0.03213587 0.02616090
v 0.05665673 0.03213555 0.02617956
v 0.05646315 0.03213906 0.02597802
v 0.05627492 0.03214017 0.02591476
v 0.05573282 0.03213397 0.02626961
v 0.05571315 0.03213150 0.02641103
v 0.05576957 0.03212746 0.02664250
v 0.05596315 0.03212395 0.02684404
v 0.05615138 0.03212284 0.02690731
v 0.05621315 0.03212278 0.02691103
v 0.05639079 0.03212334 0.02687853
v 0.05646317 0.03212395 0.02684406
v 0.05657771 0.03212553 0.02675332
v 0.05664641 0.03212714 0.02666117
v 0.05669348 0.03212903 0.02655246
v 0.05671315 0.03213150 0.02641103
v 0.05303551 0.03224436 0.01994559
v 0.05296313 0.03224376 0.01998006
v 0.05284859 0.03224217 0.02007081
v 0.05277988 0.03224057 0.02016295
v 0.05273282 0.03223867 0.02027166
v 0.05271315 0.03223620 0.02041309
v 0.05276957 0.03223216 0.02064456
v 0.05349565 0.03224340 0.02000047
v 0.05364632 0.03224057 0.02016295
v 0.05365673 0.03224024 0.02018162
v 0.05346315 0.03224376 0.01998008
v 0.05327492 0.03224486 0.01991682
v 0.05277998 0.03223183 0.02066323
v 0.05293065 0.03222900 0.02082571
v 0.05296315 0.03222864 0.02084610
v 0.05346316 0.03222864 0.02084612
v 0.05357771 0.03223022 0.02075537
v 0.05315137 0.03222753 0.02090936
v 0.05321315 0.03222747 0.02091309
v 0.05339079 0.03222804 0.02088059
v 0.05364642 0.03223183 0.02066323
v 0.05369348 0.03223373 0.02055451
v 0.05371315 0.03223620 0.02041309
v 0.05303551 0.03220946 0.02194491
v 0.05296313 0.03220886 0.02197937
v 0.05284859 0.03220728 0.02207012
v 0.05277988 0.03220567 0.02216226
v 0.05273282 0.03220377 0.02227098
v 0.05271315 0.03220130 0.02241240
v 0.05276957 0.03219726 0.02264387
v 0.05349565 0.03220850 0.02199978
v 0.05364632 0.03220567 0.02216227
v 0.05365673 0.03220534 0.02218093
v 0.05346315 0.03220886 0.02197939
v 0.05327492 0.03220996 0.02191613
v 0.05277998 0.03219694 0.02266254
v 0.05293065 0.03219410 0.02282502
v 0.05296315 0.03219374 0.02284541
v 0.05346316 0.03219374 0.02284543
v 0.05357771 0.03219533 0.02275469
v 0.05315137 0.03219264 0.02290868
v 0.05321315 0.03219257 0.02291240
v 0.05339079 0.03219314 0.02287990
v 0.05364642 0.03219694 0.02266254
v 0.05369348 0.03219883 0.02255383
v 0.05371315 0.03220130 0.02241240
v 0.05303551 0.03217456 0.02394422
v 0.05296313 0.03217396 0.02397869
v 0.05284859 0.03217238 0.02406944
v 0.05271315 0.03216640 0.02441172
v 0.05171315 0.03214895 0.02541137
v 0.05273282 0.03216887 0.02427029
v 0.05277988 0.03217077 0.02416158
v 0.05349565 0.03217360 0.02399910
v 0.05364632 0.03217077 0.02416158
v 0.05365673 0.03217044 0.02418025
v 0.05346315 0.03217396 0.02397871
v 0.05327492 0.03217506 0.02391544
v 0.05276957 0.03216236 0.02464319
v 0.05277998 0.03216204 0.02466185
v 0.05293065 0.03215920 0.02482434
v 0.05296315 0.03215884 0.02484473
v 0.05315137 0.03215774 0.02490799
v 0.05321315 0.03215767 0.02491172
v 0.05339079 0.03215824 0.02487921
v 0.05346316 0.03215884 0.02484475
v 0.05357771 0.03216043 0.02475400
v 0.05364642 0.03216204 0.02466186
v 0.05369348 0.03216393 0.02455314
v 0.05371315 0.03216640 0.02441172
v 0.05321315 0.03214023 0.02591103
v 0.05303551 0.03213966 0.02594354
v 0.05296313 0.03213906 0.02597800
v 0.05284859 0.03213748 0.02606875
v 0.05277988 0.03213587 0.02616089
v 0.05277998 0.03212714 0.02666117
v 0.05293065 0.03212430 0.02682365
v 0.05171315 0.03210454 0.02795555
v 0.05349565 0.03213871 0.02599841
v 0.05364632 0.03213587 0.02616090
v 0.05365673 0.03213555 0.02617956
v 0.05346315 0.03213906 0.02597802
v 0.05327492 0.03214017 0.02591476
v 0.05273282 0.03213397 0.02626961
v 0.05271315 0.03213150 0.02641103
v 0.05276957 0.03212746 0.02664250
v 0.05296315 0.03212395 0.02684404
v 0.05315137 0.03212284 0.02690731
v 0.05321315 0.03212278 0.02691103
v 0.05339079 0.03212334 0.02687853
v 0.05346316 0.03212395 0.02684406
v 0.05357771 0.03212553 0.02675332
v 0.05364642 0.03212714 0.02666117
v 0.05369348 0.03212903 0.02655246
v 0.05371315 0.03213150 0.02641103
v 0.04557518 0.03228855 0.01741412
v 0.04557518 0.03225365 0.01941343
v 0.05021315 0.03224492 0.01991309
v 0.05003550 0.03224436 0.01994559
v 0.04996313 0.03224376 0.01998006
v 0.04984859 0.03224217 0.02007081
v 0.04977988 0.03224057 0.02016295
v 0.04973282 0.03223867 0.02027166
v 0.04557518 0.03221875 0.02141275
v 0.05049565 0.03224340 0.02000047
v 0.05064632 0.03224057 0.02016295
v 0.05065673 0.03224024 0.02018162
v 0.05046315 0.03224376 0.01998008
v 0.05027492 0.03224486 0.01991682
v 0.04971315 0.03223620 0.02041309
v 0.04976957 0.03223216 0.02064456
v 0.04977998 0.03223183 0.02066323
v 0.04993065 0.03222900 0.02082571
v 0.04996315 0.03222864 0.02084610
v 0.05015137 0.03222753 0.02090936
v 0.05021315 0.03222747 0.02091309
v 0.05039079 0.03222804 0.02088059
v 0.05046317 0.03222864 0.02084612
v 0.05057771 0.03223022 0.02075537
v 0.05064642 0.03223183 0.02066323
v 0.05069348 0.03223373 0.02055451
v 0.05071315 0.03223620 0.02041309
v 0.05021315 0.03221003 0.02191240
v 0.05003550 0.03220946 0.02194491
v 0.04996313 0.03220886 0.02197937
v 0.04984859 0.03220728 0.02207012
v 0.04977988 0.03220567 0.02216226
v 0.04973282 0.03220377 0.02227098
v 0.04557518 0.03218385 0.02341206
v 0.05049565 0.03220850 0.02199978
v 0.05064632 0.03220567 0.02216227
v 0.05065673 0.03220534 0.02218093
v 0.05046315 0.03220886 0.02197939
v 0.05027492 0.03220996 0.02191613
v 0.04971315 0.03220130 0.02241240
v 0.04976957 0.03219726 0.02264387
v 0.04977998 0.03219694 0.02266254
v 0.04993065 0.03219410 0.02282502
v 0.04996315 0.03219374 0.02284541
v 0.05015137 0.03219264 0.02290868
v 0.05021315 0.03219257 0.02291240
v 0.05039079 0.03219314 0.02287990
v 0.05046317 0.03219374 0.02284543
v 0.05057771 0.03219533 0.02275469
v 0.05064642 0.03219694 0.02266254
v 0.05069348 0.03219883 0.02255383
v 0.05071315 0.03220130 0.02241240
v 0.05021315 0.03217513 0.02391172
v 0.05003550 0.03217456 0.02394422
v 0.04996313 0.03217396 0.02397869
v 0.04984859 0.03217238 0.02406944
v 0.04977988 0.03217077 0.02416158
v 0.04973282 0.03216887 0.02427029
v 0.04557518 0.03214895 0.02541137
v 0.05049565 0.03217360 0.02399910
v 0.05064632 0.03217077 0.02416158
v 0.05065673 0.03217044 0.02418025
v 0.05046315 0.03217396 0.02397871
v 0.05027492 0.03217506 0.02391544
v 0.04971315 0.03216640 0.02441172
v 0.04976957 0.03216236 0.02464319
v 0.04977998 0.03216204 0.02466185
v 0.04993065 0.03215920 0.02482434
v 0.04996315 0.03215884 0.02484473
v 0.05015137 0.03215774 0.02490799
v 0.05021315 0.03215767 0.02491172
v 0.05039079 0.03215824 0.02487921
v 0.05046317 0.03215884 0.02484475
v 0.05057771 0.03216043 0.02475400
v 0.05064642 0.03216204 0.02466186
v 0.05069348 0.03216393 0.02455314
v 0.05071315 0.03216640 0.02441172
v 0.05021315 0.03214023 0.02591103
v 0.05003550 0.03213966 0.02594354
v 0.04996313 0.03213906 0.02597800
v 0.04984859 0.03213748 0.02606875
v 0.04977988 0.03213587 0.02616089
v 0.04977998 0.03212714 0.02666117
v 0.04993065 0.03212430 0.02682365
v 0.04557518 0.03210454 0.02795555
v 0.05049565 0.03213871 0.02599841
v 0.05064632 0.03213587 0.02616090
v 0.05065673 0.03213555 0.02617956
v 0.05046315 0.03213906 0.02597802
v 0.05027492 0.03214017 0.02591476
v 0.04973282 0.03213397 0.02626961
v 0.04971315 0.03213150 0.02641103
v 0.04976957 0.03212746 0.02664250
v 0.05021315 0.03212278 0.02691103
v 0.05015137 0.03212284 0.02690731
v 0.04996315 0.03212395 0.02684404
v 0.05039079 0.03212334 0.02687853
v 0.05046317 0.03212395 0.02684406
v 0.05057771 0.03212553 0.02675332
v 0.05064642 0.03212714 0.02666117
v 0.05069348 0.03212903 0.02655246
v 0.05071315 0.03213150 0.02641103
v 0.07098909 0.03208631 0.02900000
v 0.06071315 0.03208631 0.02900000
v 0.05771315 0.03208631 0.02900000
v 0.05471315 0.03208631 0.02900000
v 0.05171315 0.03208631 0.02900000
v 0.04557518 0.03208631 0.02900000
v 0.07436284 -0.03147513 0.00932061
v 0.07432957 -0.03147513 0.00949127
v 0.07447909 -0.03147513 0.00914337
v 0.07465833 -0.03147513 0.00903023
v 0.07398912 0.02908666 0.02900000
v 0.07376074 0.03023461 0.02900000
v 0.07311045 0.03120776 0.02900000
v 0.07213718 0.03185799 0.02900000
v 0.05921315 0.03371679 0.02491172
v 0.05771315 0.03370370 0.02541137
v 0.06071315 0.03370370 0.02541137
v 0.05921315 0.03376914 0.02291240
v 0.05771315 0.03375605 0.02341206
v 0.06071315 0.03375605 0.02341206
v 0.05921315 0.03382149 0.02091309
v 0.05771315 0.03380841 0.02141275
v 0.06071315 0.03380841 0.02141275
v 0.05771315 0.03386076 0.01941343
v 0.06071315 0.03386076 0.01941343
v 0.05621315 0.03371679 0.02491172
v 0.05471315 0.03370370 0.02541137
v 0.05621315 0.03376914 0.02291240
v 0.05471315 0.03375605 0.02341206
v 0.05621315 0.03382149 0.02091309
v 0.05471315 0.03380841 0.02141275
v 0.05471315 0.03386076 0.01941343
v 0.05321315 0.03371679 0.02491172
v 0.05171315 0.03370370 0.02541137
v 0.05321315 0.03376914 0.02291240
v 0.05171315 0.03375605 0.02341206
v 0.05321315 0.03382149 0.02091309
v 0.05171315 0.03380841 0.02141275
v 0.05171315 0.03386076 0.01941343
v 0.04557518 0.03357011 0.03051309
v 0.04557518 0.03361727 0.02871209
v 0.04557518 0.03370370 0.02541137
v 0.04557518 0.03375605 0.02341206
v 0.04557518 0.03380841 0.02141275
v 0.04557518 0.03386076 0.01941343
v 0.04557518 0.03391312 0.01741412
v 0.04557518 0.03396547 0.01541480
v 0.05171315 0.03396547 0.01541480
v 0.05171315 0.03391312 0.01741412
v 0.05021315 0.03382149 0.02091309
v 0.05003515 0.03382235 0.02088050
v 0.04996314 0.03382325 0.02084609
v 0.04984830 0.03382563 0.02075512
v 0.04971315 0.03383458 0.02041309
v 0.04973288 0.03383088 0.02055445
v 0.04977996 0.03382804 0.02066318
v 0.05049536 0.03382377 0.02082596
v 0.05064639 0.03382803 0.02066328
v 0.05065671 0.03382852 0.02064480
v 0.05046316 0.03382325 0.02084612
v 0.05027454 0.03382159 0.02090946
v 0.04976959 0.03384065 0.02018137
v 0.04977991 0.03384114 0.02016290
v 0.04993095 0.03384540 0.02000022
v 0.05021315 0.03384768 0.01991309
v 0.05015176 0.03384759 0.01991672
v 0.04996314 0.03384592 0.01998005
v 0.05039115 0.03384683 0.01994568
v 0.05046315 0.03384592 0.01998008
v 0.05057800 0.03384354 0.02007106
v 0.05064635 0.03384113 0.02016299
v 0.05069342 0.03383829 0.02027173
v 0.05071315 0.03383458 0.02041309
v 0.05021315 0.03376914 0.02291240
v 0.05003515 0.03376999 0.02287981
v 0.04996314 0.03377089 0.02284541
v 0.04984830 0.03377328 0.02275443
v 0.04971315 0.03378223 0.02241240
v 0.04973288 0.03377853 0.02255376
v 0.04977996 0.03377568 0.02266250
v 0.05049536 0.03377142 0.02282527
v 0.05064639 0.03377568 0.02266259
v 0.05065671 0.03377616 0.02264412
v 0.05046316 0.03377089 0.02284544
v 0.05027454 0.03376924 0.02290878
v 0.04976959 0.03378830 0.02218069
v 0.04977991 0.03378878 0.02216221
v 0.04993095 0.03379304 0.02199953
v 0.05021315 0.03379532 0.02191240
v 0.05015176 0.03379523 0.02191603
v 0.04996314 0.03379357 0.02197937
v 0.05039115 0.03379447 0.02194499
v 0.05046315 0.03379357 0.02197940
v 0.05057800 0.03379119 0.02207037
v 0.05064635 0.03378878 0.02216231
v 0.05069342 0.03378593 0.02227104
v 0.05071315 0.03378223 0.02241240
v 0.05021315 0.03371679 0.02491172
v 0.05003515 0.03371764 0.02487913
v 0.04996314 0.03371854 0.02484472
v 0.04984830 0.03372092 0.02475375
v 0.04971315 0.03372988 0.02441172
v 0.04973288 0.03372618 0.02455308
v 0.04977996 0.03372333 0.02466181
v 0.05049536 0.03371907 0.02482459
v 0.05064639 0.03372333 0.02466191
v 0.05065671 0.03372381 0.02464343
v 0.05046316 0.03371854 0.02484475
v 0.05027454 0.03371688 0.02490809
v 0.04976959 0.03373595 0.02418000
v 0.04977991 0.03373643 0.02416153
v 0.04993095 0.03374069 0.02399885
v 0.05021315 0.03374297 0.02391172
v 0.05015176 0.03374287 0.02391534
v 0.04996314 0.03374122 0.02397868
v 0.05039115 0.03374212 0.02394431
v 0.05046315 0.03374122 0.02397871
v 0.05057800 0.03373883 0.02406969
v 0.05064635 0.03373643 0.02416162
v 0.05069342 0.03373358 0.02427036
v 0.05071315 0.03372988 0.02441172
v 0.05071315 0.03367753 0.02641103
v 0.05171315 0.03361727 0.02871209
v 0.05065671 0.03367146 0.02664275
v 0.04996314 0.03366619 0.02684404
v 0.04984830 0.03366857 0.02675306
v 0.05064639 0.03367097 0.02666122
v 0.05049536 0.03366671 0.02682390
v 0.05046316 0.03366619 0.02684407
v 0.05027454 0.03366452 0.02690740
v 0.05021315 0.03366443 0.02691103
v 0.05003515 0.03366528 0.02687844
v 0.04971315 0.03367753 0.02641103
v 0.04973288 0.03367382 0.02655239
v 0.04977996 0.03367098 0.02666113
v 0.04976959 0.03368359 0.02617932
v 0.04977991 0.03368407 0.02616084
v 0.04993095 0.03368834 0.02599816
v 0.05021315 0.03369062 0.02591103
v 0.05015176 0.03369052 0.02591466
v 0.04996314 0.03368886 0.02597800
v 0.05039115 0.03368976 0.02594362
v 0.05046315 0.03368886 0.02597803
v 0.05057800 0.03368648 0.02606900
v 0.05064635 0.03368407 0.02616094
v 0.05069342 0.03368123 0.02626967
v 0.05471315 0.03396547 0.01541480
v 0.05471315 0.03391312 0.01741412
v 0.05303515 0.03382235 0.02088050
v 0.05296315 0.03382325 0.02084609
v 0.05284829 0.03382563 0.02075512
v 0.05277995 0.03382804 0.02066318
v 0.05273288 0.03383088 0.02055445
v 0.05271315 0.03383458 0.02041309
v 0.05276959 0.03384065 0.02018137
v 0.05349535 0.03382377 0.02082596
v 0.05364639 0.03382803 0.02066328
v 0.05365671 0.03382852 0.02064480
v 0.05346316 0.03382325 0.02084612
v 0.05327453 0.03382159 0.02090946
v 0.05277991 0.03384114 0.02016290
v 0.05293094 0.03384540 0.02000022
v 0.05296314 0.03384592 0.01998005
v 0.05346315 0.03384592 0.01998008
v 0.05357800 0.03384354 0.02007106
v 0.05315176 0.03384759 0.01991672
v 0.05321315 0.03384768 0.01991309
v 0.05339115 0.03384683 0.01994568
v 0.05364634 0.03384113 0.02016299
v 0.05369341 0.03383829 0.02027173
v 0.05371315 0.03383458 0.02041309
v 0.05303515 0.03376999 0.02287981
v 0.05296315 0.03377089 0.02284541
v 0.05284829 0.03377328 0.02275443
v 0.05277995 0.03377568 0.02266250
v 0.05273288 0.03377853 0.02255376
v 0.05271315 0.03378223 0.02241240
v 0.05276959 0.03378830 0.02218069
v 0.05349535 0.03377142 0.02282527
v 0.05364639 0.03377568 0.02266259
v 0.05365671 0.03377616 0.02264412
v 0.05346316 0.03377089 0.02284544
v 0.05327453 0.03376924 0.02290878
v 0.05277991 0.03378878 0.02216221
v 0.05293094 0.03379304 0.02199953
v 0.05296314 0.03379357 0.02197937
v 0.05346315 0.03379357 0.02197940
v 0.05357800 0.03379119 0.02207037
v 0.05315176 0.03379523 0.02191603
v 0.05321315 0.03379532 0.02191240
v 0.05339115 0.03379447 0.02194499
v 0.05364634 0.03378878 0.02216231
v 0.05369341 0.03378593 0.02227104
v 0.05371315 0.03378223 0.02241240
v 0.05303515 0.03371764 0.02487913
v 0.05296315 0.03371854 0.02484472
v 0.05284829 0.03372092 0.02475375
v 0.05277995 0.03372333 0.02466181
v 0.05273288 0.03372618 0.02455308
v 0.05271315 0.03372988 0.02441172
v 0.05276959 0.03373595 0.02418000
v 0.05349535 0.03371907 0.02482459
v 0.05364639 0.03372333 0.02466191
v 0.05365671 0.03372381 0.02464343
v 0.05346316 0.03371854 0.02484475
v 0.05327453 0.03371688 0.02490809
v 0.05277991 0.03373643 0.02416153
v 0.05293094 0.03374069 0.02399885
v 0.05296314 0.03374122 0.02397868
v 0.05346315 0.03374122 0.02397871
v 0.05357800 0.03373883 0.02406969
v 0.05315176 0.03374287 0.02391534
v 0.05321315 0.03374297 0.02391172
v 0.05339115 0.03374212 0.02394431
v 0.05364634 0.03373643 0.02416162
v 0.05369341 0.03373358 0.02427036
v 0.05371315 0.03372988 0.02441172
v 0.05471315 0.03361727 0.02871209
v 0.05371315 0.03367753 0.02641103
v 0.05365671 0.03367146 0.02664275
v 0.05364639 0.03367097 0.02666122
v 0.05349535 0.03366671 0.02682390
v 0.05321315 0.03366443 0.02691103
v 0.05327453 0.03366452 0.02690740
v 0.05346316 0.03366619 0.02684407
v 0.05303515 0.03366528 0.02687844
v 0.05296315 0.03366619 0.02684404
v 0.05284829 0.03366857 0.02675306
v 0.05277995 0.03367098 0.02666113
v 0.05273288 0.03367382 0.02655239
v 0.05271315 0.03367753 0.02641103
v 0.05276959 0.03368359 0.02617932
v 0.05277991 0.03368407 0.02616084
v 0.05293094 0.03368834 0.02599816
v 0.05296314 0.03368886 0.02597800
v 0.05346315 0.03368886 0.02597803
v 0.05357800 0.03368648 0.02606900
v 0.05315176 0.03369052 0.02591466
v 0.05321315 0.03369062 0.02591103
v 0.05339115 0.03368976 0.02594362
v 0.05364634 0.03368407 0.02616094
v 0.05369341 0.03368123 0.02626967
v 0.05771315 0.03396547 0.01541480
v 0.05771315 0.03391312 0.01741412
v 0.05603515 0.03382235 0.02088050
v 0.05596314 0.03382325 0.02084609
v 0.05584830 0.03382563 0.02075512
v 0.05577995 0.03382804 0.02066318
v 0.05573288 0.03383088 0.02055445
v 0.05571315 0.03383458 0.02041309
v 0.05576959 0.03384065 0.02018137
v 0.05649535 0.03382377 0.02082596
v 0.05664639 0.03382803 0.02066328
v 0.05665671 0.03382852 0.02064480
v 0.05646316 0.03382325 0.02084612
v 0.05627454 0.03382159 0.02090946
v 0.05577991 0.03384114 0.02016290
v 0.05593094 0.03384540 0.02000022
v 0.05596314 0.03384592 0.01998005
v 0.05646316 0.03384592 0.01998008
v 0.05657800 0.03384354 0.02007106
v 0.05615176 0.03384759 0.01991672
v 0.05621315 0.03384768 0.01991309
v 0.05639115 0.03384683 0.01994568
v 0.05664634 0.03384113 0.02016299
v 0.05669342 0.03383829 0.02027173
v 0.05671315 0.03383458 0.02041309
v 0.05603515 0.03376999 0.02287981
v 0.05596314 0.03377089 0.02284541
v 0.05584830 0.03377328 0.02275443
v 0.05577995 0.03377568 0.02266250
v 0.05573288 0.03377853 0.02255376
v 0.05571315 0.03378223 0.02241240
v 0.05576959 0.03378830 0.02218069
v 0.05649535 0.03377142 0.02282527
v 0.05664639 0.03377568 0.02266259
v 0.05665671 0.03377616 0.02264412
v 0.05646316 0.03377089 0.02284544
v 0.05627454 0.03376924 0.02290878
v 0.05577991 0.03378878 0.02216221
v 0.05593094 0.03379304 0.02199953
v 0.05596314 0.03379357 0.02197937
v 0.05646316 0.03379357 0.02197940
v 0.05657800 0.03379119 0.02207037
v 0.05615176 0.03379523 0.02191603
v 0.05621315 0.03379532 0.02191240
v 0.05639115 0.03379447 0.02194499
v 0.05664634 0.03378878 0.02216231
v 0.05669342 0.03378593 0.02227104
v 0.05671315 0.03378223 0.02241240
v 0.05603515 0.03371764 0.02487913
v 0.05596314 0.03371854 0.02484472
v 0.05584830 0.03372092 0.02475375
v 0.05577995 0.03372333 0.02466181
v 0.05573288 0.03372618 0.02455308
v 0.05571315 0.03372988 0.02441172
v 0.05576959 0.03373595 0.02418000
v 0.05649535 0.03371907 0.02482459
v 0.05664639 0.03372333 0.02466191
v 0.05665671 0.03372381 0.02464343
v 0.05646316 0.03371854 0.02484475
v 0.05627454 0.03371688 0.02490809
v 0.05577991 0.03373643 0.02416153
v 0.05593094 0.03374069 0.02399885
v 0.05596314 0.03374122 0.02397868
v 0.05646316 0.03374122 0.02397871
v 0.05657800 0.03373883 0.02406969
v 0.05615176 0.03374287 0.02391534
v 0.05621315 0.03374297 0.02391172
v 0.05639115 0.03374212 0.02394431
v 0.05664634 0.03373643 0.02416162
v 0.05669342 0.03373358 0.02427036
v 0.05671315 0.03372988 0.02441172
v 0.05771315 0.03361727 0.02871209
v 0.05671315 0.03367753 0.02641103
v 0.05665671 0.03367146 0.02664275
v 0.05664639 0.03367097 0.02666122
v 0.05649535 0.03366671 0.02682390
v 0.05621315 0.03366443 0.02691103
v 0.05627454 0.03366452 0.02690740
v 0.05646316 0.03366619 0.02684407
v 0.05603515 0.03366528 0.02687844
v 0.05596314 0.03366619 0.02684404
v 0.05584830 0.03366857 0.02675306
v 0.05577995 0.03367098 0.02666113
v 0.05573288 0.03367382 0.02655239
v 0.05571315 0.03367753 0.02641103
v 0.05576959 0.03368359 0.02617932
v 0.05577991 0.03368407 0.02616084
v 0.05593094 0.03368834 0.02599816
v 0.05596314 0.03368886 0.02597800
v 0.05646316 0.03368886 0.02597803
v 0.05657800 0.03368648 0.02606900
v 0.05615176 0.03369052 0.02591466
v 0.05621315 0.03369062 0.02591103
v 0.05639115 0.03368976 0.02594362
v 0.05664634 0.03368407 0.02616094
v 0.05669342 0.03368123 0.02626967
v 0.06071315 0.03396547 0.01541480
v 0.06071315 0.03391312 0.01741412
v 0.05903515 0.03382235 0.02088050
v 0.05896314 0.03382325 0.02084609
v 0.05884830 0.03382563 0.02075512
v 0.05877995 0.03382804 0.02066318
v 0.05873288 0.03383088 0.02055445
v 0.05871315 0.03383458 0.02041309
v 0.05876959 0.03384065 0.02018137
v 0.05949536 0.03382377 0.02082596
v 0.05964639 0.03382803 0.02066328
v 0.05965671 0.03382852 0.02064480
v 0.05946316 0.03382325 0.02084612
v 0.05927454 0.03382159 0.02090946
v 0.05877991 0.03384114 0.02016290
v 0.05893094 0.03384540 0.02000022
v 0.05896313 0.03384592 0.01998005
v 0.05946315 0.03384592 0.01998008
v 0.05957800 0.03384354 0.02007106
v 0.05915176 0.03384759 0.01991672
v 0.05921315 0.03384768 0.01991309
v 0.05939114 0.03384683 0.01994568
v 0.05964635 0.03384113 0.02016299
v 0.05969341 0.03383829 0.02027173
v 0.05971315 0.03383458 0.02041309
v 0.05903515 0.03376999 0.02287981
v 0.05896314 0.03377089 0.02284541
v 0.05884830 0.03377328 0.02275443
v 0.05877995 0.03377568 0.02266250
v 0.05873288 0.03377853 0.02255376
v 0.05871315 0.03378223 0.02241240
v 0.05876959 0.03378830 0.02218069
v 0.05949536 0.03377142 0.02282527
v 0.05964639 0.03377568 0.02266259
v 0.05965671 0.03377616 0.02264412
v 0.05946316 0.03377089 0.02284544
v 0.05927454 0.03376924 0.02290878
v 0.05877991 0.03378878 0.02216221
v 0.05893094 0.03379304 0.02199953
v 0.05896313 0.03379357 0.02197937
v 0.05946315 0.03379357 0.02197940
v 0.05957800 0.03379119 0.02207037
v 0.05915176 0.03379523 0.02191603
v 0.05921315 0.03379532 0.02191240
v 0.05939114 0.03379447 0.02194499
v 0.05964635 0.03378878 0.02216231
v 0.05969341 0.03378593 0.02227104
v 0.05971315 0.03378223 0.02241240
v 0.05903515 0.03371764 0.02487913
v 0.05896314 0.03371854 0.02484472
v 0.05884830 0.03372092 0.02475375
v 0.05877995 0.03372333 0.02466181
v 0.05873288 0.03372618 0.02455308
v 0.05871315 0.03372988 0.02441172
v 0.05876959 0.03373595 0.02418000
v 0.05949536 0.03371907 0.02482459
v 0.05964639 0.03372333 0.02466191
v 0.05965671 0.03372381 0.02464343
v 0.05946316 0.03371854 0.02484475
v 0.05927454 0.03371688 0.02490809
v 0.05877991 0.03373643 0.02416153
v 0.05893094 0.03374069 0.02399885
v 0.05896313 0.03374122 0.02397868
v 0.05946315 0.03374122 0.02397871
v 0.05957800 0.03373883 0.02406969
v 0.05915176 0.03374287 0.02391534
v 0.05921315 0.03374297 0.02391172
v 0.05939114 0.03374212 0.02394431
v 0.05964635 0.03373643 0.02416162
v 0.05969341 0.03373358 0.02427036
v 0.05971315 0.03372988 0.02441172
v 0.06071315 0.03361727 0.02871209
v 0.05971315 0.03367753 0.02641103
v 0.05965671 0.03367146 0.02664275
v 0.05964639 0.03367097 0.02666122
v 0.05949536 0.03366671 0.02682390
v 0.05921315 0.03366443 0.02691103
v 0.05927454 0.03366452 0.02690740
v 0.05946316 0.03366619 0.02684407
v 0.05903515 0.03366528 0.02687844
v 0.05896314 0.03366619 0.02684404
v 0.05884830 0.03366857 0.02675306
v 0.05877995 0.03367098 0.02666113
v 0.05873288 0.03367382 0.02655239
v 0.05871315 0.03367753 0.02641103
v 0.05876959 0.03368359 0.02617932
v 0.05877991 0.03368407 0.02616084
v 0.05893094 0.03368834 0.02599816
v 0.05896313 0.03368886 0.02597800
v 0.05946315 0.03368886 0.02597803
v 0.05957800 0.03368648 0.02606900
v 0.05915176 0.03369052 0.02591466
v 0.05921315 0.03369062 0.02591103
v 0.05939114 0.03368976 0.02594362
v 0.05964635 0.03368407 0.02616094
v 0.05969341 0.03368123 0.02626967
v 0.07098909 0.03396547 0.01541480
v 0.07098909 0.03391312 0.01741412
v 0.07098909 0.03386076 0.01941343
v 0.06184830 0.03382563 0.02075512
v 0.06196314 0.03382325 0.02084609
v 0.06203515 0.03382235 0.02088050
v 0.06177995 0.03382804 0.02066318
v 0.06173288 0.03383088 0.02055445
v 0.06171315 0.03383458 0.02041309
v 0.06176959 0.03384065 0.02018137
v 0.06249535 0.03382377 0.02082596
v 0.07098909 0.03380841 0.02141275
v 0.06264639 0.03382803 0.02066328
v 0.06265671 0.03382852 0.02064480
v 0.06246316 0.03382325 0.02084612
v 0.06227454 0.03382159 0.02090946
v 0.06221315 0.03382149 0.02091309
v 0.06177991 0.03384114 0.02016290
v 0.06193094 0.03384540 0.02000022
v 0.06196314 0.03384592 0.01998005
v 0.06246315 0.03384592 0.01998008
v 0.06257800 0.03384354 0.02007106
v 0.06215176 0.03384759 0.01991672
v 0.06221315 0.03384768 0.01991309
v 0.06239115 0.03384683 0.01994568
v 0.06264634 0.03384113 0.02016299
v 0.06269342 0.03383829 0.02027173
v 0.06271315 0.03383458 0.02041309
v 0.06184830 0.03377328 0.02275443
v 0.06196314 0.03377089 0.02284541
v 0.06203515 0.03376999 0.02287981
v 0.06177995 0.03377568 0.02266250
v 0.06173288 0.03377853 0.02255376
v 0.06171315 0.03378223 0.02241240
v 0.06176959 0.03378830 0.02218069
v 0.06249535 0.03377142 0.02282527
v 0.07098909 0.03375605 0.02341206
v 0.06264639 0.03377568 0.02266259
v 0.06265671 0.03377616 0.02264412
v 0.06246316 0.03377089 0.02284544
v 0.06227454 0.03376924 0.02290878
v 0.06221315 0.03376914 0.02291240
v 0.06177991 0.03378878 0.02216221
v 0.06193094 0.03379304 0.02199953
v 0.06196314 0.03379357 0.02197937
v 0.06246315 0.03379357 0.02197940
v 0.06257800 0.03379119 0.02207037
v 0.06215176 0.03379523 0.02191603
v 0.06221315 0.03379532 0.02191240
v 0.06239115 0.03379447 0.02194499
v 0.06264634 0.03378878 0.02216231
v 0.06269342 0.03378593 0.02227104
v 0.06271315 0.03378223 0.02241240
v 0.06184830 0.03372092 0.02475375
v 0.06196314 0.03371854 0.02484472
v 0.06203515 0.03371764 0.02487913
v 0.06177995 0.03372333 0.02466181
v 0.06173288 0.03372618 0.02455308
v 0.06171315 0.03372988 0.02441172
v 0.06176959 0.03373595 0.02418000
v 0.06249535 0.03371907 0.02482459
v 0.07098909 0.03370370 0.02541137
v 0.06264639 0.03372333 0.02466191
v 0.06265671 0.03372381 0.02464343
v 0.06246316 0.03371854 0.02484475
v 0.06227454 0.03371688 0.02490809
v 0.06221315 0.03371679 0.02491172
v 0.06177991 0.03373643 0.02416153
v 0.06193094 0.03374069 0.02399885
v 0.06196314 0.03374122 0.02397868
v 0.06246315 0.03374122 0.02397871
v 0.06257800 0.03373883 0.02406969
v 0.06215176 0.03374287 0.02391534
v 0.06221315 0.03374297 0.02391172
v 0.06239115 0.03374212 0.02394431
v 0.06264634 0.03373643 0.02416162
v 0.06269342 0.03373358 0.02427036
v 0.06271315 0.03372988 0.02441172
v 0.06271315 0.03367753 0.02641103
v 0.07098909 0.03361727 0.02871209
v 0.06265671 0.03367146 0.02664275
v 0.06264639 0.03367097 0.02666122
v 0.06221315 0.03366443 0.02691103
v 0.06203515 0.03366528 0.02687844
v 0.06196314 0.03366619 0.02684404
v 0.06184830 0.03366857 0.02675306
v 0.06177995 0.03367098 0.02666113
v 0.06173288 0.03367382 0.02655239
v 0.06171315 0.03367753 0.02641103
v 0.06176959 0.03368359 0.02617932
v 0.06249535 0.03366671 0.02682390
v 0.06246316 0.03366619 0.02684407
v 0.06227454 0.03366452 0.02690740
v 0.06177991 0.03368407 0.02616084
v 0.06193094 0.03368834 0.02599816
v 0.06196314 0.03368886 0.02597800
v 0.06246315 0.03368886 0.02597803
v 0.06257800 0.03368648 0.02606900
v 0.06215176 0.03369052 0.02591466
v 0.06221315 0.03369062 0.02591103
v 0.06239115 0.03368976 0.02594362
v 0.06264634 0.03368407 0.02616094
v 0.06269342 0.03368123 0.02626967
v 0.05171315 0.03357011 0.03051309
v 0.05471315 0.03357011 0.03051309
v 0.05771315 0.03357011 0.03051309
v 0.06071315 0.03357011 0.03051309
v 0.07098909 0.03357011 0.03051309
v 0.07231416 0.03392993 0.01111746
v 0.07509751 0.03197375 0.01111746
v 0.07387654 0.03319472 0.01111746
v 0.07519290 0.03204080 0.01094185
v 0.07611744 0.03048927 0.01082989
v 0.07630588 0.02908631 0.01082989
v 0.07601069 0.02908631 0.01111746
v 0.07604759 0.02908631 0.01104248
v 0.07594517 0.03044214 0.01094185
v 0.07612728 0.02908631 0.01094185
v 0.07622996 0.02908631 0.01086482
v 0.07583271 0.03041137 0.01111746
v 0.07579958 0.03040231 0.01128691
v 0.07597635 0.02908631 0.01128691
v 0.07230510 0.03389680 0.01128691
v 0.07385679 0.03316663 0.01128691
v 0.07451561 0.03261283 0.01128691
v 0.07506941 0.03195401 0.01128691
v 0.07547289 0.02908631 0.03051309
v 0.07531397 0.03026946 0.03051309
v 0.07465751 0.03166452 0.03051309
v 0.07415961 0.03225683 0.03051309
v 0.07356730 0.03275473 0.03051309
v 0.07270497 0.03322880 0.03051309
v 0.07217225 0.03341119 0.03051309
v 0.07597635 -0.03147479 0.01128691
v 0.07601069 -0.03147479 0.01111746
v 0.07604759 -0.03147479 0.01104248
v 0.07612728 -0.03147479 0.01094185
v 0.07622996 -0.03147479 0.01086482
v 0.07630588 -0.03147479 0.01082989
v 0.03398320 -0.04006281 0.01128691
v 0.03398482 -0.04009712 0.01111746
v 0.03455830 -0.04000212 0.01128691
v 0.03543063 -0.03981247 0.01111746
v 0.03541913 -0.03978011 0.01128691
v 0.03673157 -0.03912039 0.01111746
v 0.03671117 -0.03909277 0.01128691
v 0.03690695 -0.03935784 0.01082989
v 0.03783628 -0.03848049 0.01082989
v 0.03769895 -0.03836630 0.01094185
v 0.03552953 -0.04009060 0.01082989
v 0.03399872 -0.04039199 0.01082989
v 0.03399031 -0.04021358 0.01094185
v 0.03546969 -0.03992232 0.01094185
v 0.03680084 -0.03921418 0.01094185
v 0.03760930 -0.03829175 0.01111746
v 0.03758290 -0.03826980 0.01128691
v 0.01842117 -0.03208012 0.03051309
v 0.01868267 -0.03180059 0.04513089
v 0.01648580 -0.02950820 0.04513089
v 0.03288456 -0.03948094 0.03051309
v 0.03015237 -0.03880780 0.03051309
v 0.02944832 -0.03858862 0.03051309
v 0.02673386 -0.03755577 0.03051309
v 0.02433408 -0.03637202 0.03051309
v 0.02349572 -0.03589199 0.03051309
v 0.02048731 -0.03384181 0.03051309
v 0.01972840 -0.03323252 0.03051309
v 0.01389904 -0.02599369 0.04513089
v 0.01301318 -0.02447935 0.04513089
v 0.00963574 -0.01371962 0.04513089
v 0.01043506 -0.01800963 0.04513089
v 0.01084806 -0.01942172 0.04513089
v 0.01186689 -0.02213189 0.04513089
v 0.03930861 -0.03693642 0.01128691
v 0.03860942 -0.03733579 0.01128691
v 0.03862879 -0.03736415 0.01111746
v 0.04143720 -0.03649638 0.01111746
v 0.04143720 -0.03646204 0.01128691
v 0.04006272 -0.03665416 0.01128691
v 0.04007214 -0.03668718 0.01111746
v 0.04010411 -0.03679931 0.01094185
v 0.04143720 -0.03661297 0.01094185
v 0.04015308 -0.03697107 0.01082989
v 0.04143720 -0.03679157 0.01082989
v 0.03869456 -0.03746042 0.01094185
v 0.03879531 -0.03760789 0.01082989
v 0.03719579 -0.03794790 0.03051309
v 0.03641206 -0.03868780 0.03051309
v 0.03525045 -0.03930575 0.03051309
v 0.03447652 -0.03950535 0.03051309
v 0.03395947 -0.03955992 0.03051309
v 0.01150872 -0.01151829 0.04507853
v 0.01172879 -0.01151999 0.04613073
v 0.01152938 -0.01151951 0.04536385
v 0.01032833 -0.01128476 0.00000000
v 0.07098909 -0.03679157 0.01082989
v 0.05771315 -0.03646204 0.01128691
v 0.05471315 -0.03646204 0.01128691
v 0.07098909 -0.03649638 0.01111746
v 0.07098909 -0.03646204 0.01128691
v 0.06071315 -0.03646204 0.01128691
v 0.05171315 -0.03646204 0.01128691
v 0.04557518 -0.03646204 0.01128691
v 0.07098909 -0.03661297 0.01094185
v 0.04143720 -0.03609218 0.02541137
v 0.04143720 -0.03595858 0.03051309
v 0.03992468 -0.03617000 0.03051309
v 0.03832541 -0.03692009 0.03051309
v 0.03909482 -0.03648061 0.03051309
v 0.04143720 -0.03642763 0.01260099
v 0.04143720 -0.03635395 0.01541480
v 0.04143720 -0.03630159 0.01741412
v 0.04143720 -0.03624924 0.01941343
v 0.04143720 -0.03619688 0.02141275
v 0.04143720 -0.03614453 0.02341206
v 0.03606401 -0.03754066 0.00949127
v 0.03611213 -0.03754396 0.00930240
v 0.03626510 -0.03754699 0.00912881
v 0.03647447 -0.03754873 0.00902888
v 0.03655867 -0.03754906 0.00901023
v 0.03720579 -0.03676589 0.00903023
v 0.04143720 -0.03484853 0.00932061
v 0.04003951 -0.03499761 0.00932061
v 0.04143720 -0.03481532 0.00949127
v 0.04003251 -0.03496515 0.00949127
v 0.03913863 -0.03522458 0.00949127
v 0.03842277 -0.03557390 0.00932061
v 0.03840766 -0.03554432 0.00949127
v 0.03700828 -0.03654610 0.00932061
v 0.03698608 -0.03652139 0.00949127
v 0.03855720 -0.03583704 0.00903023
v 0.04010184 -0.03528646 0.00903023
v 0.04143720 -0.03514402 0.00903023
v 0.04143720 -0.03496478 0.00914337
v 0.04006404 -0.03511126 0.00914337
v 0.03847566 -0.03567743 0.00914337
v 0.03708599 -0.03663257 0.00914337
v 0.03722265 -0.03866139 0.00000000
v 0.03630394 -0.03869625 0.00000000
v 0.04977991 -0.03626886 0.01866397
v 0.04976959 -0.03626935 0.01864549
v 0.04973282 -0.03465710 0.01855520
v 0.04971315 -0.03465957 0.01841377
v 0.04977988 -0.03465521 0.01866391
v 0.04984859 -0.03465360 0.01875606
v 0.04993095 -0.03626461 0.01882664
v 0.04996313 -0.03465201 0.01884681
v 0.04996314 -0.03626408 0.01884681
v 0.05003550 -0.03465141 0.01888127
v 0.05015176 -0.03626242 0.01891015
v 0.05021315 -0.03465084 0.01891377
v 0.05021315 -0.03626232 0.01891377
v 0.05027492 -0.03465091 0.01891005
v 0.05039115 -0.03626318 0.01888118
v 0.05046315 -0.03465201 0.01884678
v 0.05046315 -0.03626408 0.01884678
v 0.05049565 -0.03465237 0.01882639
v 0.05057800 -0.03626646 0.01875580
v 0.05064632 -0.03465521 0.01866391
v 0.05064635 -0.03626887 0.01866387
v 0.05065673 -0.03465553 0.01864524
v 0.05069342 -0.03627171 0.01855513
v 0.05071315 -0.03465957 0.01841377
v 0.05071315 -0.03627542 0.01841377
v 0.05069348 -0.03466204 0.01827235
v 0.05065671 -0.03628148 0.01818206
v 0.05064642 -0.03466394 0.01816363
v 0.05064639 -0.03628197 0.01816358
v 0.05057771 -0.03466555 0.01807149
v 0.05049536 -0.03628623 0.01800090
v 0.05046317 -0.03466713 0.01798074
v 0.05046316 -0.03628676 0.01798074
v 0.05039079 -0.03466773 0.01794628
v 0.05027454 -0.03628841 0.01791740
v 0.05021315 -0.03466830 0.01791377
v 0.05021315 -0.03628851 0.01791377
v 0.05015137 -0.03466823 0.01791750
v 0.05003515 -0.03628765 0.01794636
v 0.04996315 -0.03466713 0.01798076
v 0.04996314 -0.03628675 0.01798077
v 0.04993065 -0.03466677 0.01800115
v 0.04984830 -0.03628437 0.01807174
v 0.04977998 -0.03466394 0.01816364
v 0.04977996 -0.03628197 0.01816368
v 0.04976957 -0.03466361 0.01818231
v 0.04973288 -0.03627912 0.01827241
v 0.04971315 -0.03627542 0.01841377
v 0.04977991 -0.03632122 0.01666465
v 0.04976959 -0.03632170 0.01664617
v 0.04973282 -0.03469200 0.01655588
v 0.04971315 -0.03469447 0.01641446
v 0.04977988 -0.03469010 0.01666460
v 0.04984859 -0.03468850 0.01675674
v 0.04993095 -0.03631696 0.01682733
v 0.04996313 -0.03468691 0.01684749
v 0.04996314 -0.03631643 0.01684749
v 0.05003550 -0.03468631 0.01688196
v 0.05015176 -0.03631477 0.01691083
v 0.05021315 -0.03468574 0.01691446
v 0.05021315 -0.03631468 0.01691446
v 0.05027492 -0.03468581 0.01691073
v 0.05039115 -0.03631553 0.01688187
v 0.05046315 -0.03468691 0.01684747
v 0.05046315 -0.03631643 0.01684747
v 0.05049565 -0.03468727 0.01682708
v 0.05057800 -0.03631881 0.01675649
v 0.05064632 -0.03469010 0.01666460
v 0.05064635 -0.03632122 0.01666455
v 0.05065673 -0.03469043 0.01664593
v 0.05069342 -0.03632407 0.01655582
v 0.05071315 -0.03469447 0.01641446
v 0.05071315 -0.03632777 0.01641446
v 0.05069348 -0.03469694 0.01627303
v 0.05065671 -0.03633384 0.01618274
v 0.05064642 -0.03469884 0.01616432
v 0.05064639 -0.03633432 0.01616427
v 0.05057771 -0.03470045 0.01607218
v 0.05049536 -0.03633858 0.01600159
v 0.05046317 -0.03470203 0.01598143
v 0.05046316 -0.03633911 0.01598142
v 0.05039079 -0.03470263 0.01594696
v 0.05027454 -0.03634077 0.01591809
v 0.05021315 -0.03470320 0.01591446
v 0.05021315 -0.03634086 0.01591446
v 0.05015137 -0.03470313 0.01591819
v 0.05003515 -0.03634001 0.01594705
v 0.04996315 -0.03470203 0.01598145
v 0.04996314 -0.03633911 0.01598145
v 0.04993065 -0.03470167 0.01600184
v 0.04984830 -0.03633673 0.01607243
v 0.04977998 -0.03469884 0.01616432
v 0.04977996 -0.03633432 0.01616436
v 0.04976957 -0.03469851 0.01618299
v 0.04973288 -0.03633147 0.01627310
v 0.04971315 -0.03632777 0.01641446
v 0.04977991 -0.03637357 0.01466534
v 0.04976959 -0.03637405 0.01464686
v 0.04973282 -0.03472690 0.01455657
v 0.04971315 -0.03472937 0.01441514
v 0.04977988 -0.03472500 0.01466529
v 0.04984859 -0.03472339 0.01475743
v 0.04993095 -0.03636931 0.01482802
v 0.04996313 -0.03472181 0.01484818
v 0.04996314 -0.03636878 0.01484818
v 0.05003550 -0.03472121 0.01488264
v 0.05015176 -0.03636713 0.01491152
v 0.05021315 -0.03472064 0.01491514
v 0.05021315 -0.03636703 0.01491514
v 0.05027492 -0.03472071 0.01491142
v 0.05039115 -0.03636788 0.01488256
v 0.05046315 -0.03472181 0.01484815
v 0.05046315 -0.03636878 0.01484815
v 0.05049565 -0.03472217 0.01482776
v 0.05057800 -0.03637117 0.01475717
v 0.05064632 -0.03472500 0.01466528
v 0.05064635 -0.03637357 0.01466524
v 0.05065673 -0.03472533 0.01464661
v 0.05069342 -0.03637642 0.01455650
v 0.05071315 -0.03472937 0.01441514
v 0.05071315 -0.03638012 0.01441514
v 0.05069348 -0.03473184 0.01427372
v 0.05065671 -0.03638619 0.01418343
v 0.05064642 -0.03473374 0.01416500
v 0.05064639 -0.03638668 0.01416495
v 0.05057771 -0.03473534 0.01407286
v 0.05049536 -0.03639093 0.01400227
v 0.05046317 -0.03473693 0.01398211
v 0.05046316 -0.03639146 0.01398211
v 0.05039079 -0.03473753 0.01394765
v 0.05027454 -0.03639312 0.01391877
v 0.05021315 -0.03473810 0.01391514
v 0.05021315 -0.03639322 0.01391514
v 0.05015137 -0.03473803 0.01391887
v 0.05003515 -0.03639236 0.01394773
v 0.04996315 -0.03473693 0.01398213
v 0.04996314 -0.03639146 0.01398214
v 0.04993065 -0.03473657 0.01400253
v 0.04984830 -0.03638908 0.01407311
v 0.04977998 -0.03473374 0.01416501
v 0.04977996 -0.03638667 0.01416505
v 0.04976957 -0.03473341 0.01418368
v 0.04973288 -0.03638383 0.01427379
v 0.04971315 -0.03638012 0.01441514
v 0.05277991 -0.03626886 0.01866397
v 0.05276959 -0.03626935 0.01864549
v 0.05273282 -0.03465710 0.01855520
v 0.05271315 -0.03465957 0.01841377
v 0.05277988 -0.03465521 0.01866391
v 0.05284859 -0.03465360 0.01875606
v 0.05293094 -0.03626461 0.01882664
v 0.05296313 -0.03465201 0.01884681
v 0.05296314 -0.03626408 0.01884681
v 0.05303551 -0.03465141 0.01888127
v 0.05315176 -0.03626242 0.01891015
v 0.05321315 -0.03465084 0.01891377
v 0.05321315 -0.03626232 0.01891377
v 0.05327492 -0.03465091 0.01891005
v 0.05339115 -0.03626318 0.01888118
v 0.05346315 -0.03465201 0.01884678
v 0.05346315 -0.03626408 0.01884678
v 0.05349565 -0.03465237 0.01882639
v 0.05357800 -0.03626646 0.01875580
v 0.05364632 -0.03465521 0.01866391
v 0.05364634 -0.03626887 0.01866387
v 0.05365673 -0.03465553 0.01864524
v 0.05369341 -0.03627171 0.01855513
v 0.05371315 -0.03465957 0.01841377
v 0.05371315 -0.03627542 0.01841377
v 0.05369348 -0.03466204 0.01827235
v 0.05365671 -0.03628148 0.01818206
v 0.05364642 -0.03466394 0.01816363
v 0.05364639 -0.03628197 0.01816358
v 0.05357771 -0.03466555 0.01807149
v 0.05349535 -0.03628623 0.01800090
v 0.05346316 -0.03466713 0.01798074
v 0.05346316 -0.03628676 0.01798074
v 0.05339079 -0.03466773 0.01794628
v 0.05327453 -0.03628841 0.01791740
v 0.05321315 -0.03466830 0.01791377
v 0.05321315 -0.03628851 0.01791377
v 0.05315137 -0.03466823 0.01791750
v 0.05303515 -0.03628765 0.01794636
v 0.05296315 -0.03466713 0.01798076
v 0.05296315 -0.03628675 0.01798077
v 0.05293065 -0.03466677 0.01800115
v 0.05284829 -0.03628437 0.01807174
v 0.05277998 -0.03466394 0.01816364
v 0.05277995 -0.03628197 0.01816368
v 0.05276957 -0.03466361 0.01818231
v 0.05273288 -0.03627912 0.01827241
v 0.05271315 -0.03627542 0.01841377
v 0.05277991 -0.03632122 0.01666465
v 0.05276959 -0.03632170 0.01664617
v 0.05273282 -0.03469200 0.01655588
v 0.05271315 -0.03469447 0.01641446
v 0.05277988 -0.03469010 0.01666460
v 0.05284859 -0.03468850 0.01675674
v 0.05293094 -0.03631696 0.01682733
v 0.05296313 -0.03468691 0.01684749
v 0.05296314 -0.03631643 0.01684749
v 0.05303551 -0.03468631 0.01688196
v 0.05315176 -0.03631477 0.01691083
v 0.05321315 -0.03468574 0.01691446
v 0.05321315 -0.03631468 0.01691446
v 0.05327492 -0.03468581 0.01691073
v 0.05339115 -0.03631553 0.01688187
v 0.05346315 -0.03468691 0.01684747
v 0.05346315 -0.03631643 0.01684747
v 0.05349565 -0.03468727 0.01682708
v 0.05357800 -0.03631881 0.01675649
v 0.05364632 -0.03469010 0.01666460
v 0.05364634 -0.03632122 0.01666455
v 0.05365673 -0.03469043 0.01664593
v 0.05369341 -0.03632407 0.01655582
v 0.05371315 -0.03469447 0.01641446
v 0.05371315 -0.03632777 0.01641446
v 0.05369348 -0.03469694 0.01627303
v 0.05365671 -0.03633384 0.01618274
v 0.05364642 -0.03469884 0.01616432
v 0.05364639 -0.03633432 0.01616427
v 0.05357771 -0.03470045 0.01607218
v 0.05349535 -0.03633858 0.01600159
v 0.05346316 -0.03470203 0.01598143
v 0.05346316 -0.03633911 0.01598142
v 0.05339079 -0.03470263 0.01594696
v 0.05327453 -0.03634077 0.01591809
v 0.05321315 -0.03470320 0.01591446
v 0.05321315 -0.03634086 0.01591446
v 0.05315137 -0.03470313 0.01591819
v 0.05303515 -0.03634001 0.01594705
v 0.05296315 -0.03470203 0.01598145
v 0.05296315 -0.03633911 0.01598145
v 0.05293065 -0.03470167 0.01600184
v 0.05284829 -0.03633673 0.01607243
v 0.05277998 -0.03469884 0.01616432
v 0.05277995 -0.03633432 0.01616436
v 0.05276957 -0.03469851 0.01618299
v 0.05273288 -0.03633147 0.01627310
v 0.05271315 -0.03632777 0.01641446
v 0.05277991 -0.03637357 0.01466534
v 0.05276959 -0.03637405 0.01464686
v 0.05273282 -0.03472690 0.01455657
v 0.05271315 -0.03472937 0.01441514
v 0.05277988 -0.03472500 0.01466529
v 0.05284859 -0.03472339 0.01475743
v 0.05293094 -0.03636931 0.01482802
v 0.05296313 -0.03472181 0.01484818
v 0.05296314 -0.03636878 0.01484818
v 0.05303551 -0.03472121 0.01488264
v 0.05315176 -0.03636713 0.01491152
v 0.05321315 -0.03472064 0.01491514
v 0.05321315 -0.03636703 0.01491514
v 0.05327492 -0.03472071 0.01491142
v 0.05339115 -0.03636788 0.01488256
v 0.05346315 -0.03472181 0.01484815
v 0.05346315 -0.03636878 0.01484815
v 0.05349565 -0.03472217 0.01482776
v 0.05357800 -0.03637117 0.01475717
v 0.05364632 -0.03472500 0.01466528
v 0.05364634 -0.03637357 0.01466524
v 0.05365673 -0.03472533 0.01464661
v 0.05369341 -0.03637642 0.01455650
v 0.05371315 -0.03472937 0.01441514
v 0.05371315 -0.03638012 0.01441514
v 0.05369348 -0.03473184 0.01427372
v 0.05365671 -0.03638619 0.01418343
v 0.05364642 -0.03473374 0.01416500
v 0.05364639 -0.03638668 0.01416495
v 0.05357771 -0.03473534 0.01407286
v 0.05349535 -0.03639093 0.01400227
v 0.05346316 -0.03473693 0.01398211
v 0.05346316 -0.03639146 0.01398211
v 0.05339079 -0.03473753 0.01394765
v 0.05327453 -0.03639312 0.01391877
v 0.05321315 -0.03473810 0.01391514
v 0.05321315 -0.03639322 0.01391514
v 0.05315137 -0.03473803 0.01391887
v 0.05303515 -0.03639236 0.01394773
v 0.05296315 -0.03473693 0.01398213
v 0.05296315 -0.03639146 0.01398214
v 0.05293065 -0.03473657 0.01400253
v 0.05284829 -0.03638908 0.01407311
v 0.05277998 -0.03473374 0.01416501
v 0.05277995 -0.03638667 0.01416505
v 0.05276957 -0.03473341 0.01418368
v 0.05273288 -0.03638383 0.01427379
v 0.05271315 -0.03638012 0.01441514
v 0.06177991 -0.03626886 0.01866397
v 0.06176959 -0.03626935 0.01864549
v 0.06173282 -0.03465710 0.01855520
v 0.06171315 -0.03465957 0.01841377
v 0.06177988 -0.03465521 0.01866391
v 0.06184859 -0.03465360 0.01875606
v 0.06193094 -0.03626461 0.01882664
v 0.06196313 -0.03465201 0.01884681
v 0.06196314 -0.03626408 0.01884681
v 0.06203550 -0.03465141 0.01888127
v 0.06215176 -0.03626242 0.01891015
v 0.06221315 -0.03465084 0.01891377
v 0.06221315 -0.03626232 0.01891377
v 0.06227492 -0.03465091 0.01891005
v 0.06239115 -0.03626318 0.01888118
v 0.06246315 -0.03465201 0.01884678
v 0.06246315 -0.03626408 0.01884678
v 0.06249565 -0.03465237 0.01882639
v 0.06257800 -0.03626646 0.01875580
v 0.06264632 -0.03465521 0.01866391
v 0.06264634 -0.03626887 0.01866387
v 0.06265673 -0.03465553 0.01864524
v 0.06269342 -0.03627171 0.01855513
v 0.06271315 -0.03465957 0.01841377
v 0.06271315 -0.03627542 0.01841377
v 0.06269348 -0.03466204 0.01827235
v 0.06265671 -0.03628148 0.01818206
v 0.06264642 -0.03466394 0.01816363
v 0.06264639 -0.03628197 0.01816358
v 0.06257771 -0.03466555 0.01807149
v 0.06249535 -0.03628623 0.01800090
v 0.06246316 -0.03466713 0.01798074
v 0.06246316 -0.03628676 0.01798074
v 0.06239079 -0.03466773 0.01794628
v 0.06227454 -0.03628841 0.01791740
v 0.06221315 -0.03466830 0.01791377
v 0.06221315 -0.03628851 0.01791377
v 0.06215138 -0.03466823 0.01791750
v 0.06203515 -0.03628765 0.01794636
v 0.06196315 -0.03466713 0.01798076
v 0.06196314 -0.03628675 0.01798077
v 0.06193065 -0.03466677 0.01800115
v 0.06184830 -0.03628437 0.01807174
v 0.06177998 -0.03466394 0.01816364
v 0.06177995 -0.03628197 0.01816368
v 0.06176957 -0.03466361 0.01818231
v 0.06173288 -0.03627912 0.01827241
v 0.06171315 -0.03627542 0.01841377
v 0.06177991 -0.03632122 0.01666465
v 0.06176959 -0.03632170 0.01664617
v 0.06173282 -0.03469200 0.01655588
v 0.06171315 -0.03469447 0.01641446
v 0.06177988 -0.03469010 0.01666460
v 0.06184859 -0.03468850 0.01675674
v 0.06193094 -0.03631696 0.01682733
v 0.06196313 -0.03468691 0.01684749
v 0.06196314 -0.03631643 0.01684749
v 0.06203550 -0.03468631 0.01688196
v 0.06215176 -0.03631477 0.01691083
v 0.06221315 -0.03468574 0.01691446
v 0.06221315 -0.03631468 0.01691446
v 0.06227492 -0.03468581 0.01691073
v 0.06239115 -0.03631553 0.01688187
v 0.06246315 -0.03468691 0.01684747
v 0.06246315 -0.03631643 0.01684747
v 0.06249565 -0.03468727 0.01682708
v 0.06257800 -0.03631881 0.01675649
v 0.06264632 -0.03469010 0.01666460
v 0.06264634 -0.03632122 0.01666455
v 0.06265673 -0.03469043 0.01664593
v 0.06269342 -0.03632407 0.01655582
v 0.06271315 -0.03469447 0.01641446
v 0.06271315 -0.03632777 0.01641446
v 0.06269348 -0.03469694 0.01627303
v 0.06265671 -0.03633384 0.01618274
v 0.06264642 -0.03469884 0.01616432
v 0.06264639 -0.03633432 0.01616427
v 0.06257771 -0.03470045 0.01607218
v 0.06249535 -0.03633858 0.01600159
v 0.06246316 -0.03470203 0.01598143
v 0.06246316 -0.03633911 0.01598142
v 0.06239079 -0.03470263 0.01594696
v 0.06227454 -0.03634077 0.01591809
v 0.06221315 -0.03470320 0.01591446
v 0.06221315 -0.03634086 0.01591446
v 0.06215138 -0.03470313 0.01591819
v 0.06203515 -0.03634001 0.01594705
v 0.06196315 -0.03470203 0.01598145
v 0.06196314 -0.03633911 0.01598145
v 0.06193065 -0.03470167 0.01600184
v 0.06184830 -0.03633673 0.01607243
v 0.06177998 -0.03469884 0.01616432
v 0.06177995 -0.03633432 0.01616436
v 0.06176957 -0.03469851 0.01618299
v 0.06173288 -0.03633147 0.01627310
v 0.06171315 -0.03632777 0.01641446
v 0.06177991 -0.03637357 0.01466534
v 0.06176959 -0.03637405 0.01464686
v 0.06173282 -0.03472690 0.01455657
v 0.06171315 -0.03472937 0.01441514
v 0.06177988 -0.03472500 0.01466529
v 0.06184859 -0.03472339 0.01475743
v 0.06193094 -0.03636931 0.01482802
v 0.06196313 -0.03472181 0.01484818
v 0.06196314 -0.03636878 0.01484818
v 0.06203550 -0.03472121 0.01488264
v 0.06215176 -0.03636713 0.01491152
v 0.06221315 -0.03472064 0.01491514
v 0.06221315 -0.03636703 0.01491514
v 0.06227492 -0.03472071 0.01491142
v 0.06239115 -0.03636788 0.01488256
v 0.06246315 -0.03472181 0.01484815
v 0.06246315 -0.03636878 0.01484815
v 0.06249565 -0.03472217 0.01482776
v 0.06257800 -0.03637117 0.01475717
v 0.06264632 -0.03472500 0.01466528
v 0.06264634 -0.03637357 0.01466524
v 0.06265673 -0.03472533 0.01464661
v 0.06269342 -0.03637642 0.01455650
v 0.06271315 -0.03472937 0.01441514
v 0.06271315 -0.03638012 0.01441514
v 0.06269348 -0.03473184 0.01427372
v 0.06265671 -0.03638619 0.01418343
v 0.06264642 -0.03473374 0.01416500
v 0.06264639 -0.03638668 0.01416495
v 0.06257771 -0.03473534 0.01407286
v 0.06249535 -0.03639093 0.01400227
v 0.06246316 -0.03473693 0.01398211
v 0.06246316 -0.03639146 0.01398211
v 0.06239079 -0.03473753 0.01394765
v 0.06227454 -0.03639312 0.01391877
v 0.06221315 -0.03473810 0.01391514
v 0.06221315 -0.03639322 0.01391514
v 0.06215138 -0.03473803 0.01391887
v 0.06203515 -0.03639236 0.01394773
v 0.06196315 -0.03473693 0.01398213
v 0.06196314 -0.03639146 0.01398214
v 0.06193065 -0.03473657 0.01400253
v 0.06184830 -0.03638908 0.01407311
v 0.06177998 -0.03473374 0.01416501
v 0.06177995 -0.03638667 0.01416505
v 0.06176957 -0.03473341 0.01418368
v 0.06173288 -0.03638383 0.01427379
v 0.06171315 -0.03638012 0.01441514
v 0.05877991 -0.03626886 0.01866397
v 0.05876959 -0.03626935 0.01864549
v 0.05873282 -0.03465710 0.01855520
v 0.05871315 -0.03465957 0.01841377
v 0.05877988 -0.03465521 0.01866391
v 0.05884859 -0.03465360 0.01875606
v 0.05893094 -0.03626461 0.01882664
v 0.05896313 -0.03465201 0.01884681
v 0.05896313 -0.03626408 0.01884681
v 0.05903551 -0.03465141 0.01888127
v 0.05915176 -0.03626242 0.01891015
v 0.05921315 -0.03465084 0.01891377
v 0.05921315 -0.03626232 0.01891377
v 0.05927492 -0.03465091 0.01891005
v 0.05939114 -0.03626318 0.01888118
v 0.05946315 -0.03465201 0.01884678
v 0.05946315 -0.03626408 0.01884678
v 0.05949565 -0.03465237 0.01882639
v 0.05957800 -0.03626646 0.01875580
v 0.05964632 -0.03465521 0.01866391
v 0.05964635 -0.03626887 0.01866387
v 0.05965673 -0.03465553 0.01864524
v 0.05969341 -0.03627171 0.01855513
v 0.05971315 -0.03465957 0.01841377
v 0.05971315 -0.03627542 0.01841377
v 0.05969348 -0.03466204 0.01827235
v 0.05965671 -0.03628148 0.01818206
v 0.05964642 -0.03466394 0.01816363
v 0.05964639 -0.03628197 0.01816358
v 0.05957771 -0.03466555 0.01807149
v 0.05949536 -0.03628623 0.01800090
v 0.05946317 -0.03466713 0.01798074
v 0.05946316 -0.03628676 0.01798074
v 0.05939079 -0.03466773 0.01794628
v 0.05927454 -0.03628841 0.01791740
v 0.05921315 -0.03466830 0.01791377
v 0.05921315 -0.03628851 0.01791377
v 0.05915137 -0.03466823 0.01791750
v 0.05903515 -0.03628765 0.01794636
v 0.05896315 -0.03466713 0.01798076
v 0.05896314 -0.03628675 0.01798077
v 0.05893065 -0.03466677 0.01800115
v 0.05884830 -0.03628437 0.01807174
v 0.05877998 -0.03466394 0.01816364
v 0.05877995 -0.03628197 0.01816368
v 0.05876957 -0.03466361 0.01818231
v 0.05873288 -0.03627912 0.01827241
v 0.05871315 -0.03627542 0.01841377
v 0.05877991 -0.03632122 0.01666465
v 0.05876959 -0.03632170 0.01664617
v 0.05873282 -0.03469200 0.01655588
v 0.05871315 -0.03469447 0.01641446
v 0.05877988 -0.03469010 0.01666460
v 0.05884859 -0.03468850 0.01675674
v 0.05893094 -0.03631696 0.01682733
v 0.05896313 -0.03468691 0.01684749
v 0.05896313 -0.03631643 0.01684749
v 0.05903551 -0.03468631 0.01688196
v 0.05915176 -0.03631477 0.01691083
v 0.05921315 -0.03468574 0.01691446
v 0.05921315 -0.03631468 0.01691446
v 0.05927492 -0.03468581 0.01691073
v 0.05939114 -0.03631553 0.01688187
v 0.05946315 -0.03468691 0.01684747
v 0.05946315 -0.03631643 0.01684747
v 0.05949565 -0.03468727 0.01682708
v 0.05957800 -0.03631881 0.01675649
v 0.05964632 -0.03469010 0.01666460
v 0.05964635 -0.03632122 0.01666455
v 0.05965673 -0.03469043 0.01664593
v 0.05969341 -0.03632407 0.01655582
v 0.05971315 -0.03469447 0.01641446
v 0.05971315 -0.03632777 0.01641446
v 0.05969348 -0.03469694 0.01627303
v 0.05965671 -0.03633384 0.01618274
v 0.05964642 -0.03469884 0.01616432
v 0.05964639 -0.03633432 0.01616427
v 0.05957771 -0.03470045 0.01607218
v 0.05949536 -0.03633858 0.01600159
v 0.05946317 -0.03470203 0.01598143
v 0.05946316 -0.03633911 0.01598142
v 0.05939079 -0.03470263 0.01594696
v 0.05927454 -0.03634077 0.01591809
v 0.05921315 -0.03470320 0.01591446
v 0.05921315 -0.03634086 0.01591446
v 0.05915137 -0.03470313 0.01591819
v 0.05903515 -0.03634001 0.01594705
v 0.05896315 -0.03470203 0.01598145
v 0.05896314 -0.03633911 0.01598145
v 0.05893065 -0.03470167 0.01600184
v 0.05884830 -0.03633673 0.01607243
v 0.05877998 -0.03469884 0.01616432
v 0.05877995 -0.03633432 0.01616436
v 0.05876957 -0.03469851 0.01618299
v 0.05873288 -0.03633147 0.01627310
v 0.05871315 -0.03632777 0.01641446
v 0.05877991 -0.03637357 0.01466534
v 0.05876959 -0.03637405 0.01464686
v 0.05873282 -0.03472690 0.01455657
v 0.05871315 -0.03472937 0.01441514
v 0.05877988 -0.03472500 0.01466529
v 0.05884859 -0.03472339 0.01475743
v 0.05893094 -0.03636931 0.01482802
v 0.05896313 -0.03472181 0.01484818
v 0.05896313 -0.03636878 0.01484818
v 0.05903551 -0.03472121 0.01488264
v 0.05915176 -0.03636713 0.01491152
v 0.05921315 -0.03472064 0.01491514
v 0.05921315 -0.03636703 0.01491514
v 0.05927492 -0.03472071 0.01491142
v 0.05939114 -0.03636788 0.01488256
v 0.05946315 -0.03472181 0.01484815
v 0.05946315 -0.03636878 0.01484815
v 0.05949565 -0.03472217 0.01482776
v 0.05957800 -0.03637117 0.01475717
v 0.05964632 -0.03472500 0.01466528
v 0.05964635 -0.03637357 0.01466524
v 0.05965673 -0.03472533 0.01464661
v 0.05969341 -0.03637642 0.01455650
v 0.05971315 -0.03472937 0.01441514
v 0.05971315 -0.03638012 0.01441514
v 0.05969348 -0.03473184 0.01427372
v 0.05965671 -0.03638619 0.01418343
v 0.05964642 -0.03473374 0.01416500
v 0.05964639 -0.03638668 0.01416495
v 0.05957771 -0.03473534 0.01407286
v 0.05949536 -0.03639093 0.01400227
v 0.05946317 -0.03473693 0.01398211
v 0.05946316 -0.03639146 0.01398211
v 0.05939079 -0.03473753 0.01394765
v 0.05927454 -0.03639312 0.01391877
v 0.05921315 -0.03473810 0.01391514
v 0.05921315 -0.03639322 0.01391514
v 0.05915137 -0.03473803 0.01391887
v 0.05903515 -0.03639236 0.01394773
v 0.05896315 -0.03473693 0.01398213
v 0.05896314 -0.03639146 0.01398214
v 0.05893065 -0.03473657 0.01400253
v 0.05884830 -0.03638908 0.01407311
v 0.05877998 -0.03473374 0.01416501
v 0.05877995 -0.03638667 0.01416505
v 0.05876957 -0.03473341 0.01418368
v 0.05873288 -0.03638383 0.01427379
v 0.05871315 -0.03638012 0.01441514
v 0.05577991 -0.03637357 0.01466534
v 0.05576959 -0.03637405 0.01464686
v 0.05573282 -0.03472690 0.01455657
v 0.05571315 -0.03472937 0.01441514
v 0.05577988 -0.03472500 0.01466529
v 0.05584859 -0.03472339 0.01475743
v 0.05593094 -0.03636931 0.01482802
v 0.05596313 -0.03472181 0.01484818
v 0.05596314 -0.03636878 0.01484818
v 0.05603550 -0.03472121 0.01488264
v 0.05615176 -0.03636713 0.01491152
v 0.05621315 -0.03472064 0.01491514
v 0.05621315 -0.03636703 0.01491514
v 0.05627492 -0.03472071 0.01491142
v 0.05639115 -0.03636788 0.01488256
v 0.05646315 -0.03472181 0.01484815
v 0.05646316 -0.03636878 0.01484815
v 0.05649565 -0.03472217 0.01482776
v 0.05657800 -0.03637117 0.01475717
v 0.05664632 -0.03472500 0.01466528
v 0.05664634 -0.03637357 0.01466524
v 0.05665673 -0.03472533 0.01464661
v 0.05669342 -0.03637642 0.01455650
v 0.05671315 -0.03472937 0.01441514
v 0.05671315 -0.03638012 0.01441514
v 0.05669348 -0.03473184 0.01427372
v 0.05665671 -0.03638619 0.01418343
v 0.05664641 -0.03473374 0.01416500
v 0.05664639 -0.03638668 0.01416495
v 0.05657771 -0.03473534 0.01407286
v 0.05649535 -0.03639093 0.01400227
v 0.05646317 -0.03473693 0.01398211
v 0.05646316 -0.03639146 0.01398211
v 0.05639079 -0.03473753 0.01394765
v 0.05627454 -0.03639312 0.01391877
v 0.05621315 -0.03473810 0.01391514
v 0.05621315 -0.03639322 0.01391514
v 0.05615138 -0.03473803 0.01391887
v 0.05603515 -0.03639236 0.01394773
v 0.05596315 -0.03473693 0.01398213
v 0.05596314 -0.03639146 0.01398214
v 0.05593065 -0.03473657 0.01400253
v 0.05584830 -0.03638908 0.01407311
v 0.05577998 -0.03473374 0.01416501
v 0.05577995 -0.03638667 0.01416505
v 0.05576957 -0.03473341 0.01418368
v 0.05573288 -0.03638383 0.01427379
v 0.05571315 -0.03638012 0.01441514
v 0.05577991 -0.03632122 0.01666465
v 0.05576959 -0.03632170 0.01664617
v 0.05573282 -0.03469200 0.01655588
v 0.05571315 -0.03469447 0.01641446
v 0.05577988 -0.03469010 0.01666460
v 0.05584859 -0.03468850 0.01675674
v 0.05593094 -0.03631696 0.01682733
v 0.05596313 -0.03468691 0.01684749
v 0.05596314 -0.03631643 0.01684749
v 0.05603550 -0.03468631 0.01688196
v 0.05615176 -0.03631477 0.01691083
v 0.05621315 -0.03468574 0.01691446
v 0.05621315 -0.03631468 0.01691446
v 0.05627492 -0.03468581 0.01691073
v 0.05639115 -0.03631553 0.01688187
v 0.05646315 -0.03468691 0.01684747
v 0.05646316 -0.03631643 0.01684747
v 0.05649565 -0.03468727 0.01682708
v 0.05657800 -0.03631881 0.01675649
v 0.05664632 -0.03469010 0.01666460
v 0.05664634 -0.03632122 0.01666455
v 0.05665673 -0.03469043 0.01664593
v 0.05669342 -0.03632407 0.01655582
v 0.05671315 -0.03469447 0.01641446
v 0.05671315 -0.03632777 0.01641446
v 0.05669348 -0.03469694 0.01627303
v 0.05665671 -0.03633384 0.01618274
v 0.05664641 -0.03469884 0.01616432
v 0.05664639 -0.03633432 0.01616427
v 0.05657771 -0.03470045 0.01607218
v 0.05649535 -0.03633858 0.01600159
v 0.05646317 -0.03470203 0.01598143
v 0.05646316 -0.03633911 0.01598142
v 0.05639079 -0.03470263 0.01594696
v 0.05627454 -0.03634077 0.01591809
v 0.05621315 -0.03470320 0.01591446
v 0.05621315 -0.03634086 0.01591446
v 0.05615138 -0.03470313 0.01591819
v 0.05603515 -0.03634001 0.01594705
v 0.05596315 -0.03470203 0.01598145
v 0.05596314 -0.03633911 0.01598145
v 0.05593065 -0.03470167 0.01600184
v 0.05584830 -0.03633673 0.01607243
v 0.05577998 -0.03469884 0.01616432
v 0.05577995 -0.03633432 0.01616436
v 0.05576957 -0.03469851 0.01618299
v 0.05573288 -0.03633147 0.01627310
v 0.05571315 -0.03632777 0.01641446
v 0.05577991 -0.03626886 0.01866397
v 0.05576959 -0.03626935 0.01864549
v 0.05573282 -0.03465710 0.01855520
v 0.05571315 -0.03465957 0.01841377
v 0.05577988 -0.03465521 0.01866391
v 0.05584859 -0.03465360 0.01875606
v 0.05593094 -0.03626461 0.01882664
v 0.05596313 -0.03465201 0.01884681
v 0.05596314 -0.03626408 0.01884681
v 0.05603550 -0.03465141 0.01888127
v 0.05615176 -0.03626242 0.01891015
v 0.05621315 -0.03465084 0.01891377
v 0.05621315 -0.03626232 0.01891377
v 0.05627492 -0.03465091 0.01891005
v 0.05639115 -0.03626318 0.01888118
v 0.05646315 -0.03465201 0.01884678
v 0.05646316 -0.03626408 0.01884678
v 0.05649565 -0.03465237 0.01882639
v 0.05657800 -0.03626646 0.01875580
v 0.05664632 -0.03465521 0.01866391
v 0.05664634 -0.03626887 0.01866387
v 0.05665673 -0.03465553 0.01864524
v 0.05669342 -0.03627171 0.01855513
v 0.05671315 -0.03465957 0.01841377
v 0.05671315 -0.03627542 0.01841377
v 0.05669348 -0.03466204 0.01827235
v 0.05665671 -0.03628148 0.01818206
v 0.05664641 -0.03466394 0.01816363
v 0.05664639 -0.03628197 0.01816358
v 0.05657771 -0.03466555 0.01807149
v 0.05649535 -0.03628623 0.01800090
v 0.05646317 -0.03466713 0.01798074
v 0.05646316 -0.03628676 0.01798074
v 0.05639079 -0.03466773 0.01794628
v 0.05627454 -0.03628841 0.01791740
v 0.05621315 -0.03466830 0.01791377
v 0.05621315 -0.03628851 0.01791377
v 0.05615138 -0.03466823 0.01791750
v 0.05603515 -0.03628765 0.01794636
v 0.05596315 -0.03466713 0.01798076
v 0.05596314 -0.03628675 0.01798077
v 0.05593065 -0.03466677 0.01800115
v 0.05584830 -0.03628437 0.01807174
v 0.05577998 -0.03466394 0.01816364
v 0.05577995 -0.03628197 0.01816368
v 0.05576957 -0.03466361 0.01818231
v 0.05573288 -0.03627912 0.01827241
v 0.05571315 -0.03627542 0.01841377
v 0.03589617 -0.03719729 0.02900000
v 0.03661243 -0.03640315 0.02900000
v 0.03902110 -0.03490498 0.02900000
v 0.04143720 -0.03447479 0.02900000
v 0.04143720 -0.03453743 0.02541137
v 0.04143720 -0.03457233 0.02341206
v 0.04143720 -0.03460722 0.02141275
v 0.04143720 -0.03464212 0.01941343
v 0.04143720 -0.03467702 0.01741412
v 0.04143720 -0.03471192 0.01541480
v 0.06854147 -0.03522630 0.00900797
v 0.06877420 -0.03514556 0.00902967
v 0.06935635 -0.03496819 0.00914006
v 0.06955496 -0.03491626 0.00919865
v 0.06991746 -0.03483157 0.00937326
v 0.04557518 -0.03481532 0.00949127
v 0.05171315 -0.03481532 0.00949127
v 0.06998695 -0.03481532 0.00949127
v 0.06997506 -0.03481856 0.00944250
v 0.06071315 -0.03481532 0.00949127
v 0.05771315 -0.03481532 0.00949127
v 0.05471315 -0.03481532 0.00949127
v 0.06998780 -0.03482389 0.00900000
v 0.06998787 -0.03482463 0.00895754
v 0.08757450 0.00274768 0.00400000
v 0.08719122 0.00282388 0.00400000
v 0.07098909 -0.03482463 0.00895754
v 0.07098909 -0.03482389 0.00900000
v 0.07193041 -0.03468894 0.00899118
v 0.07284611 -0.03426175 0.00899950
v 0.07290524 -0.03422144 0.00900000
v 0.07398468 -0.03304964 0.00929520
v 0.07290807 -0.03421021 0.00946736
v 0.07290079 -0.03421419 0.00948741
v 0.07290057 -0.03421424 0.00949127
v 0.07294000 -0.03419112 0.00943712
v 0.07343824 -0.03379499 0.00932109
v 0.07351357 -0.03371660 0.00931451
v 0.07385883 -0.03326542 0.00929899
v 0.07398181 -0.03304807 0.00930263
v 0.07335122 -0.03383704 0.00949127
v 0.07437740 -0.03231068 0.00914337
v 0.07427162 -0.03228462 0.00930263
v 0.07407535 -0.03275341 0.00949127
v 0.07348690 -0.03369300 0.00949127
v 0.07398914 0.02840841 0.02900000
v 0.07398902 -0.03147513 0.02900000
v 0.07398899 -0.03082629 0.02900002
v 0.07397722 0.02705889 0.02968208
v 0.07370891 0.02539675 0.04505236
v 0.07372971 0.00340765 0.04385522
v 0.07372770 0.00322539 0.04397035
v 0.07370863 -0.02778528 0.04505236
v 0.07372971 -0.00579779 0.04385355
v 0.07373286 -0.00591333 0.04367306
v 0.07372718 0.00305576 0.04400000
v 0.07372715 -0.00544424 0.04400000
v 0.07372769 -0.00561730 0.04396909
v 0.07397137 0.02539674 0.03001777
v 0.07397171 0.02583873 0.02999319
v 0.07397595 0.02686214 0.02975454
v 0.07373588 -0.00594424 0.04350000
v 0.07377952 -0.00594424 0.04100000
v 0.07398895 -0.02778528 0.02900000
v 0.07378365 -0.00588490 0.04076377
v 0.07378570 -0.00579779 0.04064645
v 0.07377956 0.00355576 0.04100000
v 0.07373592 0.00355576 0.04350000
v 0.07373288 0.00352449 0.04367405
v 0.07378826 -0.00544424 0.04050000
v 0.07378829 0.00305576 0.04050000
v 0.07378725 0.00329193 0.04055931
v 0.07378573 0.00340932 0.04064645
v 0.07378443 0.00347065 0.04072081
v 0.07378258 0.00352482 0.04082696
v 0.07378086 0.00355014 0.04092532
v 0.07378677 -0.00572337 0.04058507
v 0.07378772 -0.00561728 0.04053095
v 0.07378816 -0.00551911 0.04050565
v 0.04557518 -0.03471192 0.01541480
v 0.05171315 -0.03471192 0.01541480
v 0.05471315 -0.03471192 0.01541480
v 0.05771315 -0.03471192 0.01541480
v 0.06071315 -0.03471192 0.01541480
v 0.07098909 -0.03471192 0.01541480
v 0.07098909 -0.03453743 0.02541137
v 0.06271315 -0.03451998 0.02641103
v 0.07098909 -0.03447479 0.02900000
v 0.06265673 -0.03451594 0.02664250
v 0.06071315 -0.03453743 0.02541137
v 0.06171315 -0.03451998 0.02641103
v 0.06176957 -0.03452402 0.02617956
v 0.06227492 -0.03451132 0.02690731
v 0.06221315 -0.03451125 0.02691103
v 0.06071315 -0.03447479 0.02900000
v 0.06203550 -0.03451182 0.02687853
v 0.06196313 -0.03451242 0.02684406
v 0.06184859 -0.03451401 0.02675332
v 0.06177988 -0.03451561 0.02666117
v 0.06173282 -0.03451751 0.02655246
v 0.06264632 -0.03451561 0.02666117
v 0.06249565 -0.03451278 0.02682365
v 0.06246315 -0.03451242 0.02684404
v 0.06177998 -0.03452435 0.02616090
v 0.06193065 -0.03452718 0.02599841
v 0.06196315 -0.03452754 0.02597802
v 0.06246316 -0.03452754 0.02597800
v 0.06257771 -0.03452595 0.02606875
v 0.06215138 -0.03452864 0.02591476
v 0.06221315 -0.03452871 0.02591103
v 0.06239079 -0.03452814 0.02594354
v 0.06264642 -0.03452435 0.02616089
v 0.06269348 -0.03452245 0.02626961
v 0.06249565 -0.03454768 0.02482434
v 0.06264632 -0.03455051 0.02466185
v 0.06265673 -0.03455084 0.02464319
v 0.06221315 -0.03454615 0.02491172
v 0.06227492 -0.03454622 0.02490799
v 0.06246315 -0.03454732 0.02484473
v 0.06203550 -0.03454672 0.02487921
v 0.06196313 -0.03454732 0.02484475
v 0.06184859 -0.03454890 0.02475400
v 0.06177988 -0.03455051 0.02466186
v 0.06173282 -0.03455241 0.02455314
v 0.06071315 -0.03457233 0.02341206
v 0.06171315 -0.03455488 0.02441172
v 0.06176957 -0.03455892 0.02418025
v 0.06177998 -0.03455924 0.02416158
v 0.06193065 -0.03456208 0.02399910
v 0.06196315 -0.03456244 0.02397871
v 0.06246316 -0.03456244 0.02397869
v 0.06257771 -0.03456085 0.02406944
v 0.07098909 -0.03457233 0.02341206
v 0.06215138 -0.03456354 0.02391544
v 0.06221315 -0.03456360 0.02391172
v 0.06239079 -0.03456304 0.02394422
v 0.06264642 -0.03455924 0.02416158
v 0.06269348 -0.03455735 0.02427029
v 0.06271315 -0.03455488 0.02441172
v 0.06249565 -0.03458257 0.02282502
v 0.06264632 -0.03458541 0.02266254
v 0.06265673 -0.03458574 0.02264387
v 0.06221315 -0.03458105 0.02291240
v 0.06227492 -0.03458111 0.02290868
v 0.06246315 -0.03458222 0.02284541
v 0.06203550 -0.03458162 0.02287990
v 0.06196313 -0.03458222 0.02284543
v 0.06184859 -0.03458380 0.02275469
v 0.06177988 -0.03458541 0.02266254
v 0.06173282 -0.03458731 0.02255383
v 0.06071315 -0.03460722 0.02141275
v 0.06171315 -0.03458977 0.02241240
v 0.06176957 -0.03459382 0.02218093
v 0.06177998 -0.03459414 0.02216227
v 0.06193065 -0.03459698 0.02199978
v 0.06196315 -0.03459733 0.02197939
v 0.06246316 -0.03459733 0.02197937
v 0.06257771 -0.03459575 0.02207012
v 0.07098909 -0.03460722 0.02141275
v 0.06215138 -0.03459844 0.02191613
v 0.06221315 -0.03459850 0.02191240
v 0.06239079 -0.03459794 0.02194491
v 0.06264642 -0.03459414 0.02216226
v 0.06269348 -0.03459224 0.02227098
v 0.06271315 -0.03458977 0.02241240
v 0.06249565 -0.03461747 0.02082571
v 0.06264632 -0.03462031 0.02066323
v 0.06265673 -0.03462064 0.02064456
v 0.06221315 -0.03461595 0.02091309
v 0.06227492 -0.03461601 0.02090936
v 0.06246315 -0.03461711 0.02084610
v 0.06203550 -0.03461652 0.02088059
v 0.06196313 -0.03461711 0.02084612
v 0.06184859 -0.03461870 0.02075537
v 0.06177988 -0.03462031 0.02066323
v 0.06173282 -0.03462221 0.02055451
v 0.06071315 -0.03464212 0.01941343
v 0.06171315 -0.03462467 0.02041309
v 0.06176957 -0.03462872 0.02018162
v 0.06177998 -0.03462904 0.02016295
v 0.06193065 -0.03463188 0.02000047
v 0.06196315 -0.03463223 0.01998008
v 0.06246316 -0.03463223 0.01998006
v 0.06257771 -0.03463065 0.02007081
v 0.07098909 -0.03464212 0.01941343
v 0.06215138 -0.03463334 0.01991682
v 0.06221315 -0.03463340 0.01991309
v 0.06239079 -0.03463284 0.01994559
v 0.06264642 -0.03462904 0.02016295
v 0.06269348 -0.03462714 0.02027166
v 0.06271315 -0.03462467 0.02041309
v 0.06071315 -0.03467702 0.01741412
v 0.07098909 -0.03467702 0.01741412
v 0.05971315 -0.03451998 0.02641103
v 0.05771315 -0.03453743 0.02541137
v 0.05871315 -0.03451998 0.02641103
v 0.05876957 -0.03452402 0.02617956
v 0.05965673 -0.03451594 0.02664250
v 0.05964632 -0.03451561 0.02666117
v 0.05949565 -0.03451278 0.02682365
v 0.05946315 -0.03451242 0.02684404
v 0.05927492 -0.03451132 0.02690731
v 0.05771315 -0.03447479 0.02900000
v 0.05921315 -0.03451125 0.02691103
v 0.05903551 -0.03451182 0.02687853
v 0.05896313 -0.03451242 0.02684406
v 0.05884859 -0.03451401 0.02675332
v 0.05877988 -0.03451561 0.02666117
v 0.05873282 -0.03451751 0.02655246
v 0.05877998 -0.03452435 0.02616090
v 0.05893065 -0.03452718 0.02599841
v 0.05896315 -0.03452754 0.02597802
v 0.05946317 -0.03452754 0.02597800
v 0.05957771 -0.03452595 0.02606875
v 0.05915137 -0.03452864 0.02591476
v 0.05921315 -0.03452871 0.02591103
v 0.05939079 -0.03452814 0.02594354
v 0.05964642 -0.03452435 0.02616089
v 0.05969348 -0.03452245 0.02626961
v 0.05896313 -0.03454732 0.02484475
v 0.05884859 -0.03454890 0.02475400
v 0.05965673 -0.03455084 0.02464319
v 0.05964632 -0.03455051 0.02466185
v 0.05949565 -0.03454768 0.02482434
v 0.05946315 -0.03454732 0.02484473
v 0.05927492 -0.03454622 0.02490799
v 0.05921315 -0.03454615 0.02491172
v 0.05903551 -0.03454672 0.02487921
v 0.05877988 -0.03455051 0.02466186
v 0.05873282 -0.03455241 0.02455314
v 0.05771315 -0.03457233 0.02341206
v 0.05871315 -0.03455488 0.02441172
v 0.05876957 -0.03455892 0.02418025
v 0.05877998 -0.03455924 0.02416158
v 0.05893065 -0.03456208 0.02399910
v 0.05896315 -0.03456244 0.02397871
v 0.05946317 -0.03456244 0.02397869
v 0.05957771 -0.03456085 0.02406944
v 0.05915137 -0.03456354 0.02391544
v 0.05921315 -0.03456360 0.02391172
v 0.05939079 -0.03456304 0.02394422
v 0.05964642 -0.03455924 0.02416158
v 0.05969348 -0.03455735 0.02427029
v 0.05971315 -0.03455488 0.02441172
v 0.05896313 -0.03458222 0.02284543
v 0.05884859 -0.03458380 0.02275469
v 0.05965673 -0.03458574 0.02264387
v 0.05964632 -0.03458541 0.02266254
v 0.05949565 -0.03458257 0.02282502
v 0.05946315 -0.03458222 0.02284541
v 0.05927492 -0.03458111 0.02290868
v 0.05921315 -0.03458105 0.02291240
v 0.05903551 -0.03458162 0.02287990
v 0.05877988 -0.03458541 0.02266254
v 0.05873282 -0.03458731 0.02255383
v 0.05771315 -0.03460722 0.02141275
v 0.05871315 -0.03458977 0.02241240
v 0.05876957 -0.03459382 0.02218093
v 0.05877998 -0.03459414 0.02216227
v 0.05893065 -0.03459698 0.02199978
v 0.05896315 -0.03459733 0.02197939
v 0.05946317 -0.03459733 0.02197937
v 0.05957771 -0.03459575 0.02207012
v 0.05915137 -0.03459844 0.02191613
v 0.05921315 -0.03459850 0.02191240
v 0.05939079 -0.03459794 0.02194491
v 0.05964642 -0.03459414 0.02216226
v 0.05969348 -0.03459224 0.02227098
v 0.05971315 -0.03458977 0.02241240
v 0.05896313 -0.03461711 0.02084612
v 0.05884859 -0.03461870 0.02075537
v 0.05965673 -0.03462064 0.02064456
v 0.05964632 -0.03462031 0.02066323
v 0.05949565 -0.03461747 0.02082571
v 0.05946315 -0.03461711 0.02084610
v 0.05927492 -0.03461601 0.02090936
v 0.05921315 -0.03461595 0.02091309
v 0.05903551 -0.03461652 0.02088059
v 0.05877988 -0.03462031 0.02066323
v 0.05873282 -0.03462221 0.02055451
v 0.05771315 -0.03464212 0.01941343
v 0.05871315 -0.03462467 0.02041309
v 0.05876957 -0.03462872 0.02018162
v 0.05877998 -0.03462904 0.02016295
v 0.05893065 -0.03463188 0.02000047
v 0.05896315 -0.03463223 0.01998008
v 0.05946317 -0.03463223 0.01998006
v 0.05957771 -0.03463065 0.02007081
v 0.05915137 -0.03463334 0.01991682
v 0.05921315 -0.03463340 0.01991309
v 0.05939079 -0.03463284 0.01994559
v 0.05964642 -0.03462904 0.02016295
v 0.05969348 -0.03462714 0.02027166
v 0.05971315 -0.03462467 0.02041309
v 0.05771315 -0.03467702 0.01741412
v 0.05671315 -0.03451998 0.02641103
v 0.05471315 -0.03453743 0.02541137
v 0.05571315 -0.03451998 0.02641103
v 0.05576957 -0.03452402 0.02617956
v 0.05665673 -0.03451594 0.02664250
v 0.05664632 -0.03451561 0.02666117
v 0.05649565 -0.03451278 0.02682365
v 0.05646315 -0.03451242 0.02684404
v 0.05627492 -0.03451132 0.02690731
v 0.05471315 -0.03447479 0.02900000
v 0.05621315 -0.03451125 0.02691103
v 0.05603550 -0.03451182 0.02687853
v 0.05596313 -0.03451242 0.02684406
v 0.05584859 -0.03451401 0.02675332
v 0.05577988 -0.03451561 0.02666117
v 0.05573282 -0.03451751 0.02655246
v 0.05577998 -0.03452435 0.02616090
v 0.05593065 -0.03452718 0.02599841
v 0.05596315 -0.03452754 0.02597802
v 0.05646317 -0.03452754 0.02597800
v 0.05657771 -0.03452595 0.02606875
v 0.05615138 -0.03452864 0.02591476
v 0.05621315 -0.03452871 0.02591103
v 0.05639079 -0.03452814 0.02594354
v 0.05664641 -0.03452435 0.02616089
v 0.05669348 -0.03452245 0.02626961
v 0.05596313 -0.03454732 0.02484475
v 0.05584859 -0.03454890 0.02475400
v 0.05665673 -0.03455084 0.02464319
v 0.05664632 -0.03455051 0.02466185
v 0.05649565 -0.03454768 0.02482434
v 0.05646315 -0.03454732 0.02484473
v 0.05627492 -0.03454622 0.02490799
v 0.05621315 -0.03454615 0.02491172
v 0.05603550 -0.03454672 0.02487921
v 0.05577988 -0.03455051 0.02466186
v 0.05573282 -0.03455241 0.02455314
v 0.05471315 -0.03457233 0.02341206
v 0.05571315 -0.03455488 0.02441172
v 0.05576957 -0.03455892 0.02418025
v 0.05577998 -0.03455924 0.02416158
v 0.05593065 -0.03456208 0.02399910
v 0.05596315 -0.03456244 0.02397871
v 0.05646317 -0.03456244 0.02397869
v 0.05657771 -0.03456085 0.02406944
v 0.05615138 -0.03456354 0.02391544
v 0.05621315 -0.03456360 0.02391172
v 0.05639079 -0.03456304 0.02394422
v 0.05664641 -0.03455924 0.02416158
v 0.05669348 -0.03455735 0.02427029
v 0.05671315 -0.03455488 0.02441172
v 0.05596313 -0.03458222 0.02284543
v 0.05584859 -0.03458380 0.02275469
v 0.05665673 -0.03458574 0.02264387
v 0.05664632 -0.03458541 0.02266254
v 0.05649565 -0.03458257 0.02282502
v 0.05646315 -0.03458222 0.02284541
v 0.05627492 -0.03458111 0.02290868
v 0.05621315 -0.03458105 0.02291240
v 0.05603550 -0.03458162 0.02287990
v 0.05577988 -0.03458541 0.02266254
v 0.05573282 -0.03458731 0.02255383
v 0.05471315 -0.03460722 0.02141275
v 0.05571315 -0.03458977 0.02241240
v 0.05576957 -0.03459382 0.02218093
v 0.05577998 -0.03459414 0.02216227
v 0.05593065 -0.03459698 0.02199978
v 0.05596315 -0.03459733 0.02197939
v 0.05646317 -0.03459733 0.02197937
v 0.05657771 -0.03459575 0.02207012
v 0.05615138 -0.03459844 0.02191613
v 0.05621315 -0.03459850 0.02191240
v 0.05639079 -0.03459794 0.02194491
v 0.05664641 -0.03459414 0.02216226
v 0.05669348 -0.03459224 0.02227098
v 0.05671315 -0.03458977 0.02241240
v 0.05596313 -0.03461711 0.02084612
v 0.05584859 -0.03461870 0.02075537
v 0.05665673 -0.03462064 0.02064456
v 0.05664632 -0.03462031 0.02066323
v 0.05649565 -0.03461747 0.02082571
v 0.05646315 -0.03461711 0.02084610
v 0.05627492 -0.03461601 0.02090936
v 0.05621315 -0.03461595 0.02091309
v 0.05603550 -0.03461652 0.02088059
v 0.05577988 -0.03462031 0.02066323
v 0.05573282 -0.03462221 0.02055451
v 0.05471315 -0.03464212 0.01941343
v 0.05571315 -0.03462467 0.02041309
v 0.05576957 -0.03462872 0.02018162
v 0.05577998 -0.03462904 0.02016295
v 0.05593065 -0.03463188 0.02000047
v 0.05596315 -0.03463223 0.01998008
v 0.05646317 -0.03463223 0.01998006
v 0.05657771 -0.03463065 0.02007081
v 0.05615138 -0.03463334 0.01991682
v 0.05621315 -0.03463340 0.01991309
v 0.05639079 -0.03463284 0.01994559
v 0.05664641 -0.03462904 0.02016295
v 0.05669348 -0.03462714 0.02027166
v 0.05671315 -0.03462467 0.02041309
v 0.05471315 -0.03467702 0.01741412
v 0.05371315 -0.03451998 0.02641103
v 0.05273282 -0.03451751 0.02655246
v 0.05271315 -0.03451998 0.02641103
v 0.05171315 -0.03453743 0.02541137
v 0.05276957 -0.03452402 0.02617956
v 0.05365673 -0.03451594 0.02664250
v 0.05364632 -0.03451561 0.02666117
v 0.05349565 -0.03451278 0.02682365
v 0.05346315 -0.03451242 0.02684404
v 0.05327492 -0.03451132 0.02690731
v 0.05171315 -0.03447479 0.02900000
v 0.05321315 -0.03451125 0.02691103
v 0.05303551 -0.03451182 0.02687853
v 0.05296313 -0.03451242 0.02684406
v 0.05284859 -0.03451401 0.02675332
v 0.05277988 -0.03451561 0.02666117
v 0.05277998 -0.03452435 0.02616090
v 0.05293065 -0.03452718 0.02599841
v 0.05296315 -0.03452754 0.02597802
v 0.05346316 -0.03452754 0.02597800
v 0.05357771 -0.03452595 0.02606875
v 0.05315137 -0.03452864 0.02591476
v 0.05321315 -0.03452871 0.02591103
v 0.05339079 -0.03452814 0.02594354
v 0.05364642 -0.03452435 0.02616089
v 0.05369348 -0.03452245 0.02626961
v 0.05296313 -0.03454732 0.02484475
v 0.05284859 -0.03454890 0.02475400
v 0.05365673 -0.03455084 0.02464319
v 0.05364632 -0.03455051 0.02466185
v 0.05349565 -0.03454768 0.02482434
v 0.05346315 -0.03454732 0.02484473
v 0.05327492 -0.03454622 0.02490799
v 0.05321315 -0.03454615 0.02491172
v 0.05303551 -0.03454672 0.02487921
v 0.05277988 -0.03455051 0.02466186
v 0.05273282 -0.03455241 0.02455314
v 0.05171315 -0.03457233 0.02341206
v 0.05271315 -0.03455488 0.02441172
v 0.05276957 -0.03455892 0.02418025
v 0.05277998 -0.03455924 0.02416158
v 0.05293065 -0.03456208 0.02399910
v 0.05296315 -0.03456244 0.02397871
v 0.05346316 -0.03456244 0.02397869
v 0.05357771 -0.03456085 0.02406944
v 0.05315137 -0.03456354 0.02391544
v 0.05321315 -0.03456360 0.02391172
v 0.05339079 -0.03456304 0.02394422
v 0.05364642 -0.03455924 0.02416158
v 0.05369348 -0.03455735 0.02427029
v 0.05371315 -0.03455488 0.02441172
v 0.05296313 -0.03458222 0.02284543
v 0.05284859 -0.03458380 0.02275469
v 0.05365673 -0.03458574 0.02264387
v 0.05364632 -0.03458541 0.02266254
v 0.05349565 -0.03458257 0.02282502
v 0.05346315 -0.03458222 0.02284541
v 0.05327492 -0.03458111 0.02290868
v 0.05321315 -0.03458105 0.02291240
v 0.05303551 -0.03458162 0.02287990
v 0.05277988 -0.03458541 0.02266254
v 0.05273282 -0.03458731 0.02255383
v 0.05171315 -0.03460722 0.02141275
v 0.05271315 -0.03458977 0.02241240
v 0.05276957 -0.03459382 0.02218093
v 0.05277998 -0.03459414 0.02216227
v 0.05293065 -0.03459698 0.02199978
v 0.05296315 -0.03459733 0.02197939
v 0.05346316 -0.03459733 0.02197937
v 0.05357771 -0.03459575 0.02207012
v 0.05315137 -0.03459844 0.02191613
v 0.05321315 -0.03459850 0.02191240
v 0.05339079 -0.03459794 0.02194491
v 0.05364642 -0.03459414 0.02216226
v 0.05369348 -0.03459224 0.02227098
v 0.05371315 -0.03458977 0.02241240
v 0.05296313 -0.03461711 0.02084612
v 0.05284859 -0.03461870 0.02075537
v 0.05365673 -0.03462064 0.02064456
v 0.05364632 -0.03462031 0.02066323
v 0.05349565 -0.03461747 0.02082571
v 0.05346315 -0.03461711 0.02084610
v 0.05327492 -0.03461601 0.02090936
v 0.05321315 -0.03461595 0.02091309
v 0.05303551 -0.03461652 0.02088059
v 0.05277988 -0.03462031 0.02066323
v 0.05273282 -0.03462221 0.02055451
v 0.05171315 -0.03464212 0.01941343
v 0.05271315 -0.03462467 0.02041309
v 0.05276957 -0.03462872 0.02018162
v 0.05277998 -0.03462904 0.02016295
v 0.05293065 -0.03463188 0.02000047
v 0.05296315 -0.03463223 0.01998008
v 0.05346316 -0.03463223 0.01998006
v 0.05357771 -0.03463065 0.02007081
v 0.05315137 -0.03463334 0.01991682
v 0.05321315 -0.03463340 0.01991309
v 0.05339079 -0.03463284 0.01994559
v 0.05364642 -0.03462904 0.02016295
v 0.05369348 -0.03462714 0.02027166
v 0.05371315 -0.03462467 0.02041309
v 0.05171315 -0.03467702 0.01741412
v 0.05071315 -0.03451998 0.02641103
v 0.05065673 -0.03451594 0.02664250
v 0.04996313 -0.03451242 0.02684406
v 0.04984859 -0.03451401 0.02675332
v 0.04557518 -0.03447479 0.02900000
v 0.05064632 -0.03451561 0.02666117
v 0.05049565 -0.03451278 0.02682365
v 0.05046315 -0.03451242 0.02684404
v 0.05027492 -0.03451132 0.02690731
v 0.05021315 -0.03451125 0.02691103
v 0.05003550 -0.03451182 0.02687853
v 0.04971315 -0.03451998 0.02641103
v 0.04557518 -0.03453743 0.02541137
v 0.04973282 -0.03451751 0.02655246
v 0.04977988 -0.03451561 0.02666117
v 0.04976957 -0.03452402 0.02617956
v 0.04977998 -0.03452435 0.02616090
v 0.04993065 -0.03452718 0.02599841
v 0.05021315 -0.03452871 0.02591103
v 0.05015137 -0.03452864 0.02591476
v 0.04996315 -0.03452754 0.02597802
v 0.05039079 -0.03452814 0.02594354
v 0.05046317 -0.03452754 0.02597800
v 0.05057771 -0.03452595 0.02606875
v 0.05064642 -0.03452435 0.02616089
v 0.05069348 -0.03452245 0.02626961
v 0.04996313 -0.03454732 0.02484475
v 0.04984859 -0.03454890 0.02475400
v 0.05065673 -0.03455084 0.02464319
v 0.05064632 -0.03455051 0.02466185
v 0.05049565 -0.03454768 0.02482434
v 0.05046315 -0.03454732 0.02484473
v 0.05027492 -0.03454622 0.02490799
v 0.05021315 -0.03454615 0.02491172
v 0.05003550 -0.03454672 0.02487921
v 0.04971315 -0.03455488 0.02441172
v 0.04557518 -0.03457233 0.02341206
v 0.04973282 -0.03455241 0.02455314
v 0.04977988 -0.03455051 0.02466186
v 0.04976957 -0.03455892 0.02418025
v 0.04977998 -0.03455924 0.02416158
v 0.04993065 -0.03456208 0.02399910
v 0.05021315 -0.03456360 0.02391172
v 0.05015137 -0.03456354 0.02391544
v 0.04996315 -0.03456244 0.02397871
v 0.05039079 -0.03456304 0.02394422
v 0.05046317 -0.03456244 0.02397869
v 0.05057771 -0.03456085 0.02406944
v 0.05064642 -0.03455924 0.02416158
v 0.05069348 -0.03455735 0.02427029
v 0.05071315 -0.03455488 0.02441172
v 0.04996313 -0.03458222 0.02284543
v 0.04984859 -0.03458380 0.02275469
v 0.05065673 -0.03458574 0.02264387
v 0.05064632 -0.03458541 0.02266254
v 0.05049565 -0.03458257 0.02282502
v 0.05046315 -0.03458222 0.02284541
v 0.05027492 -0.03458111 0.02290868
v 0.05021315 -0.03458105 0.02291240
v 0.05003550 -0.03458162 0.02287990
v 0.04971315 -0.03458977 0.02241240
v 0.04557518 -0.03460722 0.02141275
v 0.04973282 -0.03458731 0.02255383
v 0.04977988 -0.03458541 0.02266254
v 0.04976957 -0.03459382 0.02218093
v 0.04977998 -0.03459414 0.02216227
v 0.04993065 -0.03459698 0.02199978
v 0.05021315 -0.03459850 0.02191240
v 0.05015137 -0.03459844 0.02191613
v 0.04996315 -0.03459733 0.02197939
v 0.05039079 -0.03459794 0.02194491
v 0.05046317 -0.03459733 0.02197937
v 0.05057771 -0.03459575 0.02207012
v 0.05064642 -0.03459414 0.02216226
v 0.05069348 -0.03459224 0.02227098
v 0.05071315 -0.03458977 0.02241240
v 0.04996313 -0.03461711 0.02084612
v 0.04984859 -0.03461870 0.02075537
v 0.05065673 -0.03462064 0.02064456
v 0.05064632 -0.03462031 0.02066323
v 0.05049565 -0.03461747 0.02082571
v 0.05046315 -0.03461711 0.02084610
v 0.05027492 -0.03461601 0.02090936
v 0.05021315 -0.03461595 0.02091309
v 0.05003550 -0.03461652 0.02088059
v 0.04971315 -0.03462467 0.02041309
v 0.04557518 -0.03464212 0.01941343
v 0.04973282 -0.03462221 0.02055451
v 0.04977988 -0.03462031 0.02066323
v 0.04976957 -0.03462872 0.02018162
v 0.04977998 -0.03462904 0.02016295
v 0.04993065 -0.03463188 0.02000047
v 0.05021315 -0.03463340 0.01991309
v 0.05015137 -0.03463334 0.01991682
v 0.04996315 -0.03463223 0.01998008
v 0.05039079 -0.03463284 0.01994559
v 0.05046317 -0.03463223 0.01998006
v 0.05057771 -0.03463065 0.02007081
v 0.05064642 -0.03462904 0.02016295
v 0.05069348 -0.03462714 0.02027166
v 0.05071315 -0.03462467 0.02041309
v 0.04557518 -0.03467702 0.01741412
v 0.07213718 -0.03424646 0.02900000
v 0.07311045 -0.03359624 0.02900000
v 0.07376074 -0.03262309 0.02900000
v 0.01032833 -0.00968278 0.00000000
v 0.01032833 -0.00795809 0.00000000
v 0.01032833 -0.00951120 0.00000000
v 0.07547289 0.02530076 0.03051309
v 0.07520921 0.00333152 0.04058278
v 0.07521056 0.00322884 0.04053086
v 0.07547289 -0.03147479 0.03051309
v 0.07547289 -0.02768924 0.03051309
v 0.07521138 -0.00544424 0.04050000
v 0.07513282 0.00355576 0.04350000
v 0.07519828 0.00355576 0.04100000
v 0.07520457 0.00349461 0.04076007
v 0.07520754 0.00340932 0.04064646
v 0.07521114 0.00314937 0.04050865
v 0.07521138 0.00305576 0.04050000
v 0.07509011 0.02530076 0.04513089
v 0.07512132 0.00329555 0.04393892
v 0.07512352 0.00340765 0.04385520
v 0.07512559 0.00347288 0.04377591
v 0.07512826 0.00352454 0.04367407
v 0.07513038 0.00354721 0.04359310
v 0.07520282 -0.00591338 0.04082693
v 0.07520072 -0.00593568 0.04090689
v 0.07509011 -0.02768924 0.04513089
v 0.07520977 -0.00568402 0.04056108
v 0.07520754 -0.00579780 0.04064645
v 0.07520550 -0.00586135 0.04072409
v 0.07519828 -0.00594424 0.04100000
v 0.07513282 -0.00594424 0.04350000
v 0.07512654 -0.00588308 0.04373993
v 0.07512356 -0.00579780 0.04385355
v 0.07512189 -0.00572000 0.04391722
v 0.07512053 -0.00561732 0.04396914
v 0.07511995 -0.00553784 0.04399135
v 0.07511973 -0.00544424 0.04400000
v 0.07511973 0.00305576 0.04400000
v 0.07231416 -0.03631840 0.01111746
v 0.07230510 -0.03628528 0.01128691
v 0.07387654 -0.03558320 0.01111746
v 0.07385679 -0.03555511 0.01128691
v 0.07509751 -0.03436223 0.01111746
v 0.07506941 -0.03434248 0.01128691
v 0.07451561 -0.03500131 0.01128691
v 0.07579958 -0.03279079 0.01128691
v 0.07583271 -0.03279985 0.01111746
v 0.07594517 -0.03283062 0.01094185
v 0.07611744 -0.03287775 0.01082989
v 0.07519290 -0.03442927 0.01094185
v 0.05921315 -0.03618380 0.02191240
v 0.05771315 -0.03619688 0.02141275
v 0.06071315 -0.03619688 0.02141275
v 0.04557518 -0.03642763 0.01260099
v 0.04557518 -0.03635395 0.01541480
v 0.04557518 -0.03630159 0.01741412
v 0.04557518 -0.03624924 0.01941343
v 0.04557518 -0.03619688 0.02141275
v 0.04557518 -0.03614453 0.02341206
v 0.04557518 -0.03609218 0.02541137
v 0.04557518 -0.03595858 0.03051309
v 0.05003515 -0.03607824 0.02594362
v 0.05021315 -0.03607909 0.02591103
v 0.05171315 -0.03609218 0.02541137
v 0.05049536 -0.03607681 0.02599816
v 0.05064639 -0.03607255 0.02616084
v 0.05065671 -0.03607207 0.02617932
v 0.05046316 -0.03607734 0.02597800
v 0.05027454 -0.03607900 0.02591466
v 0.04996314 -0.03607734 0.02597803
v 0.04984830 -0.03607496 0.02606900
v 0.04977996 -0.03607255 0.02616094
v 0.04973288 -0.03606970 0.02626967
v 0.04971315 -0.03606600 0.02641103
v 0.04976959 -0.03605993 0.02664275
v 0.04977991 -0.03605945 0.02666122
v 0.04993095 -0.03605519 0.02682390
v 0.04996314 -0.03605466 0.02684407
v 0.05171315 -0.03595858 0.03051309
v 0.05015176 -0.03605300 0.02690740
v 0.05021315 -0.03605291 0.02691103
v 0.05039115 -0.03605376 0.02687844
v 0.05046315 -0.03605466 0.02684404
v 0.05057800 -0.03605704 0.02675306
v 0.05064635 -0.03605945 0.02666113
v 0.05069342 -0.03606230 0.02655239
v 0.05071315 -0.03606600 0.02641103
v 0.04996314 -0.03612969 0.02397871
v 0.04984830 -0.03612731 0.02406969
v 0.05065671 -0.03612442 0.02418000
v 0.05064639 -0.03612490 0.02416153
v 0.05171315 -0.03614453 0.02341206
v 0.05049536 -0.03612917 0.02399885
v 0.05046316 -0.03612969 0.02397868
v 0.05027454 -0.03613135 0.02391534
v 0.05021315 -0.03613145 0.02391172
v 0.05003515 -0.03613059 0.02394431
v 0.04971315 -0.03611835 0.02441172
v 0.04973288 -0.03612205 0.02427036
v 0.04977996 -0.03612490 0.02416162
v 0.04976959 -0.03611229 0.02464343
v 0.04977991 -0.03611180 0.02466191
v 0.04993095 -0.03610754 0.02482459
v 0.05021315 -0.03610526 0.02491172
v 0.05015176 -0.03610536 0.02490809
v 0.04996314 -0.03610701 0.02484475
v 0.05039115 -0.03610611 0.02487913
v 0.05046315 -0.03610701 0.02484472
v 0.05057800 -0.03610940 0.02475375
v 0.05064635 -0.03611181 0.02466181
v 0.05069342 -0.03611465 0.02455308
v 0.05071315 -0.03611835 0.02441172
v 0.04996314 -0.03618205 0.02197940
v 0.04984830 -0.03617967 0.02207037
v 0.05065671 -0.03617677 0.02218069
v 0.05064639 -0.03617726 0.02216221
v 0.05171315 -0.03619688 0.02141275
v 0.05049536 -0.03618152 0.02199953
v 0.05046316 -0.03618205 0.02197937
v 0.05027454 -0.03618371 0.02191603
v 0.05021315 -0.03618380 0.02191240
v 0.05003515 -0.03618295 0.02194499
v 0.04971315 -0.03617071 0.02241240
v 0.04973288 -0.03617441 0.02227104
v 0.04977996 -0.03617726 0.02216231
v 0.04976959 -0.03616464 0.02264412
v 0.04977991 -0.03616416 0.02266259
v 0.04993095 -0.03615990 0.02282527
v 0.05021315 -0.03615762 0.02291240
v 0.05015176 -0.03615771 0.02290878
v 0.04996314 -0.03615937 0.02284544
v 0.05039115 -0.03615847 0.02287981
v 0.05046315 -0.03615937 0.02284541
v 0.05057800 -0.03616175 0.02275443
v 0.05064635 -0.03616416 0.02266250
v 0.05069342 -0.03616701 0.02255376
v 0.05071315 -0.03617071 0.02241240
v 0.05171315 -0.03624924 0.01941343
v 0.05021315 -0.03623616 0.01991309
v 0.05003515 -0.03623530 0.01994568
v 0.04996314 -0.03623440 0.01998008
v 0.04984830 -0.03623202 0.02007106
v 0.04971315 -0.03622306 0.02041309
v 0.04973288 -0.03622676 0.02027173
v 0.04977996 -0.03622961 0.02016299
v 0.05049536 -0.03623387 0.02000022
v 0.05064639 -0.03622961 0.02016290
v 0.05065671 -0.03622913 0.02018137
v 0.05046316 -0.03623440 0.01998005
v 0.05027454 -0.03623606 0.01991672
v 0.04976959 -0.03621699 0.02064480
v 0.04977991 -0.03621651 0.02066328
v 0.04993095 -0.03621225 0.02082596
v 0.05021315 -0.03620997 0.02091309
v 0.05015176 -0.03621006 0.02090946
v 0.04996314 -0.03621172 0.02084612
v 0.05039115 -0.03621082 0.02088050
v 0.05046315 -0.03621172 0.02084609
v 0.05057800 -0.03621411 0.02075512
v 0.05064635 -0.03621651 0.02066318
v 0.05069342 -0.03621936 0.02055445
v 0.05071315 -0.03622306 0.02041309
v 0.05171315 -0.03630159 0.01741412
v 0.05171315 -0.03635395 0.01541480
v 0.05171315 -0.03642763 0.01260099
v 0.05471315 -0.03609218 0.02541137
v 0.05321315 -0.03607909 0.02591103
v 0.05303515 -0.03607824 0.02594362
v 0.05349535 -0.03607681 0.02599816
v 0.05364639 -0.03607255 0.02616084
v 0.05365671 -0.03607207 0.02617932
v 0.05346316 -0.03607734 0.02597800
v 0.05327453 -0.03607900 0.02591466
v 0.05296315 -0.03607734 0.02597803
v 0.05284829 -0.03607496 0.02606900
v 0.05277995 -0.03607255 0.02616094
v 0.05277991 -0.03605945 0.02666122
v 0.05293094 -0.03605519 0.02682390
v 0.05273288 -0.03606970 0.02626967
v 0.05271315 -0.03606600 0.02641103
v 0.05276959 -0.03605993 0.02664275
v 0.05296314 -0.03605466 0.02684407
v 0.05315176 -0.03605300 0.02690740
v 0.05471315 -0.03595858 0.03051309
v 0.05321315 -0.03605291 0.02691103
v 0.05339115 -0.03605376 0.02687844
v 0.05346315 -0.03605466 0.02684404
v 0.05357800 -0.03605704 0.02675306
v 0.05364634 -0.03605945 0.02666113
v 0.05369341 -0.03606230 0.02655239
v 0.05371315 -0.03606600 0.02641103
v 0.05296315 -0.03612969 0.02397871
v 0.05284829 -0.03612731 0.02406969
v 0.05365671 -0.03612442 0.02418000
v 0.05364639 -0.03612490 0.02416153
v 0.05471315 -0.03614453 0.02341206
v 0.05349535 -0.03612917 0.02399885
v 0.05346316 -0.03612969 0.02397868
v 0.05327453 -0.03613135 0.02391534
v 0.05321315 -0.03613145 0.02391172
v 0.05303515 -0.03613059 0.02394431
v 0.05277995 -0.03612490 0.02416162
v 0.05273288 -0.03612205 0.02427036
v 0.05271315 -0.03611835 0.02441172
v 0.05276959 -0.03611229 0.02464343
v 0.05277991 -0.03611180 0.02466191
v 0.05293094 -0.03610754 0.02482459
v 0.05296314 -0.03610701 0.02484475
v 0.05346315 -0.03610701 0.02484472
v 0.05357800 -0.03610940 0.02475375
v 0.05315176 -0.03610536 0.02490809
v 0.05321315 -0.03610526 0.02491172
v 0.05339115 -0.03610611 0.02487913
v 0.05364634 -0.03611181 0.02466181
v 0.05369341 -0.03611465 0.02455308
v 0.05371315 -0.03611835 0.02441172
v 0.05296315 -0.03618205 0.02197940
v 0.05284829 -0.03617967 0.02207037
v 0.05365671 -0.03617677 0.02218069
v 0.05364639 -0.03617726 0.02216221
v 0.05471315 -0.03619688 0.02141275
v 0.05349535 -0.03618152 0.02199953
v 0.05346316 -0.03618205 0.02197937
v 0.05327453 -0.03618371 0.02191603
v 0.05321315 -0.03618380 0.02191240
v 0.05303515 -0.03618295 0.02194499
v 0.05277995 -0.03617726 0.02216231
v 0.05273288 -0.03617441 0.02227104
v 0.05271315 -0.03617071 0.02241240
v 0.05276959 -0.03616464 0.02264412
v 0.05277991 -0.03616416 0.02266259
v 0.05293094 -0.03615990 0.02282527
v 0.05296314 -0.03615937 0.02284544
v 0.05346315 -0.03615937 0.02284541
v 0.05357800 -0.03616175 0.02275443
v 0.05315176 -0.03615771 0.02290878
v 0.05321315 -0.03615762 0.02291240
v 0.05339115 -0.03615847 0.02287981
v 0.05364634 -0.03616416 0.02266250
v 0.05369341 -0.03616701 0.02255376
v 0.05371315 -0.03617071 0.02241240
v 0.05296315 -0.03623440 0.01998008
v 0.05284829 -0.03623202 0.02007106
v 0.05365671 -0.03622913 0.02018137
v 0.05364639 -0.03622961 0.02016290
v 0.05471315 -0.03624924 0.01941343
v 0.05349535 -0.03623387 0.02000022
v 0.05346316 -0.03623440 0.01998005
v 0.05327453 -0.03623606 0.01991672
v 0.05321315 -0.03623616 0.01991309
v 0.05303515 -0.03623530 0.01994568
v 0.05277995 -0.03622961 0.02016299
v 0.05273288 -0.03622676 0.02027173
v 0.05271315 -0.03622306 0.02041309
v 0.05276959 -0.03621699 0.02064480
v 0.05277991 -0.03621651 0.02066328
v 0.05293094 -0.03621225 0.02082596
v 0.05296314 -0.03621172 0.02084612
v 0.05346315 -0.03621172 0.02084609
v 0.05357800 -0.03621411 0.02075512
v 0.05315176 -0.03621006 0.02090946
v 0.05321315 -0.03620997 0.02091309
v 0.05339115 -0.03621082 0.02088050
v 0.05364634 -0.03621651 0.02066318
v 0.05369341 -0.03621936 0.02055445
v 0.05371315 -0.03622306 0.02041309
v 0.05471315 -0.03630159 0.01741412
v 0.05471315 -0.03635395 0.01541480
v 0.05471315 -0.03642763 0.01260099
v 0.05771315 -0.03609218 0.02541137
v 0.05621315 -0.03607909 0.02591103
v 0.05603515 -0.03607824 0.02594362
v 0.05649535 -0.03607681 0.02599816
v 0.05664639 -0.03607255 0.02616084
v 0.05665671 -0.03607207 0.02617932
v 0.05646316 -0.03607734 0.02597800
v 0.05627454 -0.03607900 0.02591466
v 0.05596314 -0.03607734 0.02597803
v 0.05584830 -0.03607496 0.02606900
v 0.05577995 -0.03607255 0.02616094
v 0.05577991 -0.03605945 0.02666122
v 0.05593094 -0.03605519 0.02682390
v 0.05573288 -0.03606970 0.02626967
v 0.05571315 -0.03606600 0.02641103
v 0.05576959 -0.03605993 0.02664275
v 0.05596314 -0.03605466 0.02684407
v 0.05615176 -0.03605300 0.02690740
v 0.05771315 -0.03595858 0.03051309
v 0.05621315 -0.03605291 0.02691103
v 0.05639115 -0.03605376 0.02687844
v 0.05646316 -0.03605466 0.02684404
v 0.05657800 -0.03605704 0.02675306
v 0.05664634 -0.03605945 0.02666113
v 0.05669342 -0.03606230 0.02655239
v 0.05671315 -0.03606600 0.02641103
v 0.05596314 -0.03612969 0.02397871
v 0.05584830 -0.03612731 0.02406969
v 0.05665671 -0.03612442 0.02418000
v 0.05664639 -0.03612490 0.02416153
v 0.05771315 -0.03614453 0.02341206
v 0.05649535 -0.03612917 0.02399885
v 0.05646316 -0.03612969 0.02397868
v 0.05627454 -0.03613135 0.02391534
v 0.05621315 -0.03613145 0.02391172
v 0.05603515 -0.03613059 0.02394431
v 0.05577995 -0.03612490 0.02416162
v 0.05573288 -0.03612205 0.02427036
v 0.05571315 -0.03611835 0.02441172
v 0.05576959 -0.03611229 0.02464343
v 0.05577991 -0.03611180 0.02466191
v 0.05593094 -0.03610754 0.02482459
v 0.05596314 -0.03610701 0.02484475
v 0.05646316 -0.03610701 0.02484472
v 0.05657800 -0.03610940 0.02475375
v 0.05615176 -0.03610536 0.02490809
v 0.05621315 -0.03610526 0.02491172
v 0.05639115 -0.03610611 0.02487913
v 0.05664634 -0.03611181 0.02466181
v 0.05669342 -0.03611465 0.02455308
v 0.05671315 -0.03611835 0.02441172
v 0.05596314 -0.03618205 0.02197940
v 0.05584830 -0.03617967 0.02207037
v 0.05665671 -0.03617677 0.02218069
v 0.05664639 -0.03617726 0.02216221
v 0.05649535 -0.03618152 0.02199953
v 0.05646316 -0.03618205 0.02197937
v 0.05627454 -0.03618371 0.02191603
v 0.05621315 -0.03618380 0.02191240
v 0.05603515 -0.03618295 0.02194499
v 0.05577995 -0.03617726 0.02216231
v 0.05573288 -0.03617441 0.02227104
v 0.05571315 -0.03617071 0.02241240
v 0.05576959 -0.03616464 0.02264412
v 0.05577991 -0.03616416 0.02266259
v 0.05593094 -0.03615990 0.02282527
v 0.05596314 -0.03615937 0.02284544
v 0.05646316 -0.03615937 0.02284541
v 0.05657800 -0.03616175 0.02275443
v 0.05615176 -0.03615771 0.02290878
v 0.05621315 -0.03615762 0.02291240
v 0.05639115 -0.03615847 0.02287981
v 0.05664634 -0.03616416 0.02266250
v 0.05669342 -0.03616701 0.02255376
v 0.05671315 -0.03617071 0.02241240
v 0.05596314 -0.03623440 0.01998008
v 0.05584830 -0.03623202 0.02007106
v 0.05665671 -0.03622913 0.02018137
v 0.05664639 -0.03622961 0.02016290
v 0.05771315 -0.03624924 0.01941343
v 0.05649535 -0.03623387 0.02000022
v 0.05646316 -0.03623440 0.01998005
v 0.05627454 -0.03623606 0.01991672
v 0.05621315 -0.03623616 0.01991309
v 0.05603515 -0.03623530 0.01994568
v 0.05577995 -0.03622961 0.02016299
v 0.05573288 -0.03622676 0.02027173
v 0.05571315 -0.03622306 0.02041309
v 0.05576959 -0.03621699 0.02064480
v 0.05577991 -0.03621651 0.02066328
v 0.05593094 -0.03621225 0.02082596
v 0.05596314 -0.03621172 0.02084612
v 0.05646316 -0.03621172 0.02084609
v 0.05657800 -0.03621411 0.02075512
v 0.05615176 -0.03621006 0.02090946
v 0.05621315 -0.03620997 0.02091309
v 0.05639115 -0.03621082 0.02088050
v 0.05664634 -0.03621651 0.02066318
v 0.05669342 -0.03621936 0.02055445
v 0.05671315 -0.03622306 0.02041309
v 0.05771315 -0.03630159 0.01741412
v 0.05771315 -0.03635395 0.01541480
v 0.05771315 -0.03642763 0.01260099
v 0.06071315 -0.03609218 0.02541137
v 0.05921315 -0.03607909 0.02591103
v 0.05903515 -0.03607824 0.02594362
v 0.05949536 -0.03607681 0.02599816
v 0.05964639 -0.03607255 0.02616084
v 0.05965671 -0.03607207 0.02617932
v 0.05946316 -0.03607734 0.02597800
v 0.05927454 -0.03607900 0.02591466
v 0.05896314 -0.03607734 0.02597803
v 0.05884830 -0.03607496 0.02606900
v 0.05877995 -0.03607255 0.02616094
v 0.05877991 -0.03605945 0.02666122
v 0.05893094 -0.03605519 0.02682390
v 0.05873288 -0.03606970 0.02626967
v 0.05871315 -0.03606600 0.02641103
v 0.05876959 -0.03605993 0.02664275
v 0.05896313 -0.03605466 0.02684407
v 0.05915176 -0.03605300 0.02690740
v 0.06071315 -0.03595858 0.03051309
v 0.05921315 -0.03605291 0.02691103
v 0.05939114 -0.03605376 0.02687844
v 0.05946315 -0.03605466 0.02684404
v 0.05957800 -0.03605704 0.02675306
v 0.05964635 -0.03605945 0.02666113
v 0.05969341 -0.03606230 0.02655239
v 0.05971315 -0.03606600 0.02641103
v 0.05896314 -0.03612969 0.02397871
v 0.05884830 -0.03612731 0.02406969
v 0.05965671 -0.03612442 0.02418000
v 0.05964639 -0.03612490 0.02416153
v 0.06071315 -0.03614453 0.02341206
v 0.05949536 -0.03612917 0.02399885
v 0.05946316 -0.03612969 0.02397868
v 0.05927454 -0.03613135 0.02391534
v 0.05921315 -0.03613145 0.02391172
v 0.05903515 -0.03613059 0.02394431
v 0.05877995 -0.03612490 0.02416162
v 0.05873288 -0.03612205 0.02427036
v 0.05871315 -0.03611835 0.02441172
v 0.05876959 -0.03611229 0.02464343
v 0.05877991 -0.03611180 0.02466191
v 0.05893094 -0.03610754 0.02482459
v 0.05896313 -0.03610701 0.02484475
v 0.05946315 -0.03610701 0.02484472
v 0.05957800 -0.03610940 0.02475375
v 0.05915176 -0.03610536 0.02490809
v 0.05921315 -0.03610526 0.02491172
v 0.05939114 -0.03610611 0.02487913
v 0.05964635 -0.03611181 0.02466181
v 0.05969341 -0.03611465 0.02455308
v 0.05971315 -0.03611835 0.02441172
v 0.05903515 -0.03618295 0.02194499
v 0.05896314 -0.03618205 0.02197940
v 0.05884830 -0.03617967 0.02207037
v 0.05877995 -0.03617726 0.02216231
v 0.05873288 -0.03617441 0.02227104
v 0.05871315 -0.03617071 0.02241240
v 0.05876959 -0.03616464 0.02264412
v 0.05949536 -0.03618152 0.02199953
v 0.05964639 -0.03617726 0.02216221
v 0.05965671 -0.03617677 0.02218069
v 0.05946316 -0.03618205 0.02197937
v 0.05927454 -0.03618371 0.02191603
v 0.05877991 -0.03616416 0.02266259
v 0.05893094 -0.03615990 0.02282527
v 0.05896313 -0.03615937 0.02284544
v 0.05946315 -0.03615937 0.02284541
v 0.05957800 -0.03616175 0.02275443
v 0.05915176 -0.03615771 0.02290878
v 0.05921315 -0.03615762 0.02291240
v 0.05939114 -0.03615847 0.02287981
v 0.05964635 -0.03616416 0.02266250
v 0.05969341 -0.03616701 0.02255376
v 0.05971315 -0.03617071 0.02241240
v 0.05896314 -0.03623440 0.01998008
v 0.05884830 -0.03623202 0.02007106
v 0.05965671 -0.03622913 0.02018137
v 0.05964639 -0.03622961 0.02016290
v 0.06071315 -0.03624924 0.01941343
v 0.05949536 -0.03623387 0.02000022
v 0.05946316 -0.03623440 0.01998005
v 0.05927454 -0.03623606 0.01991672
v 0.05921315 -0.03623616 0.01991309
v 0.05903515 -0.03623530 0.01994568
v 0.05877995 -0.03622961 0.02016299
v 0.05873288 -0.03622676 0.02027173
v 0.05871315 -0.03622306 0.02041309
v 0.05876959 -0.03621699 0.02064480
v 0.05877991 -0.03621651 0.02066328
v 0.05893094 -0.03621225 0.02082596
v 0.05896313 -0.03621172 0.02084612
v 0.05946315 -0.03621172 0.02084609
v 0.05957800 -0.03621411 0.02075512
v 0.05915176 -0.03621006 0.02090946
v 0.05921315 -0.03620997 0.02091309
v 0.05939114 -0.03621082 0.02088050
v 0.05964635 -0.03621651 0.02066318
v 0.05969341 -0.03621936 0.02055445
v 0.05971315 -0.03622306 0.02041309
v 0.06071315 -0.03630159 0.01741412
v 0.06071315 -0.03635395 0.01541480
v 0.06071315 -0.03642763 0.01260099
v 0.06249535 -0.03607681 0.02599816
v 0.07098909 -0.03609218 0.02541137
v 0.06264639 -0.03607255 0.02616084
v 0.06265671 -0.03607207 0.02617932
v 0.06246316 -0.03607734 0.02597800
v 0.06227454 -0.03607900 0.02591466
v 0.06221315 -0.03607909 0.02591103
v 0.06203515 -0.03607824 0.02594362
v 0.06196314 -0.03607734 0.02597803
v 0.06184830 -0.03607496 0.02606900
v 0.06177995 -0.03607255 0.02616094
v 0.06173288 -0.03606970 0.02626967
v 0.06171315 -0.03606600 0.02641103
v 0.06176959 -0.03605993 0.02664275
v 0.06177991 -0.03605945 0.02666122
v 0.06193094 -0.03605519 0.02682390
v 0.06196314 -0.03605466 0.02684407
v 0.06215176 -0.03605300 0.02690740
v 0.06257800 -0.03605704 0.02675306
v 0.06264634 -0.03605945 0.02666113
v 0.07098909 -0.03595858 0.03051309
v 0.06269342 -0.03606230 0.02655239
v 0.06271315 -0.03606600 0.02641103
v 0.06221315 -0.03605291 0.02691103
v 0.06239115 -0.03605376 0.02687844
v 0.06246315 -0.03605466 0.02684404
v 0.06249535 -0.03612917 0.02399885
v 0.07098909 -0.03614453 0.02341206
v 0.06264639 -0.03612490 0.02416153
v 0.06265671 -0.03612442 0.02418000
v 0.06221315 -0.03613145 0.02391172
v 0.06227454 -0.03613135 0.02391534
v 0.06246316 -0.03612969 0.02397868
v 0.06203515 -0.03613059 0.02394431
v 0.06196314 -0.03612969 0.02397871
v 0.06184830 -0.03612731 0.02406969
v 0.06177995 -0.03612490 0.02416162
v 0.06173288 -0.03612205 0.02427036
v 0.06171315 -0.03611835 0.02441172
v 0.06176959 -0.03611229 0.02464343
v 0.06177991 -0.03611180 0.02466191
v 0.06193094 -0.03610754 0.02482459
v 0.06196314 -0.03610701 0.02484475
v 0.06246315 -0.03610701 0.02484472
v 0.06257800 -0.03610940 0.02475375
v 0.06215176 -0.03610536 0.02490809
v 0.06221315 -0.03610526 0.02491172
v 0.06239115 -0.03610611 0.02487913
v 0.06264634 -0.03611181 0.02466181
v 0.06269342 -0.03611465 0.02455308
v 0.06271315 -0.03611835 0.02441172
v 0.06249535 -0.03618152 0.02199953
v 0.07098909 -0.03619688 0.02141275
v 0.06264639 -0.03617726 0.02216221
v 0.06265671 -0.03617677 0.02218069
v 0.06221315 -0.03618380 0.02191240
v 0.06227454 -0.03618371 0.02191603
v 0.06246316 -0.03618205 0.02197937
v 0.06203515 -0.03618295 0.02194499
v 0.06196314 -0.03618205 0.02197940
v 0.06184830 -0.03617967 0.02207037
v 0.06177995 -0.03617726 0.02216231
v 0.06173288 -0.03617441 0.02227104
v 0.06171315 -0.03617071 0.02241240
v 0.06176959 -0.03616464 0.02264412
v 0.06177991 -0.03616416 0.02266259
v 0.06193094 -0.03615990 0.02282527
v 0.06196314 -0.03615937 0.02284544
v 0.06246315 -0.03615937 0.02284541
v 0.06257800 -0.03616175 0.02275443
v 0.06215176 -0.03615771 0.02290878
v 0.06221315 -0.03615762 0.02291240
v 0.06239115 -0.03615847 0.02287981
v 0.06264634 -0.03616416 0.02266250
v 0.06269342 -0.03616701 0.02255376
v 0.06271315 -0.03617071 0.02241240
v 0.06249535 -0.03623387 0.02000022
v 0.07098909 -0.03624924 0.01941343
v 0.06264639 -0.03622961 0.02016290
v 0.06265671 -0.03622913 0.02018137
v 0.06221315 -0.03623616 0.01991309
v 0.06227454 -0.03623606 0.01991672
v 0.06246316 -0.03623440 0.01998005
v 0.06203515 -0.03623530 0.01994568
v 0.06196314 -0.03623440 0.01998008
v 0.06184830 -0.03623202 0.02007106
v 0.06177995 -0.03622961 0.02016299
v 0.06173288 -0.03622676 0.02027173
v 0.06171315 -0.03622306 0.02041309
v 0.06176959 -0.03621699 0.02064480
v 0.06177991 -0.03621651 0.02066328
v 0.06193094 -0.03621225 0.02082596
v 0.06196314 -0.03621172 0.02084612
v 0.06246315 -0.03621172 0.02084609
v 0.06257800 -0.03621411 0.02075512
v 0.06215176 -0.03621006 0.02090946
v 0.06221315 -0.03620997 0.02091309
v 0.06239115 -0.03621082 0.02088050
v 0.06264634 -0.03621651 0.02066318
v 0.06269342 -0.03621936 0.02055445
v 0.06271315 -0.03622306 0.02041309
v 0.07098909 -0.03630159 0.01741412
v 0.07098909 -0.03635395 0.01541480
v 0.07098909 -0.03642763 0.01260099
v 0.07217225 -0.03579967 0.03051309
v 0.07356730 -0.03514320 0.03051309
v 0.07415961 -0.03464531 0.03051309
v 0.07465751 -0.03405299 0.03051309
v 0.07513158 -0.03319066 0.03051309
v 0.07531397 -0.03265794 0.03051309
v 0.01571522 -0.02433434 0.04647734
v 0.01557485 -0.02433855 0.04623616
v 0.01564904 -0.02433620 0.04637064
v 0.01568821 -0.02433507 0.04643537
v 0.01572907 -0.02433396 0.04649902
v 0.01577790 -0.02433272 0.04656975
v 0.01609731 -0.02432608 0.04695013
v 0.01610062 -0.02432604 0.04695275
v 0.01606155 -0.02432674 0.04691278
v 0.01577162 -0.02433287 0.04656159
v 0.01581585 -0.02433179 0.04662308
v 0.01581050 -0.02433193 0.04661493
v 0.01614046 -0.02432535 0.04699208
v 0.01614779 -0.02432522 0.04699972
v 0.01618110 -0.02432468 0.04703077
v 0.01619969 -0.02432437 0.04704841
v 0.01622253 -0.02432401 0.04706883
v 0.01625298 -0.02432353 0.04709621
v 0.01630773 -0.02432272 0.04714305
v 0.01584394 -0.02433116 0.04665944
v 0.01586178 -0.02433074 0.04668351
v 0.01587819 -0.02433039 0.04670330
v 0.01590939 -0.02432970 0.04674285
v 0.01591326 -0.02432964 0.04674649
v 0.01594913 -0.02432890 0.04678903
v 0.01595427 -0.02432877 0.04679601
v 0.01596737 -0.02432853 0.04681006
v 0.01598581 -0.02432816 0.04683093
v 0.01600054 -0.02432786 0.04684828
v 0.01604822 -0.02432697 0.04689965
v 0.01760996 -0.02736481 0.04609524
v 0.01641130 -0.02432126 0.04722655
v 0.01732672 -0.02431241 0.04773492
v 0.01815555 -0.02692696 0.04714891
v 0.01899132 -0.02625625 0.04782064
v 0.01631477 -0.02432269 0.04714891
v 0.01528922 -0.02435533 0.04527489
v 0.01530924 -0.02435259 0.04543178
v 0.01550138 -0.02435149 0.04606881
v 0.01552669 -0.02434109 0.04609033
v 0.02021432 -0.03017377 0.04609524
v 0.02069210 -0.02966278 0.04714891
v 0.02142399 -0.02888003 0.04782064
v 0.01978820 -0.02561674 0.04800000
v 0.02212182 -0.02813369 0.04800000
v 0.01880888 -0.02430775 0.04800000
v 0.01862362 -0.02430784 0.04799613
v 0.01752913 -0.02431116 0.04780548
v 0.02717563 -0.02780436 0.01900000
v 0.02891339 -0.02780436 0.01900000
v 0.02927398 -0.03075041 0.01900000
v 0.03042684 -0.02992929 0.01900000
v 0.03153802 -0.03570304 0.01900000
v 0.03004111 -0.03530195 0.01900000
v 0.02894530 -0.03420614 0.01900000
v 0.03153802 -0.02971544 0.01900000
v 0.03303492 -0.03011653 0.01900000
v 0.03413073 -0.03121234 0.01900000
v 0.03453182 -0.03270924 0.01900000
v 0.02894530 -0.03121234 0.01900000
v 0.03413073 -0.03420614 0.01900000
v 0.03303492 -0.03530195 0.01900000
v 0.02854421 -0.03270924 0.01900000
v 0.03153802 0.03329457 0.01900000
v 0.03303492 0.03289347 0.01900000
v 0.03413073 0.03179766 0.01900000
v 0.03413073 0.02880386 0.01900000
v 0.03303492 0.02770805 0.01900000
v 0.03153802 0.02730696 0.01900000
v 0.02887072 0.02534895 0.01900000
v 0.02713129 0.02534895 0.01900000
v 0.03042309 0.02752231 0.01900000
v 0.02927134 0.02834498 0.01900000
v 0.03453182 0.03030076 0.01900000
v 0.02894530 0.02880386 0.01900000
v 0.02894530 0.03179766 0.01900000
v 0.03004111 0.03289347 0.01900000
v 0.02854421 0.03030076 0.01900000
v 0.06946014 -0.02832092 0.05000000
v 0.02252888 -0.02832092 0.05000000
v 0.06946014 -0.02984109 0.04976331
v 0.02252888 -0.02984109 0.04976331
v 0.06946014 -0.03078304 0.04935178
v 0.02252888 -0.03078304 0.04935178
v 0.06946014 -0.03121733 0.04907564
v 0.02252888 -0.03121733 0.04907564
v 0.06946014 -0.03231934 0.04800210
v 0.02252888 -0.03231934 0.04800210
v 0.06946014 -0.03260675 0.04757519
v 0.02252888 -0.03260676 0.04757519
v 0.06946014 -0.03304280 0.04664433
v 0.02252888 -0.03304280 0.04664433
v 0.06946014 -0.03331921 0.04513089
v 0.02252888 -0.03331921 0.04513089
v 0.02252888 0.02593244 0.05000000
v 0.06946014 0.02593244 0.05000000
v 0.02252888 0.02745261 0.04976331
v 0.06946014 0.02745261 0.04976331
v 0.02252888 0.02839456 0.04935178
v 0.06946014 0.02839456 0.04935178
v 0.02252888 0.02882885 0.04907564
v 0.06946014 0.02882885 0.04907564
v 0.02252888 0.02993087 0.04800210
v 0.06946014 0.02993087 0.04800210
v 0.02252888 0.03021828 0.04757519
v 0.06946014 0.03021828 0.04757519
v 0.02252888 0.03065433 0.04664433
v 0.06946014 0.03065433 0.04664433
v 0.02252888 0.03093073 0.04513089
v 0.06946014 0.03093073 0.04513089
v 0.06946014 0.03178784 0.03100000
v 0.02252888 0.03178784 0.03100000
v 0.06946014 0.03161755 0.03102989
v 0.02252888 0.03161755 0.03102989
v 0.06946014 0.03154298 0.03106406
v 0.02252888 0.03154298 0.03106406
v 0.06946014 0.03143895 0.03114185
v 0.02252888 0.03143895 0.03114185
v 0.06946014 0.03135847 0.03124381
v 0.02252888 0.03135846 0.03124381
v 0.06946014 0.03132235 0.03131746
v 0.02252888 0.03132235 0.03131746
v 0.06946014 0.03128801 0.03148691
v 0.02252888 0.03128801 0.03148691
v 0.06946014 -0.03367649 0.03148691
v 0.02252888 -0.03367649 0.03148691
v 0.06946014 -0.03371083 0.03131746
v 0.02252888 -0.03371083 0.03131746
v 0.06946014 -0.03374694 0.03124381
v 0.02252888 -0.03374694 0.03124381
v 0.06946014 -0.03382742 0.03114185
v 0.02252888 -0.03382742 0.03114185
v 0.06946014 -0.03393145 0.03106406
v 0.02252888 -0.03393145 0.03106406
v 0.06946014 -0.03400602 0.03102989
v 0.02252888 -0.03400603 0.03102989
v 0.06946014 -0.03417632 0.03100000
v 0.02252888 -0.03417632 0.03100000
v 0.01915959 0.03028256 0.03076473
v 0.01995947 0.03073008 0.03106623
v 0.02083551 0.03123382 0.03102163
v 0.02038290 0.03112137 0.03089775
v 0.02039701 0.03103576 0.03097185
v 0.01996294 0.03087273 0.03083326
v 0.01997002 0.03081345 0.03090202
v 0.02125390 0.03155356 0.03098620
v 0.02091227 0.03139682 0.03095990
v 0.02081483 0.03134916 0.03095027
v 0.02174588 0.03138880 0.03114185
v 0.02172309 0.03156594 0.03102989
v 0.02129441 0.03127719 0.03115515
v 0.02127875 0.03140602 0.03104498
v 0.02084480 0.03113673 0.03112639
v 0.01960796 0.03064003 0.03077028
v 0.01996890 0.03076497 0.03098094
v 0.02170137 0.03173484 0.03100000
v 0.02176513 0.03123910 0.03148691
v 0.02176075 0.03127316 0.03131746
v 0.02082470 0.03104308 0.03138721
v 0.02084078 0.03107123 0.03125359
v 0.02001451 0.03074340 0.03117672
v 0.01847949 0.02974445 0.03054261
v 0.01994242 0.03071020 0.03115345
v 0.01916202 0.03031657 0.03068128
v 0.02046130 0.03053733 0.04513089
v 0.01976117 0.03020345 0.04513089
v 0.01989705 0.02996275 0.04664433
v 0.02221835 0.02585084 0.05000000
v 0.02147103 0.02717463 0.04976331
v 0.02126589 0.03050321 0.04664433
v 0.02143656 0.02980017 0.04800210
v 0.02169655 0.02872926 0.04907564
v 0.02202123 0.02739187 0.04976331
v 0.02237986 0.02591461 0.05000000
v 0.02079447 0.02837309 0.04907564
v 0.02025271 0.02933275 0.04800210
v 0.02120068 0.03077181 0.04513089
v 0.02046130 -0.03292581 0.04513089
v 0.02120068 -0.03316029 0.04513089
v 0.02126589 -0.03289169 0.04664433
v 0.01887150 -0.03159874 0.04664433
v 0.01989705 -0.03235123 0.04664433
v 0.02025271 -0.03172123 0.04800210
v 0.02237986 -0.02830309 0.05000000
v 0.02202123 -0.02978035 0.04976331
v 0.02169655 -0.03111774 0.04907564
v 0.02143656 -0.03218865 0.04800210
v 0.01936574 -0.03107043 0.04800210
v 0.02079447 -0.03076157 0.04907564
v 0.02011861 -0.03026567 0.04907564
v 0.02147103 -0.02956311 0.04976331
v 0.02105881 -0.02926065 0.04976331
v 0.02221835 -0.02823932 0.05000000
v 0.02209734 -0.02815053 0.05000000
v 0.01976117 -0.03259192 0.04513089
v 0.02174588 -0.03377727 0.03114185
v 0.02173597 -0.03385431 0.03107995
v 0.02172309 -0.03395442 0.03102989
v 0.02170137 -0.03412332 0.03100000
v 0.02176075 -0.03366163 0.03131746
v 0.02176513 -0.03362757 0.03148691
v 0.01951298 -0.03287615 0.03100078
v 0.01915951 -0.03267085 0.03076524
v 0.01997004 -0.03320161 0.03090246
v 0.01996883 -0.03315294 0.03098193
v 0.01995923 -0.03311806 0.03106779
v 0.02069775 -0.03339309 0.03136009
v 0.02126719 -0.03386727 0.03100918
v 0.02125394 -0.03394205 0.03098620
v 0.02082642 -0.03367841 0.03098160
v 0.02081488 -0.03373765 0.03095028
v 0.02097910 -0.03381722 0.03096598
v 0.01916675 -0.03270867 0.03068228
v 0.01996295 -0.03326122 0.03083326
v 0.01996750 -0.03323027 0.03086638
v 0.02010809 -0.03335030 0.03085689
v 0.02025991 -0.03343989 0.03088012
v 0.02084059 -0.03345886 0.03125599
v 0.02084483 -0.03352421 0.03112781
v 0.02084186 -0.03356962 0.03107129
v 0.02083560 -0.03362164 0.03102217
v 0.01893793 -0.03252834 0.03063278
v 0.07496010 -0.03062347 0.03104434
v 0.07482834 -0.03101853 0.03102989
v 0.07497306 -0.03110829 0.03100000
v 0.07541592 -0.02852774 0.03076363
v 0.07534380 -0.02886564 0.03099566
v 0.07454829 -0.03084485 0.03148691
v 0.07457747 -0.03086295 0.03131746
v 0.07496144 -0.03011553 0.03125278
v 0.07502018 -0.02992024 0.03134578
v 0.07524139 -0.02931984 0.03106473
v 0.07467656 -0.03092440 0.03114185
v 0.07485070 -0.03055177 0.03115439
v 0.07500853 -0.03016365 0.03112538
v 0.07543932 -0.02856182 0.03068135
v 0.07526115 -0.02935284 0.03097956
v 0.07509021 -0.03069949 0.03098626
v 0.07508893 -0.03022160 0.03102078
v 0.07520218 -0.02980786 0.03097082
v 0.07529692 -0.02938834 0.03090085
v 0.07516010 -0.03041874 0.03096374
v 0.07519124 -0.03028200 0.03094989
v 0.07527681 -0.02985525 0.03089715
v 0.07534650 -0.02942448 0.03083248
v 0.07085069 -0.03366784 0.03114185
v 0.07089115 -0.03384180 0.03102989
v 0.07081649 -0.03352083 0.03148691
v 0.07082427 -0.03355427 0.03131746
v 0.07153243 -0.03330642 0.03148691
v 0.07238834 -0.03295090 0.03131746
v 0.07237165 -0.03292090 0.03148691
v 0.07372546 -0.03193972 0.03131746
v 0.07370114 -0.03191548 0.03148691
v 0.07380804 -0.03202202 0.03114185
v 0.07405518 -0.03226830 0.03100000
v 0.07092973 -0.03400766 0.03100000
v 0.07261471 -0.03335765 0.03100000
v 0.07253189 -0.03320885 0.03102989
v 0.07393456 -0.03214809 0.03102989
v 0.07244504 -0.03305278 0.03114185
v 0.07039111 -0.03109228 0.04907564
v 0.07437766 -0.02768924 0.04757519
v 0.07409025 -0.02768924 0.04800210
v 0.07392614 -0.02891100 0.04800210
v 0.07255394 -0.02768924 0.04935178
v 0.07161199 -0.02768924 0.04976331
v 0.07153572 -0.02825705 0.04976331
v 0.07087280 -0.03285306 0.04664433
v 0.07481371 -0.02768924 0.04664433
v 0.07489057 -0.02917484 0.04513089
v 0.07462396 -0.02910190 0.04664433
v 0.07474213 -0.02963787 0.04513089
v 0.07384016 -0.03076757 0.04664433
v 0.07253847 -0.03206925 0.04664433
v 0.07344113 -0.03167023 0.04513089
v 0.07406630 -0.03092650 0.04513089
v 0.07094574 -0.03311967 0.04513089
v 0.07140877 -0.03297123 0.04513089
v 0.07269740 -0.03229539 0.04513089
v 0.07324826 -0.03035157 0.04800210
v 0.07212248 -0.03147736 0.04800210
v 0.07068190 -0.03215524 0.04800210
v 0.07298823 -0.02768924 0.04907564
v 0.07286318 -0.02862021 0.04907564
v 0.07234664 -0.02971791 0.04907564
v 0.07148881 -0.03057574 0.04907564
v 0.07122067 -0.02892656 0.04976331
v 0.07069746 -0.02944977 0.04976331
v 0.07002795 -0.02976482 0.04976331
v 0.06962682 -0.02829853 0.05000000
v 0.06982336 -0.02820605 0.05000000
v 0.06997695 -0.02805246 0.05000000
v 0.07006943 -0.02785592 0.05000000
v 0.07009182 -0.02768924 0.05000000
v 0.01446082 -0.00033344 0.05000000
v 0.01456218 0.00022259 0.05000000
v 0.01580034 0.00279366 0.05000000
v 0.01803143 0.00457289 0.05000000
v 0.01446082 -0.00207504 0.05000000
v 0.01446082 -0.01054924 0.05000000
v 0.01456218 -0.00263107 0.05000000
v 0.01580034 -0.00520214 0.05000000
v 0.02359566 0.00457289 0.05000000
v 0.02081354 0.00520789 0.05000000
v 0.01645221 -0.02014249 0.05000000
v 0.01813532 -0.02334101 0.05000000
v 0.02081354 -0.00761637 0.05000000
v 0.02027779 -0.02625187 0.05000000
v 0.02359566 -0.00698137 0.05000000
v 0.01803143 -0.00698137 0.05000000
v 0.01460428 -0.01317509 0.05000000
v 0.01526631 -0.01672826 0.05000000
v 0.02582675 0.00279366 0.05000000
v 0.07006943 0.02546745 0.05000000
v 0.06997695 0.02566398 0.05000000
v 0.06962682 0.02591006 0.05000000
v 0.06982336 0.02581757 0.05000000
v 0.02582675 -0.00520214 0.05000000
v 0.02706491 -0.00263107 0.05000000
v 0.07009182 0.02530076 0.05000000
v 0.02706491 0.00022259 0.05000000
v 0.07068190 0.02976677 0.04800210
v 0.07002795 0.02737634 0.04976331
v 0.07255394 0.02530076 0.04935178
v 0.07298823 0.02530076 0.04907564
v 0.07286318 0.02623173 0.04907564
v 0.07437766 0.02530076 0.04757519
v 0.07481371 0.02530076 0.04664433
v 0.07462396 0.02671342 0.04664433
v 0.07094574 0.03073119 0.04513089
v 0.07087280 0.03046458 0.04664433
v 0.07140877 0.03058275 0.04513089
v 0.07253847 0.02968078 0.04664433
v 0.07384016 0.02837909 0.04664433
v 0.07344113 0.02928175 0.04513089
v 0.07269740 0.02990692 0.04513089
v 0.07489057 0.02678636 0.04513089
v 0.07474213 0.02724939 0.04513089
v 0.07406630 0.02853802 0.04513089
v 0.07212248 0.02908888 0.04800210
v 0.07324826 0.02796310 0.04800210
v 0.07392614 0.02652252 0.04800210
v 0.07409025 0.02530076 0.04800210
v 0.07039111 0.02870381 0.04907564
v 0.07148881 0.02818727 0.04907564
v 0.07234664 0.02732943 0.04907564
v 0.07069746 0.02706130 0.04976331
v 0.07122067 0.02653809 0.04976331
v 0.07153572 0.02586858 0.04976331
v 0.07161199 0.02530076 0.04976331
v 0.07082427 0.03116580 0.03131746
v 0.07393456 0.02975962 0.03102989
v 0.07482834 0.02863006 0.03102989
v 0.07497306 0.02871981 0.03100000
v 0.07372546 0.02955125 0.03131746
v 0.07457747 0.02847447 0.03131746
v 0.07467656 0.02853592 0.03114185
v 0.07370114 0.02952700 0.03148691
v 0.07454829 0.02845637 0.03148691
v 0.07238834 0.03056243 0.03131746
v 0.07237165 0.03053243 0.03148691
v 0.07153243 0.03091795 0.03148691
v 0.07081649 0.03113235 0.03148691
v 0.07085069 0.03127937 0.03114185
v 0.07092973 0.03161919 0.03100000
v 0.07405518 0.02987982 0.03100000
v 0.07261471 0.03096917 0.03100000
v 0.07253189 0.03082037 0.03102989
v 0.07089115 0.03145332 0.03102989
v 0.07244504 0.03066431 0.03114185
v 0.07380804 0.02963354 0.03114185
v 0.07474387 0.02857766 0.03107897
v 0.07532018 0.02701798 0.03086518
v 0.07534650 0.02703600 0.03083248
v 0.07519124 0.02789353 0.03094989
v 0.07529692 0.02699987 0.03090085
v 0.07526115 0.02696436 0.03097956
v 0.07541591 0.02613926 0.03076366
v 0.07524139 0.02693136 0.03106473
v 0.07535084 0.02644315 0.03098257
v 0.07497259 0.02764499 0.03137430
v 0.07543932 0.02617334 0.03068138
v 0.07509021 0.02831101 0.03098626
v 0.07502410 0.02827330 0.03100860
v 0.07513824 0.02786349 0.03098077
v 0.07516010 0.02803027 0.03096374
v 0.07496144 0.02772706 0.03125278
v 0.07500853 0.02777518 0.03112538
v 0.07504514 0.02780336 0.03106936
v 0.07508893 0.02783312 0.03102078
v 0.03804345 0.03411891 0.03100000
v 0.03681147 0.03523985 0.03100000
v 0.07497306 0.02908631 0.03100000
v 0.07483186 0.03013757 0.03100000
v 0.07424857 0.03137711 0.03100000
v 0.02375116 0.03307388 0.03100000
v 0.02693441 0.03470946 0.03100000
v 0.07327989 0.03234579 0.03100000
v 0.07204036 0.03292908 0.03100000
v 0.07098909 0.03307028 0.03100000
v 0.04143720 0.03307028 0.03100000
v 0.03978762 0.03330085 0.03100000
v 0.03508298 0.03644634 0.03100000
v 0.03393592 0.03667217 0.03100000
v 0.03611511 0.03589727 0.03100000
v 0.03298083 0.03660199 0.03100000
v 0.03029496 0.03594027 0.03100000
v 0.07497306 -0.03147479 0.03100000
v 0.02375116 -0.03546236 0.03100000
v 0.03681147 -0.03762833 0.03100000
v 0.03804345 -0.03650739 0.03100000
v 0.07424857 -0.03376559 0.03100000
v 0.07483186 -0.03252605 0.03100000
v 0.03978762 -0.03568933 0.03100000
v 0.04143720 -0.03545875 0.03100000
v 0.07098909 -0.03545875 0.03100000
v 0.07204036 -0.03531755 0.03100000
v 0.07327989 -0.03473427 0.03100000
v 0.02693441 -0.03709794 0.03100000
v 0.03029496 -0.03832874 0.03100000
v 0.03298083 -0.03899047 0.03100000
v 0.03374820 -0.03906507 0.03100000
v 0.03393592 -0.03906064 0.03100000
v 0.03611511 -0.03828575 0.03100000
v 0.03508298 -0.03883481 0.03100000
v 0.02227314 0.02698012 0.04777909
v 0.02251645 0.02688506 0.04782064
v 0.02239855 0.02585721 0.04800000
v 0.02251645 0.02586330 0.04800000
v 0.02206568 0.02883765 0.04507852
v 0.02251645 0.02886228 0.04507853
v 0.02209347 0.02858879 0.04620224
v 0.02251645 0.02865623 0.04609524
v 0.02139442 0.02869858 0.04507853
v 0.02146858 0.02845941 0.04620224
v 0.02216620 0.02793765 0.04714890
v 0.02251645 0.02795668 0.04714891
v 0.02228264 0.02583416 0.04800000
v 0.02217570 0.02578366 0.04800000
v 0.02194799 0.02691335 0.04777909
v 0.02155381 0.02672701 0.04777909
v 0.02102351 0.02753144 0.04714889
v 0.02166263 0.02783361 0.04714891
v 0.02066289 0.02807846 0.04620222
v 0.02052508 0.02828752 0.04507849
v 0.02016782 0.02774932 0.04608100
v 0.02065051 0.02723533 0.04714892
v 0.02139397 0.02644367 0.04782582
v 0.02208355 0.02570936 0.04800000
v 0.02159569 -0.02915336 0.04777909
v 0.02221432 -0.02820787 0.04800000
v 0.02057235 -0.03071741 0.04507849
v 0.02070945 -0.03050787 0.04620222
v 0.02143559 -0.03112314 0.04507853
v 0.02150948 -0.03088389 0.04620224
v 0.02106817 -0.02995961 0.04714889
v 0.02232058 -0.02825772 0.04800000
v 0.02243615 -0.02828063 0.04800000
v 0.02198715 -0.02933729 0.04777909
v 0.02231104 -0.02940357 0.04777909
v 0.02220436 -0.03036113 0.04714890
v 0.02170283 -0.03025787 0.04714891
v 0.02213182 -0.03101229 0.04620224
v 0.02210409 -0.03126116 0.04507852
v 0.02255371 -0.03128566 0.04507853
v 0.02255371 -0.03107962 0.04609524
v 0.02255371 -0.03038006 0.04714891
v 0.02255371 -0.02930845 0.04782064
v 0.02255371 -0.02828669 0.04800000
v 0.06995384 -0.02965693 0.04778449
v 0.07044773 -0.02959060 0.04778449
v 0.07070532 -0.03053222 0.04714953
v 0.07333826 -0.02871115 0.04619065
v 0.07346262 -0.02778528 0.04619065
v 0.07270081 -0.02853676 0.04714953
v 0.07280175 -0.02778527 0.04714953
v 0.07175919 -0.02827915 0.04778449
v 0.07182553 -0.02778527 0.04778449
v 0.07062404 -0.02813360 0.04800000
v 0.07070909 -0.02778526 0.04800000
v 0.06995384 -0.03063316 0.04714953
v 0.07087971 -0.03116967 0.04619065
v 0.06995384 -0.03129403 0.04619065
v 0.06995384 -0.03153997 0.04505236
v 0.07094461 -0.03140689 0.04505236
v 0.07211281 -0.03085718 0.04505236
v 0.07357547 -0.02877604 0.04505236
v 0.07302575 -0.02994425 0.04505236
v 0.07282454 -0.02980283 0.04619065
v 0.07262130 -0.03042771 0.04505236
v 0.07197140 -0.03065597 0.04619065
v 0.07159140 -0.03011527 0.04714953
v 0.07103007 -0.02931657 0.04778449
v 0.07228385 -0.02942282 0.04714953
v 0.07148515 -0.02886149 0.04778449
v 0.07038246 -0.02840721 0.04800000
v 0.07005854 -0.02853325 0.04800000
v 0.06995384 -0.02854043 0.04800000
v 0.07171619 0.02539675 0.04782600
v 0.07176337 0.02587648 0.04778450
v 0.07270700 0.02612669 0.04714954
v 0.06995423 0.02915149 0.04505236
v 0.07088554 0.02877970 0.04619066
v 0.06995423 0.02890555 0.04619066
v 0.07071012 0.02814252 0.04714954
v 0.06995423 0.02824466 0.04714954
v 0.07045101 0.02720130 0.04778450
v 0.06995423 0.02726843 0.04778450
v 0.07030463 0.02606583 0.04800000
v 0.06995423 0.02615195 0.04800000
v 0.07280204 0.02539675 0.04714956
v 0.07334580 0.02629608 0.04619066
v 0.07350734 0.02539675 0.04608222
v 0.07358353 0.02635911 0.04505236
v 0.07303854 0.02753801 0.04505236
v 0.07095081 0.02901682 0.04505236
v 0.07212452 0.02846072 0.04505236
v 0.07198236 0.02826002 0.04619066
v 0.07260922 0.02805175 0.04505236
v 0.07283651 0.02739776 0.04619066
v 0.07229363 0.02702087 0.04714954
v 0.07149170 0.02646414 0.04778450
v 0.07160036 0.02772073 0.04714954
v 0.07103608 0.02692409 0.04778450
v 0.07057450 0.02582777 0.04800000
v 0.07069753 0.02553098 0.04800000
v 0.07070937 0.02539675 0.04800000
v 0.03830604 0.03450326 0.03068254
v 0.03813951 0.03425952 0.03097011
v 0.03694241 0.03534873 0.03097011
v 0.03824027 0.03440699 0.03085815
v 0.03707974 0.03546292 0.03085815
v 0.03716939 0.03553747 0.03068254
v 0.03991526 0.03374850 0.03068254
v 0.04143720 0.03353577 0.03068254
v 0.04143720 0.03349886 0.03075752
v 0.03988329 0.03363638 0.03085815
v 0.04143720 0.03324057 0.03097011
v 0.03983432 0.03346462 0.03097011
v 0.04143720 0.03331649 0.03093518
v 0.04143720 0.03341917 0.03085815
v 0.03621628 0.03603425 0.03097011
v 0.03514004 0.03660679 0.03097011
v 0.03394395 0.03684227 0.03097011
v 0.03294803 0.03676910 0.03097011
v 0.03395236 0.03702068 0.03085815
v 0.03291363 0.03694436 0.03085815
v 0.03395786 0.03713714 0.03068254
v 0.03289117 0.03705876 0.03068254
v 0.03632239 0.03617791 0.03085815
v 0.03639166 0.03627170 0.03068254
v 0.03519988 0.03677507 0.03085815
v 0.03523894 0.03688492 0.03068254
v 0.07098909 0.03353577 0.03068254
v 0.07098909 0.03324057 0.03097011
v 0.07098909 0.03331649 0.03093518
v 0.07098909 0.03341917 0.03085815
v 0.07098909 0.03349886 0.03075752
v 0.03478942 0.02915149 0.04505236
v 0.03474826 0.02899895 0.04594640
v 0.03455718 0.02857304 0.04677155
v 0.03459948 0.02865339 0.04665618
v 0.03309778 0.02717101 0.04782159
v 0.03328921 0.02727476 0.04778191
v 0.03377688 0.02761921 0.04761667
v 0.03428182 0.02814934 0.04723822
v 0.03061703 0.02692594 0.04789843
v 0.03115153 0.02682350 0.04792395
v 0.03006636 0.02615195 0.04800000
v 0.03153808 0.02680201 0.04792873
v 0.03215138 0.02685641 0.04791638
v 0.06995423 0.02941392 0.03001777
v 0.03459822 0.02941392 0.03001777
v 0.03470366 0.03043168 0.02900000
v 0.06995423 0.03043169 0.02900000
v 0.03470865 0.03030129 0.02913072
v 0.03460802 0.02945085 0.02998083
v 0.02853747 0.02928331 0.02900000
v 0.02840330 0.02886228 0.04507853
v 0.02251645 0.02928331 0.02900000
v 0.02687662 0.02586330 0.04800000
v 0.02758292 0.02684713 0.04783409
v 0.02818505 0.02767679 0.04738983
v 0.02838668 0.02795197 0.04715380
v 0.02865449 0.02831418 0.04673010
v 0.02866982 0.02833475 0.04670057
v 0.02846076 0.02870986 0.04594716
v 0.02366413 0.03322026 0.03097011
v 0.02057985 0.03133409 0.03085815
v 0.02050836 0.03142621 0.03068254
v 0.02351327 0.03347399 0.03068254
v 0.02674764 0.03513584 0.03068254
v 0.03016216 0.03638641 0.03068254
v 0.02686608 0.03486545 0.03097011
v 0.03024638 0.03610348 0.03097011
v 0.02357286 0.03337378 0.03085815
v 0.02679442 0.03502904 0.03085815
v 0.03019543 0.03627466 0.03085815
v 0.01316293 -0.01054924 0.04982861
v 0.01440141 -0.00120424 0.04999965
v 0.01199870 -0.01054924 0.04935178
v 0.00966784 -0.01054924 0.04642384
v 0.01017498 -0.01054924 0.04757519
v 0.01041650 -0.01054924 0.04793999
v 0.01162771 -0.01054924 0.04911989
v 0.01178803 -0.01348374 0.04911989
v 0.00983983 -0.01369725 0.04642384
v 0.01331412 -0.01331648 0.04982861
v 0.01401180 -0.01706099 0.04982861
v 0.01526156 -0.02065907 0.04982861
v 0.01703530 -0.02402982 0.04982861
v 0.01929314 -0.02709743 0.04982861
v 0.01664155 -0.02937444 0.04642384
v 0.01407304 -0.02588473 0.04642384
v 0.01063351 -0.01795700 0.04642384
v 0.01205523 -0.02205017 0.04642384
v 0.01720954 -0.02888670 0.04793999
v 0.01470757 -0.02548740 0.04793999
v 0.01274204 -0.02175219 0.04793999
v 0.01135715 -0.01776507 0.04793999
v 0.01058403 -0.01361569 0.04793999
v 0.01812843 -0.02809761 0.04911989
v 0.01573412 -0.02484459 0.04911989
v 0.01385318 -0.02127011 0.04911989
v 0.01252788 -0.01745456 0.04911989
v 0.02366413 -0.03560873 0.03097011
v 0.02057985 -0.03372257 0.03085815
v 0.02050837 -0.03381468 0.03068254
v 0.02686608 -0.03725392 0.03097011
v 0.03024638 -0.03849196 0.03097011
v 0.03294803 -0.03915757 0.03097011
v 0.03289117 -0.03944724 0.03068254
v 0.03016216 -0.03877489 0.03068254
v 0.02674764 -0.03752432 0.03068254
v 0.02351327 -0.03586247 0.03068254
v 0.03291363 -0.03933283 0.03085815
v 0.03019543 -0.03866314 0.03085815
v 0.02679442 -0.03741752 0.03085815
v 0.02357286 -0.03576225 0.03085815
v 0.01152986 0.00914368 0.04536407
v 0.01476381 0.01178414 0.04800000
v 0.01450769 0.00908798 0.04800000
v 0.01420958 0.00909371 0.04798515
v 0.01371522 0.01156953 0.04782582
v 0.01446117 0.01509869 0.04782582
v 0.01532201 0.01443615 0.04800000
v 0.01570566 0.01848434 0.04782582
v 0.01617179 0.01700268 0.04800000
v 0.01742294 0.02165646 0.04782582
v 0.01957749 0.02454944 0.04782582
v 0.02034003 0.02389122 0.04800000
v 0.01880888 0.02191928 0.04800000
v 0.01864557 0.02168179 0.04800000
v 0.01730791 0.01946308 0.04800000
v 0.01875538 0.02525908 0.04714892
v 0.01822162 0.02571982 0.04608100
v 0.01591321 0.02262024 0.04608100
v 0.01407329 0.01922159 0.04608100
v 0.01194070 0.01181296 0.04608100
v 0.01181823 0.00913842 0.04632922
v 0.01154407 0.00914342 0.04546577
v 0.01273993 0.01559415 0.04608100
v 0.01263927 0.01171713 0.04714892
v 0.01240991 0.00912755 0.04714460
v 0.01186536 0.00913756 0.04642059
v 0.01333201 0.00911036 0.04776003
v 0.01323818 0.00911212 0.04771815
v 0.01248463 0.00912617 0.04721523
v 0.01650754 0.02224083 0.04714892
v 0.01471590 0.01893136 0.04714892
v 0.01341753 0.01539910 0.04714892
v 0.02038057 0.02869465 0.02900000
v 0.02106331 0.02903029 0.02900000
v 0.01450769 -0.01147646 0.04800000
v 0.01420958 -0.01148218 0.04798515
v 0.01331391 -0.01149829 0.04775225
v 0.01249067 -0.01151133 0.04722073
v 0.01241432 -0.01151241 0.04714891
v 0.01189996 -0.01151865 0.04648314
v 0.02836966 0.03030076 0.02900000
v 0.02879414 0.03188494 0.02900000
v 0.02995384 0.03304464 0.02900000
v 0.07353120 0.02894017 0.02900000
v 0.07170692 0.03011678 0.02900000
v 0.03153802 0.03346911 0.02900000
v 0.03312219 0.03304464 0.02900000
v 0.03428189 0.03188494 0.02900000
v 0.07372309 0.02678715 0.03001777
v 0.07134464 0.02916562 0.03001777
v 0.07279480 0.02823731 0.03001777
v 0.06995384 -0.03180274 0.02999980
v 0.06995384 -0.03182016 0.02900000
v 0.07135841 -0.03156780 0.02900000
v 0.07282036 -0.03062490 0.02900000
v 0.07374945 -0.02915414 0.02900000
v 0.07213242 0.03326561 0.03085815
v 0.07208529 0.03309333 0.03097011
v 0.07514335 0.02908631 0.03097011
v 0.07499611 0.03018251 0.03097011
v 0.07438790 0.03147503 0.03097011
v 0.07337782 0.03248512 0.03097011
v 0.07216319 0.03337807 0.03068254
v 0.07354756 0.03272663 0.03068254
v 0.07462942 0.03164477 0.03068254
v 0.07528085 0.03026040 0.03068254
v 0.07543855 0.02908631 0.03068254
v 0.07348052 0.03263124 0.03085815
v 0.07453403 0.03157773 0.03085815
v 0.07516839 0.03022964 0.03085815
v 0.07532196 0.02908631 0.03085815
v 0.07514335 -0.03147479 0.03097011
v 0.07532196 -0.03147479 0.03085815
v 0.07543855 -0.03147479 0.03068254
v 0.03716939 -0.03792594 0.03068254
v 0.03639166 -0.03866018 0.03068254
v 0.03523894 -0.03927340 0.03068254
v 0.03395786 -0.03952562 0.03068254
v 0.03394395 -0.03923075 0.03097011
v 0.03514004 -0.03899526 0.03097011
v 0.03621628 -0.03842273 0.03097011
v 0.03694241 -0.03773721 0.03097011
v 0.03707974 -0.03785140 0.03085815
v 0.03632239 -0.03856639 0.03085815
v 0.03519988 -0.03916354 0.03085815
v 0.03395236 -0.03940915 0.03085815
v 0.02255371 -0.03170669 0.02900000
v 0.02853246 -0.03170669 0.02900000
v 0.02839651 -0.03128566 0.04507853
v 0.03478229 -0.03153997 0.04505236
v 0.03459212 -0.03180271 0.02999985
v 0.03457907 -0.03182016 0.02900000
v 0.03983432 -0.03585310 0.03097011
v 0.04143720 -0.03562905 0.03097011
v 0.03988329 -0.03602485 0.03085815
v 0.03991526 -0.03613698 0.03068254
v 0.04143720 -0.03592424 0.03068254
v 0.04143720 -0.03588734 0.03075752
v 0.04143720 -0.03580765 0.03085815
v 0.04143720 -0.03570497 0.03093518
v 0.03813951 -0.03664799 0.03097011
v 0.03824027 -0.03679547 0.03085815
v 0.03830604 -0.03689174 0.03068254
v 0.03443625 -0.03077838 0.04699887
v 0.03406474 -0.03030177 0.04742851
v 0.03341641 -0.02976137 0.04774027
v 0.03328747 -0.02968239 0.04777409
v 0.03249563 -0.02934478 0.04789029
v 0.03005912 -0.02854043 0.04800000
v 0.03153802 -0.02921056 0.04792419
v 0.03062155 -0.02933329 0.04789333
v 0.03477770 -0.03150753 0.04544377
v 0.03468341 -0.03124297 0.04630252
v 0.03456390 -0.03099494 0.04672561
v 0.02689771 -0.02828669 0.04800000
v 0.02757805 -0.02923725 0.04784543
v 0.02845618 -0.03112645 0.04596735
v 0.02761981 -0.02929527 0.04782540
v 0.02821184 -0.03011307 0.04737999
v 0.02867190 -0.03073937 0.04672753
v 0.02847865 -0.03107859 0.04609808
v 0.02836966 -0.03270924 0.02900000
v 0.02879414 -0.03429341 0.02900000
v 0.02995384 -0.03545311 0.02900000
v 0.03153802 -0.03587759 0.02900000
v 0.03312219 -0.03545311 0.02900000
v 0.03428189 -0.03429341 0.02900000
v 0.03470637 -0.03270924 0.02900000
v 0.07098909 -0.03592424 0.03068254
v 0.07098909 -0.03562905 0.03097011
v 0.07098909 -0.03570497 0.03093518
v 0.07098909 -0.03580765 0.03085815
v 0.07098909 -0.03588734 0.03075752
v 0.01366232 -0.02066334 0.04606881
v 0.01469568 -0.01369071 0.04800000
v 0.01514430 -0.01612442 0.04800000
v 0.01429338 -0.01696250 0.04781783
v 0.01367500 -0.01382505 0.04781783
v 0.01260727 -0.01396558 0.04713611
v 0.01191650 -0.01405650 0.04606881
v 0.01515015 -0.02374692 0.04606881
v 0.01575709 -0.02340480 0.04713611
v 0.01551229 -0.02434981 0.04609524
v 0.01551775 -0.02434156 0.04606323
v 0.01669525 -0.02287597 0.04781783
v 0.01759207 -0.02237045 0.04800000
v 0.01711120 -0.02147357 0.04800000
v 0.01625942 -0.01960848 0.04800000
v 0.01257858 -0.01741563 0.04606881
v 0.01325218 -0.01723764 0.04713611
v 0.01430783 -0.02040115 0.04713611
v 0.01530561 -0.01999588 0.04781783
v 0.01528870 -0.01669949 0.04800000
v 0.02110441 -0.03145505 0.02900000
v 0.02042319 -0.03112129 0.02900000
v 0.02953486 -0.02780436 0.04800000
v 0.02650923 0.02534895 0.04800000
v 0.02949279 0.02534895 0.04800000
v 0.02655416 -0.02780436 0.04800000
v 0.07213242 -0.03565408 0.03085815
v 0.07216319 -0.03576654 0.03068254
v 0.07208529 -0.03548181 0.03097011
v 0.07337782 -0.03487359 0.03097011
v 0.07438790 -0.03386351 0.03097011
v 0.07499611 -0.03257098 0.03097011
v 0.07528085 -0.03264888 0.03068254
v 0.07462942 -0.03403325 0.03068254
v 0.07354756 -0.03511511 0.03068254
v 0.07516839 -0.03261811 0.03085815
v 0.07453403 -0.03396621 0.03085815
v 0.07348052 -0.03501972 0.03085815
v 0.01456218 0.00022259 0.04950000
v 0.01456218 -0.00263107 0.04950000
v 0.01580034 -0.00520214 0.04950000
v 0.01803143 -0.00698137 0.04950000
v 0.02081354 -0.00761637 0.04950000
v 0.02359566 -0.00698137 0.04950000
v 0.02582675 -0.00520214 0.04950000
v 0.02706491 -0.00263107 0.04950000
v 0.02706491 0.00022259 0.04950000
v 0.02582675 0.00279366 0.04950000
v 0.02359566 0.00457289 0.04950000
v 0.02081354 0.00520789 0.04950000
v 0.01803143 0.00457289 0.04950000
v 0.01580034 0.00279366 0.04950000
v 0.02081354 -0.00120424 0.04950000
v 0.08789949 -0.00492915 0.00400000
v 0.08811666 -0.00460442 0.00400000
v 0.08819293 -0.00422145 0.00400000
v 0.08811666 0.00220595 0.00400000
v 0.08789949 0.00253068 0.00400000
v 0.08819293 0.00182297 0.00400000
v 0.04564826 -0.03779211 -0.00654363
v 0.04564826 -0.03783651 -0.00400000
v 0.04603795 -0.03783130 -0.00654363
v 0.04639472 -0.03798818 -0.00400000
v 0.04641205 -0.03794730 -0.00654363
v 0.04641205 0.03556883 -0.00654363
v 0.04639472 0.03560971 -0.00400000
v 0.04603795 0.03545283 -0.00654363
v 0.04564826 0.03545804 -0.00400000
v 0.04564826 0.03541364 -0.00654363
v 0.04772831 0.03619819 -0.00400000
v 0.04786477 0.03622828 -0.00570448
v 0.04786799 0.03621364 -0.00654363
v 0.03856355 -0.03783651 -0.00400000
v 0.03856355 -0.03779211 -0.00654363
v 0.03856355 0.03545804 -0.00400000
v 0.03856355 0.03541364 -0.00654363
v 0.01127627 -0.01054924 -0.00400000
v 0.01132067 -0.01054924 -0.00654363
v 0.01127627 0.00817076 -0.00400000
v 0.01132067 0.00817076 -0.00654363
v 0.04772831 -0.03857667 -0.00400000
v 0.04785214 -0.03860397 -0.00554622
v 0.04786477 -0.03860676 -0.00570448
v 0.04786799 -0.03859212 -0.00654363
v 0.04785501 -0.03861723 -0.00510460
v 0.04781478 -0.03863651 -0.00400000
v 0.04781189 -0.03863369 -0.00400000
v 0.04781332 0.03625661 -0.00400000
v 0.04783915 0.03624757 -0.00459942
v 0.04781478 0.03625804 -0.00400000
v 0.03642609 -0.03770813 -0.00654363
v 0.03324006 -0.03731219 -0.00400000
v 0.03324872 -0.03726865 -0.00654363
v 0.03220382 -0.03703939 -0.00654363
v 0.02812116 -0.03575939 -0.00400000
v 0.02813815 -0.03571837 -0.00654363
v 0.02340355 -0.03323778 -0.00400000
v 0.02432918 -0.03377761 -0.00654363
v 0.02342821 -0.03320086 -0.00654363
v 0.01926853 -0.02984426 -0.00400000
v 0.02087071 -0.03126488 -0.00654363
v 0.01929992 -0.02981286 -0.00654363
v 0.01784790 -0.02824207 -0.00654363
v 0.01587500 -0.02570924 -0.00400000
v 0.01591192 -0.02568457 -0.00654363
v 0.01533517 -0.02478360 -0.00654363
v 0.01335339 -0.02099163 -0.00400000
v 0.01339441 -0.02097464 -0.00654363
v 0.01180059 -0.01587272 -0.00400000
v 0.01207339 -0.01690896 -0.00654363
v 0.01184413 -0.01586406 -0.00654363
v 0.01140465 -0.01268669 -0.00654363
v 0.01140465 0.01030821 -0.00654363
v 0.01180059 0.01349424 -0.00400000
v 0.01184413 0.01348558 -0.00654363
v 0.01207339 0.01453048 -0.00654363
v 0.01335339 0.01861315 -0.00400000
v 0.01339441 0.01859616 -0.00654363
v 0.01587500 0.02333076 -0.00400000
v 0.01533517 0.02240512 -0.00654363
v 0.01591192 0.02330609 -0.00654363
v 0.01926853 0.02746578 -0.00400000
v 0.01784790 0.02586359 -0.00654363
v 0.01929992 0.02743438 -0.00654363
v 0.02087071 0.02888641 -0.00654363
v 0.02340355 0.03085930 -0.00400000
v 0.02342821 0.03082238 -0.00654363
v 0.02432918 0.03139913 -0.00654363
v 0.02812116 0.03338092 -0.00400000
v 0.02813815 0.03333990 -0.00654363
v 0.03324006 0.03493372 -0.00400000
v 0.03220382 0.03466092 -0.00654363
v 0.03324872 0.03489017 -0.00654363
v 0.03642609 0.03532966 -0.00654363
v 0.04833801 -0.03642936 -0.00897718
v 0.04705346 -0.03643409 -0.00884886
v 0.04815230 -0.03729012 -0.00869445
v 0.04670370 -0.03725922 -0.00828313
v 0.04800325 -0.03797459 -0.00814546
v 0.04647685 -0.03779441 -0.00739694
v 0.04790407 -0.03842443 -0.00740033
v 0.04787701 0.03617096 -0.00696119
v 0.04647685 0.03541594 -0.00739694
v 0.04794267 0.03587062 -0.00776411
v 0.04670370 0.03488075 -0.00828313
v 0.04806938 0.03529316 -0.00843810
v 0.04705346 0.03405561 -0.00884886
v 0.04823699 0.03451991 -0.00886652
v 0.04564826 0.03415140 -0.00867230
v 0.04564826 0.03377010 -0.00884886
v 0.04636521 0.03384219 -0.00884886
v 0.04564826 0.03466629 -0.00828313
v 0.04618676 0.03472045 -0.00828313
v 0.04564826 0.03506439 -0.00777511
v 0.04607102 0.03529010 -0.00739694
v 0.04564826 0.03524758 -0.00739694
v 0.03856355 0.03524758 -0.00739694
v 0.03856355 0.03506439 -0.00777511
v 0.03856355 0.03466629 -0.00828313
v 0.03856355 0.03415140 -0.00867230
v 0.03856355 0.03377010 -0.00884886
v 0.01296421 -0.01054924 -0.00884886
v 0.01296421 0.00817076 -0.00884886
v 0.01258291 -0.01054924 -0.00867230
v 0.01258291 0.00817076 -0.00867230
v 0.01206801 -0.01054924 -0.00828313
v 0.01206801 0.00817076 -0.00828313
v 0.01166992 -0.01054924 -0.00777511
v 0.01166992 0.00817076 -0.00777511
v 0.01148673 -0.01054924 -0.00739694
v 0.01148673 0.00817076 -0.00739694
v 0.04564826 -0.03614857 -0.00884886
v 0.03856355 -0.03614857 -0.00884886
v 0.04564826 -0.03652988 -0.00867230
v 0.03856355 -0.03652988 -0.00867230
v 0.04564826 -0.03704477 -0.00828313
v 0.03856355 -0.03704477 -0.00828313
v 0.04564826 -0.03744287 -0.00777511
v 0.03856355 -0.03744287 -0.00777511
v 0.04564826 -0.03762605 -0.00739694
v 0.03856355 -0.03762605 -0.00739694
v 0.04607102 -0.03766857 -0.00739694
v 0.04618676 -0.03709892 -0.00828313
v 0.04636521 -0.03622067 -0.00884886
v 0.07633303 -0.00522236 0.00400000
v 0.07494037 0.00109161 0.00400000
v 0.07633303 0.00282388 0.00400000
v 0.07494037 -0.00349009 0.00400000
v 0.07440392 -0.00119924 0.00400000
v 0.03655504 -0.03606966 -0.00884886
v 0.01491284 -0.02034568 -0.00884886
v 0.01673653 -0.02392485 -0.00884886
v 0.01909766 -0.02717468 -0.00884886
v 0.02193811 -0.03001512 -0.00884886
v 0.02518793 -0.03237626 -0.00884886
v 0.02876710 -0.03419994 -0.00884886
v 0.03258750 -0.03544126 -0.00884886
v 0.03648473 -0.03696309 -0.00828313
v 0.03643912 -0.03754259 -0.00739694
v 0.03224259 -0.03687792 -0.00739694
v 0.02820170 -0.03556496 -0.00739694
v 0.02441595 -0.03363602 -0.00739694
v 0.02097856 -0.03113861 -0.00739694
v 0.01223486 -0.01687020 -0.00739694
v 0.01354783 -0.02091109 -0.00739694
v 0.01547676 -0.02469684 -0.00739694
v 0.01797417 -0.02813422 -0.00739694
v 0.01157020 -0.01267366 -0.00739694
v 0.01214969 -0.01262805 -0.00828313
v 0.01367152 -0.01652529 -0.00884886
v 0.01304312 -0.01255774 -0.00884886
v 0.03237829 -0.03631270 -0.00828313
v 0.02842414 -0.03502792 -0.00828313
v 0.02471967 -0.03314039 -0.00828313
v 0.02135607 -0.03069660 -0.00828313
v 0.01841618 -0.02775671 -0.00828313
v 0.01597239 -0.02439312 -0.00828313
v 0.01408486 -0.02068864 -0.00828313
v 0.01280009 -0.01673450 -0.00828313
v 0.01304312 0.01017926 -0.00884886
v 0.02193811 0.02763665 -0.00884886
v 0.01909766 0.02479620 -0.00884886
v 0.01673653 0.02154638 -0.00884886
v 0.01491284 0.01796720 -0.00884886
v 0.01367152 0.01414681 -0.00884886
v 0.01214969 0.01024958 -0.00828313
v 0.01157020 0.01029518 -0.00739694
v 0.01223486 0.01449172 -0.00739694
v 0.01354783 0.01853261 -0.00739694
v 0.01547676 0.02231836 -0.00739694
v 0.01797417 0.02575575 -0.00739694
v 0.03224259 0.03449944 -0.00739694
v 0.02820170 0.03318648 -0.00739694
v 0.02441595 0.03125754 -0.00739694
v 0.02097856 0.02876013 -0.00739694
v 0.03643912 0.03516411 -0.00739694
v 0.03648473 0.03458462 -0.00828313
v 0.02518793 0.02999778 -0.00884886
v 0.02876710 0.03182146 -0.00884886
v 0.03258750 0.03306278 -0.00884886
v 0.03655504 0.03369118 -0.00884886
v 0.01280009 0.01435602 -0.00828313
v 0.01408486 0.01831016 -0.00828313
v 0.01597239 0.02201464 -0.00828313
v 0.01841618 0.02537823 -0.00828313
v 0.02135607 0.02831812 -0.00828313
v 0.02471967 0.03076191 -0.00828313
v 0.02842414 0.03264944 -0.00828313
v 0.03237829 0.03393422 -0.00828313
v 0.08558089 0.00300792 -0.00654363
v 0.08558089 0.00817076 -0.00654363
v 0.08523165 0.00302942 -0.00777511
v 0.08541483 0.00817076 -0.00739694
v 0.08523165 0.00817076 -0.00777511
v 0.08483355 0.00817076 -0.00828313
v 0.08431865 0.00304508 -0.00867230
v 0.08393735 0.00817076 -0.00884886
v 0.08431865 0.00817076 -0.00867230
v 0.08684193 0.00296352 -0.00400000
v 0.08562529 0.00296352 -0.00400000
v 0.08558089 -0.00540640 -0.00654363
v 0.08562529 -0.00536200 -0.00400000
v 0.08684193 -0.00536200 -0.00400000
v 0.08431865 -0.00544356 -0.00867230
v 0.08523165 -0.00542790 -0.00777511
v 0.08393735 -0.01054924 -0.00884886
v 0.08431865 -0.01054924 -0.00867230
v 0.08483355 -0.01054924 -0.00828313
v 0.08558089 -0.01054924 -0.00654363
v 0.08541483 -0.01054924 -0.00739694
v 0.08523165 -0.01054924 -0.00777511
v 0.08388083 -0.01227584 -0.00884886
v 0.05926462 -0.03689205 -0.00884886
v 0.05753801 -0.03694857 -0.00884886
v 0.05753801 -0.03784477 -0.00828313
v 0.06302675 -0.03637168 -0.00884886
v 0.06667528 -0.03531686 -0.00884886
v 0.07013468 -0.03374942 -0.00884886
v 0.07333338 -0.03170180 -0.00884886
v 0.07620516 -0.02921639 -0.00884886
v 0.07869058 -0.02634461 -0.00884886
v 0.08073820 -0.02314591 -0.00884886
v 0.08230564 -0.01968650 -0.00884886
v 0.08336046 -0.01603797 -0.00884886
v 0.08477511 -0.01233445 -0.00828313
v 0.08552085 -0.01238333 -0.00654363
v 0.08344626 -0.02128078 -0.00654363
v 0.08384760 -0.02025536 -0.00654363
v 0.08369181 -0.02019788 -0.00739694
v 0.08496809 -0.01637968 -0.00654363
v 0.08480566 -0.01634516 -0.00739694
v 0.08535515 -0.01237247 -0.00739694
v 0.08218258 -0.02393014 -0.00654363
v 0.08203664 -0.02385091 -0.00739694
v 0.08085482 -0.02612903 -0.00654363
v 0.07987442 -0.02722863 -0.00739694
v 0.08000748 -0.02732798 -0.00654363
v 0.07724990 -0.03026113 -0.00739694
v 0.07736732 -0.03037855 -0.00654363
v 0.07421740 -0.03288564 -0.00739694
v 0.07431675 -0.03301870 -0.00654363
v 0.05753801 -0.03859212 -0.00654363
v 0.05937211 -0.03853207 -0.00654363
v 0.05936125 -0.03836637 -0.00739694
v 0.06336845 -0.03797931 -0.00654363
v 0.06333393 -0.03781688 -0.00739694
v 0.06724413 -0.03685882 -0.00654363
v 0.06718665 -0.03670302 -0.00739694
v 0.06826956 -0.03645748 -0.00654363
v 0.07083968 -0.03504786 -0.00739694
v 0.07091892 -0.03519380 -0.00654363
v 0.07311780 -0.03386604 -0.00654363
v 0.08423708 -0.01622430 -0.00828313
v 0.08314645 -0.01999669 -0.00828313
v 0.08152580 -0.02357354 -0.00828313
v 0.07940866 -0.02688083 -0.00828313
v 0.07683887 -0.02985009 -0.00828313
v 0.07386960 -0.03241989 -0.00828313
v 0.07056232 -0.03453702 -0.00828313
v 0.06698547 -0.03615767 -0.00828313
v 0.06321307 -0.03724829 -0.00828313
v 0.05932323 -0.03778633 -0.00828313
v 0.05753801 -0.03842605 -0.00739694
v 0.05753801 0.03457009 -0.00884886
v 0.05753801 0.03546629 -0.00828313
v 0.05753801 0.03604758 -0.00739694
v 0.05753801 0.03621364 -0.00654363
v 0.07869058 0.02396613 -0.00884886
v 0.07620516 0.02683791 -0.00884886
v 0.08388083 0.00989736 -0.00884886
v 0.08336046 0.01365949 -0.00884886
v 0.08230564 0.01730802 -0.00884886
v 0.08073820 0.02076743 -0.00884886
v 0.07333338 0.02932333 -0.00884886
v 0.07013468 0.03137095 -0.00884886
v 0.06667528 0.03293839 -0.00884886
v 0.06302675 0.03399321 -0.00884886
v 0.05926462 0.03451357 -0.00884886
v 0.05932323 0.03540785 -0.00828313
v 0.05936125 0.03598789 -0.00739694
v 0.05937211 0.03615360 -0.00654363
v 0.06333393 0.03543840 -0.00739694
v 0.06336845 0.03560083 -0.00654363
v 0.06718665 0.03432455 -0.00739694
v 0.06724413 0.03448034 -0.00654363
v 0.08085482 0.02375055 -0.00654363
v 0.08000748 0.02494950 -0.00654363
v 0.07987442 0.02485014 -0.00739694
v 0.07736732 0.02800007 -0.00654363
v 0.07724990 0.02788265 -0.00739694
v 0.07431675 0.03064022 -0.00654363
v 0.07421740 0.03050717 -0.00739694
v 0.07311780 0.03148756 -0.00654363
v 0.07083968 0.03266938 -0.00739694
v 0.07091892 0.03281532 -0.00654363
v 0.06826956 0.03407900 -0.00654363
v 0.08218258 0.02155166 -0.00654363
v 0.08203664 0.02147243 -0.00739694
v 0.08344626 0.01890230 -0.00654363
v 0.08369181 0.01781940 -0.00739694
v 0.08384760 0.01787688 -0.00654363
v 0.08480566 0.01396668 -0.00739694
v 0.08496809 0.01400120 -0.00654363
v 0.08535515 0.00999399 -0.00739694
v 0.08552085 0.01000485 -0.00654363
v 0.08477511 0.00995597 -0.00828313
v 0.06321307 0.03486982 -0.00828313
v 0.06698547 0.03377919 -0.00828313
v 0.07056232 0.03215854 -0.00828313
v 0.07386960 0.03004141 -0.00828313
v 0.07683887 0.02747162 -0.00828313
v 0.07940866 0.02450235 -0.00828313
v 0.08152580 0.02119506 -0.00828313
v 0.08314645 0.01761821 -0.00828313
v 0.08423708 0.01384582 -0.00828313
v 0.08722521 -0.00528580 -0.00400000
v 0.08755020 -0.00506879 -0.00400000
v 0.08776738 -0.00474406 -0.00400000
v 0.08784364 -0.00436109 -0.00400000
v 0.05753801 0.03625804 -0.00400000
v 0.06301757 0.03571835 -0.00400000
v 0.06828655 0.03412002 -0.00400000
v 0.07314247 0.03152448 -0.00400000
v 0.07739872 0.02803146 -0.00400000
v 0.08089173 0.02377521 -0.00400000
v 0.08348727 0.01891929 -0.00400000
v 0.08508560 0.01365032 -0.00400000
v 0.08562529 0.00817076 -0.00400000
v 0.08722521 0.00288732 -0.00400000
v 0.08755020 0.00267032 -0.00400000
v 0.08776738 0.00234559 -0.00400000
v 0.08784364 0.00196261 -0.00400000
v 0.08562529 -0.01054924 -0.00400000
v 0.08508560 -0.01602880 -0.00400000
v 0.08348727 -0.02129778 -0.00400000
v 0.08089173 -0.02615369 -0.00400000
v 0.07739872 -0.03040994 -0.00400000
v 0.07314247 -0.03390295 -0.00400000
v 0.06828655 -0.03649850 -0.00400000
v 0.06301757 -0.03809682 -0.00400000
v 0.05753801 -0.03863651 -0.00400000
v 0.03856355 -0.04073714 -0.00669629
v 0.05753801 -0.04073714 -0.00669629
v 0.05753801 -0.04085486 -0.00400000
v 0.02811499 -0.03887127 -0.00669629
v 0.03228713 -0.04007746 -0.00669629
v 0.03658916 -0.04067251 -0.00669629
v 0.02050138 -0.03473741 -0.00669629
v 0.02179204 -0.03564956 -0.00669629
v 0.02415912 -0.03707888 -0.00669629
v 0.02701113 -0.03843923 -0.00669629
v 0.01721747 -0.03189531 -0.00669629
v 0.01437537 -0.02861140 -0.00669629
v 0.01346322 -0.02732074 -0.00669629
v 0.00837564 -0.01054924 -0.00669629
v 0.00844027 -0.01252362 -0.00669629
v 0.00903532 -0.01682566 -0.00669629
v 0.01024151 -0.02099779 -0.00669629
v 0.01067356 -0.02210165 -0.00669629
v 0.01203390 -0.02495366 -0.00669629
v 0.00837564 0.00817076 -0.00669629
v 0.02811499 0.03649279 -0.00669629
v 0.02701113 0.03606075 -0.00669629
v 0.00844027 0.01014514 -0.00669629
v 0.01067356 0.01972317 -0.00669629
v 0.01024151 0.01861931 -0.00669629
v 0.00903532 0.01444718 -0.00669629
v 0.01203390 0.02257518 -0.00669629
v 0.01346322 0.02494226 -0.00669629
v 0.01437537 0.02623293 -0.00669629
v 0.01721747 0.02951683 -0.00669629
v 0.02050138 0.03235894 -0.00669629
v 0.02179204 0.03327109 -0.00669629
v 0.02415912 0.03470041 -0.00669629
v 0.03228713 0.03769899 -0.00669629
v 0.03658916 0.03829403 -0.00669629
v 0.03856355 0.03835867 -0.00669629
v 0.05753801 0.03835867 -0.00669629
v 0.05753801 0.03847639 -0.00400000
v 0.08586004 0.01861931 -0.00669629
v 0.08542800 0.01972317 -0.00669629
v 0.08553676 0.01976822 -0.00400000
v 0.06913548 0.03616951 -0.00400000
v 0.06798656 0.03649279 -0.00669629
v 0.06345035 0.03789407 -0.00400000
v 0.06381443 0.03769899 -0.00669629
v 0.05951240 0.03829403 -0.00669629
v 0.07560018 0.03235894 -0.00669629
v 0.07430952 0.03327109 -0.00669629
v 0.07437492 0.03336897 -0.00400000
v 0.07194244 0.03470041 -0.00669629
v 0.06909043 0.03606075 -0.00669629
v 0.07888409 0.02951683 -0.00669629
v 0.07896733 0.02960007 -0.00400000
v 0.08172619 0.02623293 -0.00669629
v 0.08273622 0.02500767 -0.00400000
v 0.08263834 0.02494226 -0.00669629
v 0.08406767 0.02257518 -0.00669629
v 0.08706624 0.01444718 -0.00669629
v 0.08726133 0.01408310 -0.00400000
v 0.08766129 0.01014514 -0.00669629
v 0.08784364 0.00817076 -0.00400000
v 0.08772592 0.00817076 -0.00669629
v 0.08784364 -0.01054924 -0.00400000
v 0.08772592 -0.01054924 -0.00669629
v 0.06798656 -0.03887127 -0.00669629
v 0.06909043 -0.03843923 -0.00669629
v 0.06913548 -0.03854799 -0.00400000
v 0.08553676 -0.02214670 -0.00400000
v 0.08586004 -0.02099779 -0.00669629
v 0.08726133 -0.01646157 -0.00400000
v 0.08706624 -0.01682566 -0.00669629
v 0.08766129 -0.01252362 -0.00669629
v 0.08172619 -0.02861140 -0.00669629
v 0.08263834 -0.02732074 -0.00669629
v 0.08273622 -0.02738614 -0.00400000
v 0.08406767 -0.02495366 -0.00669629
v 0.08542800 -0.02210165 -0.00669629
v 0.07888409 -0.03189531 -0.00669629
v 0.07896733 -0.03197855 -0.00400000
v 0.07560018 -0.03473741 -0.00669629
v 0.07437492 -0.03574745 -0.00400000
v 0.07430952 -0.03564956 -0.00669629
v 0.07194244 -0.03707888 -0.00669629
v 0.06381443 -0.04007746 -0.00669629
v 0.06345035 -0.04027255 -0.00400000
v 0.05951240 -0.04067251 -0.00669629
v 0.05753801 -0.04053609 -0.00784381
v 0.03856355 -0.04053609 -0.00784381
v 0.05753801 -0.04007145 -0.00886239
v 0.03856355 -0.04007145 -0.00886239
v 0.05753801 -0.03985293 -0.00918459
v 0.03856355 -0.03985293 -0.00918459
v 0.05753801 -0.03876593 -0.01022517
v 0.03856355 -0.03876593 -0.01022517
v 0.05753801 -0.03843451 -0.01042943
v 0.03856355 -0.03843451 -0.01042943
v 0.05753801 -0.03739662 -0.01084920
v 0.03856355 -0.03739662 -0.01084920
v 0.05753801 -0.03624142 -0.01100000
v 0.03856355 -0.03624142 -0.01100000
v 0.00904133 -0.01054924 -0.00886239
v 0.00925985 -0.01054924 -0.00918459
v 0.00932259 -0.01246579 -0.00918459
v 0.01067827 -0.01054924 -0.01042943
v 0.01171616 -0.01054924 -0.01084920
v 0.01177364 -0.01230514 -0.01084920
v 0.03671809 -0.03870551 -0.01022517
v 0.03660231 -0.04047189 -0.00784381
v 0.00857669 -0.01054924 -0.00784381
v 0.00864089 -0.01251047 -0.00784381
v 0.00923197 -0.01678386 -0.00784381
v 0.01043013 -0.02092820 -0.00784381
v 0.02062167 -0.03457632 -0.00784381
v 0.01735964 -0.03175315 -0.00784381
v 0.01453646 -0.02849111 -0.00784381
v 0.01221058 -0.02485773 -0.00784381
v 0.02425505 -0.03690220 -0.00784381
v 0.02818458 -0.03868265 -0.00784381
v 0.03232893 -0.03988081 -0.00784381
v 0.03688319 -0.03618642 -0.01100000
v 0.03680764 -0.03733914 -0.01084920
v 0.03298166 -0.03680994 -0.01084920
v 0.03322184 -0.03567999 -0.01100000
v 0.02927121 -0.03573722 -0.01084920
v 0.02967104 -0.03465343 -0.01100000
v 0.02575308 -0.03414318 -0.01084920
v 0.02630429 -0.03312797 -0.01100000
v 0.02250009 -0.03206081 -0.01084920
v 0.02319128 -0.03113520 -0.01100000
v 0.01957957 -0.02953321 -0.01084920
v 0.02039642 -0.02871636 -0.01100000
v 0.01705197 -0.02661269 -0.01084920
v 0.01797758 -0.02592151 -0.01100000
v 0.01496960 -0.02335970 -0.01084920
v 0.01598481 -0.02280849 -0.01100000
v 0.01337556 -0.01984158 -0.01084920
v 0.01445936 -0.01944174 -0.01100000
v 0.01230284 -0.01613113 -0.01084920
v 0.01343279 -0.01589095 -0.01100000
v 0.01292637 -0.01222959 -0.01100000
v 0.01287136 -0.01054924 -0.01100000
v 0.00990020 -0.01664182 -0.00918459
v 0.01107107 -0.02069175 -0.00918459
v 0.01281096 -0.02453175 -0.00918459
v 0.01508385 -0.02808236 -0.00918459
v 0.01784270 -0.03127008 -0.00918459
v 0.02103042 -0.03402894 -0.00918459
v 0.02458103 -0.03630183 -0.00918459
v 0.02842104 -0.03804171 -0.00918459
v 0.03247096 -0.03921258 -0.00918459
v 0.03664699 -0.03979019 -0.00918459
v 0.01034686 -0.01054924 -0.01022517
v 0.01040727 -0.01239470 -0.01022517
v 0.01096346 -0.01641582 -0.01022517
v 0.01209089 -0.02031552 -0.01022517
v 0.01376624 -0.02401308 -0.01022517
v 0.01595481 -0.02743198 -0.01022517
v 0.01861133 -0.03050145 -0.01022517
v 0.02168081 -0.03315797 -0.01022517
v 0.02509970 -0.03534655 -0.01022517
v 0.02879727 -0.03702189 -0.01022517
v 0.03269697 -0.03814932 -0.01022517
v 0.00857669 0.00817076 -0.00784381
v 0.00904133 0.00817076 -0.00886239
v 0.00925985 0.00817076 -0.00918459
v 0.01034686 0.00817076 -0.01022517
v 0.01067827 0.00817076 -0.01042943
v 0.01171616 0.00817076 -0.01084920
v 0.01287136 0.00817076 -0.01100000
v 0.01040727 0.01001622 -0.01022517
v 0.00864089 0.01013200 -0.00784381
v 0.03856355 0.03769298 -0.00886239
v 0.03856355 0.03747446 -0.00918459
v 0.03664699 0.03741172 -0.00918459
v 0.03856355 0.03605603 -0.01042943
v 0.03856355 0.03501815 -0.01084920
v 0.03680764 0.03496067 -0.01084920
v 0.01177364 0.00992666 -0.01084920
v 0.01292637 0.00985111 -0.01100000
v 0.01230284 0.01375265 -0.01084920
v 0.01343279 0.01351247 -0.01100000
v 0.01337556 0.01746310 -0.01084920
v 0.01445936 0.01706326 -0.01100000
v 0.01496960 0.02098123 -0.01084920
v 0.01598481 0.02043001 -0.01100000
v 0.01705197 0.02423421 -0.01084920
v 0.01797758 0.02354303 -0.01100000
v 0.01957957 0.02715473 -0.01084920
v 0.02039642 0.02633788 -0.01100000
v 0.02250009 0.02968233 -0.01084920
v 0.02319128 0.02875672 -0.01100000
v 0.02575308 0.03176470 -0.01084920
v 0.02630429 0.03074949 -0.01100000
v 0.02927121 0.03335875 -0.01084920
v 0.02967104 0.03227495 -0.01100000
v 0.03298166 0.03443147 -0.01084920
v 0.03322184 0.03330151 -0.01100000
v 0.03688319 0.03380794 -0.01100000
v 0.03856355 0.03386295 -0.01100000
v 0.03856355 0.03815762 -0.00784381
v 0.03660231 0.03809341 -0.00784381
v 0.03232893 0.03750233 -0.00784381
v 0.02818458 0.03630417 -0.00784381
v 0.01453646 0.02611263 -0.00784381
v 0.01735964 0.02937467 -0.00784381
v 0.02062167 0.03219784 -0.00784381
v 0.02425505 0.03452373 -0.00784381
v 0.01221058 0.02247925 -0.00784381
v 0.01043013 0.01854972 -0.00784381
v 0.00923197 0.01440538 -0.00784381
v 0.03247096 0.03683410 -0.00918459
v 0.02842104 0.03566324 -0.00918459
v 0.02458103 0.03392335 -0.00918459
v 0.02103042 0.03165046 -0.00918459
v 0.01784270 0.02889160 -0.00918459
v 0.01508385 0.02570388 -0.00918459
v 0.01281096 0.02215328 -0.00918459
v 0.01107107 0.01831327 -0.00918459
v 0.00990020 0.01426334 -0.00918459
v 0.00932259 0.01008731 -0.00918459
v 0.03856355 0.03638745 -0.01022517
v 0.03671809 0.03632704 -0.01022517
v 0.03269697 0.03577085 -0.01022517
v 0.02879727 0.03464342 -0.01022517
v 0.02509970 0.03296807 -0.01022517
v 0.02168081 0.03077949 -0.01022517
v 0.01861133 0.02812297 -0.01022517
v 0.01595481 0.02505350 -0.01022517
v 0.01376624 0.02163460 -0.01022517
v 0.01209089 0.01793704 -0.01022517
v 0.01096346 0.01403734 -0.01022517
v 0.05753801 0.03386295 -0.01100000
v 0.05753801 0.03501815 -0.01084920
v 0.05753801 0.03605603 -0.01042943
v 0.05753801 0.03638745 -0.01022517
v 0.05753801 0.03747446 -0.00918459
v 0.05753801 0.03769298 -0.00886239
v 0.05753801 0.03815762 -0.00784381
v 0.08706023 0.00817076 -0.00886239
v 0.08684171 0.00817076 -0.00918459
v 0.08677897 0.01008731 -0.00918459
v 0.08542328 0.00817076 -0.01042943
v 0.08438540 0.00817076 -0.01084920
v 0.08432792 0.00992666 -0.01084920
v 0.05938347 0.03632704 -0.01022517
v 0.05949925 0.03809341 -0.00784381
v 0.08752487 0.00817076 -0.00784381
v 0.08746067 0.01013200 -0.00784381
v 0.08686959 0.01440538 -0.00784381
v 0.08567142 0.01854972 -0.00784381
v 0.07547989 0.03219784 -0.00784381
v 0.07874192 0.02937467 -0.00784381
v 0.08156510 0.02611263 -0.00784381
v 0.08389097 0.02247925 -0.00784381
v 0.07184651 0.03452373 -0.00784381
v 0.06791697 0.03630417 -0.00784381
v 0.06377263 0.03750233 -0.00784381
v 0.05921837 0.03380794 -0.01100000
v 0.05929392 0.03496067 -0.01084920
v 0.06311990 0.03443147 -0.01084920
v 0.06287972 0.03330151 -0.01100000
v 0.06683035 0.03335875 -0.01084920
v 0.06643052 0.03227495 -0.01100000
v 0.07034848 0.03176470 -0.01084920
v 0.06979727 0.03074949 -0.01100000
v 0.07360147 0.02968233 -0.01084920
v 0.07291029 0.02875672 -0.01100000
v 0.07652199 0.02715473 -0.01084920
v 0.07570513 0.02633788 -0.01100000
v 0.07904959 0.02423421 -0.01084920
v 0.07812398 0.02354303 -0.01100000
v 0.08113196 0.02098123 -0.01084920
v 0.08011675 0.02043001 -0.01100000
v 0.08272600 0.01746310 -0.01084920
v 0.08164220 0.01706326 -0.01100000
v 0.08379872 0.01375265 -0.01084920
v 0.08266877 0.01351247 -0.01100000
v 0.08317520 0.00985111 -0.01100000
v 0.08323020 0.00817076 -0.01100000
v 0.08620135 0.01426334 -0.00918459
v 0.08503049 0.01831327 -0.00918459
v 0.08329061 0.02215328 -0.00918459
v 0.08101771 0.02570388 -0.00918459
v 0.07825886 0.02889160 -0.00918459
v 0.07507113 0.03165046 -0.00918459
v 0.07152053 0.03392335 -0.00918459
v 0.06768052 0.03566324 -0.00918459
v 0.06363060 0.03683410 -0.00918459
v 0.05945457 0.03741172 -0.00918459
v 0.08575471 0.00817076 -0.01022517
v 0.08569429 0.01001622 -0.01022517
v 0.08513810 0.01403734 -0.01022517
v 0.08401067 0.01793704 -0.01022517
v 0.08233532 0.02163460 -0.01022517
v 0.08014674 0.02505350 -0.01022517
v 0.07749023 0.02812297 -0.01022517
v 0.07442076 0.03077949 -0.01022517
v 0.07100186 0.03296807 -0.01022517
v 0.06730429 0.03464342 -0.01022517
v 0.06340460 0.03577085 -0.01022517
v 0.08323020 -0.01054924 -0.01100000
v 0.08438540 -0.01054924 -0.01084920
v 0.08542328 -0.01054924 -0.01042943
v 0.08575471 -0.01054924 -0.01022517
v 0.08684171 -0.01054924 -0.00918459
v 0.08706023 -0.01054924 -0.00886239
v 0.08752487 -0.01054924 -0.00784381
v 0.05945457 -0.03979019 -0.00918459
v 0.05929392 -0.03733914 -0.01084920
v 0.08569429 -0.01239470 -0.01022517
v 0.08746067 -0.01251047 -0.00784381
v 0.05949925 -0.04047189 -0.00784381
v 0.06377263 -0.03988081 -0.00784381
v 0.06791697 -0.03868265 -0.00784381
v 0.08156510 -0.02849111 -0.00784381
v 0.07874192 -0.03175315 -0.00784381
v 0.07547989 -0.03457632 -0.00784381
v 0.07184651 -0.03690220 -0.00784381
v 0.08389097 -0.02485773 -0.00784381
v 0.08567142 -0.02092820 -0.00784381
v 0.08686959 -0.01678386 -0.00784381
v 0.08317520 -0.01222959 -0.01100000
v 0.08432792 -0.01230514 -0.01084920
v 0.08379872 -0.01613113 -0.01084920
v 0.08266877 -0.01589095 -0.01100000
v 0.08272600 -0.01984158 -0.01084920
v 0.08164220 -0.01944174 -0.01100000
v 0.08113196 -0.02335970 -0.01084920
v 0.08011675 -0.02280849 -0.01100000
v 0.07904959 -0.02661269 -0.01084920
v 0.07812398 -0.02592151 -0.01100000
v 0.07652199 -0.02953321 -0.01084920
v 0.07570513 -0.02871636 -0.01100000
v 0.07360147 -0.03206081 -0.01084920
v 0.07291029 -0.03113520 -0.01100000
v 0.07034848 -0.03414318 -0.01084920
v 0.06979727 -0.03312797 -0.01100000
v 0.06683035 -0.03573722 -0.01084920
v 0.06643052 -0.03465343 -0.01100000
v 0.06311990 -0.03680994 -0.01084920
v 0.06287972 -0.03567999 -0.01100000
v 0.05921837 -0.03618642 -0.01100000
v 0.06363060 -0.03921258 -0.00918459
v 0.06768052 -0.03804171 -0.00918459
v 0.07152053 -0.03630183 -0.00918459
v 0.07507113 -0.03402894 -0.00918459
v 0.07825886 -0.03127008 -0.00918459
v 0.08101771 -0.02808236 -0.00918459
v 0.08329061 -0.02453175 -0.00918459
v 0.08503049 -0.02069175 -0.00918459
v 0.08620135 -0.01664182 -0.00918459
v 0.08677897 -0.01246579 -0.00918459
v 0.05938347 -0.03870551 -0.01022517
v 0.06340460 -0.03814932 -0.01022517
v 0.06730429 -0.03702189 -0.01022517
v 0.07100186 -0.03534655 -0.01022517
v 0.07442076 -0.03315797 -0.01022517
v 0.07749023 -0.03050145 -0.01022517
v 0.08014674 -0.02743198 -0.01022517
v 0.08233532 -0.02401308 -0.01022517
v 0.08401067 -0.02031552 -0.01022517
v 0.08513810 -0.01641582 -0.01022517
v 0.04870282 0.01711076 -0.01000000
v 0.04933919 0.01411688 -0.01000000
v 0.05113826 0.01164068 -0.01000000
v 0.05378896 0.01011030 -0.01000000
v 0.05683295 0.00979036 -0.01000000
v 0.05974391 0.01073619 -0.01000000
v 0.06201850 0.01278424 -0.01000000
v 0.06326342 0.01558038 -0.01000000
v 0.06326342 0.01864114 -0.01000000
v 0.06201850 0.02143729 -0.01000000
v 0.05974391 0.02348533 -0.01000000
v 0.05683295 0.02443116 -0.01000000
v 0.05378896 0.02411123 -0.01000000
v 0.05113826 0.02258085 -0.01000000
v 0.04933919 0.02010464 -0.01000000
v 0.05606354 0.01711076 -0.01000000
v 0.04864609 -0.01950924 -0.01000000
v 0.04928736 -0.02252619 -0.01000000
v 0.05110030 -0.02502148 -0.01000000
v 0.05377143 -0.02656366 -0.01000000
v 0.05683888 -0.02688606 -0.01000000
v 0.05977227 -0.02593294 -0.01000000
v 0.06206439 -0.02386911 -0.01000000
v 0.06331891 -0.02105142 -0.01000000
v 0.06331891 -0.01796706 -0.01000000
v 0.06206439 -0.01514937 -0.01000000
v 0.05977227 -0.01308553 -0.01000000
v 0.05683888 -0.01213242 -0.01000000
v 0.05377143 -0.01245482 -0.01000000
v 0.05110030 -0.01399700 -0.01000000
v 0.04928736 -0.01649229 -0.01000000
v 0.05606354 -0.01950924 -0.01000000
v 0.05606354 0.00591447 0.00000000
v 0.05805894 0.00591447 0.00000000
v 0.05606354 -0.00119924 0.00000000
v 0.06417064 -0.00119924 0.00000000
v 0.06417064 0.00002105 0.00000000
v 0.05805894 0.00002105 0.00000000
usemtl material_1
f 1 2 3
f 4 5 6
f 7 8 9
f 9 8 10
f 11 12 13
f 13 12 14
f 15 16 1
f 1 16 17
f 1 17 18
f 19 20 21
f 22 23 24
f 18 25 6
f 6 25 26
f 6 26 27
f 6 28 29
f 30 31 32
f 32 31 33
f 34 35 36
f 36 35 37
f 36 37 33
f 33 37 38
f 33 38 32
f 14 39 13
f 13 39 40
f 13 40 41
f 41 40 3
f 41 3 42
f 42 3 19
f 42 19 43
f 43 19 8
f 44 45 5
f 5 45 20
f 5 20 6
f 6 20 19
f 18 46 47
f 29 48 6
f 6 48 49
f 6 49 4
f 50 46 51
f 51 46 18
f 51 18 52
f 52 18 17
f 50 53 46
f 46 53 54
f 46 54 55
f 1 3 15
f 15 3 40
f 15 40 56
f 56 40 57
f 56 57 36
f 36 57 58
f 36 58 34
f 21 59 19
f 19 59 60
f 19 60 8
f 8 60 61
f 8 61 10
f 62 63 64
f 64 63 65
f 64 65 66
f 66 65 67
f 66 67 68
f 68 67 69
f 68 69 70
f 24 23 71
f 71 23 72
f 71 72 73
f 44 5 24
f 24 5 74
f 24 74 22
f 47 75 18
f 18 75 76
f 18 76 77
f 77 78 18
f 18 78 79
f 18 79 80
f 27 81 6
f 6 81 82
f 6 82 28
f 30 83 31
f 31 83 84
f 31 84 85
f 85 84 86
f 85 86 87
f 87 86 88
f 87 88 89
f 89 88 90
f 89 90 91
f 92 93 10
f 10 93 94
f 10 94 9
f 70 95 68
f 68 95 96
f 68 96 10
f 10 96 97
f 10 97 92
f 73 98 71
f 71 98 99
f 71 99 100
f 100 99 101
f 100 101 102
f 102 101 103
f 102 103 64
f 64 103 104
f 64 104 62
f 80 105 18
f 18 105 106
f 18 106 25
f 91 107 89
f 89 107 108
f 89 108 54
f 54 108 109
f 54 109 55
f 110 111 112
f 110 112 113
f 114 115 112
f 112 115 116
f 112 116 113
f 117 118 112
f 112 118 119
f 112 119 114
f 120 121 112
f 112 121 122
f 112 122 117
f 111 123 112
f 112 123 124
f 112 124 120
f 125 126 127
f 127 126 128
f 127 128 129
f 129 128 130
f 129 130 131
f 131 130 132
f 131 132 133
f 133 132 134
f 133 134 135
f 135 134 136
f 135 136 137
f 137 136 138
f 137 138 139
f 139 138 140
f 139 140 141
f 141 140 142
f 141 142 143
f 143 142 144
f 143 144 145
f 145 144 146
f 145 146 147
f 147 146 148
f 147 148 149
f 149 148 150
f 149 150 151
f 151 150 125
f 151 125 127
f 133 152 131
f 131 152 153
f 131 153 129
f 129 153 154
f 129 154 127
f 127 154 155
f 127 155 151
f 151 155 156
f 151 156 149
f 149 156 157
f 149 157 147
f 147 157 158
f 147 158 145
f 145 158 159
f 145 159 143
f 143 159 160
f 143 160 141
f 141 160 161
f 141 161 139
f 139 161 162
f 139 162 137
f 137 162 163
f 137 163 135
f 135 163 164
f 135 164 133
f 133 164 152
f 123 111 154
f 154 111 110
f 154 110 155
f 155 110 113
f 155 113 156
f 156 113 116
f 156 116 157
f 157 116 115
f 157 115 158
f 158 115 114
f 158 114 159
f 159 114 119
f 159 119 160
f 160 119 118
f 160 118 161
f 161 118 117
f 161 117 162
f 162 117 122
f 162 122 163
f 163 122 121
f 163 121 164
f 164 121 120
f 164 120 152
f 152 120 124
f 152 124 153
f 153 124 123
f 153 123 154
f 165 166 167
f 168 169 170
f 170 169 171
f 172 173 174
f 174 173 165
f 174 165 171
f 171 165 167
f 171 167 170
f 175 176 177
f 178 179 176
f 176 179 180
f 176 180 177
f 181 182 183
f 183 182 175
f 183 175 184
f 184 175 177
f 174 185 186
f 174 186 172
f 172 186 187
f 172 187 173
f 173 187 188
f 173 188 165
f 171 189 174
f 174 189 185
f 170 190 191
f 170 191 168
f 168 191 192
f 168 192 169
f 169 192 189
f 169 189 171
f 176 193 194
f 176 194 178
f 178 194 195
f 178 195 179
f 179 195 196
f 179 196 180
f 175 197 176
f 176 197 193
f 183 198 199
f 183 199 181
f 181 199 200
f 181 200 182
f 182 200 197
f 182 197 175
f 201 202 203
f 201 203 204
f 204 203 205
f 204 205 206
f 206 205 167
f 206 167 166
f 207 208 209
f 207 209 210
f 210 209 211
f 210 211 212
f 212 211 184
f 212 184 177
f 213 214 215
f 215 214 216
f 188 187 186
f 192 191 189
f 189 191 190
f 189 190 217
f 217 218 189
f 189 218 188
f 189 188 185
f 185 188 186
f 219 220 221
f 221 220 201
f 221 201 222
f 222 201 204
f 222 204 223
f 223 204 206
f 223 206 218
f 218 206 166
f 218 166 188
f 188 166 165
f 224 220 225
f 225 220 219
f 226 227 228
f 228 227 229
f 198 183 230
f 230 183 184
f 230 184 231
f 231 184 211
f 231 211 232
f 232 211 209
f 232 209 233
f 233 209 208
f 233 208 228
f 228 208 226
f 195 194 196
f 196 194 193
f 197 200 199
f 199 198 197
f 197 198 230
f 197 230 193
f 193 230 234
f 193 234 196
f 235 236 237
f 237 236 238
f 239 240 241
f 242 243 244
f 245 246 247
f 248 249 250
f 251 252 253
f 253 252 238
f 253 238 236
f 254 227 255
f 255 227 226
f 255 226 256
f 256 226 208
f 256 208 207
f 257 258 253
f 253 258 259
f 253 259 251
f 257 260 258
f 258 260 261
f 258 261 207
f 207 261 262
f 207 262 256
f 255 263 254
f 254 263 264
f 254 264 265
f 265 264 266
f 267 268 253
f 253 268 269
f 253 269 257
f 266 267 265
f 265 267 253
f 265 253 270
f 270 253 271
f 270 271 272
f 272 271 273
f 272 273 274
f 274 273 241
f 220 224 275
f 275 276 277
f 278 279 280
f 280 279 281
f 280 281 276
f 276 281 282
f 276 282 277
f 202 201 283
f 283 201 220
f 283 220 284
f 284 220 275
f 284 275 285
f 285 275 277
f 286 247 287
f 286 288 247
f 247 288 216
f 247 216 214
f 214 289 247
f 247 289 290
f 247 290 245
f 291 292 293
f 293 292 294
f 293 294 287
f 287 294 295
f 287 295 286
f 296 297 298
f 298 297 299
f 298 299 300
f 243 301 302
f 303 304 305
f 305 304 250
f 305 250 306
f 306 250 249
f 307 308 309
f 309 308 310
f 309 310 311
f 311 312 309
f 309 312 313
f 309 313 305
f 305 313 314
f 305 314 303
f 315 316 317
f 317 316 318
f 315 317 319
f 319 317 320
f 319 320 321
f 321 320 240
f 240 320 280
f 240 280 241
f 241 280 276
f 241 276 274
f 239 241 322
f 322 241 273
f 322 273 323
f 316 324 318
f 318 324 325
f 318 325 326
f 323 273 327
f 327 273 271
f 327 271 328
f 283 329 202
f 202 329 330
f 202 330 246
f 246 330 331
f 246 331 247
f 247 331 332
f 247 332 278
f 304 333 250
f 250 333 334
f 250 334 326
f 335 336 337
f 337 336 338
f 337 338 307
f 307 338 339
f 307 339 308
f 236 248 253
f 253 248 250
f 253 250 271
f 271 250 326
f 271 326 328
f 328 326 325
f 340 132 130
f 125 341 126
f 126 341 128
f 309 242 307
f 307 242 244
f 307 244 337
f 337 244 342
f 337 342 341
f 341 342 340
f 341 340 128
f 128 340 130
f 125 150 341
f 341 150 148
f 341 148 343
f 343 148 146
f 343 146 144
f 344 142 140
f 140 138 344
f 344 138 136
f 344 136 340
f 340 136 134
f 340 134 132
f 334 335 326
f 326 335 337
f 326 337 318
f 318 337 341
f 318 341 317
f 317 341 343
f 317 343 320
f 320 343 345
f 243 302 244
f 244 302 346
f 244 346 342
f 342 346 347
f 342 347 340
f 340 347 348
f 340 348 344
f 344 348 349
f 344 349 300
f 300 349 350
f 300 350 298
f 351 352 345
f 353 354 287
f 352 355 345
f 345 355 356
f 345 356 320
f 356 357 320
f 320 357 358
f 320 358 359
f 351 345 360
f 360 345 293
f 360 293 361
f 278 280 247
f 247 280 320
f 247 320 287
f 287 320 359
f 287 359 353
f 354 362 287
f 287 362 363
f 287 363 293
f 293 363 364
f 293 364 361
f 144 142 343
f 343 142 344
f 343 344 345
f 345 344 300
f 345 300 293
f 293 300 299
f 293 299 291
f 291 299 297
f 365 302 366
f 366 302 301
f 366 301 367
f 367 301 368
f 368 301 243
f 368 243 369
f 369 243 370
f 370 243 242
f 370 242 371
f 372 291 373
f 373 291 297
f 373 297 374
f 374 297 375
f 375 297 296
f 375 296 376
f 376 296 377
f 377 296 298
f 377 298 378
f 257 379 260
f 260 379 380
f 260 380 261
f 261 380 381
f 261 381 262
f 262 381 382
f 262 382 256
f 256 382 383
f 256 383 255
f 255 383 384
f 255 384 263
f 263 384 385
f 263 385 264
f 264 385 386
f 264 386 266
f 266 386 387
f 266 387 267
f 267 387 388
f 267 388 268
f 268 388 389
f 268 389 269
f 269 389 390
f 269 390 257
f 257 390 379
f 278 391 279
f 279 391 392
f 279 392 281
f 281 392 393
f 281 393 282
f 282 393 394
f 282 394 277
f 277 394 395
f 277 395 285
f 285 395 396
f 285 396 284
f 284 396 397
f 284 397 283
f 283 397 398
f 283 398 329
f 329 398 399
f 329 399 330
f 330 399 400
f 330 400 331
f 331 400 401
f 331 401 332
f 332 401 402
f 332 402 278
f 278 402 391
f 316 403 324
f 324 403 404
f 324 404 325
f 325 404 405
f 325 405 328
f 328 405 406
f 328 406 327
f 327 406 407
f 327 407 323
f 323 407 408
f 323 408 322
f 322 408 409
f 322 409 239
f 239 409 410
f 239 410 240
f 240 410 411
f 240 411 321
f 321 411 412
f 321 412 319
f 319 412 413
f 319 413 315
f 315 413 414
f 315 414 316
f 316 414 403
f 372 415 291
f 291 415 416
f 291 416 292
f 416 417 292
f 292 417 418
f 292 418 294
f 294 418 419
f 294 419 295
f 215 216 420
f 420 216 288
f 420 288 421
f 421 288 286
f 421 286 419
f 419 286 295
f 422 245 290
f 422 290 423
f 423 290 289
f 423 289 424
f 424 289 214
f 424 214 213
f 190 170 217
f 217 170 167
f 217 167 425
f 425 167 205
f 425 205 426
f 426 205 203
f 426 203 427
f 427 203 202
f 427 202 422
f 422 202 246
f 422 246 245
f 218 217 223
f 223 217 425
f 223 425 222
f 222 425 426
f 222 426 221
f 221 426 427
f 428 275 225
f 225 275 224
f 276 275 428
f 429 254 265
f 265 270 429
f 429 270 272
f 429 272 428
f 428 272 274
f 428 274 276
f 229 227 429
f 429 227 254
f 234 230 430
f 430 230 231
f 430 231 431
f 431 231 232
f 431 232 432
f 432 232 233
f 180 196 177
f 177 196 234
f 177 234 212
f 212 234 430
f 212 430 210
f 210 430 431
f 210 431 207
f 207 431 432
f 207 432 258
f 258 432 433
f 258 433 259
f 237 238 252
f 237 252 434
f 434 252 251
f 434 251 435
f 435 251 259
f 435 259 433
f 436 306 437
f 437 306 249
f 437 249 438
f 438 249 248
f 438 248 235
f 235 248 236
f 439 440 371
f 441 309 436
f 436 309 305
f 436 305 306
f 441 442 309
f 309 442 439
f 309 439 242
f 242 439 371
f 443 444 445
f 302 365 446
f 447 378 448
f 448 378 298
f 448 298 449
f 449 298 450
f 298 350 450
f 450 350 349
f 450 349 445
f 445 349 348
f 445 348 347
f 446 443 302
f 302 443 445
f 302 445 346
f 346 445 347
f 451 452 453
f 219 221 399
f 399 221 427
f 399 427 400
f 454 441 436
f 386 385 429
f 429 385 228
f 429 228 229
f 432 233 228
f 386 429 387
f 387 429 428
f 387 428 388
f 388 428 397
f 388 397 396
f 428 225 397
f 397 225 219
f 397 219 398
f 398 219 399
f 424 213 402
f 404 455 456
f 411 215 412
f 412 215 420
f 385 384 228
f 228 384 383
f 228 383 432
f 432 383 382
f 432 382 433
f 433 382 381
f 433 381 435
f 435 381 380
f 456 457 404
f 404 457 458
f 404 458 405
f 405 458 459
f 405 459 406
f 460 461 413
f 413 461 462
f 413 462 414
f 414 462 463
f 414 463 403
f 403 463 464
f 403 464 465
f 465 451 403
f 403 451 453
f 403 453 404
f 404 453 466
f 404 466 455
f 438 379 437
f 437 379 390
f 437 390 393
f 393 390 389
f 393 389 394
f 394 389 388
f 394 388 395
f 395 388 396
f 400 427 401
f 401 427 422
f 401 422 402
f 402 422 423
f 402 423 424
f 213 215 402
f 402 215 411
f 402 411 391
f 391 411 410
f 391 410 392
f 392 410 393
f 418 467 419
f 419 467 468
f 420 421 412
f 412 421 419
f 412 419 413
f 413 419 468
f 413 468 460
f 438 235 379
f 379 235 237
f 379 237 380
f 380 237 434
f 380 434 435
f 406 459 407
f 407 459 469
f 407 469 470
f 437 471 436
f 436 471 472
f 436 472 454
f 470 471 407
f 407 471 437
f 407 437 408
f 408 437 393
f 408 393 409
f 409 393 410
f 471 473 472
f 472 473 474
f 474 475 472
f 472 475 476
f 472 476 454
f 442 441 477
f 477 441 454
f 477 454 478
f 478 454 476
f 479 473 470
f 470 473 471
f 479 470 469
f 479 469 480
f 480 469 459
f 480 459 481
f 481 459 458
f 481 458 482
f 483 482 457
f 457 482 458
f 483 457 484
f 484 457 456
f 484 456 485
f 485 456 455
f 485 455 486
f 486 455 466
f 453 487 466
f 466 487 486
f 451 465 488
f 488 489 451
f 451 489 490
f 451 490 452
f 452 490 491
f 487 453 492
f 492 453 452
f 492 452 493
f 493 452 491
f 494 488 464
f 464 488 465
f 494 464 495
f 495 464 463
f 495 463 496
f 496 463 497
f 497 463 462
f 497 462 498
f 461 499 462
f 462 499 500
f 462 500 498
f 501 499 460
f 460 499 461
f 418 417 502
f 418 502 467
f 467 502 503
f 467 503 468
f 468 503 501
f 468 501 460
f 504 505 506
f 415 507 508
f 508 507 509
f 508 509 506
f 510 505 511
f 511 505 504
f 511 504 512
f 513 514 512
f 512 514 515
f 512 515 511
f 511 515 516
f 511 516 510
f 510 516 415
f 415 516 517
f 517 516 515
f 517 515 518
f 518 515 514
f 518 514 519
f 519 514 513
f 519 513 520
f 506 505 508
f 508 505 510
f 508 510 415
f 440 521 522
f 523 521 440
f 524 525 526
f 527 528 529
f 529 528 530
f 529 530 531
f 531 530 532
f 531 532 525
f 523 524 521
f 521 524 526
f 521 526 522
f 522 526 533
f 534 440 522
f 525 532 526
f 526 532 535
f 526 535 533
f 533 535 536
f 533 536 522
f 522 536 537
f 522 537 534
f 538 520 513
f 539 540 513
f 513 540 541
f 513 541 538
f 539 513 542
f 542 513 512
f 542 512 543
f 543 512 504
f 543 504 544
f 544 504 545
f 545 504 506
f 545 506 546
f 547 548 527
f 527 548 528
f 549 536 550
f 550 536 535
f 550 535 551
f 551 535 532
f 551 532 548
f 548 532 530
f 548 530 528
f 552 553 554
f 555 556 557
f 558 559 560
f 560 559 555
f 546 552 545
f 545 552 554
f 545 554 544
f 544 554 561
f 539 542 561
f 561 542 543
f 561 543 544
f 538 541 562
f 562 541 540
f 562 540 563
f 555 557 560
f 560 557 564
f 560 564 563
f 563 564 565
f 563 565 562
f 562 565 566
f 562 566 538
f 553 558 554
f 554 558 560
f 554 560 561
f 561 560 563
f 561 563 539
f 539 563 540
f 547 567 548
f 567 547 568
f 569 570 571
f 571 570 572
f 568 569 567
f 567 569 571
f 567 571 548
f 548 571 573
f 551 574 550
f 550 574 575
f 550 575 549
f 576 577 578
f 578 577 579
f 578 579 574
f 574 579 580
f 574 580 575
f 581 576 572
f 572 576 578
f 572 578 571
f 571 578 574
f 571 574 573
f 573 574 551
f 573 551 548
f 582 583 584
f 584 583 585
f 584 585 586
f 587 588 589
f 589 588 590
f 589 590 591
f 591 590 586
f 591 586 592
f 592 586 585
f 593 594 595
f 595 594 596
f 595 596 597
f 597 596 598
f 599 600 601
f 601 600 602
f 601 602 593
f 593 602 603
f 593 603 594
f 590 588 556
f 584 552 582
f 582 552 546
f 556 555 590
f 590 555 559
f 590 559 586
f 586 559 558
f 586 558 584
f 584 558 553
f 584 553 552
f 595 597 549
f 601 576 599
f 599 576 581
f 549 575 595
f 595 575 580
f 595 580 593
f 593 580 579
f 593 579 601
f 601 579 577
f 601 577 576
f 604 605 606
f 607 608 609
f 610 611 612
f 607 609 613
f 614 615 616
f 616 615 617
f 616 617 618
f 618 617 619
f 618 619 620
f 620 619 621
f 604 606 622
f 621 613 620
f 620 613 609
f 620 609 618
f 618 609 623
f 618 623 616
f 616 623 606
f 616 606 614
f 614 606 605
f 608 610 609
f 609 610 612
f 609 612 623
f 623 612 624
f 623 624 606
f 606 624 625
f 606 625 622
f 626 627 628
f 629 630 631
f 632 633 634
f 635 636 637
f 637 636 638
f 630 639 631
f 631 639 637
f 631 637 640
f 640 637 638
f 640 638 641
f 642 632 643
f 643 632 634
f 643 634 644
f 644 634 645
f 644 645 628
f 628 645 646
f 628 646 626
f 626 646 647
f 627 635 628
f 628 635 637
f 628 637 644
f 644 637 639
f 644 639 643
f 643 639 630
f 643 630 642
f 642 630 629
f 546 506 582
f 582 506 648
f 582 648 583
f 649 377 378
f 649 650 651
f 651 650 652
f 651 652 653
f 377 649 376
f 376 649 651
f 376 651 375
f 652 648 653
f 653 648 654
f 653 654 655
f 375 651 374
f 374 651 653
f 374 653 373
f 373 653 655
f 373 655 372
f 656 657 658
f 659 660 661
f 589 591 662
f 589 662 587
f 659 661 663
f 663 661 664
f 663 664 665
f 592 585 666
f 666 585 583
f 666 583 658
f 658 583 667
f 658 667 656
f 660 447 661
f 661 447 668
f 661 668 664
f 664 668 669
f 664 669 670
f 670 669 671
f 670 671 662
f 662 671 672
f 662 672 587
f 591 592 662
f 662 592 666
f 662 666 670
f 670 666 658
f 670 658 664
f 664 658 657
f 664 657 665
f 665 657 656
f 673 674 675
f 676 677 678
f 679 449 676
f 680 681 682
f 675 683 684
f 683 675 685
f 685 675 674
f 685 674 686
f 687 688 689
f 690 689 691
f 691 689 688
f 691 688 692
f 692 688 687
f 692 687 693
f 682 681 694
f 694 681 695
f 694 695 696
f 695 690 696
f 696 690 691
f 696 691 678
f 678 691 692
f 678 692 676
f 676 692 693
f 676 693 679
f 677 673 678
f 678 673 675
f 678 675 696
f 696 675 684
f 696 684 694
f 694 684 697
f 694 697 682
f 698 699 700
f 701 702 703
f 704 705 706
f 706 705 707
f 708 709 710
f 710 709 711
f 710 711 712
f 712 711 713
f 712 713 714
f 715 716 708
f 708 716 709
f 444 698 717
f 717 698 700
f 717 700 718
f 718 700 719
f 718 719 720
f 720 719 706
f 720 706 721
f 721 706 707
f 721 707 722
f 699 715 700
f 700 715 708
f 700 708 719
f 719 708 710
f 719 710 706
f 706 710 712
f 706 712 704
f 704 712 714
f 704 714 701
f 701 714 713
f 701 713 702
f 723 724 725
f 365 366 726
f 366 367 726
f 726 367 727
f 726 727 728
f 728 727 725
f 728 725 729
f 729 725 724
f 729 724 730
f 371 723 370
f 370 723 725
f 370 725 369
f 369 725 727
f 369 727 368
f 368 727 367
f 731 732 733
f 594 603 734
f 602 600 735
f 594 734 596
f 732 736 733
f 733 736 737
f 733 737 738
f 738 737 598
f 738 598 739
f 598 596 739
f 739 596 734
f 739 734 738
f 738 734 740
f 738 740 733
f 733 740 741
f 733 741 731
f 731 741 742
f 731 742 743
f 743 742 744
f 446 744 745
f 745 744 742
f 745 742 746
f 746 742 741
f 746 741 747
f 747 741 740
f 747 740 735
f 735 740 734
f 735 734 602
f 602 734 603
f 536 549 730
f 730 549 597
f 730 597 598
f 748 703 749
f 748 749 750
f 750 749 600
f 750 600 599
f 599 581 750
f 750 581 751
f 750 751 748
f 748 751 641
f 752 753 611
f 754 621 755
f 755 621 619
f 611 610 752
f 752 610 608
f 752 608 756
f 756 608 607
f 756 607 754
f 754 607 613
f 754 613 621
f 754 755 680
f 680 682 754
f 754 682 697
f 754 697 756
f 756 697 684
f 756 684 752
f 686 753 685
f 685 753 752
f 685 752 683
f 683 752 684
f 611 757 758
f 611 758 612
f 612 758 759
f 612 759 624
f 624 759 760
f 624 760 625
f 625 760 761
f 625 761 622
f 622 762 763
f 614 605 763
f 763 605 604
f 763 604 622
f 763 764 614
f 614 764 765
f 614 765 615
f 766 619 765
f 765 619 617
f 765 617 615
f 557 556 765
f 765 556 767
f 765 767 766
f 557 765 564
f 564 765 764
f 564 764 565
f 565 764 763
f 565 763 566
f 566 763 762
f 566 762 538
f 640 641 751
f 640 751 631
f 768 632 642
f 768 642 769
f 568 547 770
f 633 632 770
f 770 632 768
f 770 768 568
f 568 768 769
f 568 769 569
f 771 572 769
f 769 572 570
f 769 570 569
f 642 629 769
f 769 629 631
f 769 631 771
f 771 631 751
f 771 751 572
f 572 751 581
f 772 773 722
f 703 748 701
f 701 748 774
f 701 774 704
f 704 774 775
f 704 775 705
f 705 775 772
f 705 772 707
f 707 772 722
f 772 626 773
f 773 626 647
f 774 748 641
f 641 638 774
f 774 638 636
f 774 636 775
f 775 636 635
f 775 635 772
f 772 635 627
f 772 627 626
f 776 647 646
f 776 646 777
f 777 646 645
f 777 645 778
f 778 645 634
f 778 634 779
f 779 634 633
f 779 633 780
f 416 415 781
f 781 415 517
f 781 517 782
f 782 517 518
f 783 784 518
f 518 784 785
f 518 785 782
f 518 519 783
f 783 519 520
f 783 520 786
f 415 372 655
f 648 506 654
f 654 506 509
f 654 509 655
f 655 509 507
f 655 507 415
f 447 660 378
f 378 660 649
f 660 659 649
f 649 659 663
f 649 663 650
f 583 648 667
f 667 648 652
f 667 652 656
f 656 652 650
f 656 650 665
f 665 650 663
f 587 787 788
f 788 787 681
f 788 681 680
f 689 690 789
f 789 690 787
f 787 690 695
f 787 695 681
f 689 789 790
f 689 790 687
f 687 790 693
f 693 790 791
f 693 791 679
f 668 447 448
f 587 672 787
f 787 672 671
f 787 671 789
f 789 671 669
f 789 669 790
f 790 669 668
f 790 668 791
f 791 668 448
f 791 448 679
f 679 448 449
f 792 686 674
f 792 674 793
f 793 674 673
f 793 673 794
f 794 673 677
f 794 677 795
f 795 677 676
f 795 676 796
f 796 676 797
f 797 676 449
f 797 449 450
f 445 444 798
f 798 444 717
f 798 717 799
f 799 717 718
f 800 801 718
f 718 801 802
f 718 802 799
f 722 803 721
f 721 803 800
f 721 800 720
f 720 800 718
f 735 600 749
f 703 702 749
f 749 702 804
f 749 804 735
f 735 804 805
f 735 805 747
f 747 805 806
f 747 806 746
f 807 443 745
f 745 443 446
f 444 443 698
f 698 443 807
f 698 807 699
f 699 807 715
f 805 716 715
f 805 715 806
f 806 715 807
f 806 807 746
f 746 807 745
f 702 713 804
f 804 713 711
f 804 711 805
f 805 711 709
f 805 709 716
f 446 365 744
f 744 365 726
f 744 726 743
f 743 726 731
f 731 726 728
f 731 728 732
f 730 598 729
f 729 598 737
f 729 737 728
f 728 737 736
f 728 736 732
f 371 440 534
f 536 730 537
f 537 730 724
f 537 724 534
f 534 724 723
f 534 723 371
f 525 808 531
f 531 808 809
f 531 809 529
f 529 809 810
f 529 810 527
f 525 524 808
f 808 524 523
f 808 523 811
f 811 523 440
f 811 440 439
f 757 611 792
f 792 611 753
f 792 753 686
f 622 761 762
f 762 761 786
f 762 786 538
f 538 786 520
f 417 416 781
f 784 812 785
f 785 812 417
f 785 417 782
f 782 417 781
f 813 501 503
f 813 503 814
f 814 503 502
f 814 502 815
f 815 502 417
f 815 417 812
f 816 499 813
f 813 499 501
f 817 494 495
f 817 495 818
f 818 495 496
f 818 496 819
f 496 497 819
f 819 497 498
f 819 498 820
f 498 500 820
f 820 500 499
f 820 499 816
f 821 488 817
f 817 488 494
f 822 823 487
f 487 492 822
f 822 492 493
f 822 493 824
f 824 493 491
f 824 491 825
f 488 821 489
f 489 821 825
f 489 825 490
f 490 825 491
f 823 826 487
f 487 826 486
f 486 826 485
f 485 826 827
f 485 827 484
f 484 827 828
f 484 828 483
f 483 828 829
f 830 482 829
f 829 482 483
f 831 479 480
f 831 480 832
f 832 480 481
f 832 481 833
f 833 481 482
f 833 482 830
f 834 473 831
f 831 473 479
f 835 442 477
f 835 477 836
f 836 477 478
f 836 478 837
f 478 476 837
f 837 476 475
f 837 475 838
f 475 474 838
f 838 474 473
f 838 473 834
f 442 835 809
f 809 808 442
f 442 808 811
f 442 811 439
f 547 527 770
f 770 527 810
f 770 810 633
f 633 810 780
f 647 776 773
f 773 776 803
f 773 803 722
f 802 801 794
f 450 445 797
f 797 445 796
f 796 445 795
f 795 445 798
f 795 798 794
f 794 798 799
f 794 799 802
f 793 794 801
f 829 828 835
f 829 835 830
f 837 838 836
f 836 838 834
f 832 833 831
f 831 833 830
f 831 830 834
f 834 830 835
f 834 835 836
f 827 777 828
f 828 777 778
f 792 793 823
f 778 779 828
f 828 779 780
f 828 780 835
f 835 780 810
f 835 810 809
f 825 821 786
f 786 821 812
f 786 812 783
f 783 812 784
f 814 815 813
f 813 815 812
f 813 812 816
f 816 812 821
f 793 801 823
f 823 801 800
f 823 800 826
f 826 800 803
f 826 803 827
f 827 803 776
f 827 776 777
f 819 820 818
f 818 820 816
f 818 816 817
f 817 816 821
f 786 761 825
f 825 761 760
f 825 760 824
f 824 760 759
f 824 759 822
f 822 759 758
f 822 758 823
f 823 758 757
f 823 757 792
f 839 840 841
f 839 841 842
f 843 844 841
f 841 844 845
f 841 845 842
f 846 847 841
f 841 847 848
f 841 848 843
f 849 850 841
f 841 850 851
f 841 851 846
f 840 852 841
f 841 852 853
f 841 853 849
f 358 357 854
f 854 357 356
f 854 356 855
f 855 356 355
f 855 355 856
f 856 355 352
f 856 352 857
f 857 352 351
f 857 351 858
f 858 351 360
f 858 360 859
f 859 360 361
f 859 361 860
f 860 361 364
f 860 364 861
f 861 364 363
f 861 363 862
f 862 363 362
f 862 362 863
f 863 362 354
f 863 354 864
f 864 354 353
f 864 353 865
f 865 353 359
f 865 359 866
f 866 359 358
f 866 358 854
f 857 867 856
f 856 867 868
f 856 868 855
f 855 868 869
f 855 869 854
f 854 869 870
f 854 870 866
f 866 870 871
f 866 871 865
f 865 871 872
f 865 872 864
f 864 872 873
f 864 873 863
f 863 873 874
f 863 874 862
f 862 874 875
f 862 875 861
f 861 875 876
f 861 876 860
f 860 876 877
f 860 877 859
f 859 877 878
f 859 878 858
f 858 878 879
f 858 879 857
f 857 879 867
f 852 840 869
f 869 840 839
f 869 839 870
f 870 839 842
f 870 842 871
f 871 842 845
f 871 845 872
f 872 845 844
f 872 844 873
f 873 844 843
f 873 843 874
f 874 843 848
f 874 848 875
f 875 848 847
f 875 847 876
f 876 847 846
f 876 846 877
f 877 846 851
f 877 851 878
f 878 851 850
f 878 850 879
f 879 850 849
f 879 849 867
f 867 849 853
f 867 853 868
f 868 853 852
f 868 852 869
f 880 881 882
f 880 882 883
f 884 885 882
f 882 885 886
f 882 886 883
f 887 888 882
f 882 888 889
f 882 889 884
f 890 891 882
f 882 891 892
f 882 892 887
f 881 893 882
f 882 893 894
f 882 894 890
f 303 314 895
f 895 314 313
f 895 313 896
f 896 313 312
f 896 312 897
f 897 312 311
f 897 311 898
f 898 311 310
f 898 310 899
f 899 310 308
f 899 308 900
f 900 308 339
f 900 339 901
f 901 339 338
f 901 338 902
f 902 338 336
f 902 336 903
f 903 336 335
f 903 335 904
f 904 335 334
f 904 334 905
f 905 334 333
f 905 333 906
f 906 333 304
f 906 304 907
f 907 304 303
f 907 303 895
f 898 908 897
f 897 908 909
f 897 909 896
f 896 909 910
f 896 910 895
f 895 910 911
f 895 911 907
f 907 911 912
f 907 912 906
f 906 912 913
f 906 913 905
f 905 913 914
f 905 914 904
f 904 914 915
f 904 915 903
f 903 915 916
f 903 916 902
f 902 916 917
f 902 917 901
f 901 917 918
f 901 918 900
f 900 918 919
f 900 919 899
f 899 919 920
f 899 920 898
f 898 920 908
f 893 881 910
f 910 881 880
f 910 880 911
f 911 880 883
f 911 883 912
f 912 883 886
f 912 886 913
f 913 886 885
f 913 885 914
f 914 885 884
f 914 884 915
f 915 884 889
f 915 889 916
f 916 889 888
f 916 888 917
f 917 888 887
f 917 887 918
f 918 887 892
f 918 892 919
f 919 892 891
f 919 891 920
f 920 891 890
f 920 890 908
f 908 890 894
f 908 894 909
f 909 894 893
f 909 893 910
f 921 922 923
f 788 680 924
f 925 587 926
f 926 587 788
f 926 788 927
f 927 788 924
f 928 929 930
f 930 929 931
f 930 931 932
f 932 931 933
f 932 933 934
f 935 936 937
f 937 938 935
f 935 938 939
f 935 939 940
f 940 939 941
f 940 941 942
f 942 941 943
f 942 943 944
f 944 943 923
f 944 923 945
f 945 923 922
f 945 922 946
f 947 948 949
f 949 948 950
f 949 950 951
f 755 950 680
f 680 950 948
f 680 948 924
f 924 948 947
f 924 947 952
f 953 933 954
f 954 933 931
f 954 931 925
f 925 931 929
f 925 929 587
f 587 929 928
f 587 928 588
f 952 955 924
f 924 955 956
f 924 956 927
f 927 956 957
f 927 957 926
f 926 957 958
f 926 958 925
f 925 958 959
f 925 959 954
f 954 959 960
f 954 960 953
f 953 960 961
f 955 921 956
f 956 921 923
f 956 923 957
f 957 923 943
f 957 943 958
f 958 943 941
f 958 941 959
f 959 941 939
f 959 939 960
f 960 939 938
f 960 938 961
f 961 938 937
f 556 588 928
f 962 963 964
f 950 755 619
f 965 951 950
f 966 928 930
f 966 930 967
f 968 962 969
f 969 962 970
f 932 934 971
f 972 973 974
f 974 973 975
f 974 975 976
f 976 975 977
f 976 977 978
f 978 977 979
f 978 979 980
f 980 979 981
f 980 981 982
f 982 981 983
f 982 983 984
f 984 983 985
f 984 985 986
f 986 985 987
f 986 987 971
f 971 987 967
f 971 967 932
f 932 967 930
f 965 950 988
f 988 950 619
f 988 619 989
f 989 619 766
f 989 766 990
f 990 766 767
f 990 767 991
f 991 767 556
f 991 556 964
f 964 556 928
f 964 928 962
f 962 928 966
f 962 966 970
f 992 993 994
f 994 993 995
f 996 997 998
f 998 997 999
f 1000 1001 1002
f 1003 1004 999
f 1005 1006 1007
f 1006 1005 1008
f 1008 1005 1009
f 1008 1009 1010
f 1003 999 1011
f 1004 1012 999
f 999 1012 1013
f 999 1013 998
f 1014 1015 1009
f 1009 1015 1016
f 1009 1016 1010
f 1007 1017 1005
f 1005 1017 1018
f 1005 1018 999
f 999 1018 1019
f 999 1019 1011
f 1020 1021 1002
f 1002 1021 1022
f 1002 1022 1000
f 1023 1024 1020
f 1020 1024 1025
f 1020 1025 1021
f 1026 1027 1023
f 1023 1027 1028
f 1023 1028 1024
f 1029 1030 1031
f 1031 1030 1032
f 1031 1032 1014
f 1014 1032 1033
f 1014 1033 1015
f 1000 1034 1001
f 1001 1034 1035
f 1001 1035 1036
f 1037 1038 1026
f 1026 1038 1039
f 1026 1039 1027
f 994 1040 992
f 992 1040 1041
f 992 1041 1042
f 1042 1043 992
f 992 1043 1044
f 992 1044 1026
f 1026 1044 1045
f 1026 1045 1037
f 1046 965 1047
f 1047 965 988
f 1047 988 1048
f 1048 988 989
f 1048 989 1049
f 1049 989 990
f 1049 990 1050
f 1050 990 991
f 1050 991 1051
f 1051 991 964
f 1051 964 1029
f 1029 964 963
f 1029 963 1030
f 1047 1052 1046
f 1046 1052 1053
f 1046 1053 1054
f 1054 1053 1055
f 1054 1055 1056
f 1056 1055 1057
f 1056 1057 1058
f 1058 1057 1036
f 1058 1036 1059
f 1059 1036 1035
f 1060 1061 1062
f 1063 1064 1065
f 1066 1067 1068
f 1060 1062 1069
f 1063 1065 1070
f 1070 1065 1071
f 1070 1071 1072
f 1073 1064 1074
f 1074 1064 1063
f 1074 1063 1075
f 1075 1063 1076
f 1075 1076 1077
f 1078 1079 1080
f 1080 1079 1068
f 1080 1068 1081
f 1081 1068 1067
f 1072 1082 1070
f 1070 1082 1083
f 1070 1083 1084
f 1076 1085 1077
f 1077 1085 1086
f 1077 1086 1068
f 1068 1086 1087
f 1068 1087 1066
f 1078 1088 1079
f 1079 1088 1089
f 1079 1089 1090
f 1091 1069 1092
f 1092 1069 1062
f 1092 1062 1093
f 1093 1062 1094
f 1093 1094 1095
f 1095 1094 1096
f 1095 1096 1097
f 1097 1096 1098
f 1097 1098 1099
f 1099 1098 1100
f 1099 1100 1101
f 1101 1100 1079
f 1101 1079 1102
f 1102 1079 1090
f 1103 1104 1105
f 1106 1084 1107
f 1107 1084 1108
f 1108 1084 1083
f 1108 1083 1109
f 1110 1111 1112
f 1112 1111 1113
f 1112 1113 1114
f 1112 1115 1110
f 1110 1115 1116
f 1110 1116 1117
f 1117 1116 1118
f 1117 1118 1107
f 1107 1118 1119
f 1107 1119 1106
f 1120 1121 1122
f 1123 1103 1124
f 1124 1103 1105
f 1124 1105 1121
f 1121 1105 1125
f 1121 1125 1122
f 1122 1126 1120
f 1120 1126 1127
f 1120 1127 1111
f 1111 1127 1128
f 1111 1128 1113
f 1129 1130 1131
f 1131 1130 1132
f 1133 1134 1135
f 1135 1134 1136
f 1137 1138 1139
f 1139 1138 1140
f 1139 1140 1141
f 1141 1140 1142
f 1141 1142 1134
f 1134 1142 1136
f 1143 1144 1137
f 1137 1144 1138
f 1145 1146 1147
f 1147 1148 1145
f 1145 1148 1149
f 1145 1149 1150
f 1150 1149 1151
f 1150 1151 1152
f 1152 1151 1153
f 1152 1153 1154
f 1154 1153 1155
f 1154 1155 1156
f 1156 1155 1144
f 1156 1144 1143
f 1157 1158 1159
f 1159 1158 1160
f 1160 1158 1161
f 1161 1158 1162
f 1161 1162 1163
f 1163 1162 1164
f 1163 1164 1165
f 1165 1164 1166
f 1165 1166 1167
f 1167 1166 1168
f 1169 1170 1171
f 1171 1170 1172
f 1171 1172 1173
f 1173 1172 1174
f 1173 1174 1175
f 1175 1174 1176
f 1175 1176 1177
f 1177 1176 1178
f 1177 1178 1179
f 1179 1178 1180
f 1179 1180 1181
f 1181 1180 1182
f 1181 1182 1183
f 1183 1182 1184
f 1183 1184 1185
f 1185 1184 1186
f 1185 1186 1187
f 1187 1186 1188
f 1187 1188 1189
f 1189 1188 1190
f 1189 1190 1191
f 1191 1190 1192
f 1191 1192 1169
f 1169 1192 1170
f 1193 1194 1195
f 1196 1194 1197
f 1198 1199 1200
f 1201 1202 1203
f 1203 1202 1204
f 1205 1203 1206
f 1206 1203 1204
f 1206 1204 1207
f 1208 1209 1210
f 1210 1209 1211
f 1200 1212 1198
f 1198 1212 1213
f 1198 1213 1214
f 1214 1213 1215
f 1214 1215 1216
f 1216 1215 1217
f 1217 1215 1218
f 1217 1218 1219
f 1218 1220 1219
f 1219 1220 1221
f 1219 1221 1222
f 1223 1224 1225
f 1225 1224 1226
f 1225 1226 1227
f 1227 1226 1228
f 1228 1226 1229
f 1228 1229 1230
f 1231 1232 1233
f 1233 1232 1234
f 1233 1234 1235
f 1235 1234 1230
f 1235 1230 1236
f 1236 1230 1229
f 1237 1238 1239
f 1239 1238 1240
f 1239 1240 1241
f 1242 1243 1244
f 1202 1245 1204
f 1204 1245 1246
f 1204 1246 1207
f 1207 1246 1247
f 1195 1194 1248
f 1248 1194 1196
f 1248 1196 1241
f 1249 1193 1250
f 1250 1193 1195
f 1250 1195 1251
f 1251 1195 1248
f 1251 1248 1252
f 1252 1248 1241
f 1252 1241 1253
f 1253 1241 1240
f 1223 1254 1224
f 1224 1254 1255
f 1224 1255 1226
f 1226 1255 1256
f 1226 1256 1229
f 1229 1256 1257
f 1229 1257 1236
f 1236 1257 1258
f 1236 1258 1235
f 1235 1258 1259
f 1235 1259 1233
f 1197 1194 1260
f 1260 1194 1193
f 1260 1193 1261
f 1261 1193 1249
f 1261 1249 1262
f 1254 1263 1255
f 1255 1263 1264
f 1255 1264 1256
f 1256 1264 1265
f 1256 1265 1257
f 1257 1265 1266
f 1257 1266 1258
f 1258 1266 1267
f 1258 1267 1259
f 1210 1205 1208
f 1208 1205 1206
f 1208 1206 1268
f 1268 1206 1207
f 1268 1207 1242
f 1242 1207 1247
f 1242 1247 1243
f 1269 1211 1270
f 1270 1211 1209
f 1270 1209 1271
f 1271 1209 1208
f 1271 1208 1272
f 1272 1208 1268
f 1272 1268 1273
f 1273 1268 1242
f 1273 1242 1274
f 1274 1242 1244
f 1274 1244 1275
f 1275 1244 1132
f 1199 1269 1200
f 1200 1269 1270
f 1200 1270 1276
f 1276 1270 1271
f 1276 1271 1277
f 1277 1271 1272
f 1277 1272 1278
f 1278 1272 1273
f 1278 1273 1279
f 1279 1273 1274
f 1279 1274 1280
f 1280 1274 1275
f 1280 1237 1279
f 1279 1237 1239
f 1279 1239 1278
f 1278 1239 1241
f 1278 1241 1277
f 1277 1241 1196
f 1277 1196 1276
f 1276 1196 1197
f 1276 1197 1200
f 1200 1197 1260
f 1200 1260 1212
f 1212 1260 1261
f 1212 1261 1213
f 1213 1261 1262
f 1213 1262 1215
f 1251 1231 1250
f 1250 1231 1233
f 1250 1233 1249
f 1249 1233 1259
f 1249 1259 1262
f 1262 1259 1267
f 1262 1267 1215
f 1215 1267 1266
f 1215 1266 1218
f 1218 1266 1265
f 1218 1265 1220
f 1220 1265 1264
f 1220 1264 1221
f 1221 1264 1263
f 1202 1201 1281
f 1202 1281 1245
f 1245 1281 1282
f 1245 1282 1246
f 1246 1282 1283
f 1246 1283 1247
f 1247 1283 1284
f 1247 1284 1243
f 1243 1284 1244
f 1244 1284 1131
f 1244 1131 1132
f 1285 1286 1131
f 1131 1284 1285
f 1285 1284 1283
f 1285 1283 1287
f 1287 1283 1282
f 1287 1282 1288
f 1288 1282 1281
f 1288 1281 1289
f 1290 1147 1291
f 1291 1147 1146
f 1252 1253 1292
f 1275 1132 1130
f 1275 1130 1280
f 1130 1293 1280
f 1280 1293 1294
f 1280 1294 1237
f 1237 1294 1295
f 1237 1295 1238
f 1292 1253 1295
f 1295 1253 1240
f 1295 1240 1238
f 1296 1223 1297
f 1297 1223 1225
f 1297 1225 1298
f 1298 1225 1227
f 1298 1227 1299
f 1299 1227 1228
f 1299 1228 1300
f 1300 1228 1230
f 1300 1230 1301
f 1301 1230 1234
f 1301 1234 1302
f 1302 1234 1232
f 1302 1232 1303
f 1303 1232 1231
f 1303 1231 1304
f 1304 1231 1251
f 1304 1251 1305
f 1305 1251 1252
f 1305 1252 1306
f 1306 1252 1292
f 1307 1308 1222
f 1309 1310 1308
f 1308 1307 1309
f 1309 1307 1311
f 1309 1311 1312
f 1312 1311 1313
f 1312 1313 1314
f 1254 1223 1315
f 1222 1221 1307
f 1307 1221 1263
f 1307 1263 1311
f 1311 1263 1254
f 1311 1254 1313
f 1313 1254 1315
f 1313 1315 1314
f 1314 1315 1316
f 1317 1318 1319
f 1320 1321 1318
f 1318 1317 1320
f 1320 1317 1322
f 1320 1322 1323
f 1323 1322 1324
f 1323 1324 1325
f 1326 1327 1328
f 1328 1327 1329
f 1314 1316 1330
f 1310 1309 1331
f 1331 1309 1312
f 1331 1312 1332
f 1332 1312 1314
f 1332 1314 1333
f 1333 1314 1330
f 1333 1330 1326
f 1326 1328 1333
f 1333 1328 1334
f 1333 1334 1332
f 1332 1334 1335
f 1332 1335 1331
f 1331 1335 1336
f 1331 1336 1310
f 1337 1325 1329
f 1329 1325 1324
f 1329 1324 1328
f 1328 1324 1322
f 1328 1322 1334
f 1334 1322 1317
f 1334 1317 1335
f 1335 1317 1319
f 1335 1319 1336
f 1338 1339 1340
f 1340 1339 1341
f 1340 1341 1342
f 1342 1341 1343
f 1342 1343 1344
f 1344 1343 1345
f 1344 1345 1346
f 1346 1345 1347
f 1346 1347 1348
f 1348 1347 1349
f 1348 1349 1350
f 1350 1349 1351
f 1350 1351 1352
f 1352 1351 1353
f 1352 1353 1354
f 1354 1353 1355
f 1356 1357 1358
f 1359 1167 1168
f 1168 1360 1359
f 1359 1360 1361
f 1359 1361 1362
f 1362 1361 1363
f 1362 1363 1364
f 1364 1363 1365
f 1364 1365 1366
f 1366 1365 1356
f 1366 1356 1367
f 1367 1356 1358
f 1368 1369 1370
f 1370 1369 1371
f 1370 1371 1372
f 1372 1371 1373
f 1372 1373 1374
f 1374 1373 1375
f 1374 1375 1376
f 1376 1375 1377
f 1376 1377 1378
f 1378 1377 1379
f 1378 1379 1380
f 1380 1379 1381
f 1380 1381 1382
f 1382 1381 1383
f 1382 1383 1384
f 1384 1383 1385
f 1384 1385 1386
f 1386 1385 1387
f 1386 1387 1388
f 1388 1387 1389
f 1388 1389 1390
f 1390 1389 1391
f 1390 1391 1368
f 1368 1391 1369
f 1392 1393 1394
f 1394 1393 1395
f 1394 1395 1396
f 1396 1395 1397
f 1395 1398 1397
f 1397 1398 1399
f 1397 1399 1400
f 1354 1401 1399
f 1399 1401 1402
f 1399 1402 1400
f 1403 1338 1340
f 1404 1403 1405
f 1406 1404 1407
f 1408 1406 1409
f 1403 1340 1405
f 1405 1340 1342
f 1405 1342 1410
f 1410 1342 1344
f 1410 1344 1411
f 1411 1344 1346
f 1411 1346 1412
f 1412 1346 1348
f 1412 1348 1413
f 1413 1348 1350
f 1413 1350 1414
f 1414 1350 1352
f 1414 1352 1415
f 1415 1352 1354
f 1415 1354 1399
f 1404 1405 1407
f 1407 1405 1410
f 1407 1410 1416
f 1416 1410 1411
f 1416 1411 1417
f 1417 1411 1412
f 1417 1412 1418
f 1418 1412 1413
f 1418 1413 1419
f 1419 1413 1414
f 1419 1414 1420
f 1420 1414 1415
f 1420 1415 1421
f 1421 1415 1399
f 1421 1399 1398
f 1406 1407 1409
f 1409 1407 1416
f 1409 1416 1422
f 1422 1416 1417
f 1422 1417 1423
f 1423 1417 1418
f 1423 1418 1424
f 1424 1418 1419
f 1424 1419 1425
f 1425 1419 1420
f 1425 1420 1426
f 1426 1420 1421
f 1426 1421 1427
f 1427 1421 1398
f 1427 1398 1395
f 1408 1409 1428
f 1428 1409 1422
f 1428 1422 1429
f 1429 1422 1423
f 1429 1423 1430
f 1430 1423 1424
f 1430 1424 1431
f 1431 1424 1425
f 1431 1425 1432
f 1432 1425 1426
f 1432 1426 1433
f 1433 1426 1427
f 1433 1427 1434
f 1434 1427 1395
f 1434 1395 1393
f 1435 1436 1437
f 1406 1408 1436
f 1436 1435 1406
f 1406 1435 1438
f 1406 1438 1404
f 1404 1438 1439
f 1404 1439 1403
f 1440 1441 1442
f 1437 1443 1435
f 1435 1443 1444
f 1435 1444 1438
f 1438 1444 1440
f 1438 1440 1439
f 1439 1440 1442
f 1439 1442 1403
f 1403 1442 1338
f 1445 1446 1447
f 1443 1437 1446
f 1446 1445 1443
f 1443 1445 1448
f 1443 1448 1444
f 1444 1448 1449
f 1444 1449 1440
f 1450 1451 1452
f 1452 1451 1453
f 1454 1455 1456
f 1457 1458 1459
f 1459 1458 1460
f 1459 1460 1461
f 1461 1460 1454
f 1461 1454 1462
f 1462 1454 1456
f 1462 1456 1450
f 1450 1452 1462
f 1462 1452 1463
f 1462 1463 1461
f 1461 1463 1464
f 1461 1464 1459
f 1459 1464 1465
f 1459 1465 1457
f 1441 1440 1453
f 1453 1440 1449
f 1453 1449 1452
f 1452 1449 1448
f 1452 1448 1463
f 1463 1448 1445
f 1463 1445 1464
f 1464 1445 1447
f 1464 1447 1465
f 1466 1467 1468
f 1469 1470 1467
f 1467 1466 1469
f 1469 1466 1471
f 1469 1471 1472
f 1472 1471 1473
f 1472 1473 1474
f 1475 1476 1477
f 1477 1476 1478
f 1479 1480 1481
f 1482 1483 1484
f 1484 1483 1485
f 1484 1485 1486
f 1486 1485 1479
f 1486 1479 1487
f 1487 1479 1481
f 1487 1481 1475
f 1475 1477 1487
f 1487 1477 1488
f 1487 1488 1486
f 1486 1488 1489
f 1486 1489 1484
f 1484 1489 1490
f 1484 1490 1482
f 1491 1474 1478
f 1478 1474 1473
f 1478 1473 1477
f 1477 1473 1471
f 1477 1471 1488
f 1488 1471 1466
f 1488 1466 1489
f 1489 1466 1468
f 1489 1468 1490
f 1492 1493 1494
f 1495 1496 1497
f 1497 1496 1498
f 1499 1500 1501
f 1501 1502 1499
f 1499 1502 1503
f 1499 1503 1504
f 1504 1503 1505
f 1504 1505 1506
f 1506 1505 1507
f 1506 1507 1508
f 1508 1507 1509
f 1508 1509 1510
f 1510 1509 1511
f 1510 1511 1512
f 1512 1511 1513
f 1512 1513 1514
f 1515 1516 1517
f 1517 1516 1518
f 1517 1518 1519
f 1519 1518 1520
f 1519 1520 1521
f 1521 1520 1522
f 1521 1522 1523
f 1523 1522 1524
f 1498 1525 1497
f 1497 1525 1526
f 1497 1526 1527
f 1527 1526 1528
f 1527 1528 1515
f 1515 1528 1529
f 1515 1529 1516
f 1501 1492 1502
f 1502 1492 1494
f 1502 1494 1503
f 1503 1494 1530
f 1503 1530 1505
f 1505 1530 1531
f 1505 1531 1507
f 1507 1531 1532
f 1507 1532 1509
f 1509 1532 1533
f 1509 1533 1511
f 1511 1533 1534
f 1511 1534 1513
f 1513 1534 1535
f 1493 1495 1494
f 1494 1495 1497
f 1494 1497 1530
f 1530 1497 1527
f 1530 1527 1531
f 1531 1527 1515
f 1531 1515 1532
f 1532 1515 1517
f 1532 1517 1533
f 1533 1517 1519
f 1533 1519 1534
f 1534 1519 1521
f 1534 1521 1535
f 1535 1521 1523
f 1536 998 1537
f 1289 1470 1469
f 1289 1469 1288
f 1288 1469 1472
f 1288 1472 1287
f 1287 1472 1474
f 1287 1474 1285
f 1285 1474 1491
f 1285 1491 1286
f 1129 1131 1538
f 1538 1131 1286
f 1539 1296 1190
f 1190 1296 1192
f 1142 1188 1136
f 1136 1188 1186
f 1136 1186 1135
f 1186 1184 1135
f 1135 1184 1182
f 1135 1182 1540
f 1540 1182 1180
f 1540 1180 1541
f 1541 1180 1178
f 1541 1178 1538
f 1142 1140 1188
f 1188 1140 1138
f 1188 1138 1190
f 1190 1138 1144
f 1144 1155 1190
f 1190 1155 1153
f 1190 1153 1539
f 1539 1153 1151
f 1147 1290 1148
f 1148 1290 1539
f 1148 1539 1149
f 1149 1539 1151
f 1295 1294 1174
f 1174 1294 1293
f 1174 1293 1176
f 1176 1293 1130
f 1176 1130 1178
f 1178 1130 1129
f 1178 1129 1538
f 1300 1301 1170
f 1170 1301 1302
f 1170 1302 1172
f 1172 1302 1303
f 1172 1303 1304
f 1296 1297 1192
f 1192 1297 1298
f 1192 1298 1170
f 1170 1298 1299
f 1170 1299 1300
f 1304 1305 1172
f 1172 1305 1306
f 1172 1306 1174
f 1174 1306 1292
f 1174 1292 1295
f 1541 1542 1543
f 1133 1135 1543
f 1543 1135 1540
f 1543 1540 1541
f 1544 1545 1150
f 1150 1545 1145
f 1145 1545 1291
f 1145 1291 1146
f 1546 1547 1154
f 1154 1547 1548
f 1549 1156 1143
f 1548 1550 1154
f 1154 1550 1544
f 1154 1544 1152
f 1152 1544 1150
f 1549 1551 1156
f 1156 1551 1552
f 1156 1552 1553
f 1542 1536 1537
f 1553 1554 1156
f 1156 1554 1555
f 1156 1555 1154
f 1154 1555 1556
f 1154 1556 1546
f 1141 1134 1139
f 1139 1134 1549
f 1139 1549 1137
f 1137 1549 1143
f 1537 1557 1542
f 1542 1557 1558
f 1542 1558 1559
f 1559 1560 1542
f 1542 1560 1549
f 1542 1549 1543
f 1543 1549 1134
f 1543 1134 1133
f 1561 1401 1355
f 1355 1401 1354
f 1401 1562 1402
f 1402 1562 1563
f 1402 1563 1400
f 1400 1563 1564
f 1400 1564 1397
f 1397 1564 1396
f 1396 1564 1565
f 1396 1565 1394
f 1394 1565 1566
f 1394 1566 1392
f 1358 1567 1367
f 1367 1567 1366
f 1362 1568 1359
f 1359 1568 1569
f 1359 1569 1570
f 1165 1167 1571
f 1571 1167 1359
f 1571 1359 1572
f 1572 1359 1570
f 1366 1567 1364
f 1364 1567 1573
f 1364 1573 1362
f 1362 1573 1574
f 1362 1574 1568
f 1571 1575 1576
f 1576 1575 1577
f 1576 1577 1578
f 1576 1579 1571
f 1571 1579 1159
f 1571 1159 1160
f 1160 1161 1571
f 1571 1161 1163
f 1571 1163 1165
f 1580 1157 1159
f 1159 1579 1580
f 1580 1579 1576
f 1580 1576 1581
f 1582 1385 1339
f 1339 1385 1383
f 1339 1383 1341
f 1341 1383 1381
f 1375 1373 1561
f 1157 1580 1371
f 1582 1357 1356
f 1356 1365 1582
f 1582 1365 1363
f 1582 1363 1385
f 1385 1363 1361
f 1371 1580 1373
f 1373 1580 1581
f 1373 1581 1561
f 1371 1369 1157
f 1157 1369 1391
f 1157 1391 1158
f 1158 1391 1389
f 1158 1389 1162
f 1162 1389 1387
f 1162 1387 1164
f 1361 1360 1385
f 1385 1360 1168
f 1385 1168 1387
f 1387 1168 1166
f 1387 1166 1164
f 1379 1345 1381
f 1381 1345 1343
f 1381 1343 1341
f 1561 1355 1375
f 1375 1355 1353
f 1375 1353 1377
f 1353 1351 1377
f 1377 1351 1349
f 1377 1349 1379
f 1379 1349 1347
f 1379 1347 1345
f 1583 1584 1585
f 1586 1587 1588
f 1589 1590 1591
f 1591 1590 1592
f 1593 1594 1595
f 1595 1596 1593
f 1593 1596 1597
f 1593 1597 1598
f 1598 1597 1599
f 1599 1597 1600
f 1599 1600 1601
f 1601 1600 1602
f 1601 1602 1603
f 1603 1602 1604
f 1603 1604 1605
f 1605 1604 1606
f 1606 1604 1585
f 1606 1585 1607
f 1607 1585 1584
f 1607 1584 1608
f 1609 1610 1611
f 1612 1613 1614
f 1592 1615 1591
f 1591 1615 1616
f 1591 1616 1617
f 1617 1616 1618
f 1617 1618 1619
f 1619 1618 1620
f 1619 1620 1621
f 1621 1620 1622
f 1621 1622 1623
f 1623 1622 1612
f 1623 1612 1624
f 1624 1612 1614
f 1624 1614 1625
f 1625 1611 1624
f 1624 1611 1610
f 1624 1610 1623
f 1623 1610 1626
f 1623 1626 1621
f 1621 1626 1627
f 1621 1627 1619
f 1619 1627 1628
f 1619 1628 1617
f 1617 1628 1629
f 1617 1629 1591
f 1591 1629 1588
f 1591 1588 1589
f 1589 1588 1587
f 1609 1583 1610
f 1610 1583 1585
f 1610 1585 1626
f 1626 1585 1604
f 1626 1604 1627
f 1627 1604 1602
f 1627 1602 1628
f 1628 1602 1600
f 1628 1600 1629
f 1629 1600 1597
f 1629 1597 1588
f 1588 1597 1596
f 1588 1596 1586
f 1586 1596 1595
f 1566 1565 1630
f 1566 1630 1631
f 1631 1630 1632
f 1631 1632 1633
f 1633 1632 1634
f 1633 1634 1635
f 1635 1634 1636
f 1635 1636 1637
f 1638 1639 1640
f 1640 1639 1641
f 1640 1641 1642
f 1642 1641 1643
f 1642 1643 1644
f 1644 1643 1645
f 1644 1645 1646
f 1646 1645 1563
f 1646 1563 1562
f 1565 1564 1630
f 1630 1564 1647
f 1630 1647 1632
f 1632 1647 1648
f 1632 1648 1634
f 1634 1648 1649
f 1634 1649 1636
f 1636 1649 1650
f 1564 1563 1647
f 1647 1563 1645
f 1647 1645 1648
f 1648 1645 1643
f 1648 1643 1649
f 1649 1643 1641
f 1649 1641 1650
f 1650 1641 1639
f 1594 1498 1595
f 1595 1498 1496
f 1595 1496 1586
f 1586 1496 1495
f 1586 1495 1587
f 1587 1495 1493
f 1587 1493 1589
f 1589 1493 1492
f 1589 1492 1590
f 1590 1492 1501
f 1590 1501 1592
f 1592 1501 1500
f 1485 1651 1479
f 1479 1651 1652
f 1479 1652 1480
f 1480 1652 1653
f 1483 1482 1654
f 1654 1655 1483
f 1483 1655 1656
f 1483 1656 1485
f 1485 1656 1657
f 1485 1657 1651
f 1658 1659 1321
f 1660 1661 1659
f 1659 1658 1660
f 1660 1658 1662
f 1660 1662 1663
f 1663 1662 1664
f 1663 1664 1665
f 1325 1337 1666
f 1321 1320 1658
f 1658 1320 1323
f 1658 1323 1662
f 1662 1323 1325
f 1662 1325 1664
f 1664 1325 1666
f 1664 1666 1665
f 1665 1666 1667
f 1668 1482 1490
f 1668 1470 1669
f 1669 1470 1289
f 1670 1671 1179
f 1490 1468 1668
f 1668 1468 1467
f 1668 1467 1470
f 1189 1191 1222
f 1199 1171 1269
f 1269 1171 1173
f 1177 1281 1175
f 1175 1281 1201
f 1175 1201 1203
f 1203 1205 1175
f 1175 1205 1210
f 1175 1210 1173
f 1173 1210 1211
f 1173 1211 1269
f 1318 1321 1185
f 1222 1191 1219
f 1219 1191 1169
f 1219 1169 1217
f 1199 1198 1171
f 1171 1198 1214
f 1171 1214 1169
f 1169 1214 1216
f 1169 1216 1217
f 1177 1179 1281
f 1281 1179 1671
f 1281 1671 1289
f 1289 1671 1672
f 1289 1672 1669
f 1183 1673 1181
f 1181 1673 1674
f 1181 1674 1179
f 1179 1674 1675
f 1179 1675 1670
f 1661 1676 1659
f 1659 1676 1677
f 1659 1677 1678
f 1321 1659 1185
f 1185 1659 1678
f 1185 1678 1183
f 1183 1678 1679
f 1183 1679 1673
f 1222 1308 1189
f 1189 1308 1310
f 1189 1310 1187
f 1187 1310 1336
f 1187 1336 1185
f 1185 1336 1319
f 1185 1319 1318
f 1680 1681 1682
f 1457 1681 1458
f 1458 1681 1680
f 1458 1680 1683
f 1460 1684 1454
f 1454 1684 1685
f 1454 1685 1455
f 1686 1685 1687
f 1687 1685 1684
f 1687 1684 1683
f 1683 1684 1460
f 1683 1460 1458
f 1682 1688 1680
f 1680 1688 1689
f 1680 1689 1683
f 1683 1689 1690
f 1683 1690 1687
f 1691 1692 1693
f 1693 1692 1694
f 1695 1696 1697
f 1697 1696 1698
f 1697 1698 1699
f 1691 1693 1700
f 1700 1693 1701
f 1700 1701 1702
f 1703 1688 1704
f 1704 1688 1682
f 1704 1682 1705
f 1706 1686 1707
f 1707 1686 1687
f 1707 1687 1708
f 1708 1687 1690
f 1708 1690 1709
f 1709 1690 1689
f 1705 1702 1704
f 1704 1702 1701
f 1704 1701 1703
f 1703 1701 1693
f 1703 1693 1710
f 1710 1693 1694
f 1710 1694 1699
f 1699 1694 1697
f 1697 1694 1711
f 1697 1711 1695
f 1696 1706 1698
f 1698 1706 1707
f 1698 1707 1699
f 1699 1707 1708
f 1699 1708 1710
f 1710 1708 1709
f 1710 1709 1703
f 1703 1709 1689
f 1703 1689 1688
f 1013 1557 998
f 998 1557 1537
f 1558 1557 1013
f 1558 1013 1559
f 1011 1549 1003
f 1003 1549 1560
f 1003 1560 1004
f 1004 1560 1559
f 1004 1559 1012
f 1012 1559 1013
f 1019 1552 1011
f 1011 1552 1551
f 1011 1551 1549
f 1555 1554 1019
f 1019 1554 1553
f 1019 1553 1552
f 1019 1018 1555
f 1555 1018 1017
f 1555 1017 1556
f 1006 1544 1550
f 1006 1550 1007
f 1550 1548 1007
f 1007 1548 1547
f 1007 1547 1017
f 1017 1547 1546
f 1017 1546 1556
f 1223 1296 1539
f 1006 1008 1544
f 1544 1008 1545
f 1545 1008 1291
f 1291 1008 1010
f 1291 1010 1290
f 1290 1010 1316
f 1290 1316 1539
f 1539 1316 1315
f 1539 1315 1223
f 1015 1033 1337
f 1316 1010 1330
f 1330 1010 1016
f 1337 1329 1015
f 1015 1329 1327
f 1015 1327 1016
f 1016 1327 1326
f 1016 1326 1330
f 1024 1028 1441
f 1455 1021 1456
f 1456 1021 1025
f 1441 1453 1024
f 1024 1453 1451
f 1024 1451 1025
f 1025 1451 1450
f 1025 1450 1456
f 1567 1358 1028
f 1028 1358 1357
f 1028 1357 1441
f 1441 1357 1442
f 1028 1027 1567
f 1567 1027 1039
f 1567 1039 1573
f 1357 1582 1442
f 1442 1582 1339
f 1442 1339 1338
f 1573 1039 1574
f 1574 1039 1038
f 1574 1038 1568
f 1568 1038 1037
f 1568 1037 1569
f 1569 1037 1045
f 1569 1045 1570
f 1570 1045 1044
f 1570 1044 1572
f 1572 1044 1043
f 1572 1043 1571
f 1571 1043 1042
f 1571 1042 1575
f 1575 1042 1041
f 1575 1041 1577
f 1577 1041 1040
f 1578 1577 994
f 994 1577 1040
f 1712 1713 1714
f 1712 1714 1715
f 1716 1717 1718
f 1716 1718 1719
f 1715 1714 1718
f 1718 1714 1720
f 1718 1720 1719
f 1721 1722 1723
f 1724 1653 1652
f 1725 1726 1727
f 1728 1729 1730
f 1652 1651 1731
f 1732 1733 1734
f 1734 1733 1735
f 1734 1735 1736
f 1654 1728 1655
f 1655 1728 1730
f 1655 1730 1656
f 1731 1651 1737
f 1737 1651 1657
f 1737 1657 1738
f 1729 1739 1730
f 1730 1739 1738
f 1730 1738 1656
f 1656 1738 1657
f 1723 1725 1740
f 1740 1725 1727
f 1740 1727 1741
f 1741 1727 1742
f 1741 1736 1740
f 1740 1736 1735
f 1740 1735 1723
f 1723 1735 1743
f 1723 1743 1721
f 1739 1732 1738
f 1738 1732 1734
f 1738 1734 1737
f 1737 1734 1736
f 1737 1736 1731
f 1731 1736 1741
f 1731 1741 1652
f 1652 1741 1742
f 1652 1742 1724
f 1744 1745 1746
f 1747 1535 1523
f 1748 1514 1744
f 1744 1514 1513
f 1744 1513 1745
f 1748 1744 1749
f 1749 1744 1746
f 1749 1746 1750
f 1750 1746 1751
f 1750 1751 1722
f 1524 1752 1523
f 1523 1752 1753
f 1523 1753 1747
f 1747 1753 1754
f 1752 1726 1753
f 1753 1726 1725
f 1753 1725 1754
f 1754 1725 1723
f 1513 1535 1745
f 1745 1535 1747
f 1745 1747 1746
f 1746 1747 1754
f 1746 1754 1751
f 1751 1754 1723
f 1751 1723 1722
f 1755 1756 1392
f 1757 1682 1681
f 1755 1392 1758
f 1758 1392 1566
f 1758 1566 1631
f 1432 1376 1378
f 1759 1370 1372
f 1631 1633 1758
f 1758 1633 1635
f 1758 1635 1637
f 1380 1430 1378
f 1378 1430 1431
f 1378 1431 1432
f 1388 1390 1760
f 1382 1428 1380
f 1380 1428 1429
f 1380 1429 1430
f 1388 1681 1457
f 1759 1761 1370
f 1370 1761 1762
f 1370 1762 1368
f 1368 1762 1763
f 1368 1763 1390
f 1390 1763 1764
f 1390 1764 1760
f 1756 1759 1392
f 1392 1759 1372
f 1392 1372 1393
f 1393 1372 1374
f 1393 1374 1434
f 1434 1374 1376
f 1434 1376 1433
f 1433 1376 1432
f 1386 1437 1384
f 1384 1437 1436
f 1384 1436 1382
f 1382 1436 1408
f 1382 1408 1428
f 1760 1765 1388
f 1388 1765 1766
f 1388 1766 1681
f 1681 1766 1767
f 1681 1767 1757
f 1457 1465 1388
f 1388 1465 1447
f 1388 1447 1386
f 1386 1447 1446
f 1386 1446 1437
f 1638 1768 1639
f 1639 1768 1769
f 1639 1769 1650
f 1650 1769 1770
f 1650 1770 1636
f 1771 1637 1772
f 1772 1637 1636
f 1772 1636 1773
f 1773 1636 1770
f 1774 1613 1612
f 1514 1775 1512
f 1512 1775 1776
f 1500 1776 1592
f 1592 1776 1777
f 1592 1777 1615
f 1500 1499 1776
f 1776 1499 1504
f 1776 1504 1506
f 1774 1612 1777
f 1777 1612 1622
f 1777 1622 1620
f 1506 1508 1776
f 1776 1508 1510
f 1776 1510 1512
f 1620 1618 1777
f 1777 1618 1616
f 1777 1616 1615
f 1584 1583 1778
f 1779 1771 1772
f 1779 1772 1780
f 1781 1782 1783
f 1783 1784 1785
f 1786 1787 1788
f 1788 1787 1789
f 1788 1789 1790
f 1790 1789 1791
f 1790 1791 1792
f 1778 1583 1793
f 1794 1795 1796
f 1784 1780 1785
f 1785 1780 1772
f 1785 1772 1797
f 1797 1772 1773
f 1797 1773 1770
f 1583 1609 1793
f 1793 1609 1798
f 1798 1609 1611
f 1798 1611 1625
f 1782 1781 1792
f 1792 1781 1799
f 1792 1799 1790
f 1790 1799 1800
f 1790 1800 1788
f 1801 1802 1803
f 1803 1802 1804
f 1608 1584 1805
f 1805 1584 1778
f 1805 1778 1804
f 1804 1778 1793
f 1804 1793 1803
f 1783 1785 1781
f 1781 1785 1797
f 1781 1797 1806
f 1806 1797 1770
f 1806 1770 1769
f 1613 1807 1614
f 1614 1807 1808
f 1614 1808 1625
f 1625 1808 1809
f 1625 1809 1798
f 1798 1809 1810
f 1798 1810 1793
f 1793 1810 1794
f 1793 1794 1803
f 1803 1794 1796
f 1803 1796 1801
f 1801 1796 1811
f 1768 1811 1769
f 1769 1811 1796
f 1769 1796 1806
f 1806 1796 1795
f 1806 1795 1781
f 1781 1795 1794
f 1781 1794 1799
f 1799 1794 1810
f 1799 1810 1800
f 1800 1810 1809
f 1800 1809 1788
f 1788 1809 1808
f 1788 1808 1786
f 1786 1808 1807
f 1812 1813 1814
f 1815 1812 1816
f 1816 1812 1814
f 1816 1814 1817
f 1815 1818 1819
f 1819 1820 1815
f 1815 1820 1821
f 1815 1821 1812
f 1480 1822 1481
f 1481 1822 1823
f 1478 1476 1823
f 1823 1476 1475
f 1823 1475 1481
f 1823 1824 1478
f 1478 1824 1825
f 1478 1825 1491
f 1498 1826 1525
f 1525 1826 1827
f 1525 1827 1526
f 1526 1827 1828
f 1526 1828 1528
f 1528 1828 1529
f 1529 1828 1516
f 1516 1828 1829
f 1516 1829 1518
f 1518 1829 1830
f 1518 1830 1520
f 1520 1830 1522
f 1522 1830 1831
f 1522 1831 1524
f 1480 1653 1822
f 1822 1653 1724
f 1822 1724 1742
f 1742 1727 1822
f 1822 1727 1726
f 1822 1726 1831
f 1831 1726 1752
f 1831 1752 1524
f 1542 1541 1536
f 1536 1541 1538
f 998 1536 996
f 996 1536 1538
f 996 1538 1832
f 1832 1538 1286
f 1832 1286 1825
f 1825 1286 1491
f 996 1832 997
f 997 1832 1833
f 997 1833 1834
f 1835 1712 1836
f 1836 1712 1715
f 1836 1715 1837
f 1837 1715 1718
f 1838 1839 1840
f 1840 1839 1841
f 1841 1842 1840
f 1840 1842 1843
f 1840 1843 1844
f 1838 1840 1845
f 1845 1840 1846
f 1845 1846 1847
f 1847 1846 1848
f 1847 1848 1849
f 1849 1848 1850
f 1849 1850 1851
f 1851 1850 1852
f 1851 1852 1853
f 1853 1852 1854
f 1854 1852 1855
f 1854 1855 1856
f 1856 1855 1857
f 1856 1857 1858
f 1858 1857 1859
f 1858 1859 1860
f 1860 1859 1861
f 1860 1861 1862
f 1862 1861 1863
f 1862 1863 1864
f 1862 1864 1865
f 1865 1864 1091
f 1865 1091 1092
f 1865 1092 1866
f 1866 1092 1093
f 1866 1093 1867
f 1867 1093 1095
f 1867 1095 1868
f 1868 1095 1097
f 1868 1097 1869
f 1869 1097 1099
f 1869 1099 1870
f 1870 1099 1101
f 1063 1815 1076
f 1076 1815 1816
f 1076 1816 1085
f 1085 1816 1817
f 1871 1064 993
f 993 1064 1073
f 993 1073 995
f 1578 994 995
f 1561 1581 1576
f 1576 1578 1561
f 1561 1578 995
f 1561 995 1401
f 1401 995 1073
f 1401 1073 1562
f 1562 1073 1074
f 1811 1768 1068
f 1068 1768 1638
f 1068 1638 1077
f 1077 1638 1640
f 1804 1802 1068
f 1068 1802 1801
f 1068 1801 1811
f 1079 1100 1606
f 1606 1607 1079
f 1079 1607 1608
f 1079 1608 1068
f 1068 1608 1805
f 1068 1805 1804
f 1096 1601 1098
f 1098 1601 1603
f 1098 1603 1100
f 1100 1603 1605
f 1100 1605 1606
f 1593 1598 1096
f 1096 1598 1599
f 1096 1599 1601
f 1096 1094 1593
f 1593 1094 1062
f 1593 1062 1594
f 1562 1074 1646
f 1646 1074 1075
f 1646 1075 1644
f 1644 1075 1077
f 1644 1077 1642
f 1642 1077 1640
f 1594 1062 1061
f 1594 1061 1498
f 1498 1061 1872
f 1498 1872 1826
f 1870 1101 1102
f 1090 1873 1102
f 1102 1873 1874
f 1102 1874 1870
f 1088 1875 1089
f 1089 1875 1876
f 1089 1876 1090
f 1090 1876 1877
f 1090 1877 1873
f 1874 1873 1878
f 1874 1878 1870
f 1879 1845 1847
f 1879 1847 1878
f 1862 1865 1870
f 1867 1868 1869
f 1870 1865 1869
f 1869 1865 1866
f 1869 1866 1867
f 1847 1849 1878
f 1878 1849 1851
f 1878 1851 1870
f 1870 1851 1853
f 1870 1853 1862
f 1862 1853 1854
f 1862 1854 1860
f 1860 1854 1856
f 1860 1856 1858
f 1880 1881 1882
f 1882 1881 1883
f 1882 1883 1884
f 1884 1883 1885
f 1884 1885 1886
f 1886 1885 1887
f 1886 1887 1888
f 1888 1887 1889
f 1888 1889 1890
f 1890 1889 1891
f 1890 1891 1892
f 1892 1891 1893
f 1892 1893 1894
f 1894 1893 1895
f 1894 1895 1896
f 1896 1895 1897
f 1898 1899 1880
f 1880 1899 1881
f 1898 1900 1899
f 1899 1900 1901
f 1902 1065 1900
f 1900 1065 1064
f 1900 1064 1901
f 1901 1064 1871
f 1903 1071 1902
f 1902 1071 1065
f 1904 1905 1906
f 1907 1908 1909
f 1909 1908 1910
f 1911 1834 1912
f 1912 1834 1833
f 1912 1833 1909
f 1909 1833 1907
f 1912 1913 1911
f 1911 1913 1914
f 1914 1913 1915
f 1915 1913 1916
f 1917 1918 1919
f 1919 1918 1920
f 1919 1920 1921
f 1921 1920 1922
f 1921 1922 1923
f 1923 1922 1924
f 1923 1924 1925
f 1925 1924 1926
f 1925 1926 1927
f 1927 1926 1928
f 1927 1928 1929
f 1929 1928 1930
f 1929 1930 1931
f 1931 1930 1932
f 1931 1932 1916
f 1916 1932 1915
f 1933 1918 1934
f 1934 1918 1917
f 1934 1896 1933
f 1933 1896 1897
f 1935 1936 1937
f 1938 1672 1671
f 1939 1668 1669
f 1669 1940 1939
f 1939 1940 1941
f 1939 1941 1942
f 1942 1941 1937
f 1942 1937 1943
f 1943 1937 1936
f 1943 1936 1944
f 1945 1946 1947
f 1671 1948 1938
f 1938 1948 1949
f 1938 1949 1950
f 1950 1949 1945
f 1950 1945 1951
f 1951 1945 1947
f 1947 1935 1951
f 1951 1935 1937
f 1951 1937 1950
f 1950 1937 1941
f 1950 1941 1938
f 1938 1941 1940
f 1938 1940 1672
f 1672 1940 1669
f 1674 1952 1953
f 1674 1953 1675
f 1675 1953 1954
f 1675 1954 1670
f 1955 1945 1949
f 1956 1946 1945
f 1945 1955 1956
f 1956 1955 1957
f 1956 1957 1958
f 1958 1957 1959
f 1959 1957 1960
f 1959 1960 1961
f 1674 1673 1952
f 1952 1673 1962
f 1952 1962 1963
f 1671 1670 1948
f 1948 1670 1954
f 1948 1954 1964
f 1964 1954 1953
f 1964 1953 1965
f 1965 1953 1952
f 1965 1952 1966
f 1966 1952 1963
f 1966 1963 1967
f 973 1961 1967
f 1967 1961 1960
f 1967 1960 1966
f 1966 1960 1957
f 1966 1957 1965
f 1965 1957 1955
f 1965 1955 1964
f 1964 1955 1949
f 1964 1949 1948
f 1482 1668 1939
f 1968 1943 1969
f 1969 1943 1944
f 1970 1971 1972
f 1972 1971 1973
f 1972 1973 1974
f 1968 1970 1943
f 1943 1970 1972
f 1943 1972 1942
f 1942 1972 1975
f 1942 1975 1939
f 1939 1975 1976
f 1939 1976 1482
f 1482 1976 1654
f 1977 1978 1979
f 1979 1978 1980
f 1979 1980 1981
f 1982 1983 1936
f 1983 1984 1936
f 1936 1984 1985
f 1936 1985 1944
f 1946 1986 1947
f 1947 1986 1987
f 1947 1987 1935
f 1935 1987 1988
f 1935 1988 1936
f 1936 1988 1979
f 1936 1979 1982
f 1982 1979 1981
f 963 962 1030
f 1030 962 968
f 969 1989 968
f 968 1989 1990
f 968 1990 1030
f 1030 1990 1991
f 1337 1033 1666
f 1666 1033 1032
f 1666 1032 1667
f 1667 1032 1030
f 1667 1030 1992
f 1992 1030 1991
f 1993 1994 1995
f 1996 1997 1661
f 1998 1999 2000
f 2000 1999 2001
f 2000 2001 2002
f 2003 2004 2005
f 2005 2004 2006
f 2005 2006 2001
f 2001 2006 2007
f 2001 2007 2002
f 2008 2009 2010
f 2010 2009 2011
f 2010 2011 2012
f 2012 2011 2013
f 2012 2013 2014
f 1995 1994 2015
f 2015 1994 2016
f 2015 2016 2017
f 1989 969 970
f 966 1993 970
f 970 1993 1995
f 970 1995 1989
f 1989 1995 2015
f 1989 2015 1990
f 2017 2014 2015
f 2015 2014 2013
f 2015 2013 1990
f 1990 2013 2011
f 1990 2011 1991
f 1991 2011 2009
f 1991 2009 2018
f 1992 2019 2020
f 1999 2021 2001
f 2001 2021 2018
f 2001 2018 2005
f 2005 2018 2009
f 2005 2009 2003
f 2003 2009 2008
f 2003 2008 2004
f 1661 1660 1996
f 1996 1660 1663
f 1996 1663 2022
f 2022 1663 1665
f 2022 1665 2020
f 2020 1665 1667
f 2020 1667 1992
f 1992 1991 2019
f 2019 1991 2018
f 2019 2018 2020
f 2020 2018 2021
f 2020 2021 2022
f 2022 2021 1999
f 2022 1999 1996
f 1996 1999 1998
f 1996 1998 1997
f 1997 1998 2023
f 2004 2008 2024
f 2016 1994 1993
f 2008 2010 967
f 967 2010 2012
f 967 2012 2014
f 2014 2017 967
f 967 2017 2016
f 967 2016 966
f 966 2016 1993
f 2004 2025 2006
f 2006 2025 2007
f 2026 2000 2025
f 2025 2000 2002
f 2025 2002 2007
f 1997 2023 1661
f 1661 2023 1676
f 1676 2023 2027
f 1676 2027 1677
f 1677 2027 2028
f 1677 2028 1678
f 1678 2028 2029
f 1678 2029 1679
f 1963 2030 1967
f 1967 2030 975
f 1967 975 973
f 2031 981 2032
f 2032 981 979
f 2032 979 2030
f 2030 979 977
f 2030 977 975
f 2008 967 2024
f 2024 967 987
f 2024 987 2033
f 2033 987 985
f 2033 985 2031
f 2031 985 983
f 2031 983 981
f 1673 1679 1962
f 1962 1679 2029
f 1962 2029 2034
f 2034 2029 2028
f 2034 2028 2035
f 2035 2028 2027
f 2035 2027 2036
f 2036 2027 2023
f 2036 2023 2026
f 2026 2023 1998
f 2026 1998 2000
f 2004 2024 2025
f 2025 2024 2033
f 2025 2033 2026
f 2026 2033 2031
f 2026 2031 2036
f 2036 2031 2032
f 2036 2032 2035
f 2035 2032 2030
f 2035 2030 2034
f 2034 2030 1963
f 2034 1963 1962
f 1986 1946 2037
f 2037 1946 1956
f 2037 1956 2038
f 2038 1956 1958
f 2038 1958 2039
f 2039 1958 1959
f 2039 1959 2040
f 2040 1959 1961
f 2040 1961 972
f 972 1961 973
f 1694 2041 1711
f 2042 2043 2044
f 2045 2046 2043
f 1760 1764 2047
f 2048 1767 2049
f 2049 1767 1766
f 2049 1766 2050
f 2050 1766 1765
f 2050 1765 2051
f 2051 1765 1760
f 2051 1760 2052
f 2052 1760 2047
f 2052 2047 2046
f 1705 1682 2048
f 2048 1682 1757
f 2048 1757 1767
f 2053 1700 1702
f 1694 1692 2041
f 2041 1692 1691
f 2041 1691 2054
f 1695 1711 2055
f 2055 1711 2041
f 2055 2041 2056
f 2056 2041 2054
f 2057 2058 2059
f 2059 2058 2060
f 2059 2060 2054
f 2054 2060 2061
f 2054 2061 2056
f 2062 2063 2057
f 2057 2063 2064
f 2057 2064 2058
f 2044 2065 2042
f 2042 2065 2066
f 2042 2066 2062
f 2062 2066 2067
f 2062 2067 2063
f 2046 2045 2052
f 2052 2045 2068
f 2052 2068 2051
f 2051 2068 2069
f 2051 2069 2050
f 2050 2069 2070
f 2050 2070 2049
f 2049 2070 2053
f 2049 2053 2048
f 2048 2053 1702
f 2048 1702 1705
f 2043 2042 2045
f 2045 2042 2062
f 2045 2062 2068
f 2068 2062 2057
f 2068 2057 2069
f 2069 2057 2059
f 2069 2059 2070
f 2070 2059 2054
f 2070 2054 2053
f 2053 2054 1691
f 2053 1691 1700
f 1021 1455 1685
f 1021 1685 1022
f 1022 1685 1686
f 1022 1686 1000
f 1000 1686 1706
f 1000 1706 1034
f 1034 1706 1696
f 1034 1696 1695
f 951 965 2071
f 2071 965 1046
f 2072 2073 2074
f 2072 2074 2075
f 2075 2074 1905
f 2075 1905 1904
f 2076 2077 2078
f 2079 2080 2081
f 2082 2083 2080
f 2080 2079 2082
f 2082 2079 2084
f 2082 2084 2085
f 2085 2084 2086
f 2085 2086 2087
f 2088 1719 1720
f 2089 1716 1719
f 2090 2091 2092
f 2092 2091 2093
f 2092 2093 2094
f 2094 2093 2095
f 2094 2095 2089
f 2089 2095 2096
f 2089 2096 1716
f 1716 2096 1717
f 1719 2088 2089
f 2089 2088 2097
f 2089 2097 2094
f 2094 2097 2076
f 2094 2076 2092
f 2092 2076 2078
f 2092 2078 2090
f 1714 2087 1720
f 1720 2087 2086
f 1720 2086 2088
f 2088 2086 2084
f 2088 2084 2097
f 2097 2084 2079
f 2097 2079 2076
f 2076 2079 2081
f 2076 2081 2077
f 2091 2090 2098
f 2096 2095 2098
f 2098 2095 2093
f 2098 2093 2091
f 1837 1718 2098
f 2098 1718 1717
f 2098 1717 2096
f 2099 2100 2101
f 2102 2099 2103
f 2103 2099 2101
f 2103 2101 1906
f 1906 2101 2073
f 2073 2072 1906
f 1906 2072 2075
f 1906 2075 1904
f 1908 2104 1910
f 1910 2104 2102
f 1910 2102 2105
f 2105 2102 2103
f 2106 2107 2108
f 2109 1905 2110
f 2110 1905 2074
f 2110 2074 2100
f 2100 2074 2073
f 2100 2073 2101
f 2111 2112 2113
f 2113 2112 2114
f 2113 2114 2109
f 2109 2114 2115
f 2109 2115 1905
f 2111 2113 2116
f 2116 2113 2117
f 2116 2117 2118
f 2119 2120 2121
f 2121 2120 2122
f 2121 2122 2123
f 2123 2122 2124
f 2123 2124 2108
f 2108 2124 2125
f 2108 2125 2106
f 2106 2125 2126
f 2106 2126 2117
f 2117 2126 2127
f 2117 2127 2118
f 2119 2121 2128
f 2128 2121 2129
f 2128 2129 2130
f 2131 2132 2133
f 2129 2134 2130
f 2130 2134 2135
f 2130 2135 2136
f 2136 2135 2137
f 2136 2137 2133
f 2133 2137 2138
f 2133 2138 2131
f 2139 2140 2141
f 2141 2140 2142
f 2141 2143 2139
f 2139 2143 2144
f 2139 2144 2145
f 2145 2144 2146
f 2145 2146 2147
f 2147 2146 2148
f 2147 2148 2149
f 2149 2148 2150
f 2149 2150 2151
f 2151 2150 2152
f 2151 2152 2153
f 2153 2152 2154
f 2153 2154 2155
f 2155 2154 2156
f 2155 2156 2157
f 2157 2156 2158
f 2157 2158 2159
f 2159 2158 2160
f 2159 2160 2161
f 2161 2160 2162
f 2161 2162 2163
f 2163 2162 2164
f 2163 2164 2165
f 2165 2164 2166
f 2165 2166 2167
f 2167 2166 2168
f 2167 2168 2169
f 2169 2168 2170
f 2169 2170 2171
f 2171 2170 2172
f 2171 2172 2173
f 2173 2172 2174
f 2173 2174 2175
f 2175 2174 2176
f 2175 2176 2177
f 2177 2176 2178
f 2177 2178 2179
f 2179 2178 2180
f 2179 2180 2181
f 2181 2180 2182
f 2181 2182 2183
f 2183 2182 2184
f 2183 2184 2185
f 2185 2184 2142
f 2185 2142 2186
f 2186 2142 2140
f 2187 2188 2189
f 2189 2188 2190
f 2189 2191 2187
f 2187 2191 2192
f 2187 2192 2193
f 2193 2192 2194
f 2193 2194 2195
f 2195 2194 2196
f 2195 2196 2197
f 2197 2196 2198
f 2197 2198 2199
f 2199 2198 2200
f 2199 2200 2201
f 2201 2200 2202
f 2201 2202 2203
f 2203 2202 2204
f 2203 2204 2205
f 2205 2204 2206
f 2205 2206 2207
f 2207 2206 2208
f 2207 2208 2209
f 2209 2208 2210
f 2209 2210 2211
f 2211 2210 2212
f 2211 2212 2213
f 2213 2212 2214
f 2213 2214 2215
f 2215 2214 2216
f 2215 2216 2217
f 2217 2216 2218
f 2217 2218 2219
f 2219 2218 2220
f 2219 2220 2221
f 2221 2220 2222
f 2221 2222 2223
f 2223 2222 2224
f 2223 2224 2225
f 2225 2224 2226
f 2225 2226 2227
f 2227 2226 2228
f 2227 2228 2229
f 2229 2228 2230
f 2229 2230 2231
f 2231 2230 2232
f 2231 2232 2233
f 2233 2232 2190
f 2233 2190 2234
f 2234 2190 2188
f 2235 2236 2237
f 2237 2236 2238
f 2237 2239 2235
f 2235 2239 2240
f 2235 2240 2241
f 2241 2240 2242
f 2241 2242 2243
f 2243 2242 2244
f 2243 2244 2245
f 2245 2244 2246
f 2245 2246 2247
f 2247 2246 2248
f 2247 2248 2249
f 2249 2248 2250
f 2249 2250 2251
f 2251 2250 2252
f 2251 2252 2253
f 2253 2252 2254
f 2253 2254 2255
f 2255 2254 2256
f 2255 2256 2257
f 2257 2256 2258
f 2257 2258 2259
f 2259 2258 2260
f 2259 2260 2261
f 2261 2260 2262
f 2261 2262 2263
f 2263 2262 2264
f 2263 2264 2265
f 2265 2264 2266
f 2265 2266 2267
f 2267 2266 2268
f 2267 2268 2269
f 2269 2268 2270
f 2269 2270 2271
f 2271 2270 2272
f 2271 2272 2273
f 2273 2272 2274
f 2273 2274 2275
f 2275 2274 2276
f 2275 2276 2277
f 2277 2276 2278
f 2277 2278 2279
f 2279 2278 2280
f 2279 2280 2281
f 2281 2280 2238
f 2281 2238 2282
f 2282 2238 2236
f 2283 2284 2285
f 2285 2284 2286
f 2285 2287 2283
f 2283 2287 2288
f 2283 2288 2289
f 2289 2288 2290
f 2289 2290 2291
f 2291 2290 2292
f 2291 2292 2293
f 2293 2292 2294
f 2293 2294 2295
f 2295 2294 2296
f 2295 2296 2297
f 2297 2296 2298
f 2297 2298 2299
f 2299 2298 2300
f 2299 2300 2301
f 2301 2300 2302
f 2301 2302 2303
f 2303 2302 2304
f 2303 2304 2305
f 2305 2304 2306
f 2305 2306 2307
f 2307 2306 2308
f 2307 2308 2309
f 2309 2308 2310
f 2309 2310 2311
f 2311 2310 2312
f 2311 2312 2313
f 2313 2312 2314
f 2313 2314 2315
f 2315 2314 2316
f 2315 2316 2317
f 2317 2316 2318
f 2317 2318 2319
f 2319 2318 2320
f 2319 2320 2321
f 2321 2320 2322
f 2321 2322 2323
f 2323 2322 2324
f 2323 2324 2325
f 2325 2324 2326
f 2325 2326 2327
f 2327 2326 2328
f 2327 2328 2329
f 2329 2328 2286
f 2329 2286 2330
f 2330 2286 2284
f 2331 2332 2333
f 2333 2332 2334
f 2333 2335 2331
f 2331 2335 2336
f 2331 2336 2337
f 2337 2336 2338
f 2337 2338 2339
f 2339 2338 2340
f 2339 2340 2341
f 2341 2340 2342
f 2341 2342 2343
f 2343 2342 2344
f 2343 2344 2345
f 2345 2344 2346
f 2345 2346 2347
f 2347 2346 2348
f 2347 2348 2349
f 2349 2348 2350
f 2349 2350 2351
f 2351 2350 2352
f 2351 2352 2353
f 2353 2352 2354
f 2353 2354 2355
f 2355 2354 2356
f 2355 2356 2357
f 2357 2356 2358
f 2357 2358 2359
f 2359 2358 2360
f 2359 2360 2361
f 2361 2360 2362
f 2361 2362 2363
f 2363 2362 2364
f 2363 2364 2365
f 2365 2364 2366
f 2365 2366 2367
f 2367 2366 2368
f 2367 2368 2369
f 2369 2368 2370
f 2369 2370 2371
f 2371 2370 2372
f 2371 2372 2373
f 2373 2372 2374
f 2373 2374 2375
f 2375 2374 2376
f 2375 2376 2377
f 2377 2376 2334
f 2377 2334 2378
f 2378 2334 2332
f 2379 2380 2381
f 2381 2380 2382
f 2381 2383 2379
f 2379 2383 2384
f 2379 2384 2385
f 2385 2384 2386
f 2385 2386 2387
f 2387 2386 2388
f 2387 2388 2389
f 2389 2388 2390
f 2389 2390 2391
f 2391 2390 2392
f 2391 2392 2393
f 2393 2392 2394
f 2393 2394 2395
f 2395 2394 2396
f 2395 2396 2397
f 2397 2396 2398
f 2397 2398 2399
f 2399 2398 2400
f 2399 2400 2401
f 2401 2400 2402
f 2401 2402 2403
f 2403 2402 2404
f 2403 2404 2405
f 2405 2404 2406
f 2405 2406 2407
f 2407 2406 2408
f 2407 2408 2409
f 2409 2408 2410
f 2409 2410 2411
f 2411 2410 2412
f 2411 2412 2413
f 2413 2412 2414
f 2413 2414 2415
f 2415 2414 2416
f 2415 2416 2417
f 2417 2416 2418
f 2417 2418 2419
f 2419 2418 2420
f 2419 2420 2421
f 2421 2420 2422
f 2421 2422 2423
f 2423 2422 2424
f 2423 2424 2425
f 2425 2424 2382
f 2425 2382 2426
f 2426 2382 2380
f 2427 2428 2429
f 2429 2428 2430
f 2429 2431 2427
f 2427 2431 2432
f 2427 2432 2433
f 2433 2432 2434
f 2433 2434 2435
f 2435 2434 2436
f 2435 2436 2437
f 2437 2436 2438
f 2437 2438 2439
f 2439 2438 2440
f 2439 2440 2441
f 2441 2440 2442
f 2441 2442 2443
f 2443 2442 2444
f 2443 2444 2445
f 2445 2444 2446
f 2445 2446 2447
f 2447 2446 2448
f 2447 2448 2449
f 2449 2448 2450
f 2449 2450 2451
f 2451 2450 2452
f 2451 2452 2453
f 2453 2452 2454
f 2453 2454 2455
f 2455 2454 2456
f 2455 2456 2457
f 2457 2456 2458
f 2457 2458 2459
f 2459 2458 2460
f 2459 2460 2461
f 2461 2460 2462
f 2461 2462 2463
f 2463 2462 2464
f 2463 2464 2465
f 2465 2464 2466
f 2465 2466 2467
f 2467 2466 2468
f 2467 2468 2469
f 2469 2468 2470
f 2469 2470 2471
f 2471 2470 2472
f 2471 2472 2473
f 2473 2472 2430
f 2473 2430 2474
f 2474 2430 2428
f 2475 2476 2477
f 2477 2476 2478
f 2477 2479 2475
f 2475 2479 2480
f 2475 2480 2481
f 2481 2480 2482
f 2481 2482 2483
f 2483 2482 2484
f 2483 2484 2485
f 2485 2484 2486
f 2485 2486 2487
f 2487 2486 2488
f 2487 2488 2489
f 2489 2488 2490
f 2489 2490 2491
f 2491 2490 2492
f 2491 2492 2493
f 2493 2492 2494
f 2493 2494 2495
f 2495 2494 2496
f 2495 2496 2497
f 2497 2496 2498
f 2497 2498 2499
f 2499 2498 2500
f 2499 2500 2501
f 2501 2500 2502
f 2501 2502 2503
f 2503 2502 2504
f 2503 2504 2505
f 2505 2504 2506
f 2505 2506 2507
f 2507 2506 2508
f 2507 2508 2509
f 2509 2508 2510
f 2509 2510 2511
f 2511 2510 2512
f 2511 2512 2513
f 2513 2512 2514
f 2513 2514 2515
f 2515 2514 2516
f 2515 2516 2517
f 2517 2516 2518
f 2517 2518 2519
f 2519 2518 2520
f 2519 2520 2521
f 2521 2520 2478
f 2521 2478 2522
f 2522 2478 2476
f 2523 2524 2525
f 2525 2524 2526
f 2525 2527 2523
f 2523 2527 2528
f 2523 2528 2529
f 2529 2528 2530
f 2529 2530 2531
f 2531 2530 2532
f 2531 2532 2533
f 2533 2532 2534
f 2533 2534 2535
f 2535 2534 2536
f 2535 2536 2537
f 2537 2536 2538
f 2537 2538 2539
f 2539 2538 2540
f 2539 2540 2541
f 2541 2540 2542
f 2541 2542 2543
f 2543 2542 2544
f 2543 2544 2545
f 2545 2544 2546
f 2545 2546 2547
f 2547 2546 2548
f 2547 2548 2549
f 2549 2548 2550
f 2549 2550 2551
f 2551 2550 2552
f 2551 2552 2553
f 2553 2552 2554
f 2553 2554 2555
f 2555 2554 2556
f 2555 2556 2557
f 2557 2556 2558
f 2557 2558 2559
f 2559 2558 2560
f 2559 2560 2561
f 2561 2560 2562
f 2561 2562 2563
f 2563 2562 2564
f 2563 2564 2565
f 2565 2564 2566
f 2565 2566 2567
f 2567 2566 2568
f 2567 2568 2569
f 2569 2568 2526
f 2569 2526 2570
f 2570 2526 2524
f 2571 2572 2573
f 2573 2572 2574
f 2573 2575 2571
f 2571 2575 2576
f 2571 2576 2577
f 2577 2576 2578
f 2577 2578 2579
f 2579 2578 2580
f 2579 2580 2581
f 2581 2580 2582
f 2581 2582 2583
f 2583 2582 2584
f 2583 2584 2585
f 2585 2584 2586
f 2585 2586 2587
f 2587 2586 2588
f 2587 2588 2589
f 2589 2588 2590
f 2589 2590 2591
f 2591 2590 2592
f 2591 2592 2593
f 2593 2592 2594
f 2593 2594 2595
f 2595 2594 2596
f 2595 2596 2597
f 2597 2596 2598
f 2597 2598 2599
f 2599 2598 2600
f 2599 2600 2601
f 2601 2600 2602
f 2601 2602 2603
f 2603 2602 2604
f 2603 2604 2605
f 2605 2604 2606
f 2605 2606 2607
f 2607 2606 2608
f 2607 2608 2609
f 2609 2608 2610
f 2609 2610 2611
f 2611 2610 2612
f 2611 2612 2613
f 2613 2612 2614
f 2613 2614 2615
f 2615 2614 2616
f 2615 2616 2617
f 2617 2616 2574
f 2617 2574 2618
f 2618 2574 2572
f 2619 2620 2621
f 2621 2620 2622
f 2621 2623 2619
f 2619 2623 2624
f 2619 2624 2625
f 2625 2624 2626
f 2625 2626 2627
f 2627 2626 2628
f 2627 2628 2629
f 2629 2628 2630
f 2629 2630 2631
f 2631 2630 2632
f 2631 2632 2633
f 2633 2632 2634
f 2633 2634 2635
f 2635 2634 2636
f 2635 2636 2637
f 2637 2636 2638
f 2637 2638 2639
f 2639 2638 2640
f 2639 2640 2641
f 2641 2640 2642
f 2641 2642 2643
f 2643 2642 2644
f 2643 2644 2645
f 2645 2644 2646
f 2645 2646 2647
f 2647 2646 2648
f 2647 2648 2649
f 2649 2648 2650
f 2649 2650 2651
f 2651 2650 2652
f 2651 2652 2653
f 2653 2652 2654
f 2653 2654 2655
f 2655 2654 2656
f 2655 2656 2657
f 2657 2656 2658
f 2657 2658 2659
f 2659 2658 2660
f 2659 2660 2661
f 2661 2660 2662
f 2661 2662 2663
f 2663 2662 2664
f 2663 2664 2665
f 2665 2664 2622
f 2665 2622 2666
f 2666 2622 2620
f 2667 2668 2669
f 2669 2668 2670
f 2669 2671 2667
f 2667 2671 2672
f 2667 2672 2673
f 2673 2672 2674
f 2673 2674 2675
f 2675 2674 2676
f 2675 2676 2677
f 2677 2676 2678
f 2677 2678 2679
f 2679 2678 2680
f 2679 2680 2681
f 2681 2680 2682
f 2681 2682 2683
f 2683 2682 2684
f 2683 2684 2685
f 2685 2684 2686
f 2685 2686 2687
f 2687 2686 2688
f 2687 2688 2689
f 2689 2688 2690
f 2689 2690 2691
f 2691 2690 2692
f 2691 2692 2693
f 2693 2692 2694
f 2693 2694 2695
f 2695 2694 2696
f 2695 2696 2697
f 2697 2696 2698
f 2697 2698 2699
f 2699 2698 2700
f 2699 2700 2701
f 2701 2700 2702
f 2701 2702 2703
f 2703 2702 2704
f 2703 2704 2705
f 2705 2704 2706
f 2705 2706 2707
f 2707 2706 2708
f 2707 2708 2709
f 2709 2708 2710
f 2709 2710 2711
f 2711 2710 2712
f 2711 2712 2713
f 2713 2712 2670
f 2713 2670 2714
f 2714 2670 2668
f 2715 2716 2717
f 2717 2716 2718
f 2717 2719 2715
f 2715 2719 2720
f 2715 2720 2721
f 2721 2720 2722
f 2721 2722 2723
f 2723 2722 2724
f 2723 2724 2725
f 2725 2724 2726
f 2725 2726 2727
f 2727 2726 2728
f 2727 2728 2729
f 2729 2728 2730
f 2729 2730 2731
f 2731 2730 2732
f 2731 2732 2733
f 2733 2732 2734
f 2733 2734 2735
f 2735 2734 2736
f 2735 2736 2737
f 2737 2736 2738
f 2737 2738 2739
f 2739 2738 2740
f 2739 2740 2741
f 2741 2740 2742
f 2741 2742 2743
f 2743 2742 2744
f 2743 2744 2745
f 2745 2744 2746
f 2745 2746 2747
f 2747 2746 2748
f 2747 2748 2749
f 2749 2748 2750
f 2749 2750 2751
f 2751 2750 2752
f 2751 2752 2753
f 2753 2752 2754
f 2753 2754 2755
f 2755 2754 2756
f 2755 2756 2757
f 2757 2756 2758
f 2757 2758 2759
f 2759 2758 2760
f 2759 2760 2761
f 2761 2760 2718
f 2761 2718 2762
f 2762 2718 2716
f 2763 2764 2765
f 2765 2764 2766
f 2765 2767 2763
f 2763 2767 2768
f 2763 2768 2769
f 2769 2768 2770
f 2769 2770 2771
f 2771 2770 2772
f 2771 2772 2773
f 2773 2772 2774
f 2773 2774 2775
f 2775 2774 2776
f 2775 2776 2777
f 2777 2776 2778
f 2777 2778 2779
f 2779 2778 2780
f 2779 2780 2781
f 2781 2780 2782
f 2781 2782 2783
f 2783 2782 2784
f 2783 2784 2785
f 2785 2784 2786
f 2785 2786 2787
f 2787 2786 2788
f 2787 2788 2789
f 2789 2788 2790
f 2789 2790 2791
f 2791 2790 2792
f 2791 2792 2793
f 2793 2792 2794
f 2793 2794 2795
f 2795 2794 2796
f 2795 2796 2797
f 2797 2796 2798
f 2797 2798 2799
f 2799 2798 2800
f 2799 2800 2801
f 2801 2800 2802
f 2801 2802 2803
f 2803 2802 2804
f 2803 2804 2805
f 2805 2804 2806
f 2805 2806 2807
f 2807 2806 2808
f 2807 2808 2809
f 2809 2808 2766
f 2809 2766 2810
f 2810 2766 2764
f 2811 2812 2813
f 2813 2812 2814
f 2813 2815 2811
f 2811 2815 2816
f 2811 2816 2817
f 2817 2816 2818
f 2817 2818 2819
f 2819 2818 2820
f 2819 2820 2821
f 2821 2820 2822
f 2821 2822 2823
f 2823 2822 2824
f 2823 2824 2825
f 2825 2824 2826
f 2825 2826 2827
f 2827 2826 2828
f 2827 2828 2829
f 2829 2828 2830
f 2829 2830 2831
f 2831 2830 2832
f 2831 2832 2833
f 2833 2832 2834
f 2833 2834 2835
f 2835 2834 2836
f 2835 2836 2837
f 2837 2836 2838
f 2837 2838 2839
f 2839 2838 2840
f 2839 2840 2841
f 2841 2840 2842
f 2841 2842 2843
f 2843 2842 2844
f 2843 2844 2845
f 2845 2844 2846
f 2845 2846 2847
f 2847 2846 2848
f 2847 2848 2849
f 2849 2848 2850
f 2849 2850 2851
f 2851 2850 2852
f 2851 2852 2853
f 2853 2852 2854
f 2853 2854 2855
f 2855 2854 2856
f 2855 2856 2857
f 2857 2856 2814
f 2857 2814 2858
f 2858 2814 2812
f 1713 1712 1835
f 2859 2860 2861
f 2861 2862 2859
f 2859 2862 2863
f 2859 2863 2864
f 2863 2865 2864
f 2864 2865 2866
f 2864 2866 1835
f 1835 2866 2867
f 1835 2867 1713
f 2861 2860 2862
f 2862 2860 2868
f 2869 2870 2082
f 2870 2871 2082
f 2082 2871 2872
f 2082 2872 2083
f 2868 2869 2862
f 2862 2869 2082
f 2862 2082 2863
f 2863 2082 2865
f 2082 2085 2865
f 2865 2085 2087
f 2865 2087 2866
f 1714 1713 2087
f 2087 1713 2867
f 2087 2867 2866
f 2080 2083 2873
f 2873 2874 2080
f 2080 2874 2875
f 2080 2875 2081
f 2874 2876 2875
f 2875 2876 2877
f 2875 2877 2878
f 2878 2879 2875
f 2875 2879 2880
f 2875 2880 2881
f 2882 2078 2875
f 2875 2078 2077
f 2875 2077 2081
f 2882 2110 2078
f 2078 2110 2100
f 2078 2100 2090
f 2090 2100 2099
f 2090 2099 2098
f 2883 2884 2885
f 2885 2884 2886
f 2887 2886 2888
f 2887 2888 2889
f 2888 2890 2889
f 2889 2890 2891
f 2889 2891 2892
f 2892 2891 2893
f 2132 2131 2894
f 2894 2131 2895
f 2894 2895 2896
f 2896 2895 2897
f 2896 2897 2898
f 2898 2897 2899
f 2898 2899 2900
f 2900 2899 2901
f 2900 2901 2902
f 2902 2901 2883
f 2902 2883 2903
f 2903 2883 2885
f 2904 2905 2906
f 2906 2905 2907
f 1845 1879 1838
f 1838 1879 2908
f 1838 2908 1839
f 1839 2908 2909
f 1839 2909 1841
f 2910 1844 2911
f 2911 1844 1843
f 2911 1843 1842
f 2907 2912 2906
f 2906 2912 2910
f 2906 2910 2913
f 2913 2910 2911
f 2913 2911 2914
f 2914 2911 1842
f 2914 1842 2915
f 1842 1841 2915
f 2915 1841 2909
f 2915 2909 2914
f 2914 2909 2916
f 2914 2916 2913
f 2913 2916 2917
f 2905 2904 2918
f 2919 1840 1844
f 1844 2910 2919
f 2919 2910 2912
f 2919 2912 2918
f 2918 2912 2907
f 2918 2907 2905
f 2919 2918 2920
f 2920 2918 2921
f 2920 2921 2922
f 2922 2921 2923
f 2924 2925 2926
f 2927 2928 2929
f 2930 2931 2932
f 2318 2933 2934
f 2366 2935 2936
f 2937 2926 2938
f 2939 2929 2940
f 2941 2932 2942
f 2846 2934 2943
f 2798 2936 2944
f 2945 2938 2946
f 2947 2940 2948
f 2949 2942 2950
f 2606 2943 2951
f 2654 2944 2952
f 2083 2872 2953
f 2864 2922 2859
f 2859 2922 2923
f 2859 2923 2860
f 2952 2546 2544
f 2923 2954 2860
f 2860 2954 2526
f 2860 2526 2568
f 2560 2558 2868
f 2868 2558 2556
f 2868 2556 2554
f 2554 2552 2868
f 2868 2552 2550
f 2868 2550 2548
f 2544 2542 2952
f 2952 2542 2540
f 2952 2540 2538
f 2530 2528 2954
f 2568 2566 2860
f 2860 2566 2564
f 2860 2564 2868
f 2868 2564 2562
f 2868 2562 2560
f 2538 2536 2952
f 2952 2536 2534
f 2952 2534 2954
f 2954 2534 2532
f 2954 2532 2530
f 2528 2527 2954
f 2954 2527 2525
f 2954 2525 2526
f 2670 2868 2952
f 2952 2868 2548
f 2952 2548 2546
f 2944 2690 2688
f 2869 2700 2698
f 2698 2696 2869
f 2869 2696 2694
f 2869 2694 2692
f 2670 2712 2868
f 2868 2712 2710
f 2868 2710 2708
f 2708 2706 2868
f 2868 2706 2704
f 2868 2704 2869
f 2869 2704 2702
f 2869 2702 2700
f 2688 2686 2944
f 2944 2686 2684
f 2944 2684 2682
f 2674 2672 2952
f 2682 2680 2944
f 2944 2680 2678
f 2944 2678 2952
f 2952 2678 2676
f 2952 2676 2674
f 2672 2671 2952
f 2952 2671 2669
f 2952 2669 2670
f 2718 2869 2944
f 2944 2869 2692
f 2944 2692 2690
f 2936 2738 2736
f 2870 2748 2746
f 2746 2744 2870
f 2870 2744 2742
f 2870 2742 2740
f 2718 2760 2869
f 2869 2760 2758
f 2869 2758 2756
f 2756 2754 2869
f 2869 2754 2752
f 2869 2752 2870
f 2870 2752 2750
f 2870 2750 2748
f 2736 2734 2936
f 2936 2734 2732
f 2936 2732 2730
f 2722 2720 2944
f 2730 2728 2936
f 2936 2728 2726
f 2936 2726 2944
f 2944 2726 2724
f 2944 2724 2722
f 2720 2719 2944
f 2944 2719 2717
f 2944 2717 2718
f 2382 2870 2936
f 2936 2870 2740
f 2936 2740 2738
f 2935 2402 2400
f 2871 2412 2410
f 2410 2408 2871
f 2871 2408 2406
f 2871 2406 2404
f 2382 2424 2870
f 2870 2424 2422
f 2870 2422 2420
f 2420 2418 2870
f 2870 2418 2416
f 2870 2416 2871
f 2871 2416 2414
f 2871 2414 2412
f 2400 2398 2935
f 2935 2398 2396
f 2935 2396 2394
f 2386 2384 2936
f 2394 2392 2935
f 2935 2392 2390
f 2935 2390 2936
f 2936 2390 2388
f 2936 2388 2386
f 2384 2383 2936
f 2936 2383 2381
f 2936 2381 2382
f 2238 2871 2935
f 2935 2871 2404
f 2935 2404 2402
f 2871 2270 2872
f 2872 2270 2268
f 2872 2268 2266
f 2266 2264 2872
f 2872 2264 2262
f 2872 2262 2953
f 2953 2262 2260
f 2953 2260 2258
f 2238 2280 2871
f 2871 2280 2278
f 2871 2278 2276
f 2276 2274 2871
f 2871 2274 2272
f 2871 2272 2270
f 2258 2256 2953
f 2953 2256 2254
f 2953 2254 2252
f 2246 2935 2248
f 2248 2935 2953
f 2248 2953 2250
f 2250 2953 2252
f 2246 2244 2935
f 2935 2244 2242
f 2935 2242 2240
f 2240 2239 2935
f 2935 2239 2237
f 2935 2237 2238
f 2504 2952 2506
f 2506 2952 2508
f 2504 2502 2952
f 2952 2502 2500
f 2952 2500 2951
f 2951 2500 2498
f 2951 2498 2496
f 2516 2954 2518
f 2518 2954 2520
f 2516 2514 2954
f 2954 2514 2512
f 2954 2512 2952
f 2952 2512 2510
f 2952 2510 2508
f 2496 2494 2951
f 2951 2494 2492
f 2951 2492 2490
f 2482 2480 2955
f 2490 2488 2951
f 2951 2488 2486
f 2951 2486 2955
f 2955 2486 2484
f 2955 2484 2482
f 2480 2479 2955
f 2955 2479 2477
f 2955 2477 2954
f 2954 2477 2478
f 2954 2478 2520
f 2456 2951 2458
f 2458 2951 2460
f 2456 2454 2951
f 2951 2454 2452
f 2951 2452 2950
f 2950 2452 2450
f 2950 2450 2448
f 2468 2955 2470
f 2470 2955 2472
f 2468 2466 2955
f 2955 2466 2464
f 2955 2464 2951
f 2951 2464 2462
f 2951 2462 2460
f 2448 2446 2950
f 2950 2446 2444
f 2950 2444 2442
f 2434 2432 2956
f 2442 2440 2950
f 2950 2440 2438
f 2950 2438 2956
f 2956 2438 2436
f 2956 2436 2434
f 2432 2431 2956
f 2956 2431 2429
f 2956 2429 2955
f 2955 2429 2430
f 2955 2430 2472
f 2957 2950 2958
f 2958 2950 2959
f 2957 2960 2950
f 2950 2960 2961
f 2950 2961 2948
f 2948 2961 2962
f 2948 2962 2963
f 2964 2956 2965
f 2965 2956 2966
f 2964 2967 2956
f 2956 2967 2968
f 2956 2968 2950
f 2950 2968 2969
f 2950 2969 2959
f 2963 2970 2948
f 2948 2970 2971
f 2948 2971 2972
f 2973 2974 2975
f 2972 2976 2948
f 2948 2976 2977
f 2948 2977 2975
f 2975 2977 2978
f 2975 2978 2973
f 2974 2979 2975
f 2975 2979 2980
f 2975 2980 2956
f 2956 2980 2981
f 2956 2981 2966
f 2982 2948 2983
f 2983 2948 2984
f 2982 2985 2948
f 2948 2985 2986
f 2948 2986 2946
f 2946 2986 2987
f 2946 2987 2988
f 2989 2975 2990
f 2990 2975 2991
f 2989 2992 2975
f 2975 2992 2993
f 2975 2993 2948
f 2948 2993 2994
f 2948 2994 2984
f 2988 2995 2946
f 2946 2995 2996
f 2946 2996 2997
f 2998 2999 3000
f 2997 3001 2946
f 2946 3001 3002
f 2946 3002 3000
f 3000 3002 3003
f 3000 3003 2998
f 2999 3004 3000
f 3000 3004 3005
f 3000 3005 2975
f 2975 3005 3006
f 2975 3006 2991
f 3007 2946 3008
f 3008 2946 3009
f 3007 3010 2946
f 2946 3010 3011
f 2946 3011 3012
f 3012 3011 3013
f 3012 3013 3014
f 3015 3000 3016
f 3016 3000 3017
f 3015 3018 3000
f 3000 3018 3019
f 3000 3019 2946
f 2946 3019 3020
f 2946 3020 3009
f 3014 3021 3012
f 3012 3021 3022
f 3012 3022 3023
f 3024 3025 3026
f 3023 3027 3012
f 3012 3027 3028
f 3012 3028 3026
f 3026 3028 3029
f 3026 3029 3024
f 3025 3030 3026
f 3026 3030 3031
f 3026 3031 3000
f 3000 3031 3032
f 3000 3032 3017
f 3033 3034 3012
f 3012 3034 3035
f 3012 3035 3036
f 3037 3026 3038
f 3038 3026 3039
f 3037 3040 3026
f 3026 3040 3041
f 3026 3041 3012
f 3012 3041 3042
f 3012 3042 3033
f 3036 3043 3012
f 3012 3043 3044
f 3012 3044 3045
f 3045 3044 3046
f 3045 3046 3047
f 3047 3048 3045
f 3045 3048 3049
f 3045 3049 3050
f 3050 3051 3045
f 3045 3051 3052
f 3045 3052 3053
f 3053 3052 3054
f 3053 3054 3055
f 3055 3056 3053
f 3053 3056 3057
f 3053 3057 3026
f 3026 3057 3058
f 3026 3058 3039
f 2654 2652 2944
f 2944 2652 2650
f 2944 2650 2648
f 2648 2646 2944
f 2944 2646 2644
f 2944 2644 2943
f 2943 2644 2642
f 2943 2642 2640
f 2660 2952 2662
f 2662 2952 2664
f 2660 2658 2952
f 2952 2658 2656
f 2952 2656 2654
f 2640 2638 2943
f 2943 2638 2636
f 2943 2636 2634
f 2626 2624 2951
f 2634 2632 2943
f 2943 2632 2630
f 2943 2630 2951
f 2951 2630 2628
f 2951 2628 2626
f 2624 2623 2951
f 2951 2623 2621
f 2951 2621 2952
f 2952 2621 2622
f 2952 2622 2664
f 2606 2604 2943
f 2943 2604 2602
f 2943 2602 2600
f 2600 2598 2943
f 2943 2598 2596
f 2943 2596 2942
f 2942 2596 2594
f 2942 2594 2592
f 2612 2951 2614
f 2614 2951 2616
f 2612 2610 2951
f 2951 2610 2608
f 2951 2608 2606
f 2592 2590 2942
f 2942 2590 2588
f 2942 2588 2586
f 2578 2576 2950
f 2586 2584 2942
f 2942 2584 2582
f 2942 2582 2950
f 2950 2582 2580
f 2950 2580 2578
f 2576 2575 2950
f 2950 2575 2573
f 2950 2573 2951
f 2951 2573 2574
f 2951 2574 2616
f 2949 3059 2942
f 2942 3059 3060
f 2942 3060 3061
f 3061 3062 2942
f 2942 3062 3063
f 2942 3063 2940
f 2940 3063 3064
f 2940 3064 3065
f 3066 2950 3067
f 3067 2950 3068
f 3066 3069 2950
f 2950 3069 3070
f 2950 3070 2949
f 3065 3071 2940
f 2940 3071 3072
f 2940 3072 3073
f 3074 3075 2948
f 3073 3076 2940
f 2940 3076 3077
f 2940 3077 2948
f 2948 3077 3078
f 2948 3078 3074
f 3075 3079 2948
f 2948 3079 3080
f 2948 3080 2950
f 2950 3080 3081
f 2950 3081 3068
f 2947 3082 2940
f 2940 3082 3083
f 2940 3083 3084
f 3084 3085 2940
f 2940 3085 3086
f 2940 3086 2938
f 2938 3086 3087
f 2938 3087 3088
f 3089 2948 3090
f 3090 2948 3091
f 3089 3092 2948
f 2948 3092 3093
f 2948 3093 2947
f 3088 3094 2938
f 2938 3094 3095
f 2938 3095 3096
f 3097 3098 2946
f 3096 3099 2938
f 2938 3099 3100
f 2938 3100 2946
f 2946 3100 3101
f 2946 3101 3097
f 3098 3102 2946
f 2946 3102 3103
f 2946 3103 2948
f 2948 3103 3104
f 2948 3104 3091
f 2945 3105 2938
f 2938 3105 3106
f 2938 3106 3107
f 3108 3109 3110
f 3110 3109 2938
f 3110 2938 3111
f 3111 2938 3107
f 3112 2946 3113
f 3113 2946 3114
f 3112 3115 2946
f 2946 3115 3116
f 2946 3116 2945
f 3108 3117 3109
f 3109 3117 3118
f 3109 3118 3119
f 3119 3120 3109
f 3109 3120 3121
f 3109 3121 3122
f 3122 3123 3012
f 3012 3123 3124
f 3012 3124 3125
f 3125 3126 3012
f 3012 3126 3127
f 3012 3127 2946
f 2946 3127 3128
f 2946 3128 3114
f 3122 3012 3109
f 3109 3012 3129
f 3109 3129 3130
f 3130 3131 3109
f 3109 3131 3132
f 3109 3132 3133
f 3134 3135 3136
f 3137 3012 3138
f 3138 3012 3139
f 3137 3140 3012
f 3012 3140 3141
f 3012 3141 3129
f 3133 3142 3109
f 3109 3142 3143
f 3109 3143 3136
f 3136 3143 3144
f 3136 3144 3134
f 3135 3145 3136
f 3136 3145 3146
f 3136 3146 3045
f 3045 3146 3147
f 3147 3148 3045
f 3045 3148 3149
f 3045 3149 3150
f 3150 3151 3045
f 3045 3151 3152
f 3045 3152 3012
f 3012 3152 3153
f 3012 3153 3139
f 2798 2796 2936
f 2936 2796 2794
f 2936 2794 2792
f 2792 2790 2936
f 2936 2790 2788
f 2936 2788 2934
f 2934 2788 2786
f 2934 2786 2784
f 2804 2944 2806
f 2806 2944 2808
f 2804 2802 2944
f 2944 2802 2800
f 2944 2800 2798
f 2784 2782 2934
f 2934 2782 2780
f 2934 2780 2778
f 2770 2768 2943
f 2778 2776 2934
f 2934 2776 2774
f 2934 2774 2943
f 2943 2774 2772
f 2943 2772 2770
f 2768 2767 2943
f 2943 2767 2765
f 2943 2765 2944
f 2944 2765 2766
f 2944 2766 2808
f 2846 2844 2934
f 2934 2844 2842
f 2934 2842 2840
f 2840 2838 2934
f 2934 2838 2836
f 2934 2836 2932
f 2932 2836 2834
f 2932 2834 2832
f 2852 2943 2854
f 2854 2943 2856
f 2852 2850 2943
f 2943 2850 2848
f 2943 2848 2846
f 2832 2830 2932
f 2932 2830 2828
f 2932 2828 2826
f 2818 2816 2942
f 2826 2824 2932
f 2932 2824 2822
f 2932 2822 2942
f 2942 2822 2820
f 2942 2820 2818
f 2816 2815 2942
f 2942 2815 2813
f 2942 2813 2943
f 2943 2813 2814
f 2943 2814 2856
f 2941 3154 2932
f 2932 3154 3155
f 2932 3155 3156
f 3156 3157 2932
f 2932 3157 3158
f 2932 3158 2929
f 2929 3158 3159
f 2929 3159 3160
f 3161 2942 3162
f 3162 2942 3163
f 3161 3164 2942
f 2942 3164 3165
f 2942 3165 2941
f 3160 3166 2929
f 2929 3166 3167
f 2929 3167 3168
f 3169 3170 2940
f 3168 3171 2929
f 2929 3171 3172
f 2929 3172 2940
f 2940 3172 3173
f 2940 3173 3169
f 3170 3174 2940
f 2940 3174 3175
f 2940 3175 2942
f 2942 3175 3176
f 2942 3176 3163
f 2939 3177 2929
f 2929 3177 3178
f 2929 3178 3179
f 3179 3180 2929
f 2929 3180 3181
f 2929 3181 2926
f 2926 3181 3182
f 2926 3182 3183
f 3184 2940 3185
f 3185 2940 3186
f 3184 3187 2940
f 2940 3187 3188
f 2940 3188 2939
f 3183 3189 2926
f 2926 3189 3190
f 2926 3190 3191
f 3192 3193 2938
f 3191 3194 2926
f 2926 3194 3195
f 2926 3195 2938
f 2938 3195 3196
f 2938 3196 3192
f 3193 3197 2938
f 2938 3197 3198
f 2938 3198 2940
f 2940 3198 3199
f 2940 3199 3186
f 2937 3200 2926
f 2926 3200 3201
f 2926 3201 3202
f 3203 3204 3205
f 3205 3204 2926
f 3205 2926 3206
f 3206 2926 3202
f 3207 2938 3208
f 3208 2938 3209
f 3207 3210 2938
f 2938 3210 3211
f 2938 3211 2937
f 3203 3212 3204
f 3204 3212 3213
f 3204 3213 3214
f 3214 3215 3204
f 3204 3215 3216
f 3204 3216 3217
f 3217 3218 3109
f 3109 3218 3219
f 3109 3219 3220
f 3220 3221 3109
f 3109 3221 3222
f 3109 3222 2938
f 2938 3222 3223
f 2938 3223 3209
f 3217 3109 3204
f 3204 3109 3224
f 3204 3224 3225
f 3225 3226 3204
f 3204 3226 3227
f 3204 3227 3228
f 3229 3230 3231
f 3232 3109 3233
f 3233 3109 3234
f 3232 3235 3109
f 3109 3235 3236
f 3109 3236 3224
f 3228 3237 3204
f 3204 3237 3238
f 3204 3238 3231
f 3231 3238 3239
f 3231 3239 3229
f 3230 3240 3231
f 3231 3240 3241
f 3231 3241 3136
f 3136 3241 3242
f 3242 3243 3136
f 3136 3243 3244
f 3136 3244 3245
f 3245 3246 3136
f 3136 3246 3247
f 3136 3247 3109
f 3109 3247 3248
f 3109 3248 3234
f 2366 2364 2935
f 2935 2364 2362
f 2935 2362 2360
f 2360 2358 2935
f 2935 2358 2356
f 2935 2356 2933
f 2933 2356 2354
f 2933 2354 2352
f 2372 2936 2374
f 2374 2936 2376
f 2372 2370 2936
f 2936 2370 2368
f 2936 2368 2366
f 2352 2350 2933
f 2933 2350 2348
f 2933 2348 2346
f 2338 2336 2934
f 2346 2344 2933
f 2933 2344 2342
f 2933 2342 2934
f 2934 2342 2340
f 2934 2340 2338
f 2336 2335 2934
f 2934 2335 2333
f 2934 2333 2936
f 2936 2333 2334
f 2936 2334 2376
f 2318 2316 2933
f 2933 2316 2314
f 2933 2314 2312
f 2312 2310 2933
f 2933 2310 2308
f 2933 2308 2931
f 2931 2308 2306
f 2931 2306 2304
f 2324 2934 2326
f 2326 2934 2328
f 2324 2322 2934
f 2934 2322 2320
f 2934 2320 2318
f 2304 2302 2931
f 2931 2302 2300
f 2931 2300 2298
f 2290 2288 2932
f 2298 2296 2931
f 2931 2296 2294
f 2931 2294 2932
f 2932 2294 2292
f 2932 2292 2290
f 2288 2287 2932
f 2932 2287 2285
f 2932 2285 2934
f 2934 2285 2286
f 2934 2286 2328
f 2930 3249 2931
f 2931 3249 3250
f 2931 3250 3251
f 3251 3252 2931
f 2931 3252 3253
f 2931 3253 2928
f 2928 3253 3254
f 2928 3254 3255
f 3256 2932 3257
f 3257 2932 3258
f 3256 3259 2932
f 2932 3259 3260
f 2932 3260 2930
f 3255 3261 2928
f 2928 3261 3262
f 2928 3262 3263
f 3264 3265 2929
f 3263 3266 2928
f 2928 3266 3267
f 2928 3267 2929
f 2929 3267 3268
f 2929 3268 3264
f 3265 3269 2929
f 2929 3269 3270
f 2929 3270 2932
f 2932 3270 3271
f 2932 3271 3258
f 2927 3272 2928
f 2928 3272 3273
f 2928 3273 3274
f 3274 3275 2928
f 2928 3275 3276
f 2928 3276 2925
f 2925 3276 3277
f 2925 3277 3278
f 3279 2929 3280
f 3280 2929 3281
f 3279 3282 2929
f 2929 3282 3283
f 2929 3283 2927
f 3278 3284 2925
f 2925 3284 3285
f 2925 3285 3286
f 3287 3288 2926
f 3286 3289 2925
f 2925 3289 3290
f 2925 3290 2926
f 2926 3290 3291
f 2926 3291 3287
f 3288 3292 2926
f 2926 3292 3293
f 2926 3293 2929
f 2929 3293 3294
f 2929 3294 3281
f 2924 3295 2925
f 2925 3295 3296
f 2925 3296 3297
f 3298 3299 3300
f 3300 3299 2925
f 3300 2925 3301
f 3301 2925 3297
f 3302 2926 3303
f 3303 2926 3304
f 3302 3305 2926
f 2926 3305 3306
f 2926 3306 2924
f 3298 3307 3299
f 3299 3307 3308
f 3299 3308 3309
f 3309 3310 3299
f 3299 3310 3311
f 3299 3311 3312
f 3312 3313 3204
f 3204 3313 3314
f 3204 3314 3315
f 3315 3316 3204
f 3204 3316 3317
f 3204 3317 2926
f 2926 3317 3318
f 2926 3318 3304
f 3312 3204 3299
f 3299 3204 3319
f 3299 3319 3320
f 3320 3321 3299
f 3299 3321 3322
f 3299 3322 3323
f 3324 3325 3326
f 3327 3204 3328
f 3328 3204 3329
f 3327 3330 3204
f 3204 3330 3331
f 3204 3331 3319
f 3323 3332 3299
f 3299 3332 3333
f 3299 3333 3326
f 3326 3333 3334
f 3326 3334 3324
f 3325 3335 3326
f 3326 3335 3336
f 3326 3336 3231
f 3231 3336 3337
f 3337 3338 3231
f 3231 3338 3339
f 3231 3339 3340
f 3340 3341 3231
f 3231 3341 3342
f 3231 3342 3204
f 3204 3342 3343
f 3204 3343 3329
f 2218 2216 2953
f 2232 2230 2935
f 2935 2230 2228
f 2935 2228 2226
f 2226 2224 2935
f 2935 2224 2222
f 2935 2222 2953
f 2953 2222 2220
f 2953 2220 2218
f 2216 2214 2953
f 2953 2214 2212
f 2953 2212 3344
f 2212 2210 3344
f 3344 2210 2208
f 3344 2208 2206
f 2206 2204 3344
f 3344 2204 2202
f 3344 2202 2200
f 2198 2196 2933
f 2933 2196 2194
f 2933 2194 2192
f 2192 2191 2933
f 2933 2191 2189
f 2933 2189 2935
f 2935 2189 2190
f 2935 2190 2232
f 2174 3344 2933
f 2933 3344 2200
f 2933 2200 2198
f 2174 2172 3344
f 3344 2172 2170
f 3344 2170 2168
f 2168 2166 3344
f 3344 2166 2164
f 3344 2164 3345
f 2180 2933 2182
f 2182 2933 2184
f 2180 2178 2933
f 2933 2178 2176
f 2933 2176 2174
f 2164 2162 3345
f 3345 2162 2160
f 3345 2160 2158
f 2158 2156 3345
f 3345 2156 2154
f 3345 2154 2152
f 2150 2148 2931
f 2931 2148 2146
f 2931 2146 2144
f 2144 2143 2931
f 2931 2143 2141
f 2931 2141 2933
f 2933 2141 2142
f 2933 2142 2184
f 3346 3345 2931
f 2931 3345 2152
f 2931 2152 2150
f 3346 3347 3345
f 3345 3347 3348
f 3345 3348 3349
f 3349 3350 3345
f 3345 3350 3351
f 3345 3351 3352
f 3353 2931 3354
f 3354 2931 3355
f 3353 3356 2931
f 2931 3356 3357
f 2931 3357 3346
f 3351 3358 3352
f 3352 3358 3359
f 3352 3359 3360
f 3360 3361 3352
f 3352 3361 3362
f 3352 3362 3363
f 3364 3365 2928
f 2928 3365 3366
f 2928 3366 3367
f 3367 3368 2928
f 2928 3368 3369
f 2928 3369 2931
f 2931 3369 3370
f 2931 3370 3355
f 3371 3352 2928
f 2928 3352 3363
f 2928 3363 3364
f 3371 3372 3352
f 3352 3372 3373
f 3352 3373 3374
f 3374 3375 3352
f 3352 3375 3376
f 3352 3376 3377
f 3378 2928 3379
f 3379 2928 3380
f 3378 3381 2928
f 2928 3381 3382
f 2928 3382 3371
f 3376 3383 3377
f 3377 3383 3384
f 3377 3384 3385
f 3385 3386 3377
f 3377 3386 3387
f 3377 3387 3388
f 3389 3390 2925
f 2925 3390 3391
f 2925 3391 3392
f 3392 3393 2925
f 2925 3393 3394
f 2925 3394 2928
f 2928 3394 3395
f 2928 3395 3380
f 3396 3377 2925
f 2925 3377 3388
f 2925 3388 3389
f 3396 3397 3377
f 3377 3397 3398
f 3377 3398 3399
f 3399 3400 3377
f 3377 3400 3401
f 3377 3401 3402
f 3403 2925 3404
f 3404 2925 3405
f 3403 3406 2925
f 2925 3406 3407
f 2925 3407 3396
f 3401 3408 3402
f 3402 3408 3409
f 3402 3409 3410
f 3410 3411 3402
f 3402 3411 3412
f 3402 3412 3413
f 3413 3414 3299
f 3414 3415 3299
f 3299 3415 3416
f 3299 3416 3417
f 3417 3418 3299
f 3299 3418 3419
f 3299 3419 2925
f 2925 3419 3420
f 2925 3420 3405
f 3413 3299 3402
f 3402 3299 3421
f 3402 3421 3422
f 3422 3423 3402
f 3402 3423 3424
f 3402 3424 3425
f 3426 3427 3428
f 3429 3299 3430
f 3430 3299 3431
f 3429 3432 3299
f 3299 3432 3433
f 3299 3433 3421
f 3425 3434 3402
f 3402 3434 3435
f 3402 3435 3428
f 3428 3435 3436
f 3428 3436 3426
f 3437 3326 3438
f 3438 3326 3428
f 3438 3428 3439
f 3439 3428 3427
f 3437 3440 3326
f 3326 3440 3441
f 3326 3441 3442
f 3442 3443 3326
f 3326 3443 3444
f 3326 3444 3299
f 3299 3444 3445
f 3299 3445 3431
f 3053 3446 3045
f 3045 3446 3447
f 3045 3447 3136
f 3136 3447 3448
f 3136 3448 3231
f 3231 3448 3449
f 3231 3449 3326
f 3326 3449 3450
f 3326 3450 3428
f 3428 3450 3451
f 2083 2953 2873
f 2873 2953 3344
f 2873 3344 2874
f 2874 3344 3345
f 2874 3345 2876
f 2876 3345 3352
f 2876 3352 2877
f 2877 3352 3377
f 2877 3377 2878
f 2878 3377 3402
f 2878 3402 2879
f 2879 3402 3428
f 2879 3428 2880
f 2880 3428 3451
f 2880 3451 2881
f 3452 3453 2917
f 2917 2916 3452
f 3452 2916 2909
f 3452 2909 3454
f 3454 2909 2908
f 3454 2908 3455
f 3455 2908 1879
f 3455 1879 1878
f 2954 2923 2921
f 2917 3456 3457
f 2917 3457 2913
f 2913 3457 3458
f 2913 3458 2906
f 2921 2918 2904
f 2954 2921 2955
f 3446 3053 3459
f 3459 3053 3026
f 3026 3000 3459
f 3459 3000 2975
f 3459 2975 2956
f 2906 3458 2904
f 2904 3458 3459
f 2904 3459 2921
f 2921 3459 2956
f 2921 2956 2955
f 3460 3461 3462
f 3463 3464 3465
f 3466 3467 3468
f 2583 3469 3470
f 3471 3472 3461
f 3473 3474 3464
f 3475 3476 3467
f 2823 3477 3469
f 3478 3479 3472
f 3480 3481 3474
f 3482 3483 3476
f 2295 3484 3477
f 1978 1977 3485
f 1978 3486 1980
f 1980 3486 3487
f 1980 3487 1981
f 1981 3487 3488
f 1981 3488 1982
f 1982 3488 3489
f 1982 3489 1983
f 1983 3489 3490
f 1983 3490 1984
f 1984 3490 3491
f 1984 3491 1985
f 1985 3491 3492
f 1985 3492 1944
f 1944 3492 1969
f 2249 3492 2247
f 2247 3492 3493
f 2249 2251 3492
f 3492 2251 2253
f 3492 2253 2255
f 2241 3493 2235
f 2235 3493 2236
f 2241 2243 3493
f 3493 2243 2245
f 3493 2245 2247
f 2255 2257 3492
f 3492 2257 2259
f 3492 2259 1969
f 1969 2259 2261
f 1969 2261 2263
f 2263 2265 1969
f 1969 2265 2267
f 1969 2267 1968
f 1968 2267 2269
f 1968 2269 2271
f 2271 2273 1968
f 1968 2273 2275
f 1968 2275 2277
f 2277 2279 1968
f 1968 2279 2281
f 1968 2281 3493
f 3493 2281 2282
f 3493 2282 2236
f 2203 2205 3491
f 2188 2187 3494
f 3494 2187 2193
f 3494 2193 2195
f 2195 2197 3494
f 3494 2197 2199
f 3494 2199 3491
f 3491 2199 2201
f 3491 2201 2203
f 2211 3492 2209
f 2209 3492 3491
f 2209 3491 2207
f 2207 3491 2205
f 2211 2213 3492
f 3492 2213 2215
f 3492 2215 2217
f 2223 3493 2221
f 2221 3493 3492
f 2221 3492 2219
f 2219 3492 2217
f 2223 2225 3493
f 3493 2225 2227
f 3493 2227 2229
f 2229 2231 3493
f 3493 2231 2233
f 3493 2233 3494
f 3494 2233 2234
f 3494 2234 2188
f 3490 3484 2151
f 2151 2153 3490
f 3490 2153 2155
f 3490 2155 2157
f 2163 3491 2161
f 2161 3491 3490
f 2161 3490 2159
f 2159 3490 2157
f 2145 3484 2139
f 2139 3484 2140
f 2145 2147 3484
f 3484 2147 2149
f 3484 2149 2151
f 2163 2165 3491
f 3491 2165 2167
f 3491 2167 2169
f 2175 3494 2173
f 2173 3494 3491
f 2173 3491 2171
f 2171 3491 2169
f 2175 2177 3494
f 3494 2177 2179
f 3494 2179 2181
f 2181 2183 3494
f 3494 2183 2185
f 3494 2185 3484
f 3484 2185 2186
f 3484 2186 2140
f 3489 3483 3495
f 3495 3496 3489
f 3489 3496 3497
f 3489 3497 3498
f 3499 3490 3500
f 3500 3490 3489
f 3500 3489 3501
f 3501 3489 3498
f 3502 3483 3503
f 3503 3483 3504
f 3502 3505 3483
f 3483 3505 3506
f 3483 3506 3495
f 3499 3507 3490
f 3490 3507 3508
f 3490 3508 3509
f 3510 3484 3511
f 3511 3484 3490
f 3511 3490 3512
f 3512 3490 3509
f 3510 3513 3484
f 3484 3513 3514
f 3484 3514 3515
f 3515 3516 3484
f 3484 3516 3517
f 3484 3517 3483
f 3483 3517 3518
f 3483 3518 3504
f 3488 3481 3519
f 3519 3520 3488
f 3488 3520 3521
f 3488 3521 3522
f 3523 3489 3524
f 3524 3489 3488
f 3524 3488 3525
f 3525 3488 3522
f 3526 3481 3527
f 3527 3481 3528
f 3526 3529 3481
f 3481 3529 3530
f 3481 3530 3519
f 3523 3531 3489
f 3489 3531 3532
f 3489 3532 3533
f 3534 3483 3535
f 3535 3483 3489
f 3535 3489 3536
f 3536 3489 3533
f 3534 3537 3483
f 3483 3537 3538
f 3483 3538 3539
f 3539 3540 3483
f 3483 3540 3541
f 3483 3541 3481
f 3481 3541 3542
f 3481 3542 3528
f 3487 3479 3543
f 3543 3544 3487
f 3487 3544 3545
f 3487 3545 3546
f 3547 3488 3548
f 3548 3488 3487
f 3548 3487 3549
f 3549 3487 3546
f 3550 3479 3551
f 3551 3479 3552
f 3550 3553 3479
f 3479 3553 3554
f 3479 3554 3543
f 3547 3555 3488
f 3488 3555 3556
f 3488 3556 3557
f 3558 3481 3559
f 3559 3481 3488
f 3559 3488 3560
f 3560 3488 3557
f 3558 3561 3481
f 3481 3561 3562
f 3481 3562 3563
f 3563 3564 3481
f 3481 3564 3565
f 3481 3565 3479
f 3479 3565 3566
f 3479 3566 3552
f 3479 3567 3568
f 3568 3567 3569
f 3570 3571 3486
f 3569 3572 3568
f 3568 3572 3573
f 3568 3573 3574
f 3574 3575 3568
f 3568 3575 3576
f 3568 3576 3486
f 3486 3576 3577
f 3486 3577 3570
f 3578 3487 3579
f 3579 3487 3486
f 3579 3486 3580
f 3580 3486 3571
f 3578 3581 3487
f 3487 3581 3582
f 3487 3582 3583
f 3584 3479 3585
f 3585 3479 3487
f 3585 3487 3586
f 3586 3487 3583
f 3584 3587 3479
f 3479 3587 3588
f 3479 3588 3589
f 3589 3590 3479
f 3479 3590 3591
f 3479 3591 3567
f 3592 2391 3493
f 3493 2391 2393
f 2393 2395 3493
f 3493 2395 2397
f 3493 2397 2399
f 2407 2409 1968
f 2385 3592 2379
f 2379 3592 2380
f 2385 2387 3592
f 3592 2387 2389
f 3592 2389 2391
f 2399 2401 3493
f 3493 2401 2403
f 3493 2403 1968
f 1968 2403 2405
f 1968 2405 2407
f 2409 2411 1968
f 1968 2411 2413
f 1968 2413 1970
f 1970 2413 2415
f 2415 2417 1970
f 1970 2417 2419
f 1970 2419 2421
f 2421 2423 1970
f 1970 2423 2425
f 1970 2425 3592
f 3592 2425 2426
f 3592 2426 2380
f 2347 2349 3494
f 2332 2331 3593
f 3593 2331 2337
f 3593 2337 2339
f 2339 2341 3593
f 3593 2341 2343
f 3593 2343 3494
f 3494 2343 2345
f 3494 2345 2347
f 2349 2351 3494
f 3494 2351 2353
f 3494 2353 3493
f 3493 2353 2355
f 3493 2355 2357
f 2357 2359 3493
f 3493 2359 2361
f 3493 2361 2363
f 2371 2373 3592
f 2363 2365 3493
f 3493 2365 2367
f 3493 2367 3592
f 3592 2367 2369
f 3592 2369 2371
f 2373 2375 3592
f 3592 2375 2377
f 3592 2377 3593
f 3593 2377 2378
f 3593 2378 2332
f 2295 2297 3484
f 3484 2297 2299
f 3484 2299 2301
f 2301 2303 3484
f 3484 2303 2305
f 3484 2305 3494
f 3494 2305 2307
f 3494 2307 2309
f 2289 3477 2283
f 2283 3477 2284
f 2289 2291 3477
f 3477 2291 2293
f 3477 2293 2295
f 2309 2311 3494
f 3494 2311 2313
f 3494 2313 2315
f 2323 2325 3593
f 2315 2317 3494
f 3494 2317 2319
f 3494 2319 3593
f 3593 2319 2321
f 3593 2321 2323
f 2325 2327 3593
f 3593 2327 2329
f 3593 2329 3477
f 3477 2329 2330
f 3477 2330 2284
f 3482 3594 3483
f 3483 3594 3595
f 3483 3595 3596
f 3596 3597 3483
f 3483 3597 3598
f 3483 3598 3484
f 3484 3598 3599
f 3484 3599 3600
f 3601 3476 3602
f 3602 3476 3603
f 3601 3604 3476
f 3476 3604 3605
f 3476 3605 3482
f 3600 3606 3484
f 3484 3606 3607
f 3484 3607 3608
f 3609 3610 3477
f 3608 3611 3484
f 3484 3611 3612
f 3484 3612 3477
f 3477 3612 3613
f 3477 3613 3609
f 3610 3614 3477
f 3477 3614 3615
f 3477 3615 3476
f 3476 3615 3616
f 3476 3616 3603
f 3480 3617 3481
f 3481 3617 3618
f 3481 3618 3619
f 3619 3620 3481
f 3481 3620 3621
f 3481 3621 3483
f 3483 3621 3622
f 3483 3622 3623
f 3624 3474 3625
f 3625 3474 3626
f 3624 3627 3474
f 3474 3627 3628
f 3474 3628 3480
f 3623 3629 3483
f 3483 3629 3630
f 3483 3630 3631
f 3632 3633 3476
f 3631 3634 3483
f 3483 3634 3635
f 3483 3635 3476
f 3476 3635 3636
f 3476 3636 3632
f 3633 3637 3476
f 3476 3637 3638
f 3476 3638 3474
f 3474 3638 3639
f 3474 3639 3626
f 3478 3640 3479
f 3479 3640 3641
f 3479 3641 3642
f 3642 3643 3479
f 3479 3643 3644
f 3479 3644 3481
f 3481 3644 3645
f 3481 3645 3646
f 3647 3472 3648
f 3648 3472 3649
f 3647 3650 3472
f 3472 3650 3651
f 3472 3651 3478
f 3646 3652 3481
f 3481 3652 3653
f 3481 3653 3654
f 3655 3656 3474
f 3654 3657 3481
f 3481 3657 3658
f 3481 3658 3474
f 3474 3658 3659
f 3474 3659 3655
f 3656 3660 3474
f 3474 3660 3661
f 3474 3661 3472
f 3472 3661 3662
f 3472 3662 3649
f 3663 3472 3664
f 3664 3665 3663
f 3663 3665 3666
f 3663 3666 3667
f 3668 3568 3669
f 3669 3568 3663
f 3669 3663 3670
f 3670 3663 3667
f 3668 3671 3568
f 3568 3671 3672
f 3568 3672 3673
f 3673 3674 3568
f 3568 3674 3675
f 3568 3675 3479
f 3479 3675 3676
f 3479 3676 3677
f 3677 3678 3479
f 3479 3678 3679
f 3479 3679 3680
f 3681 3682 3472
f 3680 3683 3479
f 3479 3683 3684
f 3479 3684 3472
f 3472 3684 3685
f 3472 3685 3681
f 3682 3686 3472
f 3472 3686 3687
f 3472 3687 3664
f 3688 2727 3592
f 3592 2727 2729
f 2729 2731 3592
f 3592 2731 2733
f 3592 2733 2735
f 2743 2745 1970
f 2721 3688 2715
f 2715 3688 2716
f 2721 2723 3688
f 3688 2723 2725
f 3688 2725 2727
f 2735 2737 3592
f 3592 2737 2739
f 3592 2739 1970
f 1970 2739 2741
f 1970 2741 2743
f 2745 2747 1970
f 1970 2747 2749
f 1970 2749 1971
f 1971 2749 2751
f 2751 2753 1971
f 1971 2753 2755
f 1971 2755 2757
f 2757 2759 1971
f 1971 2759 2761
f 1971 2761 3688
f 3688 2761 2762
f 3688 2762 2716
f 2779 2781 3593
f 2764 2763 3689
f 3689 2763 2769
f 3689 2769 2771
f 2771 2773 3689
f 3689 2773 2775
f 3689 2775 3593
f 3593 2775 2777
f 3593 2777 2779
f 2781 2783 3593
f 3593 2783 2785
f 3593 2785 3592
f 3592 2785 2787
f 3592 2787 2789
f 2789 2791 3592
f 3592 2791 2793
f 3592 2793 2795
f 2803 2805 3688
f 2795 2797 3592
f 3592 2797 2799
f 3592 2799 3688
f 3688 2799 2801
f 3688 2801 2803
f 2805 2807 3688
f 3688 2807 2809
f 3688 2809 3689
f 3689 2809 2810
f 3689 2810 2764
f 2823 2825 3477
f 3477 2825 2827
f 3477 2827 2829
f 2829 2831 3477
f 3477 2831 2833
f 3477 2833 3593
f 3593 2833 2835
f 3593 2835 2837
f 2817 3469 2811
f 2811 3469 2812
f 2817 2819 3469
f 3469 2819 2821
f 3469 2821 2823
f 2837 2839 3593
f 3593 2839 2841
f 3593 2841 2843
f 2851 2853 3689
f 2843 2845 3593
f 3593 2845 2847
f 3593 2847 3689
f 3689 2847 2849
f 3689 2849 2851
f 2853 2855 3689
f 3689 2855 2857
f 3689 2857 3469
f 3469 2857 2858
f 3469 2858 2812
f 3475 3690 3476
f 3476 3690 3691
f 3476 3691 3692
f 3692 3693 3476
f 3476 3693 3694
f 3476 3694 3477
f 3477 3694 3695
f 3477 3695 3696
f 3697 3467 3698
f 3698 3467 3699
f 3697 3700 3467
f 3467 3700 3701
f 3467 3701 3475
f 3696 3702 3477
f 3477 3702 3703
f 3477 3703 3704
f 3705 3706 3469
f 3704 3707 3477
f 3477 3707 3708
f 3477 3708 3469
f 3469 3708 3709
f 3469 3709 3705
f 3706 3710 3469
f 3469 3710 3711
f 3469 3711 3467
f 3467 3711 3712
f 3467 3712 3699
f 3473 3713 3474
f 3474 3713 3714
f 3474 3714 3715
f 3715 3716 3474
f 3474 3716 3717
f 3474 3717 3476
f 3476 3717 3718
f 3476 3718 3719
f 3720 3464 3721
f 3721 3464 3722
f 3720 3723 3464
f 3464 3723 3724
f 3464 3724 3473
f 3719 3725 3476
f 3476 3725 3726
f 3476 3726 3727
f 3728 3729 3467
f 3727 3730 3476
f 3476 3730 3731
f 3476 3731 3467
f 3467 3731 3732
f 3467 3732 3728
f 3729 3733 3467
f 3467 3733 3734
f 3467 3734 3464
f 3464 3734 3735
f 3464 3735 3722
f 3471 3736 3472
f 3472 3736 3737
f 3472 3737 3738
f 3738 3739 3472
f 3472 3739 3740
f 3472 3740 3474
f 3474 3740 3741
f 3474 3741 3742
f 3743 3461 3744
f 3744 3461 3745
f 3743 3746 3461
f 3461 3746 3747
f 3461 3747 3471
f 3742 3748 3474
f 3474 3748 3749
f 3474 3749 3750
f 3751 3752 3464
f 3750 3753 3474
f 3474 3753 3754
f 3474 3754 3464
f 3464 3754 3755
f 3464 3755 3751
f 3752 3756 3464
f 3464 3756 3757
f 3464 3757 3461
f 3461 3757 3758
f 3461 3758 3745
f 3759 3461 3760
f 3760 3761 3759
f 3759 3761 3762
f 3759 3762 3763
f 3764 3663 3765
f 3765 3663 3759
f 3765 3759 3766
f 3766 3759 3763
f 3764 3767 3663
f 3663 3767 3768
f 3663 3768 3769
f 3769 3770 3663
f 3663 3770 3771
f 3663 3771 3472
f 3472 3771 3772
f 3472 3772 3773
f 3773 3774 3472
f 3472 3774 3775
f 3472 3775 3776
f 3777 3778 3461
f 3776 3779 3472
f 3472 3779 3780
f 3472 3780 3461
f 3461 3780 3781
f 3461 3781 3777
f 3778 3782 3461
f 3461 3782 3783
f 3461 3783 3760
f 3784 2679 3688
f 3688 2679 2681
f 2681 2683 3688
f 3688 2683 2685
f 3688 2685 2687
f 2695 2697 1971
f 2673 3784 2667
f 2667 3784 2668
f 2673 2675 3784
f 3784 2675 2677
f 3784 2677 2679
f 2687 2689 3688
f 3688 2689 2691
f 3688 2691 1971
f 1971 2691 2693
f 1971 2693 2695
f 2697 2699 1971
f 1971 2699 2701
f 1971 2701 1973
f 1973 2701 2703
f 2703 2705 1973
f 1973 2705 2707
f 1973 2707 2709
f 2709 2711 1973
f 1973 2711 2713
f 1973 2713 3784
f 3784 2713 2714
f 3784 2714 2668
f 2635 2637 3689
f 2620 2619 3785
f 3785 2619 2625
f 3785 2625 2627
f 2627 2629 3785
f 3785 2629 2631
f 3785 2631 3689
f 3689 2631 2633
f 3689 2633 2635
f 2637 2639 3689
f 3689 2639 2641
f 3689 2641 3688
f 3688 2641 2643
f 3688 2643 2645
f 2645 2647 3688
f 3688 2647 2649
f 3688 2649 2651
f 2659 2661 3784
f 2651 2653 3688
f 3688 2653 2655
f 3688 2655 3784
f 3784 2655 2657
f 3784 2657 2659
f 2661 2663 3784
f 3784 2663 2665
f 3784 2665 3785
f 3785 2665 2666
f 3785 2666 2620
f 2583 2585 3469
f 3469 2585 2587
f 3469 2587 2589
f 2589 2591 3469
f 3469 2591 2593
f 3469 2593 3689
f 3689 2593 2595
f 3689 2595 2597
f 2577 3470 2571
f 2571 3470 2572
f 2577 2579 3470
f 3470 2579 2581
f 3470 2581 2583
f 2597 2599 3689
f 3689 2599 2601
f 3689 2601 2603
f 2611 2613 3785
f 2603 2605 3689
f 3689 2605 2607
f 3689 2607 3785
f 3785 2607 2609
f 3785 2609 2611
f 2613 2615 3785
f 3785 2615 2617
f 3785 2617 3470
f 3470 2617 2618
f 3470 2618 2572
f 3466 3786 3467
f 3467 3786 3787
f 3467 3787 3788
f 3788 3789 3467
f 3467 3789 3790
f 3467 3790 3469
f 3469 3790 3791
f 3469 3791 3792
f 3793 3468 3794
f 3794 3468 3795
f 3793 3796 3468
f 3468 3796 3797
f 3468 3797 3466
f 3792 3798 3469
f 3469 3798 3799
f 3469 3799 3800
f 3801 3802 3470
f 3800 3803 3469
f 3469 3803 3804
f 3469 3804 3470
f 3470 3804 3805
f 3470 3805 3801
f 3802 3806 3470
f 3470 3806 3807
f 3470 3807 3468
f 3468 3807 3808
f 3468 3808 3795
f 3463 3809 3464
f 3464 3809 3810
f 3464 3810 3811
f 3811 3812 3464
f 3464 3812 3813
f 3464 3813 3467
f 3467 3813 3814
f 3467 3814 3815
f 3816 3465 3817
f 3817 3465 3818
f 3816 3819 3465
f 3465 3819 3820
f 3465 3820 3463
f 3815 3821 3467
f 3467 3821 3822
f 3467 3822 3823
f 3824 3825 3468
f 3823 3826 3467
f 3467 3826 3827
f 3467 3827 3468
f 3468 3827 3828
f 3468 3828 3824
f 3825 3829 3468
f 3468 3829 3830
f 3468 3830 3465
f 3465 3830 3831
f 3465 3831 3818
f 3460 3832 3461
f 3461 3832 3833
f 3461 3833 3834
f 3834 3835 3461
f 3461 3835 3836
f 3461 3836 3464
f 3464 3836 3837
f 3464 3837 3838
f 3839 3462 3840
f 3840 3462 3841
f 3839 3842 3462
f 3462 3842 3843
f 3462 3843 3460
f 3838 3844 3464
f 3464 3844 3845
f 3464 3845 3846
f 3847 3848 3465
f 3846 3849 3464
f 3464 3849 3850
f 3464 3850 3465
f 3465 3850 3851
f 3465 3851 3847
f 3848 3852 3465
f 3465 3852 3853
f 3465 3853 3462
f 3462 3853 3854
f 3462 3854 3841
f 3855 3462 3856
f 3856 3857 3855
f 3855 3857 3858
f 3855 3858 3859
f 3860 3759 3861
f 3861 3759 3855
f 3861 3855 3862
f 3862 3855 3859
f 3860 3863 3759
f 3759 3863 3864
f 3759 3864 3865
f 3865 3866 3759
f 3759 3866 3867
f 3759 3867 3461
f 3461 3867 3868
f 3461 3868 3869
f 3869 3870 3461
f 3461 3870 3871
f 3461 3871 3872
f 3873 3874 3462
f 3872 3875 3461
f 3461 3875 3876
f 3461 3876 3462
f 3462 3876 3877
f 3462 3877 3873
f 3874 3878 3462
f 3462 3878 3879
f 3462 3879 3856
f 2537 2539 3784
f 3784 2539 2541
f 3784 2541 2543
f 2529 3880 2523
f 2523 3880 2524
f 2529 2531 3880
f 3880 2531 2533
f 3880 2533 3784
f 3784 2533 2535
f 3784 2535 2537
f 2543 2545 3784
f 3784 2545 2547
f 3784 2547 1973
f 1973 2547 2549
f 1973 2549 2551
f 2551 2553 1973
f 1973 2553 2555
f 1973 2555 2557
f 2565 2567 1974
f 1974 2567 2569
f 1974 2569 3880
f 3880 2569 2570
f 3880 2570 2524
f 2557 2559 1973
f 1973 2559 2561
f 1973 2561 1974
f 1974 2561 2563
f 1974 2563 2565
f 2481 3881 2475
f 2475 3881 2476
f 2487 3785 2485
f 2485 3785 3881
f 2485 3881 2483
f 2483 3881 2481
f 2487 2489 3785
f 3785 2489 2491
f 3785 2491 2493
f 2493 2495 3785
f 3785 2495 2497
f 3785 2497 3784
f 3784 2497 2499
f 3784 2499 2501
f 2501 2503 3784
f 3784 2503 2505
f 3784 2505 2507
f 2515 2517 3880
f 2507 2509 3784
f 3784 2509 2511
f 3784 2511 3880
f 3880 2511 2513
f 3880 2513 2515
f 2517 2519 3880
f 3880 2519 2521
f 3880 2521 3881
f 3881 2521 2522
f 3881 2522 2476
f 2445 3470 2443
f 2443 3470 2441
f 2445 2447 3470
f 3470 2447 2449
f 3470 2449 3785
f 3785 2449 2451
f 3785 2451 2453
f 2433 3882 2427
f 2427 3882 2428
f 2433 2435 3882
f 3882 2435 2437
f 3882 2437 3470
f 3470 2437 2439
f 3470 2439 2441
f 2453 2455 3785
f 3785 2455 2457
f 3785 2457 2459
f 2467 2469 3881
f 2459 2461 3785
f 3785 2461 2463
f 3785 2463 3881
f 3881 2463 2465
f 3881 2465 2467
f 2469 2471 3881
f 3881 2471 2473
f 3881 2473 3882
f 3882 2473 2474
f 3882 2474 2428
f 3883 3468 3884
f 3884 3468 3885
f 3883 3886 3468
f 3468 3886 3887
f 3468 3887 3470
f 3470 3887 3888
f 3470 3888 3889
f 3890 3891 3892
f 3892 3891 3893
f 3890 3894 3891
f 3891 3894 3895
f 3891 3895 3468
f 3468 3895 3896
f 3468 3896 3885
f 3889 3897 3470
f 3470 3897 3898
f 3470 3898 3899
f 3900 3901 3882
f 3899 3902 3470
f 3470 3902 3903
f 3470 3903 3882
f 3882 3903 3904
f 3882 3904 3900
f 3901 3905 3882
f 3882 3905 3906
f 3882 3906 3891
f 3891 3906 3907
f 3891 3907 3893
f 3908 3465 3909
f 3909 3465 3910
f 3908 3911 3465
f 3465 3911 3912
f 3465 3912 3468
f 3468 3912 3913
f 3468 3913 3914
f 3915 3916 3917
f 3917 3916 3918
f 3915 3919 3916
f 3916 3919 3920
f 3916 3920 3465
f 3465 3920 3921
f 3465 3921 3910
f 3914 3922 3468
f 3468 3922 3923
f 3468 3923 3924
f 3925 3926 3891
f 3924 3927 3468
f 3468 3927 3928
f 3468 3928 3891
f 3891 3928 3929
f 3891 3929 3925
f 3926 3930 3891
f 3891 3930 3931
f 3891 3931 3916
f 3916 3931 3932
f 3916 3932 3918
f 3933 3462 3934
f 3934 3462 3935
f 3933 3936 3462
f 3462 3936 3937
f 3462 3937 3465
f 3465 3937 3938
f 3465 3938 3939
f 3940 3941 3942
f 3942 3941 3943
f 3940 3944 3941
f 3941 3944 3945
f 3941 3945 3462
f 3462 3945 3946
f 3462 3946 3935
f 3939 3947 3465
f 3465 3947 3948
f 3465 3948 3949
f 3950 3951 3916
f 3949 3952 3465
f 3465 3952 3953
f 3465 3953 3916
f 3916 3953 3954
f 3916 3954 3950
f 3951 3955 3916
f 3916 3955 3956
f 3916 3956 3941
f 3941 3956 3957
f 3941 3957 3943
f 3941 3958 3959
f 3959 3958 3960
f 3959 3960 3961
f 3962 3963 3855
f 3855 3963 3964
f 3855 3964 3965
f 3965 3966 3855
f 3855 3966 3967
f 3855 3967 3462
f 3462 3967 3968
f 3462 3968 3969
f 3961 3970 3959
f 3959 3970 3971
f 3959 3971 3855
f 3855 3971 3972
f 3855 3972 3962
f 3969 3973 3462
f 3462 3973 3974
f 3462 3974 3975
f 3976 3977 3941
f 3975 3978 3462
f 3462 3978 3979
f 3462 3979 3941
f 3941 3979 3980
f 3941 3980 3976
f 3977 3981 3941
f 3941 3981 3982
f 3941 3982 3958
f 1978 3485 3486
f 3486 3485 3983
f 3486 3983 3568
f 3568 3983 3984
f 3568 3984 3663
f 3663 3984 3985
f 3663 3985 3759
f 3759 3985 3986
f 3759 3986 3855
f 3855 3986 3987
f 3855 3987 3959
f 1732 1739 3988
f 1654 1976 1728
f 1728 1976 1975
f 1974 3988 1972
f 1972 3988 1739
f 1972 1739 1975
f 1975 1739 1729
f 1975 1729 1728
f 3989 1743 3990
f 3990 1743 1735
f 3990 1735 3988
f 3988 1735 1733
f 3988 1733 1732
f 1749 1750 3991
f 3991 1750 1722
f 3991 1722 3989
f 3989 1722 1721
f 3989 1721 1743
f 1514 3992 1775
f 1775 3992 3993
f 1775 3993 1776
f 3994 3995 3996
f 3996 3995 3997
f 3996 3997 3992
f 3992 3997 3998
f 3992 3998 3993
f 3996 3999 3994
f 3994 3999 4000
f 3994 4000 4001
f 1974 4002 3988
f 3988 4002 4003
f 3988 4003 3990
f 3990 4003 4004
f 3990 4004 3989
f 3989 4004 4005
f 1514 1748 3992
f 3992 1748 1749
f 3992 1749 3996
f 3996 1749 3991
f 3996 3991 3999
f 3999 3991 3989
f 3999 3989 4000
f 4000 3989 4005
f 4002 1974 3880
f 3880 3881 4002
f 4002 3881 3882
f 4002 3882 3891
f 4006 4001 4007
f 4007 4001 4000
f 4007 4000 4008
f 4008 4000 4005
f 4008 4005 4009
f 4009 4005 4004
f 4009 4004 4010
f 4010 4004 4003
f 4010 4003 4011
f 4011 4003 4002
f 4011 4002 4012
f 4012 4002 3891
f 4012 3891 3916
f 3916 3941 4012
f 4012 3941 3959
f 4012 3959 3987
f 4001 4013 3994
f 3994 4013 4014
f 3994 4014 3995
f 3995 4014 4015
f 3995 4015 3997
f 3997 4015 4016
f 3997 4016 3998
f 3998 4016 4017
f 3998 4017 3993
f 3993 4017 4018
f 3993 4018 1776
f 1776 4018 1777
f 4019 4020 4021
f 4021 4020 4022
f 4021 4022 4023
f 4023 4022 4024
f 4023 4024 4025
f 4026 4027 4028
f 1761 1759 4027
f 4027 4026 1761
f 1761 4026 4029
f 1761 4029 1762
f 1762 4029 4030
f 1762 4030 1763
f 4019 2044 4020
f 4020 2044 2043
f 4020 2043 2046
f 1764 1763 2047
f 2047 1763 4030
f 2047 4030 4031
f 4031 4030 4029
f 4031 4029 4032
f 4032 4029 4026
f 4032 4026 4033
f 4033 4026 4028
f 4033 4028 4034
f 4035 4025 4034
f 4034 4025 4024
f 4034 4024 4033
f 4033 4024 4022
f 4033 4022 4032
f 4032 4022 4020
f 4032 4020 4031
f 4031 4020 2046
f 4031 2046 2047
f 4036 4037 4038
f 2044 4039 2065
f 2065 4039 4040
f 2065 4040 2066
f 2066 4040 4041
f 2066 4041 2067
f 2067 4041 4042
f 2067 4042 2063
f 2063 4042 4043
f 2063 4043 2064
f 2064 4043 4044
f 2064 4044 2058
f 2058 4044 4045
f 2058 4045 2060
f 2060 4045 4046
f 2060 4046 2061
f 2061 4046 4036
f 2061 4036 2056
f 2056 4036 4038
f 2056 4038 2055
f 2055 4038 4047
f 2055 4047 1695
f 1695 4047 4048
f 2071 1046 4049
f 4049 1046 1054
f 4049 1054 4050
f 4050 1054 1056
f 4050 1056 4051
f 4051 1056 1058
f 4051 1058 4052
f 4052 1058 1059
f 4052 1059 4048
f 4048 1059 1035
f 4048 1035 1695
f 1695 1035 1034
f 4053 4054 4055
f 4055 4054 4035
f 4056 4057 4058
f 4058 4059 4056
f 4056 4059 4060
f 4056 4060 4061
f 4061 4060 4062
f 4061 4062 4063
f 4063 4062 1755
f 4063 1755 1758
f 4027 1759 1756
f 4035 4034 4055
f 4055 4034 4028
f 4055 4028 4064
f 4064 4028 4027
f 4064 4027 4065
f 4065 4027 1756
f 4058 4053 4059
f 4059 4053 4055
f 4059 4055 4060
f 4060 4055 4064
f 4060 4064 4062
f 4062 4064 4065
f 4062 4065 1755
f 1755 4065 1756
f 4035 4066 4025
f 4025 4066 4067
f 4025 4067 4023
f 4023 4067 4068
f 4023 4068 4021
f 4021 4068 4069
f 4021 4069 4019
f 4019 4069 4070
f 4019 4070 2044
f 2044 4070 4039
f 4071 4072 4073
f 4073 1104 4071
f 4071 1104 1103
f 4071 1103 4074
f 4074 1103 1123
f 1637 1771 4075
f 1637 4075 1758
f 4076 4077 4056
f 4078 4079 4080
f 4077 4081 4056
f 4056 4081 4082
f 4056 4082 4057
f 4080 4076 4078
f 4078 4076 4056
f 4078 4056 4083
f 4083 4056 4061
f 4083 4061 4075
f 4075 4061 4063
f 4075 4063 1758
f 4084 4085 4086
f 4066 4035 4087
f 4087 4035 4054
f 4087 4054 4088
f 4088 4054 4053
f 4088 4053 4086
f 4086 4053 4058
f 4057 4089 4058
f 4058 4089 4090
f 4058 4090 4091
f 4091 4092 4058
f 4058 4092 4093
f 4058 4093 4086
f 4086 4093 4094
f 4086 4094 4084
f 4095 4096 1070
f 1070 4096 4097
f 1070 4097 4098
f 1815 1063 1818
f 1818 1063 1070
f 1818 1070 4099
f 4099 1070 4098
f 4099 4098 4100
f 4101 4102 4103
f 4103 4102 4104
f 4104 4102 4105
f 4105 4102 4106
f 4105 4106 4107
f 4107 4106 4108
f 4107 4108 4109
f 4109 4108 4096
f 4109 4096 4095
f 4099 4100 1818
f 1818 4100 1819
f 1819 4100 4110
f 1819 4110 1820
f 1820 4110 4111
f 1820 4111 1821
f 1821 4111 4112
f 1821 4112 1812
f 4101 4113 4102
f 4102 4113 4114
f 4102 4114 4106
f 4106 4114 4115
f 4106 4115 4108
f 4108 4115 4116
f 4108 4116 4096
f 4096 4116 4097
f 4113 4112 4114
f 4114 4112 4111
f 4114 4111 4115
f 4115 4111 4110
f 4115 4110 4116
f 4116 4110 4100
f 4116 4100 4097
f 4097 4100 4098
f 1071 1903 1072
f 1072 1903 4117
f 1072 4117 1082
f 1082 4117 4118
f 1082 4118 1083
f 1083 4118 1109
f 4119 4120 4121
f 4121 4120 4122
f 4121 4123 4119
f 4119 4123 4124
f 4119 4124 4125
f 4125 4124 4126
f 4125 4126 4127
f 4127 4126 4128
f 4127 4128 4129
f 4129 4128 4130
f 4129 4130 4131
f 4131 4130 4132
f 4131 4132 4133
f 4133 4132 4134
f 4133 4134 4135
f 4135 4134 4136
f 4135 4136 4137
f 4137 4136 4138
f 4137 4138 4139
f 4139 4138 4140
f 4139 4140 4141
f 4141 4140 4142
f 4141 4142 4143
f 4143 4142 4144
f 4143 4144 4145
f 4145 4144 4146
f 4145 4146 4147
f 4147 4146 4148
f 4147 4148 4149
f 4149 4148 4150
f 4149 4150 4151
f 4151 4150 4152
f 4151 4152 4153
f 4153 4152 4154
f 4153 4154 4155
f 4155 4154 4156
f 4155 4156 4157
f 4157 4156 4158
f 4157 4158 4159
f 4159 4158 4160
f 4159 4160 4161
f 4161 4160 4162
f 4161 4162 4163
f 4163 4162 4164
f 4163 4164 4165
f 4165 4164 4122
f 4165 4122 4166
f 4166 4122 4120
f 4167 4168 4169
f 4169 4168 4170
f 4169 4171 4167
f 4167 4171 4172
f 4167 4172 4173
f 4173 4172 4174
f 4173 4174 4175
f 4175 4174 4176
f 4175 4176 4177
f 4177 4176 4178
f 4177 4178 4179
f 4179 4178 4180
f 4179 4180 4181
f 4181 4180 4182
f 4181 4182 4183
f 4183 4182 4184
f 4183 4184 4185
f 4185 4184 4186
f 4185 4186 4187
f 4187 4186 4188
f 4187 4188 4189
f 4189 4188 4190
f 4189 4190 4191
f 4191 4190 4192
f 4191 4192 4193
f 4193 4192 4194
f 4193 4194 4195
f 4195 4194 4196
f 4195 4196 4197
f 4197 4196 4198
f 4197 4198 4199
f 4199 4198 4200
f 4199 4200 4201
f 4201 4200 4202
f 4201 4202 4203
f 4203 4202 4204
f 4203 4204 4205
f 4205 4204 4206
f 4205 4206 4207
f 4207 4206 4208
f 4207 4208 4209
f 4209 4208 4210
f 4209 4210 4211
f 4211 4210 4212
f 4211 4212 4213
f 4213 4212 4170
f 4213 4170 4214
f 4214 4170 4168
f 4215 4216 4217
f 4217 4216 4218
f 4217 4219 4215
f 4215 4219 4220
f 4215 4220 4221
f 4221 4220 4222
f 4221 4222 4223
f 4223 4222 4224
f 4223 4224 4225
f 4225 4224 4226
f 4225 4226 4227
f 4227 4226 4228
f 4227 4228 4229
f 4229 4228 4230
f 4229 4230 4231
f 4231 4230 4232
f 4231 4232 4233
f 4233 4232 4234
f 4233 4234 4235
f 4235 4234 4236
f 4235 4236 4237
f 4237 4236 4238
f 4237 4238 4239
f 4239 4238 4240
f 4239 4240 4241
f 4241 4240 4242
f 4241 4242 4243
f 4243 4242 4244
f 4243 4244 4245
f 4245 4244 4246
f 4245 4246 4247
f 4247 4246 4248
f 4247 4248 4249
f 4249 4248 4250
f 4249 4250 4251
f 4251 4250 4252
f 4251 4252 4253
f 4253 4252 4254
f 4253 4254 4255
f 4255 4254 4256
f 4255 4256 4257
f 4257 4256 4258
f 4257 4258 4259
f 4259 4258 4260
f 4259 4260 4261
f 4261 4260 4218
f 4261 4218 4262
f 4262 4218 4216
f 4263 4264 4265
f 4265 4264 4266
f 4265 4267 4263
f 4263 4267 4268
f 4263 4268 4269
f 4269 4268 4270
f 4269 4270 4271
f 4271 4270 4272
f 4271 4272 4273
f 4273 4272 4274
f 4273 4274 4275
f 4275 4274 4276
f 4275 4276 4277
f 4277 4276 4278
f 4277 4278 4279
f 4279 4278 4280
f 4279 4280 4281
f 4281 4280 4282
f 4281 4282 4283
f 4283 4282 4284
f 4283 4284 4285
f 4285 4284 4286
f 4285 4286 4287
f 4287 4286 4288
f 4287 4288 4289
f 4289 4288 4290
f 4289 4290 4291
f 4291 4290 4292
f 4291 4292 4293
f 4293 4292 4294
f 4293 4294 4295
f 4295 4294 4296
f 4295 4296 4297
f 4297 4296 4298
f 4297 4298 4299
f 4299 4298 4300
f 4299 4300 4301
f 4301 4300 4302
f 4301 4302 4303
f 4303 4302 4304
f 4303 4304 4305
f 4305 4304 4306
f 4305 4306 4307
f 4307 4306 4308
f 4307 4308 4309
f 4309 4308 4266
f 4309 4266 4310
f 4310 4266 4264
f 4311 4312 4313
f 4313 4312 4314
f 4313 4315 4311
f 4311 4315 4316
f 4311 4316 4317
f 4317 4316 4318
f 4317 4318 4319
f 4319 4318 4320
f 4319 4320 4321
f 4321 4320 4322
f 4321 4322 4323
f 4323 4322 4324
f 4323 4324 4325
f 4325 4324 4326
f 4325 4326 4327
f 4327 4326 4328
f 4327 4328 4329
f 4329 4328 4330
f 4329 4330 4331
f 4331 4330 4332
f 4331 4332 4333
f 4333 4332 4334
f 4333 4334 4335
f 4335 4334 4336
f 4335 4336 4337
f 4337 4336 4338
f 4337 4338 4339
f 4339 4338 4340
f 4339 4340 4341
f 4341 4340 4342
f 4341 4342 4343
f 4343 4342 4344
f 4343 4344 4345
f 4345 4344 4346
f 4345 4346 4347
f 4347 4346 4348
f 4347 4348 4349
f 4349 4348 4350
f 4349 4350 4351
f 4351 4350 4352
f 4351 4352 4353
f 4353 4352 4354
f 4353 4354 4355
f 4355 4354 4356
f 4355 4356 4357
f 4357 4356 4314
f 4357 4314 4358
f 4358 4314 4312
f 4359 4360 4361
f 4361 4360 4362
f 4361 4363 4359
f 4359 4363 4364
f 4359 4364 4365
f 4365 4364 4366
f 4365 4366 4367
f 4367 4366 4368
f 4367 4368 4369
f 4369 4368 4370
f 4369 4370 4371
f 4371 4370 4372
f 4371 4372 4373
f 4373 4372 4374
f 4373 4374 4375
f 4375 4374 4376
f 4375 4376 4377
f 4377 4376 4378
f 4377 4378 4379
f 4379 4378 4380
f 4379 4380 4381
f 4381 4380 4382
f 4381 4382 4383
f 4383 4382 4384
f 4383 4384 4385
f 4385 4384 4386
f 4385 4386 4387
f 4387 4386 4388
f 4387 4388 4389
f 4389 4388 4390
f 4389 4390 4391
f 4391 4390 4392
f 4391 4392 4393
f 4393 4392 4394
f 4393 4394 4395
f 4395 4394 4396
f 4395 4396 4397
f 4397 4396 4398
f 4397 4398 4399
f 4399 4398 4400
f 4399 4400 4401
f 4401 4400 4402
f 4401 4402 4403
f 4403 4402 4404
f 4403 4404 4405
f 4405 4404 4362
f 4405 4362 4406
f 4406 4362 4360
f 4407 4408 4409
f 4409 4408 4410
f 4409 4411 4407
f 4407 4411 4412
f 4407 4412 4413
f 4413 4412 4414
f 4413 4414 4415
f 4415 4414 4416
f 4415 4416 4417
f 4417 4416 4418
f 4417 4418 4419
f 4419 4418 4420
f 4419 4420 4421
f 4421 4420 4422
f 4421 4422 4423
f 4423 4422 4424
f 4423 4424 4425
f 4425 4424 4426
f 4425 4426 4427
f 4427 4426 4428
f 4427 4428 4429
f 4429 4428 4430
f 4429 4430 4431
f 4431 4430 4432
f 4431 4432 4433
f 4433 4432 4434
f 4433 4434 4435
f 4435 4434 4436
f 4435 4436 4437
f 4437 4436 4438
f 4437 4438 4439
f 4439 4438 4440
f 4439 4440 4441
f 4441 4440 4442
f 4441 4442 4443
f 4443 4442 4444
f 4443 4444 4445
f 4445 4444 4446
f 4445 4446 4447
f 4447 4446 4448
f 4447 4448 4449
f 4449 4448 4450
f 4449 4450 4451
f 4451 4450 4452
f 4451 4452 4453
f 4453 4452 4410
f 4453 4410 4454
f 4454 4410 4408
f 4455 4456 4457
f 4457 4456 4458
f 4457 4459 4455
f 4455 4459 4460
f 4455 4460 4461
f 4461 4460 4462
f 4461 4462 4463
f 4463 4462 4464
f 4463 4464 4465
f 4465 4464 4466
f 4465 4466 4467
f 4467 4466 4468
f 4467 4468 4469
f 4469 4468 4470
f 4469 4470 4471
f 4471 4470 4472
f 4471 4472 4473
f 4473 4472 4474
f 4473 4474 4475
f 4475 4474 4476
f 4475 4476 4477
f 4477 4476 4478
f 4477 4478 4479
f 4479 4478 4480
f 4479 4480 4481
f 4481 4480 4482
f 4481 4482 4483
f 4483 4482 4484
f 4483 4484 4485
f 4485 4484 4486
f 4485 4486 4487
f 4487 4486 4488
f 4487 4488 4489
f 4489 4488 4490
f 4489 4490 4491
f 4491 4490 4492
f 4491 4492 4493
f 4493 4492 4494
f 4493 4494 4495
f 4495 4494 4496
f 4495 4496 4497
f 4497 4496 4498
f 4497 4498 4499
f 4499 4498 4500
f 4499 4500 4501
f 4501 4500 4458
f 4501 4458 4502
f 4502 4458 4456
f 4503 4504 4505
f 4505 4504 4506
f 4505 4507 4503
f 4503 4507 4508
f 4503 4508 4509
f 4509 4508 4510
f 4509 4510 4511
f 4511 4510 4512
f 4511 4512 4513
f 4513 4512 4514
f 4513 4514 4515
f 4515 4514 4516
f 4515 4516 4517
f 4517 4516 4518
f 4517 4518 4519
f 4519 4518 4520
f 4519 4520 4521
f 4521 4520 4522
f 4521 4522 4523
f 4523 4522 4524
f 4523 4524 4525
f 4525 4524 4526
f 4525 4526 4527
f 4527 4526 4528
f 4527 4528 4529
f 4529 4528 4530
f 4529 4530 4531
f 4531 4530 4532
f 4531 4532 4533
f 4533 4532 4534
f 4533 4534 4535
f 4535 4534 4536
f 4535 4536 4537
f 4537 4536 4538
f 4537 4538 4539
f 4539 4538 4540
f 4539 4540 4541
f 4541 4540 4542
f 4541 4542 4543
f 4543 4542 4544
f 4543 4544 4545
f 4545 4544 4546
f 4545 4546 4547
f 4547 4546 4548
f 4547 4548 4549
f 4549 4548 4506
f 4549 4506 4550
f 4550 4506 4504
f 4551 4552 4553
f 4553 4552 4554
f 4553 4555 4551
f 4551 4555 4556
f 4551 4556 4557
f 4557 4556 4558
f 4557 4558 4559
f 4559 4558 4560
f 4559 4560 4561
f 4561 4560 4562
f 4561 4562 4563
f 4563 4562 4564
f 4563 4564 4565
f 4565 4564 4566
f 4565 4566 4567
f 4567 4566 4568
f 4567 4568 4569
f 4569 4568 4570
f 4569 4570 4571
f 4571 4570 4572
f 4571 4572 4573
f 4573 4572 4574
f 4573 4574 4575
f 4575 4574 4576
f 4575 4576 4577
f 4577 4576 4578
f 4577 4578 4579
f 4579 4578 4580
f 4579 4580 4581
f 4581 4580 4582
f 4581 4582 4583
f 4583 4582 4584
f 4583 4584 4585
f 4585 4584 4586
f 4585 4586 4587
f 4587 4586 4588
f 4587 4588 4589
f 4589 4588 4590
f 4589 4590 4591
f 4591 4590 4592
f 4591 4592 4593
f 4593 4592 4594
f 4593 4594 4595
f 4595 4594 4596
f 4595 4596 4597
f 4597 4596 4554
f 4597 4554 4598
f 4598 4554 4552
f 4599 4600 4601
f 4601 4600 4602
f 4601 4603 4599
f 4599 4603 4604
f 4599 4604 4605
f 4605 4604 4606
f 4605 4606 4607
f 4607 4606 4608
f 4607 4608 4609
f 4609 4608 4610
f 4609 4610 4611
f 4611 4610 4612
f 4611 4612 4613
f 4613 4612 4614
f 4613 4614 4615
f 4615 4614 4616
f 4615 4616 4617
f 4617 4616 4618
f 4617 4618 4619
f 4619 4618 4620
f 4619 4620 4621
f 4621 4620 4622
f 4621 4622 4623
f 4623 4622 4624
f 4623 4624 4625
f 4625 4624 4626
f 4625 4626 4627
f 4627 4626 4628
f 4627 4628 4629
f 4629 4628 4630
f 4629 4630 4631
f 4631 4630 4632
f 4631 4632 4633
f 4633 4632 4634
f 4633 4634 4635
f 4635 4634 4636
f 4635 4636 4637
f 4637 4636 4638
f 4637 4638 4639
f 4639 4638 4640
f 4639 4640 4641
f 4641 4640 4642
f 4641 4642 4643
f 4643 4642 4644
f 4643 4644 4645
f 4645 4644 4602
f 4645 4602 4646
f 4646 4602 4600
f 4647 4648 4649
f 4649 4648 4650
f 4649 4651 4647
f 4647 4651 4652
f 4647 4652 4653
f 4653 4652 4654
f 4653 4654 4655
f 4655 4654 4656
f 4655 4656 4657
f 4657 4656 4658
f 4657 4658 4659
f 4659 4658 4660
f 4659 4660 4661
f 4661 4660 4662
f 4661 4662 4663
f 4663 4662 4664
f 4663 4664 4665
f 4665 4664 4666
f 4665 4666 4667
f 4667 4666 4668
f 4667 4668 4669
f 4669 4668 4670
f 4669 4670 4671
f 4671 4670 4672
f 4671 4672 4673
f 4673 4672 4674
f 4673 4674 4675
f 4675 4674 4676
f 4675 4676 4677
f 4677 4676 4678
f 4677 4678 4679
f 4679 4678 4680
f 4679 4680 4681
f 4681 4680 4682
f 4681 4682 4683
f 4683 4682 4684
f 4683 4684 4685
f 4685 4684 4686
f 4685 4686 4687
f 4687 4686 4688
f 4687 4688 4689
f 4689 4688 4690
f 4689 4690 4691
f 4691 4690 4692
f 4691 4692 4693
f 4693 4692 4650
f 4693 4650 4694
f 4694 4650 4648
f 4695 4696 4697
f 4697 4696 4698
f 4697 4699 4695
f 4695 4699 4700
f 4695 4700 4701
f 4701 4700 4702
f 4701 4702 4703
f 4703 4702 4704
f 4703 4704 4705
f 4705 4704 4706
f 4705 4706 4707
f 4707 4706 4708
f 4707 4708 4709
f 4709 4708 4710
f 4709 4710 4711
f 4711 4710 4712
f 4711 4712 4713
f 4713 4712 4714
f 4713 4714 4715
f 4715 4714 4716
f 4715 4716 4717
f 4717 4716 4718
f 4717 4718 4719
f 4719 4718 4720
f 4719 4720 4721
f 4721 4720 4722
f 4721 4722 4723
f 4723 4722 4724
f 4723 4724 4725
f 4725 4724 4726
f 4725 4726 4727
f 4727 4726 4728
f 4727 4728 4729
f 4729 4728 4730
f 4729 4730 4731
f 4731 4730 4732
f 4731 4732 4733
f 4733 4732 4734
f 4733 4734 4735
f 4735 4734 4736
f 4735 4736 4737
f 4737 4736 4738
f 4737 4738 4739
f 4739 4738 4740
f 4739 4740 4741
f 4741 4740 4698
f 4741 4698 4742
f 4742 4698 4696
f 4743 4744 4745
f 4745 4744 4746
f 4745 4747 4743
f 4743 4747 4748
f 4743 4748 4749
f 4749 4748 4750
f 4749 4750 4751
f 4751 4750 4752
f 4751 4752 4753
f 4753 4752 4754
f 4753 4754 4755
f 4755 4754 4756
f 4755 4756 4757
f 4757 4756 4758
f 4757 4758 4759
f 4759 4758 4760
f 4759 4760 4761
f 4761 4760 4762
f 4761 4762 4763
f 4763 4762 4764
f 4763 4764 4765
f 4765 4764 4766
f 4765 4766 4767
f 4767 4766 4768
f 4767 4768 4769
f 4769 4768 4770
f 4769 4770 4771
f 4771 4770 4772
f 4771 4772 4773
f 4773 4772 4774
f 4773 4774 4775
f 4775 4774 4776
f 4775 4776 4777
f 4777 4776 4778
f 4777 4778 4779
f 4779 4778 4780
f 4779 4780 4781
f 4781 4780 4782
f 4781 4782 4783
f 4783 4782 4784
f 4783 4784 4785
f 4785 4784 4786
f 4785 4786 4787
f 4787 4786 4788
f 4787 4788 4789
f 4789 4788 4746
f 4789 4746 4790
f 4790 4746 4744
f 4791 4792 4793
f 4793 4792 4794
f 4793 4795 4791
f 4791 4795 4796
f 4791 4796 4797
f 4797 4796 4798
f 4797 4798 4799
f 4799 4798 4800
f 4799 4800 4801
f 4801 4800 4802
f 4801 4802 4803
f 4803 4802 4804
f 4803 4804 4805
f 4805 4804 4806
f 4805 4806 4807
f 4807 4806 4808
f 4807 4808 4809
f 4809 4808 4810
f 4809 4810 4811
f 4811 4810 4812
f 4811 4812 4813
f 4813 4812 4814
f 4813 4814 4815
f 4815 4814 4816
f 4815 4816 4817
f 4817 4816 4818
f 4817 4818 4819
f 4819 4818 4820
f 4819 4820 4821
f 4821 4820 4822
f 4821 4822 4823
f 4823 4822 4824
f 4823 4824 4825
f 4825 4824 4826
f 4825 4826 4827
f 4827 4826 4828
f 4827 4828 4829
f 4829 4828 4830
f 4829 4830 4831
f 4831 4830 4832
f 4831 4832 4833
f 4833 4832 4834
f 4833 4834 4835
f 4835 4834 4836
f 4835 4836 4837
f 4837 4836 4794
f 4837 4794 4838
f 4838 4794 4792
f 4095 1070 1084
f 1084 1106 4095
f 4095 1106 4839
f 4095 4839 4109
f 4109 4839 4840
f 4109 4840 4107
f 4107 4840 4841
f 4107 4841 4105
f 4105 4841 4104
f 4842 4843 4841
f 4841 4843 4844
f 4841 4844 4845
f 4845 4846 4841
f 4841 4846 4847
f 4841 4847 4104
f 4104 4847 4848
f 4104 4848 4103
f 4849 1813 1812
f 4849 1812 4850
f 1812 4112 4850
f 4850 4112 4113
f 4850 4113 4851
f 4851 4113 4852
f 4852 4113 4101
f 4852 4101 4853
f 4103 4854 4101
f 4101 4854 4855
f 4856 4857 4858
f 4858 4857 4853
f 4858 4853 4859
f 4859 4853 4101
f 4859 4101 4860
f 4860 4101 4855
f 4857 4856 4861
f 1066 1087 4862
f 4862 1087 4852
f 4862 4852 4861
f 4861 4852 4853
f 4861 4853 4857
f 4849 4850 1087
f 1087 4850 4851
f 1087 4851 4852
f 4849 1087 1813
f 1813 1087 1086
f 1813 1086 1814
f 1814 1086 1085
f 1814 1085 1817
f 2104 2098 2102
f 2102 2098 2099
f 1872 4863 1826
f 1826 4863 4864
f 1831 2919 1822
f 1822 2919 2920
f 2104 1908 2098
f 2098 1908 1907
f 2098 1907 1837
f 1837 1907 1833
f 1837 1833 1836
f 1836 1833 1832
f 1832 1825 1836
f 1836 1825 1824
f 1836 1824 1835
f 1835 1824 1823
f 1835 1823 2864
f 2864 1823 1822
f 2864 1822 2922
f 2922 1822 2920
f 4864 1864 1826
f 1826 1864 1863
f 1826 1863 1827
f 1827 1863 1861
f 1827 1861 1828
f 1828 1861 1859
f 1828 1859 1829
f 1829 1859 1857
f 1829 1857 1830
f 1830 1857 1855
f 1830 1855 1831
f 1855 1852 1831
f 1831 1852 1850
f 1831 1850 1848
f 1848 1846 1831
f 1831 1846 1840
f 1831 1840 2919
f 4865 4866 4867
f 1067 4865 1081
f 1081 4865 4867
f 1081 4867 1080
f 1080 4867 4868
f 1080 4868 4869
f 4870 1875 1088
f 4871 4869 4872
f 4872 4869 4873
f 4871 4874 4869
f 4869 4874 4875
f 4869 4875 1080
f 1080 4875 1078
f 1078 4875 4876
f 1078 4876 1088
f 1088 4876 4877
f 1088 4877 4870
f 1875 4870 4878
f 4878 4870 4877
f 4874 4871 4879
f 4879 4871 4872
f 4879 4872 4873
f 1877 1876 4880
f 4880 1876 1875
f 4880 1875 4881
f 4881 1875 4878
f 4881 4878 4882
f 4882 4878 4877
f 4882 4877 4883
f 4883 4877 4876
f 4883 4876 4879
f 4879 4876 4875
f 4879 4875 4874
f 1878 1873 1877
f 4882 3453 4881
f 4881 3453 3452
f 4881 3452 4880
f 4880 3452 3454
f 4880 3454 1877
f 1877 3454 3455
f 1877 3455 1878
f 4884 3456 2917
f 3453 4885 4886
f 4884 2917 4887
f 4888 4889 4890
f 4891 4892 4893
f 4890 4894 4888
f 4888 4894 4895
f 4888 4895 4891
f 4891 4895 4896
f 4891 4896 4892
f 4897 4898 2917
f 2917 4898 4899
f 2917 4899 4887
f 4893 4900 4891
f 4891 4900 4901
f 4891 4901 4902
f 4902 4901 4903
f 4902 4903 4904
f 4905 4906 4888
f 4888 4906 4907
f 4888 4907 4889
f 4908 4909 4897
f 4897 4909 4910
f 4897 4910 4911
f 4911 4912 4897
f 4897 4912 4913
f 4897 4913 4888
f 4888 4913 4914
f 4888 4914 4905
f 4904 4915 4902
f 4902 4915 4916
f 4902 4916 4917
f 3453 4886 2917
f 2917 4886 4902
f 2917 4902 4897
f 4897 4902 4917
f 4897 4917 4908
f 4854 4103 4848
f 4224 4918 4226
f 4226 4918 4919
f 4232 4919 4234
f 4234 4919 4236
f 4232 4230 4919
f 4919 4230 4228
f 4919 4228 4226
f 4224 4222 4918
f 4918 4222 4220
f 4918 4220 4219
f 4219 4217 4918
f 4918 4217 4218
f 4918 4218 4854
f 4854 4218 4260
f 4854 4260 4258
f 4258 4256 4854
f 4854 4256 4254
f 4854 4254 4855
f 4855 4254 4252
f 4855 4252 4250
f 4250 4248 4855
f 4855 4248 4246
f 4855 4246 4244
f 4244 4242 4855
f 4855 4242 4240
f 4855 4240 4919
f 4919 4240 4238
f 4919 4238 4236
f 4920 4370 4919
f 4919 4370 4368
f 4376 4920 4378
f 4378 4920 4380
f 4376 4374 4920
f 4920 4374 4372
f 4920 4372 4370
f 4368 4366 4919
f 4919 4366 4364
f 4919 4364 4363
f 4402 4400 4855
f 4363 4361 4919
f 4919 4361 4362
f 4919 4362 4855
f 4855 4362 4404
f 4855 4404 4402
f 4400 4398 4855
f 4855 4398 4396
f 4855 4396 4860
f 4860 4396 4394
f 4394 4392 4860
f 4860 4392 4390
f 4860 4390 4388
f 4388 4386 4860
f 4860 4386 4384
f 4860 4384 4920
f 4920 4384 4382
f 4920 4382 4380
f 4921 4706 4920
f 4920 4706 4704
f 4712 4921 4714
f 4714 4921 4716
f 4712 4710 4921
f 4921 4710 4708
f 4921 4708 4706
f 4704 4702 4920
f 4920 4702 4700
f 4920 4700 4699
f 4738 4736 4860
f 4699 4697 4920
f 4920 4697 4698
f 4920 4698 4860
f 4860 4698 4740
f 4860 4740 4738
f 4736 4734 4860
f 4860 4734 4732
f 4860 4732 4859
f 4859 4732 4730
f 4730 4728 4859
f 4859 4728 4726
f 4859 4726 4724
f 4724 4722 4859
f 4859 4722 4720
f 4859 4720 4921
f 4921 4720 4718
f 4921 4718 4716
f 4922 4658 4921
f 4921 4658 4656
f 4664 4922 4666
f 4666 4922 4668
f 4664 4662 4922
f 4922 4662 4660
f 4922 4660 4658
f 4656 4654 4921
f 4921 4654 4652
f 4921 4652 4651
f 4690 4688 4859
f 4651 4649 4921
f 4921 4649 4650
f 4921 4650 4859
f 4859 4650 4692
f 4859 4692 4690
f 4688 4686 4859
f 4859 4686 4684
f 4859 4684 4858
f 4858 4684 4682
f 4682 4680 4858
f 4858 4680 4678
f 4858 4678 4676
f 4676 4674 4858
f 4858 4674 4672
f 4858 4672 4922
f 4922 4672 4670
f 4922 4670 4668
f 4862 4861 4866
f 4866 4861 4856
f 4866 4856 4923
f 4520 4923 4522
f 4522 4923 4524
f 4520 4518 4923
f 4923 4518 4516
f 4923 4516 4922
f 4922 4516 4514
f 4922 4514 4512
f 4512 4510 4922
f 4922 4510 4508
f 4922 4508 4507
f 4507 4505 4922
f 4922 4505 4506
f 4922 4506 4858
f 4858 4506 4548
f 4858 4548 4546
f 4546 4544 4858
f 4858 4544 4542
f 4858 4542 4540
f 4532 4530 4856
f 4856 4530 4528
f 4856 4528 4923
f 4923 4528 4526
f 4923 4526 4524
f 4540 4538 4858
f 4858 4538 4536
f 4858 4536 4856
f 4856 4536 4534
f 4856 4534 4532
f 4866 4865 4862
f 4862 4865 1067
f 4862 1067 1066
f 4924 4925 4926
f 4926 4925 4927
f 4928 4929 4930
f 4931 4932 4933
f 4933 4932 4934
f 4933 4934 4935
f 4935 4936 4933
f 4933 4936 4937
f 4933 4937 4938
f 4927 4939 4926
f 4926 4939 4940
f 4926 4940 4933
f 4933 4940 4941
f 4933 4941 4931
f 4930 4942 4928
f 4928 4942 4943
f 4928 4943 4944
f 4945 4946 4924
f 4944 4947 4928
f 4928 4947 4948
f 4928 4948 4924
f 4924 4948 4949
f 4924 4949 4945
f 4946 4950 4924
f 4924 4950 4951
f 4924 4951 4925
f 4952 4924 4953
f 4953 4924 4954
f 4955 4928 4956
f 4956 4928 4924
f 4956 4924 4957
f 4957 4924 4952
f 4955 4958 4928
f 4928 4958 4959
f 4928 4959 4960
f 4960 4961 4928
f 4928 4961 4962
f 4928 4962 4963
f 4963 4962 4964
f 4963 4964 4965
f 4965 4966 4963
f 4963 4966 4967
f 4963 4967 4968
f 4969 4970 4971
f 4968 4972 4963
f 4963 4972 4973
f 4963 4973 4971
f 4971 4973 4974
f 4971 4974 4969
f 4970 4975 4971
f 4971 4975 4976
f 4971 4976 4924
f 4924 4976 4977
f 4924 4977 4954
f 4978 4971 4979
f 4979 4971 4980
f 4981 4963 4982
f 4982 4963 4971
f 4982 4971 4983
f 4983 4971 4978
f 4981 4984 4963
f 4963 4984 4985
f 4963 4985 4986
f 4986 4987 4963
f 4963 4987 4988
f 4963 4988 4989
f 4989 4988 4990
f 4989 4990 4991
f 4991 4992 4989
f 4989 4992 4993
f 4989 4993 4994
f 4995 4996 4997
f 4994 4998 4989
f 4989 4998 4999
f 4989 4999 4997
f 4997 4999 5000
f 4997 5000 4995
f 4996 5001 4997
f 4997 5001 5002
f 4997 5002 4971
f 4971 5002 5003
f 4971 5003 4980
f 5004 4997 5005
f 5005 4997 5006
f 5007 4989 5008
f 5008 4989 4997
f 5008 4997 5009
f 5009 4997 5004
f 5007 5010 4989
f 4989 5010 5011
f 4989 5011 5012
f 5012 5013 4989
f 4989 5013 5014
f 4989 5014 5015
f 5015 5014 5016
f 5015 5016 5017
f 5017 5018 5015
f 5015 5018 5019
f 5015 5019 5020
f 5021 5022 5023
f 5020 5024 5015
f 5015 5024 5025
f 5015 5025 5023
f 5023 5025 5026
f 5023 5026 5021
f 5022 5027 5023
f 5023 5027 5028
f 5023 5028 4997
f 4997 5028 5029
f 4997 5029 5006
f 4424 5023 4426
f 4426 5023 4428
f 4418 5015 4420
f 4420 5015 5023
f 4420 5023 4422
f 4422 5023 4424
f 4418 4416 5015
f 5015 4416 4414
f 5015 4414 4412
f 4412 4411 5015
f 5015 4411 4409
f 5015 4409 5030
f 5030 4409 4410
f 5030 4410 4452
f 4452 4450 5030
f 5030 4450 4448
f 5030 4448 4446
f 4438 4436 5031
f 4446 4444 5030
f 5030 4444 4442
f 5030 4442 5031
f 5031 4442 4440
f 5031 4440 4438
f 4436 4434 5031
f 5031 4434 4432
f 5031 4432 5023
f 5023 4432 4430
f 5023 4430 4428
f 4472 5031 4474
f 4474 5031 4476
f 4466 5030 4468
f 4468 5030 5031
f 4468 5031 4470
f 4470 5031 4472
f 4466 4464 5030
f 5030 4464 4462
f 5030 4462 4460
f 4460 4459 5030
f 5030 4459 4457
f 5030 4457 4922
f 4922 4457 4458
f 4922 4458 4500
f 4500 4498 4922
f 4922 4498 4496
f 4922 4496 4494
f 4486 4484 4923
f 4494 4492 4922
f 4922 4492 4490
f 4922 4490 4923
f 4923 4490 4488
f 4923 4488 4486
f 4484 4482 4923
f 4923 4482 4480
f 4923 4480 5031
f 5031 4480 4478
f 5031 4478 4476
f 5032 4933 4928
f 4928 4933 4938
f 4928 4938 4929
f 5033 5034 5035
f 5032 5036 4933
f 4933 5036 5037
f 4933 5037 5038
f 5038 5039 4933
f 4933 5039 5040
f 4933 5040 5041
f 5040 5042 5041
f 5041 5042 5043
f 5041 5043 5044
f 5044 5045 5041
f 5041 5045 5046
f 5041 5046 5047
f 5035 5048 5033
f 5033 5048 5049
f 5033 5049 5050
f 5051 5052 4928
f 5050 5053 5033
f 5033 5053 5054
f 5033 5054 4928
f 4928 5054 5055
f 4928 5055 5051
f 5052 5056 4928
f 4928 5056 5057
f 4928 5057 5032
f 5058 5059 5033
f 5060 5061 4928
f 4928 5061 5062
f 4928 5062 5063
f 5063 5064 4928
f 4928 5064 5065
f 4928 5065 5033
f 5033 5065 5066
f 5033 5066 5058
f 5059 5067 5033
f 5033 5067 5068
f 5033 5068 5069
f 5069 5068 5070
f 5069 5070 5071
f 5071 5072 5069
f 5069 5072 5073
f 5069 5073 5074
f 5075 5076 4963
f 5074 5077 5069
f 5069 5077 5078
f 5069 5078 4963
f 4963 5078 5079
f 4963 5079 5075
f 5076 5080 4963
f 4963 5080 5081
f 4963 5081 4928
f 4928 5081 5082
f 4928 5082 5060
f 5083 5084 5069
f 5085 5086 4963
f 4963 5086 5087
f 4963 5087 5088
f 5088 5089 4963
f 4963 5089 5090
f 4963 5090 5069
f 5069 5090 5091
f 5069 5091 5083
f 5084 5092 5069
f 5069 5092 5093
f 5069 5093 5094
f 5094 5093 5095
f 5094 5095 5096
f 5096 5097 5094
f 5094 5097 5098
f 5094 5098 5099
f 5100 5101 4989
f 5099 5102 5094
f 5094 5102 5103
f 5094 5103 4989
f 4989 5103 5104
f 4989 5104 5100
f 5101 5105 4989
f 4989 5105 5106
f 4989 5106 4963
f 4963 5106 5107
f 4963 5107 5085
f 5108 5109 5094
f 5110 5111 4989
f 4989 5111 5112
f 4989 5112 5113
f 5113 5114 4989
f 4989 5114 5115
f 4989 5115 5094
f 5094 5115 5116
f 5094 5116 5108
f 5109 5117 5094
f 5094 5117 5118
f 5094 5118 5119
f 5119 5118 5120
f 5119 5120 5121
f 5121 5122 5119
f 5119 5122 5123
f 5119 5123 5124
f 5125 5126 5015
f 5124 5127 5119
f 5119 5127 5128
f 5119 5128 5015
f 5015 5128 5129
f 5015 5129 5125
f 5126 5130 5015
f 5015 5130 5131
f 5015 5131 4989
f 4989 5131 5132
f 4989 5132 5110
f 4558 4556 5119
f 4572 4570 5015
f 5015 4570 4568
f 5015 4568 4566
f 4566 4564 5015
f 5015 4564 4562
f 5015 4562 5119
f 5119 4562 4560
f 5119 4560 4558
f 4556 4555 5119
f 5119 4555 4553
f 5119 4553 5133
f 5133 4553 4554
f 5133 4554 4596
f 4596 4594 5133
f 5133 4594 4592
f 5133 4592 4590
f 4582 4580 5030
f 4590 4588 5133
f 5133 4588 4586
f 5133 4586 5030
f 5030 4586 4584
f 5030 4584 4582
f 4580 4578 5030
f 5030 4578 4576
f 5030 4576 5015
f 5015 4576 4574
f 5015 4574 4572
f 4606 4604 5133
f 4620 4618 5030
f 5030 4618 4616
f 5030 4616 4614
f 4614 4612 5030
f 5030 4612 4610
f 5030 4610 5133
f 5133 4610 4608
f 5133 4608 4606
f 4604 4603 5133
f 5133 4603 4601
f 5133 4601 4921
f 4921 4601 4602
f 4921 4602 4644
f 4644 4642 4921
f 4921 4642 4640
f 4921 4640 4638
f 4630 4628 4922
f 4638 4636 4921
f 4921 4636 4634
f 4921 4634 4922
f 4922 4634 4632
f 4922 4632 4630
f 4628 4626 4922
f 4922 4626 4624
f 4922 4624 5030
f 5030 4624 4622
f 5030 4622 4620
f 5134 5041 5033
f 5033 5041 5047
f 5033 5047 5034
f 5135 5136 5137
f 5134 5138 5041
f 5041 5138 5139
f 5041 5139 5140
f 5140 5141 5041
f 5041 5141 5142
f 5041 5142 5143
f 5142 5144 5143
f 5143 5144 5145
f 5143 5145 5146
f 5146 5147 5143
f 5143 5147 5148
f 5143 5148 5149
f 5137 5150 5135
f 5135 5150 5151
f 5135 5151 5152
f 5153 5154 5033
f 5152 5155 5135
f 5135 5155 5156
f 5135 5156 5033
f 5033 5156 5157
f 5033 5157 5153
f 5154 5158 5033
f 5033 5158 5159
f 5033 5159 5134
f 5160 5161 5135
f 5162 5163 5033
f 5033 5163 5164
f 5033 5164 5165
f 5165 5166 5033
f 5033 5166 5167
f 5033 5167 5135
f 5135 5167 5168
f 5135 5168 5160
f 5161 5169 5135
f 5135 5169 5170
f 5135 5170 5171
f 5171 5170 5172
f 5171 5172 5173
f 5173 5174 5171
f 5171 5174 5175
f 5171 5175 5176
f 5177 5178 5069
f 5176 5179 5171
f 5171 5179 5180
f 5171 5180 5069
f 5069 5180 5181
f 5069 5181 5177
f 5178 5182 5069
f 5069 5182 5183
f 5069 5183 5033
f 5033 5183 5184
f 5033 5184 5162
f 5185 5186 5171
f 5187 5188 5069
f 5069 5188 5189
f 5069 5189 5190
f 5190 5191 5069
f 5069 5191 5192
f 5069 5192 5171
f 5171 5192 5193
f 5171 5193 5185
f 5186 5194 5171
f 5171 5194 5195
f 5171 5195 5196
f 5196 5195 5197
f 5196 5197 5198
f 5198 5199 5196
f 5196 5199 5200
f 5196 5200 5201
f 5202 5203 5094
f 5201 5204 5196
f 5196 5204 5205
f 5196 5205 5094
f 5094 5205 5206
f 5094 5206 5202
f 5203 5207 5094
f 5094 5207 5208
f 5094 5208 5069
f 5069 5208 5209
f 5069 5209 5187
f 5210 5211 5196
f 5212 5213 5094
f 5094 5213 5214
f 5094 5214 5215
f 5215 5216 5094
f 5094 5216 5217
f 5094 5217 5196
f 5196 5217 5218
f 5196 5218 5210
f 5211 5219 5196
f 5196 5219 5220
f 5196 5220 5221
f 5221 5220 5222
f 5221 5222 5223
f 5223 5224 5221
f 5221 5224 5225
f 5221 5225 5226
f 5227 5228 5119
f 5226 5229 5221
f 5221 5229 5230
f 5221 5230 5119
f 5119 5230 5231
f 5119 5231 5227
f 5228 5232 5119
f 5119 5232 5233
f 5119 5233 5094
f 5094 5233 5234
f 5094 5234 5212
f 4798 4796 5221
f 4812 4810 5119
f 5119 4810 4808
f 5119 4808 4806
f 4806 4804 5119
f 5119 4804 4802
f 5119 4802 5221
f 5221 4802 4800
f 5221 4800 4798
f 4796 4795 5221
f 5221 4795 4793
f 5221 4793 5235
f 5235 4793 4794
f 5235 4794 4836
f 4836 4834 5235
f 5235 4834 4832
f 5235 4832 4830
f 4822 4820 5133
f 4830 4828 5235
f 5235 4828 4826
f 5235 4826 5133
f 5133 4826 4824
f 5133 4824 4822
f 4820 4818 5133
f 5133 4818 4816
f 5133 4816 5119
f 5119 4816 4814
f 5119 4814 4812
f 4750 4748 5235
f 4764 4762 5133
f 5133 4762 4760
f 5133 4760 4758
f 4758 4756 5133
f 5133 4756 4754
f 5133 4754 5235
f 5235 4754 4752
f 5235 4752 4750
f 4748 4747 5235
f 5235 4747 4745
f 5235 4745 4920
f 4920 4745 4746
f 4920 4746 4788
f 4788 4786 4920
f 4920 4786 4784
f 4920 4784 4782
f 4774 4772 4921
f 4782 4780 4920
f 4920 4780 4778
f 4920 4778 4921
f 4921 4778 4776
f 4921 4776 4774
f 4772 4770 4921
f 4921 4770 4768
f 4921 4768 5133
f 5133 4768 4766
f 5133 4766 4764
f 5236 5143 5135
f 5135 5143 5149
f 5135 5149 5136
f 5237 5238 5239
f 5239 5238 5240
f 5236 5241 5143
f 5143 5241 5242
f 5143 5242 5243
f 5243 5244 5143
f 5143 5244 5245
f 5143 5245 5246
f 5245 5247 5246
f 5246 5247 5248
f 5246 5248 5249
f 5249 5250 5246
f 5246 5250 5251
f 5246 5251 5237
f 5240 5252 5239
f 5239 5252 5253
f 5239 5253 5254
f 5255 5256 5135
f 5254 5257 5239
f 5239 5257 5258
f 5239 5258 5135
f 5135 5258 5259
f 5135 5259 5255
f 5256 5260 5135
f 5135 5260 5261
f 5135 5261 5236
f 5262 5263 5239
f 5264 5265 5135
f 5135 5265 5266
f 5135 5266 5267
f 5267 5268 5135
f 5135 5268 5269
f 5135 5269 5239
f 5239 5269 5270
f 5239 5270 5262
f 5263 5271 5239
f 5239 5271 5272
f 5239 5272 5273
f 5273 5272 5274
f 5273 5274 5275
f 5275 5276 5273
f 5273 5276 5277
f 5273 5277 5278
f 5279 5280 5171
f 5278 5281 5273
f 5273 5281 5282
f 5273 5282 5171
f 5171 5282 5283
f 5171 5283 5279
f 5280 5284 5171
f 5171 5284 5285
f 5171 5285 5135
f 5135 5285 5286
f 5135 5286 5264
f 5287 5288 5273
f 5289 5290 5171
f 5171 5290 5291
f 5171 5291 5292
f 5292 5293 5171
f 5171 5293 5294
f 5171 5294 5273
f 5273 5294 5295
f 5273 5295 5287
f 5288 5296 5273
f 5273 5296 5297
f 5273 5297 5298
f 5298 5297 5299
f 5298 5299 5300
f 5300 5301 5298
f 5298 5301 5302
f 5298 5302 5303
f 5304 5305 5196
f 5303 5306 5298
f 5298 5306 5307
f 5298 5307 5196
f 5196 5307 5308
f 5196 5308 5304
f 5305 5309 5196
f 5196 5309 5310
f 5196 5310 5171
f 5171 5310 5311
f 5171 5311 5289
f 5312 5313 5298
f 5314 5315 5196
f 5196 5315 5316
f 5196 5316 5317
f 5317 5318 5196
f 5196 5318 5319
f 5196 5319 5298
f 5298 5319 5320
f 5298 5320 5312
f 5313 5321 5298
f 5298 5321 5322
f 5298 5322 5323
f 5323 5322 5324
f 5323 5324 5325
f 5325 5326 5323
f 5323 5326 5327
f 5323 5327 5328
f 5329 5330 5221
f 5328 5331 5323
f 5323 5331 5332
f 5323 5332 5221
f 5221 5332 5333
f 5221 5333 5329
f 5330 5334 5221
f 5221 5334 5335
f 5221 5335 5196
f 5196 5335 5336
f 5196 5336 5314
f 4270 4268 5323
f 4284 4282 5221
f 5221 4282 4280
f 5221 4280 4278
f 4278 4276 5221
f 5221 4276 4274
f 5221 4274 5323
f 5323 4274 4272
f 5323 4272 4270
f 4268 4267 5323
f 5323 4267 4265
f 5323 4265 5337
f 5337 4265 4266
f 5337 4266 4308
f 4308 4306 5337
f 5337 4306 4304
f 5337 4304 4302
f 4294 4292 5235
f 4302 4300 5337
f 5337 4300 4298
f 5337 4298 5235
f 5235 4298 4296
f 5235 4296 4294
f 4292 4290 5235
f 5235 4290 4288
f 5235 4288 5221
f 5221 4288 4286
f 5221 4286 4284
f 4318 4316 5337
f 4332 4330 5235
f 5235 4330 4328
f 5235 4328 4326
f 4326 4324 5235
f 5235 4324 4322
f 5235 4322 5337
f 5337 4322 4320
f 5337 4320 4318
f 4316 4315 5337
f 5337 4315 4313
f 5337 4313 4919
f 4919 4313 4314
f 4919 4314 4356
f 4356 4354 4919
f 4919 4354 4352
f 4919 4352 4350
f 4342 4340 4920
f 4350 4348 4919
f 4919 4348 4346
f 4919 4346 4920
f 4920 4346 4344
f 4920 4344 4342
f 4340 4338 4920
f 4920 4338 4336
f 4920 4336 5235
f 5235 4336 4334
f 5235 4334 4332
f 5237 5239 5246
f 5246 5239 5338
f 5246 5338 5339
f 5340 5341 5342
f 5339 5343 5246
f 5246 5343 5344
f 5246 5344 5345
f 5345 5346 5246
f 5246 5346 5347
f 5246 5347 5342
f 5342 5347 5348
f 5342 5348 5340
f 5349 5350 5351
f 5351 5350 5342
f 5351 5342 5352
f 5352 5342 5341
f 5349 5353 5350
f 5350 5353 5354
f 5350 5354 5355
f 5356 5239 5357
f 5357 5239 5350
f 5357 5350 5358
f 5358 5350 5355
f 5356 5359 5239
f 5239 5359 5360
f 5239 5360 5361
f 5361 5362 5239
f 5239 5362 5363
f 5239 5363 5338
f 5364 5365 5350
f 5366 5367 5239
f 5239 5367 5368
f 5239 5368 5369
f 5369 5370 5239
f 5239 5370 5371
f 5239 5371 5350
f 5350 5371 5372
f 5350 5372 5364
f 5373 5374 5375
f 5375 5374 5350
f 5375 5350 5376
f 5376 5350 5365
f 5373 5377 5374
f 5374 5377 5378
f 5374 5378 5379
f 5380 5273 5381
f 5381 5273 5374
f 5381 5374 5382
f 5382 5374 5379
f 5380 5383 5273
f 5273 5383 5384
f 5273 5384 5385
f 5385 5386 5273
f 5273 5386 5387
f 5273 5387 5239
f 5239 5387 5388
f 5239 5388 5366
f 5389 5390 5374
f 5391 5392 5273
f 5273 5392 5393
f 5273 5393 5394
f 5394 5395 5273
f 5273 5395 5396
f 5273 5396 5374
f 5374 5396 5397
f 5374 5397 5389
f 5398 5399 5400
f 5400 5399 5374
f 5400 5374 5401
f 5401 5374 5390
f 5398 5402 5399
f 5399 5402 5403
f 5399 5403 5404
f 5405 5298 5406
f 5406 5298 5399
f 5406 5399 5407
f 5407 5399 5404
f 5405 5408 5298
f 5298 5408 5409
f 5298 5409 5410
f 5410 5411 5298
f 5298 5411 5412
f 5298 5412 5273
f 5273 5412 5413
f 5273 5413 5391
f 5414 5415 5399
f 5416 5417 5298
f 5298 5417 5418
f 5298 5418 5419
f 5419 5420 5298
f 5298 5420 5421
f 5298 5421 5399
f 5399 5421 5422
f 5399 5422 5414
f 5423 5424 5425
f 5425 5424 5399
f 5425 5399 5426
f 5426 5399 5415
f 5423 5427 5424
f 5424 5427 5428
f 5424 5428 5429
f 5430 5323 5431
f 5431 5323 5424
f 5431 5424 5432
f 5432 5424 5429
f 5430 5433 5323
f 5323 5433 5434
f 5323 5434 5435
f 5435 5436 5323
f 5323 5436 5437
f 5323 5437 5298
f 5298 5437 5438
f 5298 5438 5416
f 4126 4124 5424
f 4140 4138 5323
f 5323 4138 4136
f 5323 4136 4134
f 4134 4132 5323
f 5323 4132 4130
f 5323 4130 5424
f 5424 4130 4128
f 5424 4128 4126
f 4122 5439 4121
f 4121 5439 5424
f 4121 5424 4123
f 4123 5424 4124
f 4122 4164 5439
f 5439 4164 4162
f 5439 4162 4160
f 4154 5337 4156
f 4156 5337 5439
f 4156 5439 4158
f 4158 5439 4160
f 4154 4152 5337
f 5337 4152 4150
f 5337 4150 4148
f 4148 4146 5337
f 5337 4146 4144
f 5337 4144 5323
f 5323 4144 4142
f 5323 4142 4140
f 4174 4172 5439
f 4188 4186 5337
f 5337 4186 4184
f 5337 4184 4182
f 4182 4180 5337
f 5337 4180 4178
f 5337 4178 5439
f 5439 4178 4176
f 5439 4176 4174
f 4170 4918 4169
f 4169 4918 5439
f 4169 5439 4171
f 4171 5439 4172
f 4170 4212 4918
f 4918 4212 4210
f 4918 4210 4208
f 4202 4919 4204
f 4204 4919 4918
f 4204 4918 4206
f 4206 4918 4208
f 4202 4200 4919
f 4919 4200 4198
f 4919 4198 4196
f 4196 4194 4919
f 4919 4194 4192
f 4919 4192 5337
f 5337 4192 4190
f 5337 4190 4188
f 4854 4848 4918
f 4918 4848 4847
f 4918 4847 5439
f 5439 4847 4846
f 5439 4846 5424
f 5424 4846 4845
f 5424 4845 5399
f 5399 4845 4844
f 5399 4844 5374
f 5374 4844 4843
f 5374 4843 5350
f 5350 4843 4842
f 5350 4842 5342
f 4868 4867 5440
f 4866 4923 4867
f 4867 4923 5031
f 4867 5031 5440
f 5440 5031 5023
f 5440 5023 4997
f 4997 4971 5440
f 5440 4971 4924
f 5440 4924 4926
f 4869 4868 4873
f 4873 4868 5440
f 4873 5440 4879
f 4879 5440 5441
f 4879 5441 4883
f 4883 5441 5442
f 4883 5442 4882
f 4882 5442 4885
f 4882 4885 3453
f 1910 1913 1909
f 1909 1913 1912
f 1880 1107 1898
f 1898 1107 1108
f 1931 1916 1913
f 1108 1109 1898
f 1898 1109 4118
f 1898 4118 4117
f 1906 1931 2103
f 2103 1931 1913
f 2103 1913 2105
f 2105 1913 1910
f 4117 1903 1898
f 1898 1903 1902
f 1898 1902 1900
f 1890 1892 1121
f 1917 2132 2894
f 1121 1892 1124
f 1124 1892 1894
f 1124 1894 1123
f 1121 1120 1890
f 1890 1120 1111
f 1890 1111 1888
f 1888 1111 1110
f 1888 1110 1886
f 1886 1110 1117
f 1886 1117 1884
f 1884 1117 1107
f 1884 1107 1882
f 1882 1107 1880
f 2114 1929 2115
f 2115 1929 1931
f 2115 1931 1905
f 1905 1931 1906
f 2885 2886 1917
f 2116 1927 2111
f 2111 1927 1929
f 2111 1929 2112
f 2112 1929 2114
f 2126 1925 2127
f 2127 1925 1927
f 2127 1927 2118
f 2118 1927 2116
f 2894 2896 1917
f 1917 2896 2898
f 1917 2898 2900
f 1917 2886 1934
f 2126 2125 1925
f 1925 2125 2124
f 1925 2124 1923
f 1923 2124 2122
f 1923 2122 2120
f 2900 2902 1917
f 1917 2902 2903
f 1917 2903 2885
f 2120 2119 1923
f 1923 2119 2128
f 1923 2128 1921
f 1921 2128 2130
f 1921 2130 1919
f 1919 2130 2136
f 1919 2136 1917
f 1917 2136 2133
f 1917 2133 2132
f 2886 2887 1934
f 1934 2887 2889
f 1934 2889 1896
f 1896 2889 2892
f 1896 2892 2893
f 1894 1896 1123
f 1123 1896 5443
f 1123 5443 4074
f 2893 5444 1896
f 1896 5444 5445
f 1896 5445 5443
f 4001 4006 5446
f 5447 5448 4001
f 5449 4013 5450
f 5450 4013 4001
f 5450 4001 5451
f 5452 5453 5446
f 5446 5453 5454
f 5446 5454 4001
f 4001 5454 5455
f 4001 5455 5447
f 5448 5456 4001
f 4001 5456 5457
f 4001 5457 5451
f 5458 5459 5446
f 5446 5459 5460
f 5446 5460 5461
f 5461 5462 5446
f 5446 5462 5463
f 5446 5463 5452
f 5464 5465 5466
f 5451 5467 5450
f 5450 5467 5468
f 5450 5468 5466
f 5466 5468 5469
f 5466 5469 5464
f 5465 5470 5466
f 5466 5470 5471
f 5466 5471 5472
f 5472 5473 5466
f 5466 5473 5474
f 5466 5474 5475
f 5475 5476 5466
f 5466 5476 5477
f 5466 5477 5458
f 5458 5477 5478
f 5458 5478 5459
f 4079 5479 5480
f 5480 5479 5481
f 5480 5481 5482
f 5483 5484 5485
f 4013 5486 4014
f 4014 5486 5487
f 4014 5487 4015
f 4015 5487 5488
f 4015 5488 4016
f 4016 5488 4017
f 4017 5488 5489
f 4017 5489 4018
f 4018 5489 1774
f 4018 1774 1777
f 1613 1774 1807
f 1807 1774 5489
f 1807 5489 1786
f 1786 5489 5488
f 1787 5490 1789
f 1789 5490 5483
f 1789 5483 5481
f 5481 5483 5485
f 5481 5485 5482
f 1783 1782 5479
f 5479 1782 1792
f 5479 1792 5481
f 5481 1792 1791
f 5481 1791 1789
f 1784 4083 1780
f 1780 4083 4075
f 1780 4075 1779
f 1779 4075 1771
f 4079 4078 5479
f 5479 4078 4083
f 5479 4083 1783
f 1783 4083 1784
f 1787 1786 5490
f 5490 1786 5488
f 5490 5488 5483
f 5483 5488 5487
f 5483 5487 5484
f 5484 5487 5486
f 5491 5492 5493
f 4089 4057 4082
f 4089 5494 4090
f 4090 5494 5495
f 4090 5495 4091
f 4091 5495 5496
f 4091 5496 4092
f 4092 5496 5497
f 4092 5497 4093
f 4093 5497 5498
f 4093 5498 4094
f 4094 5498 5499
f 4094 5499 4084
f 4084 5499 5500
f 4084 5500 4085
f 4085 5500 5501
f 5502 5500 5503
f 5503 5500 5504
f 5505 5504 5506
f 5506 5504 5507
f 5505 5508 5504
f 5504 5508 5509
f 5504 5509 5503
f 5502 5510 5500
f 5500 5510 5511
f 5500 5511 5512
f 5512 5513 5500
f 5500 5513 5514
f 5500 5514 5501
f 5501 5514 5515
f 5501 5515 5516
f 5516 5517 5501
f 5501 5517 5518
f 5501 5518 5519
f 5519 5518 5520
f 5519 5520 5521
f 5521 5522 5519
f 5519 5522 5523
f 5519 5523 5524
f 5524 5525 5519
f 5519 5525 5526
f 5519 5526 5504
f 5504 5526 5527
f 5504 5527 5507
f 5528 5529 5499
f 5530 5531 5532
f 5532 5531 5533
f 5532 5533 5534
f 5534 5535 5532
f 5532 5535 5536
f 5532 5536 5499
f 5499 5536 5537
f 5499 5537 5528
f 5538 5500 5539
f 5539 5500 5499
f 5539 5499 5540
f 5540 5499 5529
f 5538 5541 5500
f 5500 5541 5542
f 5500 5542 5543
f 5544 5504 5545
f 5545 5504 5500
f 5545 5500 5546
f 5546 5500 5543
f 5544 5547 5504
f 5504 5547 5548
f 5504 5548 5549
f 5549 5550 5504
f 5504 5550 5551
f 5504 5551 5532
f 5532 5551 5552
f 5532 5552 5530
f 5553 5554 5498
f 5555 5556 5557
f 5557 5556 5558
f 5557 5558 5559
f 5559 5560 5557
f 5557 5560 5561
f 5557 5561 5498
f 5498 5561 5562
f 5498 5562 5553
f 5563 5499 5564
f 5564 5499 5498
f 5564 5498 5565
f 5565 5498 5554
f 5563 5566 5499
f 5499 5566 5567
f 5499 5567 5568
f 5569 5532 5570
f 5570 5532 5499
f 5570 5499 5571
f 5571 5499 5568
f 5569 5572 5532
f 5532 5572 5573
f 5532 5573 5574
f 5574 5575 5532
f 5532 5575 5576
f 5532 5576 5557
f 5557 5576 5577
f 5557 5577 5555
f 5497 5578 5579
f 5579 5580 5497
f 5497 5580 5581
f 5497 5581 5582
f 5583 5498 5584
f 5584 5498 5497
f 5584 5497 5585
f 5585 5497 5582
f 5586 5578 5587
f 5587 5578 5588
f 5586 5589 5578
f 5578 5589 5590
f 5578 5590 5579
f 5583 5591 5498
f 5498 5591 5592
f 5498 5592 5593
f 5594 5557 5595
f 5595 5557 5498
f 5595 5498 5596
f 5596 5498 5593
f 5594 5597 5557
f 5557 5597 5598
f 5557 5598 5599
f 5599 5600 5557
f 5557 5600 5601
f 5557 5601 5578
f 5578 5601 5602
f 5578 5602 5588
f 4159 4161 5496
f 4145 4147 5603
f 5603 4147 4149
f 5603 4149 4151
f 4151 4153 5603
f 5603 4153 4155
f 5603 4155 5496
f 5496 4155 4157
f 5496 4157 4159
f 4166 5497 4165
f 4165 5497 5496
f 4165 5496 4163
f 4163 5496 4161
f 4166 4120 5497
f 5497 4120 4119
f 5497 4119 4125
f 4131 5578 4129
f 4129 5578 5497
f 4129 5497 4127
f 4127 5497 4125
f 4131 4133 5578
f 5578 4133 4135
f 5578 4135 4137
f 4137 4139 5578
f 5578 4139 4141
f 5578 4141 5603
f 5603 4141 4143
f 5603 4143 4145
f 5495 5604 4203
f 4203 4205 5495
f 5495 4205 4207
f 5495 4207 4209
f 4214 5496 4213
f 4213 5496 5495
f 4213 5495 4211
f 4211 5495 4209
f 4197 5604 4195
f 4195 5604 4193
f 4197 4199 5604
f 5604 4199 4201
f 5604 4201 4203
f 4214 4168 5496
f 5496 4168 4167
f 5496 4167 4173
f 4179 5603 4177
f 4177 5603 5496
f 4177 5496 4175
f 4175 5496 4173
f 4179 4181 5603
f 5603 4181 4183
f 5603 4183 4185
f 4185 4187 5603
f 5603 4187 4189
f 5603 4189 5604
f 5604 4189 4191
f 5604 4191 4193
f 5494 5605 4251
f 5605 5604 4239
f 4251 4253 5494
f 5494 4253 4255
f 5494 4255 4257
f 4262 5495 4261
f 4261 5495 5494
f 4261 5494 4259
f 4259 5494 4257
f 4239 4241 5605
f 5605 4241 4243
f 5605 4243 4245
f 4245 4247 5605
f 5605 4247 4249
f 5605 4249 4251
f 4262 4216 5495
f 5495 4216 4215
f 5495 4215 4221
f 4227 5604 4225
f 4225 5604 5495
f 4225 5495 4223
f 4223 5495 4221
f 4227 4229 5604
f 5604 4229 4231
f 5604 4231 4233
f 4233 4235 5604
f 5604 4235 4237
f 5604 4237 4239
f 5606 5607 5504
f 5504 5607 5608
f 5609 5606 5610
f 5610 5606 5611
f 5609 5612 5606
f 5606 5612 5613
f 5606 5613 5607
f 5608 5614 5504
f 5504 5614 5615
f 5504 5615 5616
f 5617 5618 5519
f 5616 5619 5504
f 5504 5619 5620
f 5504 5620 5519
f 5519 5620 5621
f 5519 5621 5617
f 5618 5622 5519
f 5519 5622 5623
f 5519 5623 5624
f 5624 5623 5625
f 5625 5626 5624
f 5624 5626 5627
f 5624 5627 5628
f 5628 5629 5624
f 5624 5629 5630
f 5624 5630 5606
f 5606 5630 5631
f 5606 5631 5611
f 5632 5633 5532
f 5634 5635 5636
f 5636 5635 5637
f 5636 5637 5638
f 5638 5639 5636
f 5636 5639 5640
f 5636 5640 5532
f 5532 5640 5641
f 5532 5641 5632
f 5633 5642 5532
f 5532 5642 5643
f 5532 5643 5504
f 5504 5643 5644
f 5504 5644 5645
f 5645 5646 5504
f 5504 5646 5647
f 5504 5647 5648
f 5649 5650 5606
f 5648 5651 5504
f 5504 5651 5652
f 5504 5652 5606
f 5606 5652 5653
f 5606 5653 5649
f 5650 5654 5606
f 5606 5654 5655
f 5606 5655 5636
f 5636 5655 5656
f 5636 5656 5634
f 5657 5658 5557
f 5659 5660 5661
f 5661 5660 5662
f 5661 5662 5663
f 5663 5664 5661
f 5661 5664 5665
f 5661 5665 5557
f 5557 5665 5666
f 5557 5666 5657
f 5658 5667 5557
f 5557 5667 5668
f 5557 5668 5532
f 5532 5668 5669
f 5532 5669 5670
f 5670 5671 5532
f 5532 5671 5672
f 5532 5672 5673
f 5674 5675 5636
f 5673 5676 5532
f 5532 5676 5677
f 5532 5677 5636
f 5636 5677 5678
f 5636 5678 5674
f 5675 5679 5636
f 5636 5679 5680
f 5636 5680 5661
f 5661 5680 5681
f 5661 5681 5659
f 5682 5683 5578
f 5684 5685 5686
f 5686 5685 5687
f 5686 5687 5688
f 5688 5689 5686
f 5686 5689 5690
f 5686 5690 5578
f 5578 5690 5691
f 5578 5691 5682
f 5683 5692 5578
f 5578 5692 5693
f 5578 5693 5557
f 5557 5693 5694
f 5557 5694 5695
f 5695 5696 5557
f 5557 5696 5697
f 5557 5697 5698
f 5699 5700 5661
f 5698 5701 5557
f 5557 5701 5702
f 5557 5702 5661
f 5661 5702 5703
f 5661 5703 5699
f 5700 5704 5661
f 5661 5704 5705
f 5661 5705 5686
f 5686 5705 5706
f 5686 5706 5684
f 4303 4305 5603
f 4289 4291 5707
f 5707 4291 4293
f 5707 4293 4295
f 4295 4297 5707
f 5707 4297 4299
f 5707 4299 5603
f 5603 4299 4301
f 5603 4301 4303
f 4305 4307 5603
f 5603 4307 4309
f 5603 4309 5578
f 5578 4309 4310
f 5578 4310 4264
f 4264 4263 5578
f 5578 4263 4269
f 5578 4269 4271
f 4279 4281 5686
f 4271 4273 5578
f 5578 4273 4275
f 5578 4275 5686
f 5686 4275 4277
f 5686 4277 4279
f 4281 4283 5686
f 5686 4283 4285
f 5686 4285 5707
f 5707 4285 4287
f 5707 4287 4289
f 4351 4353 5604
f 4337 4339 5708
f 5708 4339 4341
f 5708 4341 4343
f 4343 4345 5708
f 5708 4345 4347
f 5708 4347 5604
f 5604 4347 4349
f 5604 4349 4351
f 4353 4355 5604
f 5604 4355 4357
f 5604 4357 5603
f 5603 4357 4358
f 5603 4358 4312
f 4312 4311 5603
f 5603 4311 4317
f 5603 4317 4319
f 4327 4329 5707
f 4319 4321 5603
f 5603 4321 4323
f 5603 4323 5707
f 5707 4323 4325
f 5707 4325 4327
f 4329 4331 5707
f 5707 4331 4333
f 5707 4333 5708
f 5708 4333 4335
f 5708 4335 4337
f 5709 5708 4383
f 4383 4385 5709
f 5709 4385 4387
f 5709 4387 4389
f 4395 5605 4393
f 4393 5605 5709
f 4393 5709 4391
f 4391 5709 4389
f 4395 4397 5605
f 5605 4397 4399
f 5605 4399 4401
f 4401 4403 5605
f 5605 4403 4405
f 5605 4405 5604
f 5604 4405 4406
f 5604 4406 4360
f 4360 4359 5604
f 5604 4359 4365
f 5604 4365 4367
f 4375 4377 5708
f 4367 4369 5604
f 5604 4369 4371
f 5604 4371 5708
f 5708 4371 4373
f 5708 4373 4375
f 4377 4379 5708
f 5708 4379 4381
f 5708 4381 4383
f 5710 5711 5606
f 5606 5711 5712
f 5713 5710 5714
f 5714 5710 5715
f 5713 5716 5710
f 5710 5716 5717
f 5710 5717 5711
f 5712 5718 5606
f 5606 5718 5719
f 5606 5719 5720
f 5721 5722 5624
f 5720 5723 5606
f 5606 5723 5724
f 5606 5724 5624
f 5624 5724 5725
f 5624 5725 5721
f 5722 5726 5624
f 5624 5726 5727
f 5624 5727 5728
f 5728 5727 5729
f 5729 5730 5728
f 5728 5730 5731
f 5728 5731 5732
f 5732 5733 5728
f 5728 5733 5734
f 5728 5734 5710
f 5710 5734 5735
f 5710 5735 5715
f 5736 5737 5636
f 5738 5739 5740
f 5740 5739 5741
f 5740 5741 5742
f 5742 5743 5740
f 5740 5743 5744
f 5740 5744 5636
f 5636 5744 5745
f 5636 5745 5736
f 5737 5746 5636
f 5636 5746 5747
f 5636 5747 5606
f 5606 5747 5748
f 5606 5748 5749
f 5749 5750 5606
f 5606 5750 5751
f 5606 5751 5752
f 5753 5754 5710
f 5752 5755 5606
f 5606 5755 5756
f 5606 5756 5710
f 5710 5756 5757
f 5710 5757 5753
f 5754 5758 5710
f 5710 5758 5759
f 5710 5759 5740
f 5740 5759 5760
f 5740 5760 5738
f 5761 5762 5661
f 5763 5764 5492
f 5492 5764 5765
f 5492 5765 5766
f 5766 5767 5492
f 5492 5767 5768
f 5492 5768 5661
f 5661 5768 5769
f 5661 5769 5761
f 5762 5770 5661
f 5661 5770 5771
f 5661 5771 5636
f 5636 5771 5772
f 5636 5772 5773
f 5773 5774 5636
f 5636 5774 5775
f 5636 5775 5776
f 5777 5778 5740
f 5776 5779 5636
f 5636 5779 5780
f 5636 5780 5740
f 5740 5780 5781
f 5740 5781 5777
f 5778 5782 5740
f 5740 5782 5783
f 5740 5783 5492
f 5492 5783 5784
f 5492 5784 5763
f 5785 5786 5686
f 5787 5788 5789
f 5789 5788 5790
f 5789 5790 5791
f 5791 5792 5789
f 5789 5792 5793
f 5789 5793 5686
f 5686 5793 5794
f 5686 5794 5785
f 5786 5795 5686
f 5686 5795 5796
f 5686 5796 5661
f 5661 5796 5797
f 5661 5797 5798
f 5798 5799 5661
f 5661 5799 5800
f 5661 5800 5801
f 5802 5803 5492
f 5801 5804 5661
f 5661 5804 5805
f 5661 5805 5492
f 5492 5805 5806
f 5492 5806 5802
f 5803 5807 5492
f 5492 5807 5808
f 5492 5808 5789
f 5789 5808 5809
f 5789 5809 5787
f 4831 4833 5707
f 4817 4819 5810
f 5810 4819 4821
f 5810 4821 4823
f 4823 4825 5810
f 5810 4825 4827
f 5810 4827 5707
f 5707 4827 4829
f 5707 4829 4831
f 4833 4835 5707
f 5707 4835 4837
f 5707 4837 5686
f 5686 4837 4838
f 5686 4838 4792
f 4792 4791 5686
f 5686 4791 4797
f 5686 4797 4799
f 4807 4809 5789
f 4799 4801 5686
f 5686 4801 4803
f 5686 4803 5789
f 5789 4803 4805
f 5789 4805 4807
f 4809 4811 5789
f 5789 4811 4813
f 5789 4813 5810
f 5810 4813 4815
f 5810 4815 4817
f 4783 4785 5708
f 4769 4771 5811
f 5811 4771 4773
f 5811 4773 4775
f 4775 4777 5811
f 5811 4777 4779
f 5811 4779 5708
f 5708 4779 4781
f 5708 4781 4783
f 4785 4787 5708
f 5708 4787 4789
f 5708 4789 5707
f 5707 4789 4790
f 5707 4790 4744
f 4744 4743 5707
f 5707 4743 4749
f 5707 4749 4751
f 4759 4761 5810
f 4751 4753 5707
f 5707 4753 4755
f 5707 4755 5810
f 5810 4755 4757
f 5810 4757 4759
f 4761 4763 5810
f 5810 4763 4765
f 5810 4765 5811
f 5811 4765 4767
f 5811 4767 4769
f 5812 5811 4719
f 4719 4721 5812
f 5812 4721 4723
f 5812 4723 4725
f 4731 5709 4729
f 4729 5709 5812
f 4729 5812 4727
f 4727 5812 4725
f 4731 4733 5709
f 5709 4733 4735
f 5709 4735 4737
f 4737 4739 5709
f 5709 4739 4741
f 5709 4741 5708
f 5708 4741 4742
f 5708 4742 4696
f 4696 4695 5708
f 5708 4695 4701
f 5708 4701 4703
f 4711 4713 5811
f 4703 4705 5708
f 5708 4705 4707
f 5708 4707 5811
f 5811 4707 4709
f 5811 4709 4711
f 4713 4715 5811
f 5811 4715 4717
f 5811 4717 4719
f 5813 5814 5710
f 5710 5814 5815
f 5816 5813 5817
f 5817 5813 5818
f 5816 5819 5813
f 5813 5819 5820
f 5813 5820 5814
f 5815 5821 5710
f 5710 5821 5822
f 5710 5822 5823
f 5824 5825 5728
f 5823 5826 5710
f 5710 5826 5827
f 5710 5827 5728
f 5728 5827 5828
f 5728 5828 5824
f 5825 5829 5728
f 5728 5829 5830
f 5728 5830 5831
f 5831 5830 5832
f 5832 5833 5831
f 5831 5833 5834
f 5831 5834 5835
f 5835 5836 5831
f 5831 5836 5837
f 5831 5837 5813
f 5813 5837 5838
f 5813 5838 5818
f 5839 5840 5740
f 5841 5842 5843
f 5843 5842 5844
f 5843 5844 5845
f 5845 5846 5843
f 5843 5846 5847
f 5843 5847 5740
f 5740 5847 5848
f 5740 5848 5839
f 5840 5849 5740
f 5740 5849 5850
f 5740 5850 5710
f 5710 5850 5851
f 5710 5851 5852
f 5852 5853 5710
f 5710 5853 5854
f 5710 5854 5855
f 5856 5857 5813
f 5855 5858 5710
f 5710 5858 5859
f 5710 5859 5813
f 5813 5859 5860
f 5813 5860 5856
f 5857 5861 5813
f 5813 5861 5862
f 5813 5862 5843
f 5843 5862 5863
f 5843 5863 5841
f 5491 5864 5492
f 5492 5864 5865
f 5492 5865 5866
f 5866 5867 5492
f 5492 5867 5868
f 5492 5868 5740
f 5740 5868 5869
f 5740 5869 5870
f 5871 5493 5872
f 5872 5493 5873
f 5871 5874 5493
f 5493 5874 5875
f 5493 5875 5491
f 5870 5876 5740
f 5740 5876 5877
f 5740 5877 5878
f 5879 5880 5843
f 5878 5881 5740
f 5740 5881 5882
f 5740 5882 5843
f 5843 5882 5883
f 5843 5883 5879
f 5880 5884 5843
f 5843 5884 5885
f 5843 5885 5493
f 5493 5885 5886
f 5493 5886 5873
f 5887 5888 5789
f 5889 5890 5891
f 5891 5890 5892
f 5891 5892 5893
f 5893 5894 5891
f 5891 5894 5895
f 5891 5895 5789
f 5789 5895 5896
f 5789 5896 5887
f 5888 5897 5789
f 5789 5897 5898
f 5789 5898 5492
f 5492 5898 5899
f 5492 5899 5900
f 5900 5901 5492
f 5492 5901 5902
f 5492 5902 5903
f 5904 5905 5493
f 5903 5906 5492
f 5492 5906 5907
f 5492 5907 5493
f 5493 5907 5908
f 5493 5908 5904
f 5905 5909 5493
f 5493 5909 5910
f 5493 5910 5891
f 5891 5910 5911
f 5891 5911 5889
f 4591 4593 5810
f 4577 4579 5912
f 5912 4579 4581
f 5912 4581 4583
f 4583 4585 5912
f 5912 4585 4587
f 5912 4587 5810
f 5810 4587 4589
f 5810 4589 4591
f 4593 4595 5810
f 5810 4595 4597
f 5810 4597 5789
f 5789 4597 4598
f 5789 4598 4552
f 4552 4551 5789
f 5789 4551 4557
f 5789 4557 4559
f 4567 4569 5891
f 4559 4561 5789
f 5789 4561 4563
f 5789 4563 5891
f 5891 4563 4565
f 5891 4565 4567
f 4569 4571 5891
f 5891 4571 4573
f 5891 4573 5912
f 5912 4573 4575
f 5912 4575 4577
f 4639 4641 5811
f 4625 4627 5913
f 5913 4627 4629
f 5913 4629 4631
f 4631 4633 5913
f 5913 4633 4635
f 5913 4635 5811
f 5811 4635 4637
f 5811 4637 4639
f 4641 4643 5811
f 5811 4643 4645
f 5811 4645 5810
f 5810 4645 4646
f 5810 4646 4600
f 4600 4599 5810
f 5810 4599 4605
f 5810 4605 4607
f 4615 4617 5912
f 4607 4609 5810
f 5810 4609 4611
f 5810 4611 5912
f 5912 4611 4613
f 5912 4613 4615
f 4617 4619 5912
f 5912 4619 4621
f 5912 4621 5913
f 5913 4621 4623
f 5913 4623 4625
f 5914 5913 4671
f 4671 4673 5914
f 5914 4673 4675
f 5914 4675 4677
f 4683 5812 4681
f 4681 5812 5914
f 4681 5914 4679
f 4679 5914 4677
f 4683 4685 5812
f 5812 4685 4687
f 5812 4687 4689
f 4689 4691 5812
f 5812 4691 4693
f 5812 4693 5811
f 5811 4693 4694
f 5811 4694 4648
f 4648 4647 5811
f 5811 4647 4653
f 5811 4653 4655
f 4663 4665 5913
f 4655 4657 5811
f 5811 4657 4659
f 5811 4659 5913
f 5913 4659 4661
f 5913 4661 4663
f 4665 4667 5913
f 5913 4667 4669
f 5913 4669 4671
f 5915 5916 5917
f 5917 5916 5918
f 5915 5919 5916
f 5916 5919 5920
f 5916 5920 5813
f 5813 5920 5921
f 5813 5921 5922
f 5922 5923 5813
f 5813 5923 5924
f 5813 5924 5925
f 5925 5926 5813
f 5813 5926 5927
f 5813 5927 5831
f 5831 5927 5928
f 5831 5928 5929
f 5929 5930 5831
f 5831 5930 5931
f 5831 5931 5932
f 5933 5934 5935
f 5935 5934 5936
f 5935 5936 5916
f 5916 5936 5937
f 5916 5937 5918
f 5932 5938 5831
f 5831 5938 5939
f 5831 5939 5935
f 5935 5939 5940
f 5935 5940 5933
f 5941 5942 5943
f 5943 5942 5944
f 5945 5843 5946
f 5946 5843 5942
f 5946 5942 5947
f 5947 5942 5941
f 5945 5948 5843
f 5843 5948 5949
f 5843 5949 5950
f 5950 5951 5843
f 5843 5951 5952
f 5843 5952 5813
f 5813 5952 5953
f 5813 5953 5954
f 5954 5955 5813
f 5813 5955 5956
f 5813 5956 5957
f 5958 5959 5916
f 5957 5960 5813
f 5813 5960 5961
f 5813 5961 5916
f 5916 5961 5962
f 5916 5962 5958
f 5959 5963 5916
f 5916 5963 5964
f 5916 5964 5942
f 5942 5964 5965
f 5942 5965 5944
f 5966 5967 5968
f 5968 5967 5969
f 5970 5493 5971
f 5971 5493 5967
f 5971 5967 5972
f 5972 5967 5966
f 5970 5973 5493
f 5493 5973 5974
f 5493 5974 5975
f 5975 5976 5493
f 5493 5976 5977
f 5493 5977 5843
f 5843 5977 5978
f 5843 5978 5979
f 5979 5980 5843
f 5843 5980 5981
f 5843 5981 5982
f 5983 5984 5942
f 5982 5985 5843
f 5843 5985 5986
f 5843 5986 5942
f 5942 5986 5987
f 5942 5987 5983
f 5984 5988 5942
f 5942 5988 5989
f 5942 5989 5967
f 5967 5989 5990
f 5967 5990 5969
f 5991 5992 5993
f 5993 5992 5994
f 5995 5891 5996
f 5996 5891 5992
f 5996 5992 5997
f 5997 5992 5991
f 5995 5998 5891
f 5891 5998 5999
f 5891 5999 6000
f 6000 6001 5891
f 5891 6001 6002
f 5891 6002 5493
f 5493 6002 6003
f 5493 6003 6004
f 6004 6005 5493
f 5493 6005 6006
f 5493 6006 6007
f 6008 6009 5967
f 6007 6010 5493
f 5493 6010 6011
f 5493 6011 5967
f 5967 6011 6012
f 5967 6012 6008
f 6009 6013 5967
f 5967 6013 6014
f 5967 6014 5992
f 5992 6014 6015
f 5992 6015 5994
f 4437 6016 4435
f 4435 6016 4433
f 4443 5912 4441
f 4441 5912 6016
f 4441 6016 4439
f 4439 6016 4437
f 4443 4445 5912
f 5912 4445 4447
f 5912 4447 4449
f 4449 4451 5912
f 5912 4451 4453
f 5912 4453 5891
f 5891 4453 4454
f 5891 4454 4408
f 4408 4407 5891
f 5891 4407 4413
f 5891 4413 4415
f 4423 4425 5992
f 4415 4417 5891
f 5891 4417 4419
f 5891 4419 5992
f 5992 4419 4421
f 5992 4421 4423
f 4425 4427 5992
f 5992 4427 4429
f 5992 4429 6016
f 6016 4429 4431
f 6016 4431 4433
f 4485 6017 4483
f 4483 6017 4481
f 4491 5913 4489
f 4489 5913 6017
f 4489 6017 4487
f 4487 6017 4485
f 4491 4493 5913
f 5913 4493 4495
f 5913 4495 4497
f 4497 4499 5913
f 5913 4499 4501
f 5913 4501 5912
f 5912 4501 4502
f 5912 4502 4456
f 4456 4455 5912
f 5912 4455 4461
f 5912 4461 4463
f 4471 4473 6016
f 4463 4465 5912
f 5912 4465 4467
f 5912 4467 6016
f 6016 4467 4469
f 6016 4469 4471
f 4473 4475 6016
f 6016 4475 4477
f 6016 4477 6017
f 6017 4477 4479
f 6017 4479 4481
f 6018 4529 4531
f 4539 4541 5914
f 5914 4541 4543
f 5914 4543 4545
f 4545 4547 5914
f 5914 4547 4549
f 5914 4549 5913
f 5913 4549 4550
f 5913 4550 4504
f 4531 4533 6018
f 6018 4533 4535
f 6018 4535 5914
f 5914 4535 4537
f 5914 4537 4539
f 4504 4503 5913
f 5913 4503 4509
f 5913 4509 4511
f 4519 4521 6017
f 4511 4513 5913
f 5913 4513 4515
f 5913 4515 6017
f 6017 4515 4517
f 6017 4517 4519
f 4521 4523 6017
f 6017 4523 4525
f 6017 4525 6018
f 6018 4525 4527
f 6018 4527 4529
f 4089 4082 5494
f 5494 4082 4081
f 5494 4081 5605
f 5605 4081 4077
f 5605 4077 5709
f 5709 4077 4076
f 5709 4076 5812
f 5812 4076 4080
f 5812 4080 5914
f 5914 4080 4079
f 5914 4079 6018
f 5935 5916 6019
f 6019 5916 5942
f 6016 5480 5992
f 5992 5480 5967
f 6016 6017 5480
f 5480 6017 6018
f 5480 6018 4079
f 5486 4013 5449
f 5942 5967 6019
f 6019 5967 5480
f 6019 5480 6020
f 6020 5480 5482
f 6020 5482 6021
f 6021 5482 5485
f 6021 5485 6022
f 6022 5485 5484
f 6022 5484 6023
f 6023 5484 5486
f 6023 5486 6024
f 6024 5486 5449
f 2895 2131 2138
f 4071 4074 5443
f 2895 2138 2897
f 2890 4071 2891
f 2891 4071 2893
f 5443 5445 4071
f 4071 5445 5444
f 4071 5444 2893
f 2883 2901 2138
f 2138 2901 2899
f 2138 2899 2897
f 2890 2888 4071
f 4071 2888 2886
f 4071 2886 2138
f 2138 2886 2884
f 2138 2884 2883
f 6025 6026 6027
f 6027 6028 6025
f 6025 6028 6029
f 6025 6029 6030
f 6031 6032 6033
f 6029 6034 6030
f 6030 6034 6035
f 6030 6035 6036
f 6032 6031 6037
f 6037 6031 6038
f 6037 6038 6039
f 6039 6038 6040
f 6039 6040 6041
f 6041 6040 6042
f 6041 6042 6043
f 6036 6035 6044
f 6044 6035 6045
f 6044 6045 6046
f 6046 6045 6047
f 6046 6047 6048
f 6048 6047 6049
f 6049 6047 6050
f 6049 6050 6051
f 6051 6050 6052
f 6052 6050 6053
f 6052 6053 6033
f 6033 6053 6054
f 6033 6054 6031
f 1113 1128 6055
f 6056 6057 6058
f 6058 6057 6059
f 6036 6044 6055
f 6055 6044 6046
f 6055 6046 6048
f 6026 6025 6055
f 6055 6025 6030
f 6055 6030 6036
f 6037 6039 6055
f 6048 6049 6055
f 6055 6049 6051
f 6055 6051 6052
f 6052 6033 6055
f 6055 6033 6032
f 6055 6032 6037
f 6039 6041 6055
f 6055 6041 6043
f 6055 6043 6058
f 6058 6043 6060
f 6058 6060 6056
f 1128 1127 6061
f 6061 6062 1128
f 1128 6062 6063
f 1128 6063 6055
f 6055 6063 6064
f 6055 6064 6026
f 6065 1114 1113
f 1113 6055 6065
f 6065 6055 6058
f 6065 6058 6066
f 6066 6058 6059
f 6066 6059 6067
f 6067 6059 6068
f 6067 6068 6069
f 6070 6068 6071
f 6071 6068 6059
f 6071 6059 6072
f 6072 6059 6057
f 6073 6074 6075
f 6075 6074 6076
f 6077 6078 6079
f 6080 6081 6076
f 6076 6081 6082
f 6076 6082 6075
f 6075 6082 6083
f 6075 6083 6084
f 6084 6083 6085
f 6085 6086 6084
f 6084 6086 6077
f 6084 6077 6087
f 6087 6077 6079
f 6088 6089 6090
f 6091 6092 6093
f 6094 6095 6096
f 6096 6095 6097
f 6093 6096 6091
f 6091 6096 6097
f 6091 6097 6098
f 6098 6097 6099
f 6100 6101 6102
f 6102 6101 6088
f 6102 6088 6099
f 6099 6088 6090
f 6099 6090 6098
f 6103 6104 6105
f 6105 6104 6106
f 6105 6106 6107
f 6107 6106 6108
f 6107 6108 6109
f 6109 6108 6110
f 6109 6110 6111
f 6111 6110 6112
f 6111 6112 6113
f 6113 6112 6114
f 6113 6114 6115
f 6115 6114 6116
f 6115 6116 6117
f 6117 6116 6118
f 6119 6120 6121
f 6121 6120 6122
f 6121 6122 6123
f 6123 6122 6124
f 6123 6124 6125
f 6125 6124 6126
f 6125 6126 6127
f 6127 6126 6128
f 6127 6128 6129
f 6129 6128 6130
f 6129 6130 6131
f 6131 6130 6132
f 6131 6132 6133
f 6133 6132 6134
f 6135 6136 6137
f 6137 6136 6138
f 6137 6138 6139
f 6139 6138 6140
f 6139 6140 6141
f 6141 6140 6142
f 6141 6142 6143
f 6143 6142 6144
f 6143 6144 6145
f 6145 6144 6146
f 6145 6146 6147
f 6147 6146 6148
f 6149 6150 6151
f 6151 6150 6152
f 6151 6152 6153
f 6153 6152 6154
f 6153 6154 6155
f 6155 6154 6156
f 6155 6156 6157
f 6157 6156 6158
f 6157 6158 6159
f 6159 6158 6160
f 6159 6160 6161
f 6161 6160 6162
f 6163 971 6164
f 6165 6166 6167
f 6167 6166 6168
f 6167 6168 6169
f 6170 6171 6165
f 6165 6171 6172
f 6165 6172 6166
f 6173 6174 6175
f 6175 6174 6176
f 6175 6176 6177
f 6168 6178 6169
f 6169 6178 6179
f 6169 6179 6167
f 6167 6179 6177
f 6167 6177 6165
f 6165 6177 6176
f 6165 6176 6170
f 6170 6176 6174
f 6170 6174 6180
f 6181 6182 6183
f 6183 6182 6184
f 6183 6184 6185
f 6185 6184 6164
f 971 6186 6164
f 6164 6186 6187
f 6164 6187 6185
f 6178 6188 6163
f 6163 6188 971
f 6178 6163 6179
f 6179 6163 6164
f 6179 6164 6177
f 6177 6164 6184
f 6177 6184 6175
f 6175 6184 6182
f 6175 6182 6173
f 6180 6174 6136
f 6136 6174 6138
f 6146 6144 6173
f 6173 6144 6142
f 6173 6142 6174
f 6174 6142 6140
f 6174 6140 6138
f 6173 6182 6146
f 6146 6182 6181
f 6146 6181 6148
f 6189 6190 6191
f 936 6192 6193
f 6131 6194 6129
f 6129 6194 6195
f 6129 6195 6127
f 6127 6195 6196
f 6127 6196 6125
f 6125 6196 6123
f 6123 6196 6197
f 6123 6197 6121
f 6121 6197 6198
f 6121 6198 6119
f 936 6193 937
f 937 6193 6199
f 937 6199 961
f 961 6199 6200
f 961 6200 953
f 953 6200 6191
f 953 6191 933
f 933 6191 6190
f 933 6190 934
f 6131 6133 6194
f 6194 6133 6201
f 6194 6201 6189
f 6189 6191 6194
f 6194 6191 6200
f 6194 6200 6195
f 6195 6200 6199
f 6195 6199 6196
f 6196 6199 6193
f 6196 6193 6197
f 6197 6193 6192
f 6197 6192 6198
f 6202 6203 6204
f 6205 6206 6207
f 6208 6209 6104
f 6104 6209 6106
f 6106 6209 6108
f 6108 6209 6210
f 6108 6210 6110
f 6110 6210 6211
f 6110 6211 6112
f 6112 6211 6114
f 6114 6211 6204
f 6114 6204 6116
f 6116 6204 6203
f 6116 6203 6118
f 6205 6207 6212
f 6212 6207 6213
f 6212 6213 6214
f 6214 6213 6215
f 6214 6215 6216
f 6216 6215 6217
f 6216 6217 6218
f 6205 4037 6206
f 6206 4037 6219
f 6206 6219 6202
f 6202 6204 6206
f 6206 6204 6211
f 6206 6211 6207
f 6207 6211 6210
f 6207 6210 6213
f 6213 6210 6209
f 6213 6209 6215
f 6215 6209 6208
f 6215 6208 6217
f 6220 6221 6158
f 6158 6221 6222
f 6158 6222 6160
f 6160 6222 6223
f 6160 6223 6162
f 6158 6156 6220
f 6220 6156 6154
f 6220 6154 6224
f 6154 6152 6224
f 6224 6152 6150
f 6224 6150 6225
f 6226 4036 6227
f 6228 6229 6227
f 6227 6229 6230
f 6227 6230 6226
f 6226 6230 6231
f 6224 6225 6231
f 6222 6232 6223
f 6223 6232 6233
f 6234 6235 6236
f 6237 6238 6239
f 6239 6238 6240
f 6239 6240 6241
f 6224 6242 6220
f 6220 6242 6243
f 6220 6243 6221
f 6221 6243 6244
f 6221 6244 6222
f 6222 6244 6245
f 6222 6245 6232
f 4036 6246 6227
f 6227 6246 6237
f 6227 6237 6228
f 6228 6237 6239
f 6228 6239 6234
f 6234 6239 6241
f 6234 6241 6235
f 6224 6231 6242
f 6242 6231 6230
f 6242 6230 6243
f 6243 6230 6229
f 6243 6229 6244
f 6244 6229 6228
f 6244 6228 6245
f 6245 6228 6234
f 6245 6234 6232
f 6232 6234 6236
f 6232 6236 6233
f 6149 6117 6150
f 6150 6117 6118
f 6247 6248 6249
f 6250 5450 6251
f 6252 6253 6254
f 6252 6254 6255
f 6255 6254 6256
f 6255 6256 6251
f 6257 6248 6258
f 6258 6248 6247
f 6258 6247 6259
f 6260 6250 6261
f 6249 6262 6247
f 6247 6262 6263
f 6247 6263 6259
f 6259 6263 6264
f 6259 6264 6261
f 6261 6264 6265
f 6261 6265 6260
f 6262 6266 6263
f 6263 6266 6267
f 6263 6267 6264
f 6264 6267 6268
f 6264 6268 6265
f 6265 6268 6269
f 6265 6269 6260
f 6250 6251 6261
f 6261 6251 6256
f 6261 6256 6259
f 6259 6256 6254
f 6259 6254 6258
f 6258 6254 6253
f 6258 6253 6257
f 6260 5450 6250
f 6153 6155 6270
f 6157 6159 6271
f 6271 6159 6161
f 6149 6151 6272
f 6272 6151 6273
f 6272 6273 6274
f 6274 6273 6275
f 6274 6275 6276
f 6276 6275 6277
f 6276 6277 6278
f 6279 6257 6253
f 6280 6249 6248
f 6161 6281 6271
f 6271 6281 6282
f 6271 6282 6283
f 6283 6282 6280
f 6283 6280 6284
f 6284 6280 6248
f 6284 6248 6257
f 6257 6279 6284
f 6284 6279 6285
f 6284 6285 6283
f 6283 6285 6270
f 6283 6270 6271
f 6271 6270 6155
f 6271 6155 6157
f 6252 6278 6253
f 6253 6278 6277
f 6253 6277 6279
f 6279 6277 6275
f 6279 6275 6285
f 6285 6275 6273
f 6285 6273 6270
f 6270 6273 6151
f 6270 6151 6153
f 6107 6109 6286
f 6287 6288 6289
f 6290 6291 6292
f 6113 6115 6293
f 6293 6115 6117
f 5466 6294 6295
f 6295 6294 6296
f 6295 6296 6297
f 6297 6296 6298
f 6299 6300 6298
f 6298 6300 6301
f 6298 6301 6297
f 6117 6302 6293
f 6293 6302 6303
f 6293 6303 6299
f 6299 6303 6304
f 6299 6304 6300
f 6294 6287 6296
f 6296 6287 6289
f 6296 6289 6298
f 6298 6289 6305
f 6298 6305 6299
f 6299 6305 6306
f 6299 6306 6293
f 6293 6306 6307
f 6293 6307 6113
f 6113 6307 6111
f 6288 6308 6289
f 6289 6308 6309
f 6289 6309 6305
f 6305 6309 6310
f 6305 6310 6306
f 6306 6310 6311
f 6306 6311 6307
f 6307 6311 6286
f 6307 6286 6111
f 6111 6286 6109
f 6308 6290 6309
f 6309 6290 6292
f 6309 6292 6310
f 6310 6292 6312
f 6310 6312 6311
f 6311 6312 6313
f 6311 6313 6286
f 6286 6313 6314
f 6286 6314 6107
f 6107 6314 6105
f 6103 6105 6315
f 6315 6105 6314
f 6315 6314 6316
f 6316 6314 6313
f 6316 6313 6317
f 6317 6313 6312
f 6317 6312 6318
f 6318 6312 6292
f 6318 6292 6319
f 6319 6292 6291
f 6320 6321 946
f 946 6321 6322
f 946 6322 6323
f 6324 6325 6326
f 6326 6325 6327
f 6328 936 6329
f 6329 936 935
f 6329 935 940
f 940 942 6329
f 6329 942 944
f 6329 944 6323
f 6323 944 945
f 6323 945 946
f 6119 6198 6328
f 6328 6198 6192
f 6328 6192 936
f 6330 6331 6332
f 6332 6331 6333
f 6332 6333 6334
f 6334 6333 6218
f 6334 6218 6217
f 6327 6325 6335
f 6335 6325 6336
f 6335 6336 6332
f 6332 6336 6337
f 6332 6337 6330
f 6338 6339 6340
f 6119 6328 6120
f 6120 6328 6338
f 6120 6338 6341
f 6341 6338 6340
f 6341 6340 6342
f 6217 6208 6334
f 6334 6208 6104
f 6334 6104 6343
f 6343 6104 6103
f 6343 6103 6344
f 6344 6103 6315
f 6344 6315 6316
f 6339 6338 6345
f 6345 6338 6346
f 6345 6346 6319
f 6319 6346 6344
f 6319 6344 6318
f 6318 6344 6316
f 6318 6316 6317
f 6130 6128 6347
f 6124 6122 6348
f 6349 6350 6351
f 6352 6353 6354
f 6354 6353 5458
f 6134 6132 6355
f 6355 6132 6356
f 6355 6356 6357
f 6357 6356 6358
f 6359 6360 6358
f 6358 6360 6361
f 6358 6361 6357
f 5458 6362 6354
f 6354 6362 6363
f 6354 6363 6359
f 6359 6363 6364
f 6359 6364 6360
f 6132 6130 6356
f 6356 6130 6347
f 6356 6347 6358
f 6358 6347 6365
f 6358 6365 6359
f 6359 6365 6366
f 6359 6366 6354
f 6354 6366 6367
f 6354 6367 6352
f 6352 6367 6368
f 6128 6126 6347
f 6347 6126 6369
f 6347 6369 6365
f 6365 6369 6370
f 6365 6370 6366
f 6366 6370 6371
f 6366 6371 6367
f 6367 6371 6351
f 6367 6351 6368
f 6368 6351 6350
f 6126 6124 6369
f 6369 6124 6348
f 6369 6348 6370
f 6370 6348 6372
f 6370 6372 6371
f 6371 6372 6373
f 6371 6373 6351
f 6351 6373 6374
f 6351 6374 6349
f 6349 6374 6375
f 6345 6375 6339
f 6339 6375 6374
f 6339 6374 6340
f 6340 6374 6373
f 6340 6373 6342
f 6342 6373 6372
f 6342 6372 6341
f 6341 6372 6348
f 6341 6348 6120
f 6120 6348 6122
f 6148 6133 6147
f 6147 6133 6134
f 6143 6145 6376
f 6377 6378 6379
f 6380 6381 6382
f 6383 6384 6381
f 6381 6380 6383
f 6383 6380 6385
f 6383 6385 6386
f 6386 6385 6387
f 6387 6385 6376
f 6387 6376 6388
f 6388 6376 6145
f 6388 6145 6147
f 6139 6141 6389
f 6389 6141 6143
f 6390 6135 6137
f 6379 6391 6377
f 6377 6391 6392
f 6377 6392 6393
f 6393 6392 6390
f 6393 6390 6394
f 6394 6390 6137
f 6394 6137 6139
f 6139 6389 6394
f 6394 6389 6395
f 6394 6395 6393
f 6393 6395 6396
f 6393 6396 6377
f 6143 6376 6389
f 6389 6376 6385
f 6389 6385 6395
f 6395 6385 6380
f 6395 6380 6396
f 6396 6380 6382
f 6396 6382 6377
f 6377 6382 6397
f 6377 6397 6378
f 6398 6399 6400
f 6401 6402 6403
f 6403 6402 6404
f 6403 6404 6405
f 6405 6404 6406
f 6381 6384 6406
f 6399 6398 6407
f 6379 6378 6408
f 6408 6378 6409
f 6410 6400 6411
f 6381 6412 6382
f 6382 6412 6413
f 6382 6413 6397
f 6397 6413 6414
f 6397 6414 6378
f 6378 6414 6415
f 6378 6415 6409
f 6400 6410 6398
f 6398 6410 6401
f 6398 6401 6407
f 6407 6401 6403
f 6407 6403 5446
f 6405 5446 6403
f 6381 6406 6412
f 6412 6406 6404
f 6412 6404 6413
f 6413 6404 6402
f 6413 6402 6414
f 6414 6402 6401
f 6414 6401 6415
f 6415 6401 6410
f 6415 6410 6409
f 6409 6410 6411
f 6409 6411 6408
f 6136 6416 6417
f 6379 6418 6391
f 6391 6418 6419
f 6391 6419 6392
f 6392 6419 6420
f 6180 6136 6421
f 6421 6136 6417
f 6421 6417 6422
f 6420 6423 6392
f 6392 6423 6424
f 6392 6424 6390
f 6390 6424 6425
f 6390 6425 6135
f 6135 6425 6426
f 6135 6426 6136
f 6136 6426 6427
f 6136 6427 6416
f 6428 6429 6430
f 6430 6429 6431
f 6430 6431 6417
f 6417 6431 6432
f 6417 6432 6422
f 6433 6249 6280
f 6223 6434 6162
f 6162 6434 6435
f 6162 6435 6436
f 6282 6437 6280
f 6280 6437 6438
f 6280 6438 6433
f 6436 6439 6162
f 6162 6439 6440
f 6162 6440 6161
f 6161 6440 6441
f 6161 6441 6281
f 6281 6441 6442
f 6281 6442 6282
f 6282 6442 6443
f 6282 6443 6437
f 6434 6444 6435
f 6435 6444 6445
f 6435 6445 6446
f 6446 6447 6435
f 6435 6447 6448
f 6435 6448 6449
f 6449 6448 6450
f 6451 6452 6453
f 6453 6452 6454
f 6455 6456 6457
f 6457 6456 6458
f 6459 6455 6460
f 6460 6455 6457
f 6460 6457 6461
f 6461 6457 6458
f 6461 6458 6462
f 6463 6464 6465
f 6465 6464 6466
f 6465 6466 6467
f 6453 6463 6451
f 6451 6463 6465
f 6451 6465 6468
f 6468 6465 6467
f 6468 6467 6469
f 6470 6459 6469
f 6469 6459 6460
f 6469 6460 6468
f 6468 6460 6461
f 6468 6461 6451
f 6451 6461 6462
f 6451 6462 6452
f 2107 6470 6471
f 6471 6470 6469
f 6471 6469 6472
f 6472 6469 6467
f 6472 6467 6473
f 6473 6467 6466
f 6473 6466 6474
f 6474 6466 6464
f 6475 6067 6476
f 6476 6067 6069
f 6477 1114 6478
f 6478 1114 6065
f 6479 6477 6480
f 6480 6477 6478
f 6480 6478 6481
f 6481 6478 6065
f 6481 6065 6066
f 6482 6483 6484
f 6484 6483 6485
f 6484 6485 6486
f 6476 6482 6475
f 6475 6482 6484
f 6475 6484 6487
f 6487 6484 6486
f 6487 6486 6488
f 6489 6479 6488
f 6488 6479 6480
f 6488 6480 6487
f 6487 6480 6481
f 6487 6481 6475
f 6475 6481 6066
f 6475 6066 6067
f 6490 6489 6491
f 6491 6489 6488
f 6491 6488 6492
f 6492 6488 6486
f 6492 6486 6493
f 6493 6486 6485
f 6493 6485 6494
f 6494 6485 6483
f 6495 6496 6497
f 4891 6498 6499
f 6499 6498 6500
f 6499 6500 6501
f 6501 6500 6502
f 6501 6502 6503
f 6503 6502 6504
f 6503 6504 6505
f 6495 6497 6506
f 6506 6497 6507
f 6506 6507 6508
f 6509 6508 6510
f 6510 6508 6507
f 6510 6507 6511
f 6512 6513 6514
f 6515 6511 6516
f 6516 6511 6507
f 6516 6507 6517
f 6517 6507 6497
f 6517 6497 6518
f 6518 6497 6496
f 6513 6515 6514
f 6514 6515 6516
f 6514 6516 6519
f 6519 6516 6517
f 6519 6517 6520
f 6520 6517 6518
f 4891 6512 6498
f 6498 6512 6514
f 6498 6514 6500
f 6500 6514 6519
f 6500 6519 6502
f 6502 6519 6520
f 6502 6520 6504
f 6504 6520 6518
f 6504 6518 6521
f 6521 6518 6496
f 6521 6496 6522
f 6522 6496 6495
f 6522 6495 6523
f 6524 6525 6526
f 6527 6528 6529
f 6529 6528 6530
f 6529 6530 6531
f 6531 6530 6532
f 6531 6532 6533
f 6533 6532 6534
f 6533 6534 6535
f 6524 6526 6536
f 6536 6526 6537
f 6536 6537 6538
f 4888 6538 6539
f 6539 6538 6537
f 6539 6537 6540
f 6541 6542 6543
f 6544 6540 6545
f 6545 6540 6537
f 6545 6537 6546
f 6546 6537 6526
f 6546 6526 6547
f 6547 6526 6525
f 6542 6544 6543
f 6543 6544 6545
f 6543 6545 6548
f 6548 6545 6546
f 6548 6546 6549
f 6549 6546 6547
f 6527 6541 6528
f 6528 6541 6543
f 6528 6543 6530
f 6530 6543 6548
f 6530 6548 6532
f 6532 6548 6549
f 6532 6549 6534
f 6534 6549 6547
f 6534 6547 6550
f 6550 6547 6525
f 6550 6525 6551
f 6551 6525 6524
f 6551 6524 6552
f 1988 1987 6553
f 6554 6416 6427
f 6555 6417 6416
f 6416 6554 6555
f 6555 6554 6556
f 6555 6556 6557
f 6557 6556 6553
f 6557 6553 6558
f 6558 6553 1987
f 6558 1987 1986
f 6559 1979 1988
f 1977 1979 6560
f 6560 1979 6559
f 6560 6559 6561
f 6561 6559 6562
f 6426 6563 6564
f 6564 6563 6565
f 6564 6565 6562
f 6562 6565 6566
f 6562 6566 6561
f 1988 6553 6559
f 6559 6553 6556
f 6559 6556 6562
f 6562 6556 6554
f 6562 6554 6564
f 6564 6554 6427
f 6564 6427 6426
f 6567 6430 6417
f 6568 6428 6430
f 6569 6429 6428
f 6570 6431 6429
f 6429 6569 6570
f 6570 6569 6571
f 6570 6571 6572
f 6572 6571 6573
f 6572 6573 6574
f 6574 6573 2040
f 6574 2040 972
f 6558 1986 2037
f 6417 6555 6567
f 6567 6555 6557
f 6567 6557 6575
f 6575 6557 6558
f 6575 6558 6576
f 6576 6558 2037
f 6576 2037 2038
f 6428 6568 6569
f 6569 6568 6577
f 6569 6577 6571
f 6571 6577 6578
f 6571 6578 6573
f 6430 6567 6568
f 6568 6567 6575
f 6568 6575 6577
f 6577 6575 6576
f 6577 6576 6578
f 6578 6576 2038
f 6578 2038 6573
f 6573 2038 2039
f 6573 2039 2040
f 3485 1977 6560
f 6579 3987 3986
f 3985 3984 6560
f 6560 3984 3983
f 6560 3983 3485
f 6426 6425 6563
f 6563 6425 6580
f 6563 6580 6565
f 6565 6580 6581
f 6565 6581 6566
f 6566 6581 6582
f 6566 6582 6561
f 6561 6582 6583
f 6561 6583 6560
f 6560 6583 6579
f 6560 6579 3985
f 3985 6579 3986
f 6527 6529 6584
f 6584 6529 6585
f 6531 6586 6529
f 6529 6586 6587
f 6529 6587 6585
f 6588 6589 6533
f 6533 6589 6590
f 6533 6590 6531
f 6531 6590 6591
f 6531 6591 6586
f 6592 6593 6594
f 6594 6593 6595
f 6594 6595 6596
f 6588 6533 6596
f 6596 6533 6535
f 6596 6535 6594
f 6597 6527 6598
f 6598 6527 6584
f 6599 6600 6601
f 6601 6600 6597
f 6601 6597 6602
f 6602 6597 6598
f 6603 6604 6605
f 6605 6604 6456
f 6606 6454 6607
f 6607 6454 6452
f 6607 6452 6608
f 6608 6452 6462
f 6608 6462 6609
f 6609 6462 6610
f 6610 6462 6458
f 6610 6458 6611
f 6611 6458 6612
f 6612 6458 6456
f 6612 6456 6604
f 6171 6170 6613
f 6613 6170 6180
f 6614 6168 6166
f 6615 6188 6178
f 971 6188 986
f 986 6188 6615
f 986 6615 984
f 984 6615 6616
f 984 6616 982
f 982 6616 980
f 980 6616 6617
f 980 6617 978
f 978 6617 976
f 976 6617 6618
f 976 6618 974
f 974 6618 6574
f 974 6574 972
f 6432 6431 6570
f 6180 6421 6613
f 6613 6421 6422
f 6613 6422 6619
f 6619 6422 6432
f 6619 6432 6620
f 6620 6432 6570
f 6178 6168 6615
f 6615 6168 6614
f 6615 6614 6616
f 6616 6614 6621
f 6616 6621 6617
f 6617 6621 6622
f 6617 6622 6618
f 6618 6622 6623
f 6618 6623 6574
f 6574 6623 6572
f 6166 6172 6614
f 6614 6172 6171
f 6614 6171 6621
f 6621 6171 6613
f 6621 6613 6622
f 6622 6613 6619
f 6622 6619 6623
f 6623 6619 6620
f 6623 6620 6572
f 6572 6620 6570
f 6133 6148 6201
f 6201 6148 6181
f 6201 6181 6189
f 6181 6183 6189
f 6189 6183 6185
f 6189 6185 6190
f 6190 6185 6187
f 6190 6187 934
f 934 6187 6186
f 934 6186 971
f 6325 6324 6624
f 6624 6324 6625
f 6624 6625 6626
f 6626 6625 6320
f 951 2071 949
f 949 2071 6627
f 949 6627 947
f 947 6627 6628
f 947 6628 952
f 952 6628 6629
f 952 6629 955
f 955 6629 6630
f 955 6630 921
f 921 6630 6626
f 921 6626 922
f 922 6626 6320
f 922 6320 946
f 6626 6630 6631
f 6628 6627 6632
f 6632 6627 2071
f 6336 6325 6624
f 6624 6633 6336
f 6336 6633 6634
f 6336 6634 6337
f 6337 6634 6635
f 6337 6635 6330
f 6330 6635 6636
f 6330 6636 6331
f 6331 6636 6637
f 6331 6637 6333
f 6333 6637 6216
f 6333 6216 6218
f 4038 4037 6205
f 6205 6638 4038
f 4038 6638 6639
f 4038 6639 4047
f 2071 4049 6632
f 6632 4049 4050
f 6632 4050 6640
f 6640 4050 4051
f 6640 4051 6641
f 6641 4051 4052
f 6641 4052 6639
f 6639 4052 4048
f 6639 4048 4047
f 6205 6212 6638
f 6638 6212 6642
f 6638 6642 6639
f 6639 6642 6643
f 6639 6643 6641
f 6641 6643 6644
f 6641 6644 6640
f 6640 6644 6645
f 6640 6645 6632
f 6632 6645 6646
f 6632 6646 6628
f 6628 6646 6629
f 6212 6214 6642
f 6642 6214 6647
f 6642 6647 6643
f 6643 6647 6648
f 6643 6648 6644
f 6644 6648 6649
f 6644 6649 6645
f 6645 6649 6650
f 6645 6650 6646
f 6646 6650 6631
f 6646 6631 6629
f 6629 6631 6630
f 6214 6216 6647
f 6647 6216 6637
f 6647 6637 6648
f 6648 6637 6636
f 6648 6636 6649
f 6649 6636 6635
f 6649 6635 6650
f 6650 6635 6634
f 6650 6634 6631
f 6631 6634 6633
f 6631 6633 6626
f 6626 6633 6624
f 4037 4036 6226
f 6150 6118 6225
f 6225 6118 6203
f 6225 6203 6231
f 6231 6203 6202
f 6231 6202 6226
f 6226 6202 6219
f 6226 6219 4037
f 6233 6236 6651
f 6235 6241 6652
f 4036 4046 6246
f 6246 4046 6653
f 6240 6238 6653
f 6653 6238 6237
f 6653 6237 6246
f 6233 6651 6223
f 6223 6651 6434
f 6434 6651 6654
f 6434 6654 6444
f 6444 6654 6655
f 6444 6655 6445
f 6445 6655 6656
f 6445 6656 6446
f 4039 6657 4040
f 4040 6657 6658
f 4040 6658 4041
f 4041 6658 6659
f 4046 4045 6653
f 6653 4045 4044
f 6653 4044 6660
f 6660 4044 4043
f 6660 4043 6659
f 6659 4043 4042
f 6659 4042 4041
f 6657 6661 6658
f 6658 6661 6662
f 6658 6662 6659
f 6659 6662 6663
f 6659 6663 6660
f 6660 6663 6664
f 6660 6664 6653
f 6653 6664 6652
f 6653 6652 6240
f 6240 6652 6241
f 6661 6656 6662
f 6662 6656 6655
f 6662 6655 6663
f 6663 6655 6654
f 6663 6654 6664
f 6664 6654 6651
f 6664 6651 6652
f 6652 6651 6236
f 6652 6236 6235
f 6665 2138 2137
f 6666 6667 6668
f 6668 6669 6666
f 6666 6669 6670
f 6666 6670 6671
f 6671 6670 6672
f 6671 6672 6673
f 6674 6675 6676
f 6676 6677 6674
f 6674 6677 6678
f 6674 6678 6672
f 6672 6678 6679
f 6672 6679 6673
f 6680 6472 6473
f 6681 6471 6472
f 2107 6471 2108
f 2108 6471 6681
f 2108 6681 2123
f 2123 6681 6682
f 2123 6682 2121
f 2121 6682 6683
f 2121 6683 2129
f 6684 6685 6686
f 2129 6683 2134
f 2134 6683 6687
f 2134 6687 2135
f 2135 6687 6684
f 2135 6684 2137
f 2137 6684 6686
f 2137 6686 6665
f 6688 6689 6690
f 6668 6691 6669
f 6669 6691 6692
f 6669 6692 6693
f 6472 6680 6681
f 6681 6680 6694
f 6681 6694 6682
f 6682 6694 6695
f 6682 6695 6683
f 6683 6695 6696
f 6683 6696 6687
f 6687 6696 6688
f 6687 6688 6684
f 6684 6688 6690
f 6684 6690 6685
f 6474 6676 6473
f 6473 6676 6675
f 6473 6675 6680
f 6680 6675 6674
f 6680 6674 6694
f 6694 6674 6672
f 6694 6672 6695
f 6695 6672 6670
f 6695 6670 6696
f 6696 6670 6669
f 6696 6669 6688
f 6688 6669 6693
f 6688 6693 6689
f 2107 2106 6470
f 6470 2106 6697
f 6470 6697 6459
f 6459 6697 6698
f 6459 6698 6455
f 6455 6698 6605
f 6455 6605 6456
f 3698 3699 3175
f 3175 3699 3176
f 3175 3174 3698
f 3698 3174 3170
f 3698 3170 3697
f 3697 3170 3169
f 3697 3169 3700
f 3700 3169 3173
f 3700 3173 3701
f 3701 3173 3172
f 3701 3172 3475
f 3475 3172 3171
f 3475 3171 3690
f 3690 3171 3168
f 3690 3168 3691
f 3691 3168 3167
f 3691 3167 3692
f 3692 3167 3166
f 3692 3166 3693
f 3693 3166 3160
f 3693 3160 3694
f 3694 3160 3159
f 3694 3159 3695
f 3695 3159 3158
f 3695 3158 3696
f 3696 3158 3157
f 3696 3157 3702
f 3702 3157 3156
f 3702 3156 3703
f 3703 3156 3155
f 3703 3155 3704
f 3704 3155 3154
f 3704 3154 3707
f 3707 3154 2941
f 3707 2941 3708
f 3708 2941 3165
f 3708 3165 3709
f 3709 3165 3164
f 3709 3164 3705
f 3705 3164 3161
f 3705 3161 3706
f 3706 3161 3162
f 3706 3162 3710
f 3710 3162 3163
f 3710 3163 3711
f 3711 3163 3176
f 3711 3176 3712
f 3712 3176 3699
f 3721 3722 3198
f 3198 3722 3199
f 3198 3197 3721
f 3721 3197 3193
f 3721 3193 3720
f 3720 3193 3192
f 3720 3192 3723
f 3723 3192 3196
f 3723 3196 3724
f 3724 3196 3195
f 3724 3195 3473
f 3473 3195 3194
f 3473 3194 3713
f 3713 3194 3191
f 3713 3191 3714
f 3714 3191 3190
f 3714 3190 3715
f 3715 3190 3189
f 3715 3189 3716
f 3716 3189 3183
f 3716 3183 3717
f 3717 3183 3182
f 3717 3182 3718
f 3718 3182 3181
f 3718 3181 3719
f 3719 3181 3180
f 3719 3180 3725
f 3725 3180 3179
f 3725 3179 3726
f 3726 3179 3178
f 3726 3178 3727
f 3727 3178 3177
f 3727 3177 3730
f 3730 3177 2939
f 3730 2939 3731
f 3731 2939 3188
f 3731 3188 3732
f 3732 3188 3187
f 3732 3187 3728
f 3728 3187 3184
f 3728 3184 3729
f 3729 3184 3185
f 3729 3185 3733
f 3733 3185 3186
f 3733 3186 3734
f 3734 3186 3199
f 3734 3199 3735
f 3735 3199 3722
f 3742 3206 3748
f 3748 3206 3202
f 3748 3202 3749
f 3749 3202 3201
f 3749 3201 3750
f 3750 3201 3200
f 3750 3200 3753
f 3753 3200 2937
f 3753 2937 3754
f 3754 2937 3211
f 3754 3211 3755
f 3755 3211 3210
f 3755 3210 3751
f 3751 3210 3207
f 3751 3207 3752
f 3752 3207 3208
f 3752 3208 3756
f 3756 3208 3209
f 3756 3209 3757
f 3757 3209 3223
f 3757 3223 3758
f 3758 3223 3222
f 3758 3222 3745
f 3745 3222 3221
f 3745 3221 3744
f 3744 3221 3220
f 3744 3220 3743
f 3743 3220 3219
f 3743 3219 3746
f 3746 3219 3218
f 3746 3218 3747
f 3747 3218 3217
f 3747 3217 3471
f 3471 3217 3216
f 3471 3216 3736
f 3736 3216 3215
f 3736 3215 3737
f 3737 3215 3214
f 3737 3214 3738
f 3738 3214 3213
f 3738 3213 3739
f 3739 3213 3212
f 3739 3212 3740
f 3740 3212 3203
f 3740 3203 3741
f 3741 3203 3205
f 3741 3205 3742
f 3742 3205 3206
f 3773 3228 3774
f 3774 3228 3227
f 3774 3227 3775
f 3775 3227 3226
f 3775 3226 3776
f 3776 3226 3225
f 3776 3225 3779
f 3779 3225 3224
f 3779 3224 3780
f 3780 3224 3236
f 3780 3236 3781
f 3781 3236 3235
f 3781 3235 3777
f 3777 3235 3232
f 3777 3232 3778
f 3778 3232 3233
f 3778 3233 3782
f 3782 3233 3234
f 3782 3234 3783
f 3783 3234 3248
f 3783 3248 3760
f 3760 3248 3247
f 3760 3247 3761
f 3761 3247 3246
f 3761 3246 3762
f 3762 3246 3245
f 3762 3245 3763
f 3763 3245 3244
f 3763 3244 3766
f 3766 3244 3243
f 3766 3243 3765
f 3765 3243 3242
f 3765 3242 3764
f 3764 3242 3241
f 3764 3241 3767
f 3767 3241 3240
f 3767 3240 3768
f 3768 3240 3230
f 3768 3230 3769
f 3769 3230 3229
f 3769 3229 3770
f 3770 3229 3239
f 3770 3239 3771
f 3771 3239 3238
f 3771 3238 3772
f 3772 3238 3237
f 3772 3237 3773
f 3773 3237 3228
f 3794 3795 3080
f 3080 3795 3081
f 3080 3079 3794
f 3794 3079 3075
f 3794 3075 3793
f 3793 3075 3074
f 3793 3074 3796
f 3796 3074 3078
f 3796 3078 3797
f 3797 3078 3077
f 3797 3077 3466
f 3466 3077 3076
f 3466 3076 3786
f 3786 3076 3073
f 3786 3073 3787
f 3787 3073 3072
f 3787 3072 3788
f 3788 3072 3071
f 3788 3071 3789
f 3789 3071 3065
f 3789 3065 3790
f 3790 3065 3064
f 3790 3064 3791
f 3791 3064 3063
f 3791 3063 3792
f 3792 3063 3062
f 3792 3062 3798
f 3798 3062 3061
f 3798 3061 3799
f 3799 3061 3060
f 3799 3060 3800
f 3800 3060 3059
f 3800 3059 3803
f 3803 3059 2949
f 3803 2949 3804
f 3804 2949 3070
f 3804 3070 3805
f 3805 3070 3069
f 3805 3069 3801
f 3801 3069 3066
f 3801 3066 3802
f 3802 3066 3067
f 3802 3067 3806
f 3806 3067 3068
f 3806 3068 3807
f 3807 3068 3081
f 3807 3081 3808
f 3808 3081 3795
f 3817 3818 3103
f 3103 3818 3104
f 3103 3102 3817
f 3817 3102 3098
f 3817 3098 3816
f 3816 3098 3097
f 3816 3097 3819
f 3819 3097 3101
f 3819 3101 3820
f 3820 3101 3100
f 3820 3100 3463
f 3463 3100 3099
f 3463 3099 3809
f 3809 3099 3096
f 3809 3096 3810
f 3810 3096 3095
f 3810 3095 3811
f 3811 3095 3094
f 3811 3094 3812
f 3812 3094 3088
f 3812 3088 3813
f 3813 3088 3087
f 3813 3087 3814
f 3814 3087 3086
f 3814 3086 3815
f 3815 3086 3085
f 3815 3085 3821
f 3821 3085 3084
f 3821 3084 3822
f 3822 3084 3083
f 3822 3083 3823
f 3823 3083 3082
f 3823 3082 3826
f 3826 3082 2947
f 3826 2947 3827
f 3827 2947 3093
f 3827 3093 3828
f 3828 3093 3092
f 3828 3092 3824
f 3824 3092 3089
f 3824 3089 3825
f 3825 3089 3090
f 3825 3090 3829
f 3829 3090 3091
f 3829 3091 3830
f 3830 3091 3104
f 3830 3104 3831
f 3831 3104 3818
f 3838 3111 3844
f 3844 3111 3107
f 3844 3107 3845
f 3845 3107 3106
f 3845 3106 3846
f 3846 3106 3105
f 3846 3105 3849
f 3849 3105 2945
f 3849 2945 3850
f 3850 2945 3116
f 3850 3116 3851
f 3851 3116 3115
f 3851 3115 3847
f 3847 3115 3112
f 3847 3112 3848
f 3848 3112 3113
f 3848 3113 3852
f 3852 3113 3114
f 3852 3114 3853
f 3853 3114 3128
f 3853 3128 3854
f 3854 3128 3127
f 3854 3127 3841
f 3841 3127 3126
f 3841 3126 3840
f 3840 3126 3125
f 3840 3125 3839
f 3839 3125 3124
f 3839 3124 3842
f 3842 3124 3123
f 3842 3123 3843
f 3843 3123 3122
f 3843 3122 3460
f 3460 3122 3121
f 3460 3121 3832
f 3832 3121 3120
f 3832 3120 3833
f 3833 3120 3119
f 3833 3119 3834
f 3834 3119 3118
f 3834 3118 3835
f 3835 3118 3117
f 3835 3117 3836
f 3836 3117 3108
f 3836 3108 3837
f 3837 3108 3110
f 3837 3110 3838
f 3838 3110 3111
f 3869 3133 3870
f 3870 3133 3132
f 3870 3132 3871
f 3871 3132 3131
f 3871 3131 3872
f 3872 3131 3130
f 3872 3130 3875
f 3875 3130 3129
f 3875 3129 3876
f 3876 3129 3141
f 3876 3141 3877
f 3877 3141 3140
f 3877 3140 3873
f 3873 3140 3137
f 3873 3137 3874
f 3874 3137 3138
f 3874 3138 3878
f 3878 3138 3139
f 3878 3139 3879
f 3879 3139 3153
f 3879 3153 3856
f 3856 3153 3152
f 3856 3152 3857
f 3857 3152 3151
f 3857 3151 3858
f 3858 3151 3150
f 3858 3150 3859
f 3859 3150 3149
f 3859 3149 3862
f 3862 3149 3148
f 3862 3148 3861
f 3861 3148 3147
f 3861 3147 3860
f 3860 3147 3146
f 3860 3146 3863
f 3863 3146 3145
f 3863 3145 3864
f 3864 3145 3135
f 3864 3135 3865
f 3865 3135 3134
f 3865 3134 3866
f 3866 3134 3144
f 3866 3144 3867
f 3867 3144 3143
f 3867 3143 3868
f 3868 3143 3142
f 3868 3142 3869
f 3869 3142 3133
f 3892 3893 2980
f 2980 3893 2981
f 2980 2979 3892
f 3892 2979 2974
f 3892 2974 3890
f 3890 2974 2973
f 3890 2973 3894
f 3894 2973 2978
f 3894 2978 3895
f 3895 2978 2977
f 3895 2977 3896
f 3896 2977 2976
f 3896 2976 3885
f 3885 2976 2972
f 3885 2972 3884
f 3884 2972 2971
f 3884 2971 3883
f 3883 2971 2970
f 3883 2970 3886
f 3886 2970 2963
f 3886 2963 3887
f 3887 2963 2962
f 3887 2962 3888
f 3888 2962 2961
f 3888 2961 3889
f 3889 2961 2960
f 3889 2960 3897
f 3897 2960 2957
f 3897 2957 3898
f 3898 2957 2958
f 3898 2958 3899
f 3899 2958 2959
f 3899 2959 3902
f 3902 2959 2969
f 3902 2969 3903
f 3903 2969 2968
f 3903 2968 3904
f 3904 2968 2967
f 3904 2967 3900
f 3900 2967 2964
f 3900 2964 3901
f 3901 2964 2965
f 3901 2965 3905
f 3905 2965 2966
f 3905 2966 3906
f 3906 2966 2981
f 3906 2981 3907
f 3907 2981 3893
f 3917 3918 3005
f 3005 3918 3006
f 3005 3004 3917
f 3917 3004 2999
f 3917 2999 3915
f 3915 2999 2998
f 3915 2998 3919
f 3919 2998 3003
f 3919 3003 3920
f 3920 3003 3002
f 3920 3002 3921
f 3921 3002 3001
f 3921 3001 3910
f 3910 3001 2997
f 3910 2997 3909
f 3909 2997 2996
f 3909 2996 3908
f 3908 2996 2995
f 3908 2995 3911
f 3911 2995 2988
f 3911 2988 3912
f 3912 2988 2987
f 3912 2987 3913
f 3913 2987 2986
f 3913 2986 3914
f 3914 2986 2985
f 3914 2985 3922
f 3922 2985 2982
f 3922 2982 3923
f 3923 2982 2983
f 3923 2983 3924
f 3924 2983 2984
f 3924 2984 3927
f 3927 2984 2994
f 3927 2994 3928
f 3928 2994 2993
f 3928 2993 3929
f 3929 2993 2992
f 3929 2992 3925
f 3925 2992 2989
f 3925 2989 3926
f 3926 2989 2990
f 3926 2990 3930
f 3930 2990 2991
f 3930 2991 3931
f 3931 2991 3006
f 3931 3006 3932
f 3932 3006 3918
f 3939 3010 3947
f 3947 3010 3007
f 3947 3007 3948
f 3948 3007 3008
f 3948 3008 3949
f 3949 3008 3009
f 3949 3009 3952
f 3952 3009 3020
f 3952 3020 3953
f 3953 3020 3019
f 3953 3019 3954
f 3954 3019 3018
f 3954 3018 3950
f 3950 3018 3015
f 3950 3015 3951
f 3951 3015 3016
f 3951 3016 3955
f 3955 3016 3017
f 3955 3017 3956
f 3956 3017 3032
f 3956 3032 3957
f 3957 3032 3031
f 3957 3031 3943
f 3943 3031 3030
f 3943 3030 3942
f 3942 3030 3025
f 3942 3025 3940
f 3940 3025 3024
f 3940 3024 3944
f 3944 3024 3029
f 3944 3029 3945
f 3945 3029 3028
f 3945 3028 3946
f 3946 3028 3027
f 3946 3027 3935
f 3935 3027 3023
f 3935 3023 3934
f 3934 3023 3022
f 3934 3022 3933
f 3933 3022 3021
f 3933 3021 3936
f 3936 3021 3014
f 3936 3014 3937
f 3937 3014 3013
f 3937 3013 3938
f 3938 3013 3011
f 3938 3011 3939
f 3939 3011 3010
f 3969 3036 3973
f 3973 3036 3035
f 3973 3035 3974
f 3974 3035 3034
f 3974 3034 3975
f 3975 3034 3033
f 3975 3033 3978
f 3978 3033 3042
f 3978 3042 3979
f 3979 3042 3041
f 3979 3041 3980
f 3980 3041 3040
f 3980 3040 3976
f 3976 3040 3037
f 3976 3037 3977
f 3977 3037 3038
f 3977 3038 3981
f 3981 3038 3039
f 3981 3039 3982
f 3982 3039 3058
f 3982 3058 3958
f 3958 3058 3057
f 3958 3057 3960
f 3960 3057 3056
f 3960 3056 3961
f 3961 3056 3055
f 3961 3055 3970
f 3970 3055 3054
f 3970 3054 3971
f 3971 3054 3052
f 3971 3052 3972
f 3972 3052 3051
f 3972 3051 3962
f 3962 3051 3050
f 3962 3050 3963
f 3963 3050 3049
f 3963 3049 3964
f 3964 3049 3048
f 3964 3048 3965
f 3965 3048 3047
f 3965 3047 3966
f 3966 3047 3046
f 3966 3046 3967
f 3967 3046 3044
f 3967 3044 3968
f 3968 3044 3043
f 3968 3043 3969
f 3969 3043 3036
f 3602 3603 3270
f 3270 3603 3271
f 3270 3269 3602
f 3602 3269 3265
f 3602 3265 3601
f 3601 3265 3264
f 3601 3264 3604
f 3604 3264 3268
f 3604 3268 3605
f 3605 3268 3267
f 3605 3267 3482
f 3482 3267 3266
f 3482 3266 3594
f 3594 3266 3263
f 3594 3263 3595
f 3595 3263 3262
f 3595 3262 3596
f 3596 3262 3261
f 3596 3261 3597
f 3597 3261 3255
f 3597 3255 3598
f 3598 3255 3254
f 3598 3254 3599
f 3599 3254 3253
f 3599 3253 3600
f 3600 3253 3252
f 3600 3252 3606
f 3606 3252 3251
f 3606 3251 3607
f 3607 3251 3250
f 3607 3250 3608
f 3608 3250 3249
f 3608 3249 3611
f 3611 3249 2930
f 3611 2930 3612
f 3612 2930 3260
f 3612 3260 3613
f 3613 3260 3259
f 3613 3259 3609
f 3609 3259 3256
f 3609 3256 3610
f 3610 3256 3257
f 3610 3257 3614
f 3614 3257 3258
f 3614 3258 3615
f 3615 3258 3271
f 3615 3271 3616
f 3616 3271 3603
f 3625 3626 3293
f 3293 3626 3294
f 3293 3292 3625
f 3625 3292 3288
f 3625 3288 3624
f 3624 3288 3287
f 3624 3287 3627
f 3627 3287 3291
f 3627 3291 3628
f 3628 3291 3290
f 3628 3290 3480
f 3480 3290 3289
f 3480 3289 3617
f 3617 3289 3286
f 3617 3286 3618
f 3618 3286 3285
f 3618 3285 3619
f 3619 3285 3284
f 3619 3284 3620
f 3620 3284 3278
f 3620 3278 3621
f 3621 3278 3277
f 3621 3277 3622
f 3622 3277 3276
f 3622 3276 3623
f 3623 3276 3275
f 3623 3275 3629
f 3629 3275 3274
f 3629 3274 3630
f 3630 3274 3273
f 3630 3273 3631
f 3631 3273 3272
f 3631 3272 3634
f 3634 3272 2927
f 3634 2927 3635
f 3635 2927 3283
f 3635 3283 3636
f 3636 3283 3282
f 3636 3282 3632
f 3632 3282 3279
f 3632 3279 3633
f 3633 3279 3280
f 3633 3280 3637
f 3637 3280 3281
f 3637 3281 3638
f 3638 3281 3294
f 3638 3294 3639
f 3639 3294 3626
f 3646 3301 3652
f 3652 3301 3297
f 3652 3297 3653
f 3653 3297 3296
f 3653 3296 3654
f 3654 3296 3295
f 3654 3295 3657
f 3657 3295 2924
f 3657 2924 3658
f 3658 2924 3306
f 3658 3306 3659
f 3659 3306 3305
f 3659 3305 3655
f 3655 3305 3302
f 3655 3302 3656
f 3656 3302 3303
f 3656 3303 3660
f 3660 3303 3304
f 3660 3304 3661
f 3661 3304 3318
f 3661 3318 3662
f 3662 3318 3317
f 3662 3317 3649
f 3649 3317 3316
f 3649 3316 3648
f 3648 3316 3315
f 3648 3315 3647
f 3647 3315 3314
f 3647 3314 3650
f 3650 3314 3313
f 3650 3313 3651
f 3651 3313 3312
f 3651 3312 3478
f 3478 3312 3311
f 3478 3311 3640
f 3640 3311 3310
f 3640 3310 3641
f 3641 3310 3309
f 3641 3309 3642
f 3642 3309 3308
f 3642 3308 3643
f 3643 3308 3307
f 3643 3307 3644
f 3644 3307 3298
f 3644 3298 3645
f 3645 3298 3300
f 3645 3300 3646
f 3646 3300 3301
f 3677 3323 3678
f 3678 3323 3322
f 3678 3322 3679
f 3679 3322 3321
f 3679 3321 3680
f 3680 3321 3320
f 3680 3320 3683
f 3683 3320 3319
f 3683 3319 3684
f 3684 3319 3331
f 3684 3331 3685
f 3685 3331 3330
f 3685 3330 3681
f 3681 3330 3327
f 3681 3327 3682
f 3682 3327 3328
f 3682 3328 3686
f 3686 3328 3329
f 3686 3329 3687
f 3687 3329 3343
f 3687 3343 3664
f 3664 3343 3342
f 3664 3342 3665
f 3665 3342 3341
f 3665 3341 3666
f 3666 3341 3340
f 3666 3340 3667
f 3667 3340 3339
f 3667 3339 3670
f 3670 3339 3338
f 3670 3338 3669
f 3669 3338 3337
f 3669 3337 3668
f 3668 3337 3336
f 3668 3336 3671
f 3671 3336 3335
f 3671 3335 3672
f 3672 3335 3325
f 3672 3325 3673
f 3673 3325 3324
f 3673 3324 3674
f 3674 3324 3334
f 3674 3334 3675
f 3675 3334 3333
f 3675 3333 3676
f 3676 3333 3332
f 3676 3332 3677
f 3677 3332 3323
f 3503 3504 3369
f 3369 3504 3370
f 3369 3368 3503
f 3503 3368 3367
f 3503 3367 3502
f 3502 3367 3366
f 3502 3366 3505
f 3505 3366 3365
f 3505 3365 3506
f 3506 3365 3364
f 3506 3364 3495
f 3495 3364 3363
f 3495 3363 3496
f 3496 3363 3362
f 3496 3362 3497
f 3497 3362 3361
f 3497 3361 3498
f 3498 3361 3360
f 3498 3360 3501
f 3501 3360 3359
f 3501 3359 3500
f 3500 3359 3358
f 3500 3358 3499
f 3499 3358 3351
f 3499 3351 3507
f 3507 3351 3350
f 3507 3350 3508
f 3508 3350 3349
f 3508 3349 3509
f 3509 3349 3348
f 3509 3348 3512
f 3512 3348 3347
f 3512 3347 3511
f 3511 3347 3346
f 3511 3346 3510
f 3510 3346 3357
f 3510 3357 3513
f 3513 3357 3356
f 3513 3356 3514
f 3514 3356 3353
f 3514 3353 3515
f 3515 3353 3354
f 3515 3354 3516
f 3516 3354 3355
f 3516 3355 3517
f 3517 3355 3370
f 3517 3370 3518
f 3518 3370 3504
f 3527 3528 3394
f 3394 3528 3395
f 3394 3393 3527
f 3527 3393 3392
f 3527 3392 3526
f 3526 3392 3391
f 3526 3391 3529
f 3529 3391 3390
f 3529 3390 3530
f 3530 3390 3389
f 3530 3389 3519
f 3519 3389 3388
f 3519 3388 3520
f 3520 3388 3387
f 3520 3387 3521
f 3521 3387 3386
f 3521 3386 3522
f 3522 3386 3385
f 3522 3385 3525
f 3525 3385 3384
f 3525 3384 3524
f 3524 3384 3383
f 3524 3383 3523
f 3523 3383 3376
f 3523 3376 3531
f 3531 3376 3375
f 3531 3375 3532
f 3532 3375 3374
f 3532 3374 3533
f 3533 3374 3373
f 3533 3373 3536
f 3536 3373 3372
f 3536 3372 3535
f 3535 3372 3371
f 3535 3371 3534
f 3534 3371 3382
f 3534 3382 3537
f 3537 3382 3381
f 3537 3381 3538
f 3538 3381 3378
f 3538 3378 3539
f 3539 3378 3379
f 3539 3379 3540
f 3540 3379 3380
f 3540 3380 3541
f 3541 3380 3395
f 3541 3395 3542
f 3542 3395 3528
f 3555 3400 3556
f 3556 3400 3399
f 3556 3399 3557
f 3557 3399 3398
f 3557 3398 3560
f 3560 3398 3397
f 3560 3397 3559
f 3559 3397 3396
f 3559 3396 3558
f 3558 3396 3407
f 3558 3407 3561
f 3561 3407 3406
f 3561 3406 3562
f 3562 3406 3403
f 3562 3403 3563
f 3563 3403 3404
f 3563 3404 3564
f 3564 3404 3405
f 3564 3405 3565
f 3565 3405 3420
f 3565 3420 3566
f 3566 3420 3419
f 3566 3419 3552
f 3552 3419 3418
f 3552 3418 3551
f 3551 3418 3417
f 3551 3417 3550
f 3550 3417 3416
f 3550 3416 3553
f 3553 3416 3415
f 3553 3415 3554
f 3554 3415 3414
f 3554 3414 3543
f 3543 3414 3413
f 3543 3413 3544
f 3544 3413 3412
f 3544 3412 3545
f 3545 3412 3411
f 3545 3411 3546
f 3546 3411 3410
f 3546 3410 3549
f 3549 3410 3409
f 3549 3409 3548
f 3548 3409 3408
f 3548 3408 3547
f 3547 3408 3401
f 3547 3401 3555
f 3555 3401 3400
f 3581 3425 3582
f 3582 3425 3424
f 3582 3424 3583
f 3583 3424 3423
f 3583 3423 3586
f 3586 3423 3422
f 3586 3422 3585
f 3585 3422 3421
f 3585 3421 3584
f 3584 3421 3433
f 3584 3433 3587
f 3587 3433 3432
f 3587 3432 3588
f 3588 3432 3429
f 3588 3429 3589
f 3589 3429 3430
f 3589 3430 3590
f 3590 3430 3431
f 3590 3431 3591
f 3591 3431 3445
f 3591 3445 3567
f 3567 3445 3444
f 3567 3444 3569
f 3569 3444 3443
f 3569 3443 3572
f 3572 3443 3442
f 3572 3442 3573
f 3573 3442 3441
f 3573 3441 3574
f 3574 3441 3440
f 3574 3440 3575
f 3575 3440 3437
f 3575 3437 3576
f 3576 3437 3438
f 3576 3438 3577
f 3577 3438 3439
f 3577 3439 3570
f 3570 3439 3427
f 3570 3427 3571
f 3571 3427 3426
f 3571 3426 3580
f 3580 3426 3436
f 3580 3436 3579
f 3579 3436 3435
f 3579 3435 3578
f 3578 3435 3434
f 3578 3434 3581
f 3581 3434 3425
f 2138 6665 4071
f 4071 6665 6686
f 4071 6686 4072
f 6667 6699 6668
f 6668 6699 6700
f 6668 6700 6691
f 6691 6700 6701
f 6691 6701 6692
f 6692 6701 6702
f 6692 6702 6693
f 6693 6702 6703
f 6693 6703 6689
f 6689 6703 6704
f 6689 6704 6690
f 6690 6704 4072
f 6690 4072 6685
f 6685 4072 6686
f 6705 2117 6706
f 6706 2117 2113
f 6706 2113 6707
f 2106 2117 6697
f 6697 2117 6698
f 3456 4884 6708
f 6705 6603 2117
f 2117 6603 6605
f 2117 6605 6698
f 6709 3458 6708
f 6708 3458 3457
f 6708 3457 3456
f 6707 2113 6710
f 6710 2113 2109
f 6710 2109 6711
f 6711 2109 2110
f 6711 2110 6712
f 6712 2110 2882
f 6712 2882 6599
f 6599 2882 2875
f 6599 2875 2881
f 3448 3447 6600
f 6600 3447 3446
f 6600 3446 6709
f 6709 3446 3459
f 6709 3459 3458
f 2881 3451 6599
f 6599 3451 3450
f 6599 3450 6600
f 6600 3450 3449
f 6600 3449 3448
f 4898 4897 6713
f 6714 6597 6600
f 6600 6709 6714
f 6714 6709 6708
f 6714 6708 6715
f 6708 4884 6715
f 6715 4884 4887
f 6715 4887 6713
f 6713 4887 4899
f 6713 4899 4898
f 4897 4888 6713
f 6713 4888 6539
f 6713 6539 6715
f 6715 6539 6540
f 6527 6597 6541
f 6541 6597 6714
f 6541 6714 6542
f 6542 6714 6715
f 6542 6715 6544
f 6544 6715 6540
f 6503 6505 6552
f 6552 6524 6503
f 6503 6524 6536
f 6503 6536 6501
f 6501 6536 6538
f 6501 6538 6499
f 6499 6538 4888
f 6499 4888 4891
f 6716 6509 6510
f 6717 6716 6718
f 6718 6716 6510
f 6718 6510 6719
f 6719 6510 6511
f 4891 4902 6512
f 6512 4902 6720
f 6512 6720 6513
f 6513 6720 6719
f 6513 6719 6515
f 6515 6719 6511
f 6583 6582 6721
f 6581 6580 6722
f 6418 6723 6724
f 6418 6724 6419
f 6419 6724 6725
f 6419 6725 6420
f 6420 6725 6726
f 6420 6726 6423
f 6423 6726 6722
f 6423 6722 6424
f 6424 6722 6580
f 6424 6580 6425
f 3987 6579 4012
f 4012 6579 6727
f 4012 6727 4011
f 4011 6727 4010
f 4010 6727 6728
f 4010 6728 4009
f 4009 6728 6729
f 4009 6729 4008
f 4008 6729 6730
f 4008 6730 4007
f 4007 6730 6731
f 4007 6731 4006
f 6579 6583 6727
f 6727 6583 6721
f 6727 6721 6728
f 6728 6721 6732
f 6728 6732 6729
f 6729 6732 6733
f 6729 6733 6730
f 6730 6733 6734
f 6730 6734 6731
f 6731 6734 6735
f 6582 6581 6721
f 6721 6581 6722
f 6721 6722 6732
f 6732 6722 6726
f 6732 6726 6733
f 6733 6726 6725
f 6733 6725 6734
f 6734 6725 6724
f 6734 6724 6735
f 6735 6724 6723
f 6249 6433 6736
f 6268 6267 6737
f 6737 6267 6266
f 6737 6266 6736
f 6736 6266 6262
f 6736 6262 6249
f 6268 6737 6269
f 6269 6737 6738
f 6269 6738 6260
f 6260 6738 5449
f 6260 5449 5450
f 6117 6149 6302
f 6302 6149 6272
f 6302 6272 6303
f 6303 6272 6274
f 6303 6274 6304
f 6304 6274 6276
f 6304 6276 6300
f 6300 6276 6278
f 6300 6278 6301
f 6301 6278 6252
f 6301 6252 6297
f 6297 6252 6255
f 6297 6255 6295
f 6295 6255 6251
f 6295 6251 5466
f 5466 6251 5450
f 6345 6319 6375
f 6375 6319 6291
f 6375 6291 6349
f 6349 6291 6290
f 6349 6290 6350
f 6350 6290 6308
f 6350 6308 6368
f 6368 6308 6288
f 6368 6288 6352
f 6352 6288 6287
f 6352 6287 6353
f 6353 6287 6294
f 6353 6294 5458
f 5458 6294 5466
f 6362 5458 6405
f 6405 5458 5446
f 6362 6405 6363
f 6363 6405 6406
f 6363 6406 6384
f 6147 6134 6388
f 6388 6134 6355
f 6388 6355 6387
f 6387 6355 6357
f 6387 6357 6386
f 6386 6357 6361
f 6386 6361 6383
f 6383 6361 6360
f 6383 6360 6384
f 6384 6360 6364
f 6384 6364 6363
f 5446 4006 6407
f 6407 4006 6731
f 6407 6731 6399
f 6399 6731 6735
f 6723 6411 6735
f 6735 6411 6400
f 6735 6400 6399
f 6418 6379 6723
f 6723 6379 6408
f 6723 6408 6411
f 5471 4900 4893
f 5471 4893 5472
f 5472 4893 4892
f 5472 4892 5473
f 4896 4895 5477
f 5477 5476 4896
f 4896 5476 5475
f 4896 5475 4892
f 4892 5475 5474
f 4892 5474 5473
f 5471 5470 4900
f 4900 5470 4901
f 5451 4908 4917
f 5451 4917 5467
f 4917 4916 5467
f 5467 4916 4915
f 5467 4915 5468
f 5468 4915 4904
f 5468 4904 5469
f 5469 4904 4903
f 5469 4903 5464
f 5464 4903 5465
f 5465 4903 4901
f 5465 4901 5470
f 4909 4908 5457
f 5457 4908 5451
f 5453 4905 4914
f 5453 4914 5454
f 4914 4913 5454
f 5454 4913 4912
f 5454 4912 5455
f 5455 4912 4911
f 5455 4911 5447
f 5447 4911 4910
f 5447 4910 5448
f 5448 4910 5456
f 5456 4910 4909
f 5456 4909 5457
f 5453 5452 4905
f 4905 5452 4906
f 5478 4894 4890
f 5478 4890 5459
f 5459 4890 4889
f 5459 4889 5460
f 5460 4889 5461
f 5461 4889 4907
f 5461 4907 5462
f 5462 4907 5463
f 5463 4907 4906
f 5463 4906 5452
f 5478 5477 4894
f 4894 5477 4895
f 4066 6739 6740
f 4066 6740 4067
f 4067 6740 6741
f 4067 6741 4068
f 4068 6741 4069
f 4069 6741 6742
f 4069 6742 4070
f 4070 6742 6657
f 4070 6657 4039
f 6446 6656 6447
f 6447 6656 6743
f 6447 6743 6448
f 6448 6743 6744
f 6448 6744 6450
f 6450 6744 6745
f 6450 6745 6449
f 6449 6745 6746
f 6449 6746 6435
f 6739 6747 6740
f 6740 6747 6748
f 6740 6748 6741
f 6741 6748 6749
f 6741 6749 6742
f 6742 6749 6750
f 6742 6750 6657
f 6657 6750 6661
f 6747 6746 6748
f 6748 6746 6745
f 6748 6745 6749
f 6749 6745 6744
f 6749 6744 6750
f 6750 6744 6743
f 6750 6743 6661
f 6661 6743 6656
f 6751 6490 6752
f 6752 6490 6753
f 6754 6509 6755
f 6755 6509 6716
f 6755 6716 6756
f 6756 6716 6717
f 6436 6757 6439
f 6439 6757 6758
f 6439 6758 6440
f 6759 6760 6761
f 6761 6762 6759
f 6759 6762 6763
f 6759 6763 6757
f 6757 6763 6764
f 6757 6764 6758
f 4085 6761 4086
f 4086 6761 6760
f 4086 6760 4088
f 6739 4066 4087
f 6435 6746 6765
f 6765 6746 6747
f 6765 6747 6766
f 6766 6747 6739
f 6766 6739 6767
f 6767 6739 4087
f 6767 4087 4088
f 4088 6760 6767
f 6767 6760 6759
f 6767 6759 6766
f 6766 6759 6757
f 6766 6757 6765
f 6765 6757 6436
f 6765 6436 6435
f 6506 6768 6495
f 6495 6768 6769
f 6769 6770 6495
f 6495 6770 6771
f 6495 6771 6523
f 6523 6771 6772
f 6523 6772 6773
f 6773 6772 6774
f 6773 6774 6775
f 6508 6509 6754
f 6754 6776 6508
f 6508 6776 6777
f 6508 6777 6506
f 6506 6777 6778
f 6506 6778 6768
f 6494 6779 6493
f 6493 6779 6780
f 6753 6490 6781
f 6781 6490 6491
f 6780 6782 6493
f 6493 6782 6783
f 6493 6783 6492
f 6492 6783 6784
f 6492 6784 6491
f 6491 6784 6785
f 6491 6785 6781
f 6075 6084 6784
f 6784 6084 6785
f 6786 6752 6084
f 6084 6752 6785
f 6785 6752 6753
f 6785 6753 6781
f 6084 6087 6786
f 6786 6087 6079
f 6786 6079 6787
f 6787 6079 6078
f 6787 6078 6788
f 6788 6078 6077
f 6788 6077 6789
f 6789 6077 6086
f 6789 6086 6790
f 6790 6086 6085
f 6790 6085 6791
f 6791 6085 6083
f 6791 6083 6792
f 6754 6778 6776
f 6776 6778 6777
f 6792 6083 6756
f 6756 6083 6082
f 6756 6082 6755
f 6081 6771 6770
f 6754 6755 6778
f 6778 6755 6082
f 6778 6082 6768
f 6768 6082 6081
f 6768 6081 6769
f 6769 6081 6770
f 6771 6081 6772
f 6772 6081 6080
f 6772 6080 6774
f 6774 6080 6076
f 6774 6076 6775
f 4085 5501 6761
f 6761 5501 5519
f 5624 5728 6793
f 6793 5728 5831
f 6793 5831 5935
f 6441 6440 6794
f 6794 6440 6758
f 6794 6758 6795
f 6795 6758 6764
f 6795 6764 6796
f 6796 6764 6763
f 6796 6763 6797
f 6797 6763 6762
f 6797 6762 6793
f 6793 6762 6761
f 6793 6761 5624
f 5624 6761 5519
f 1126 1122 6798
f 6799 6800 6801
f 6802 6701 6700
f 6701 6802 6702
f 6702 6802 6803
f 6702 6803 6703
f 6703 6803 6704
f 6704 6803 6804
f 6704 6804 4072
f 4072 6804 4073
f 4073 6804 1105
f 4073 1105 1104
f 1127 6805 6061
f 6061 6805 6062
f 6035 6034 6806
f 6050 6047 6806
f 6806 6047 6045
f 6806 6045 6035
f 6031 6054 6806
f 6806 6054 6053
f 6806 6053 6050
f 6042 6040 6806
f 6806 6040 6038
f 6806 6038 6031
f 6034 6029 6806
f 6806 6029 6028
f 6806 6028 6805
f 6805 6028 6027
f 6805 6027 6026
f 6026 6807 6805
f 6805 6807 6808
f 6805 6808 6062
f 6071 6072 6809
f 6809 6072 6057
f 6057 6056 6809
f 6809 6056 6060
f 6809 6060 6806
f 6806 6060 6043
f 6806 6043 6042
f 6070 6071 6810
f 6810 6071 6809
f 6810 6809 6811
f 6811 6809 6812
f 1125 1105 6813
f 6813 1105 6804
f 6813 6804 6814
f 6814 6804 6803
f 6814 6803 6801
f 6801 6803 6802
f 6801 6802 6799
f 6799 6802 6700
f 6799 6700 6699
f 1122 1125 6798
f 6798 1125 6813
f 6798 6813 6815
f 6815 6813 6814
f 6815 6814 6816
f 6816 6814 6801
f 1127 1126 6805
f 6805 1126 6798
f 6805 6798 6806
f 6806 6798 6815
f 6806 6815 6809
f 6809 6815 6816
f 6809 6816 6812
f 6812 6816 6801
f 6812 6801 6817
f 6817 6801 6800
f 5799 5798 5220
f 5220 5798 5222
f 5220 5219 5799
f 5799 5219 5211
f 5799 5211 5800
f 5800 5211 5210
f 5800 5210 5801
f 5801 5210 5218
f 5801 5218 5804
f 5804 5218 5217
f 5804 5217 5805
f 5805 5217 5216
f 5805 5216 5806
f 5806 5216 5215
f 5806 5215 5802
f 5802 5215 5214
f 5802 5214 5803
f 5803 5214 5213
f 5803 5213 5807
f 5807 5213 5212
f 5807 5212 5808
f 5808 5212 5234
f 5808 5234 5809
f 5809 5234 5233
f 5809 5233 5787
f 5787 5233 5232
f 5787 5232 5788
f 5788 5232 5228
f 5788 5228 5790
f 5790 5228 5227
f 5790 5227 5791
f 5791 5227 5231
f 5791 5231 5792
f 5792 5231 5230
f 5792 5230 5793
f 5793 5230 5229
f 5793 5229 5794
f 5794 5229 5226
f 5794 5226 5785
f 5785 5226 5225
f 5785 5225 5786
f 5786 5225 5224
f 5786 5224 5795
f 5795 5224 5223
f 5795 5223 5796
f 5796 5223 5222
f 5796 5222 5797
f 5797 5222 5798
f 5774 5773 5195
f 5195 5773 5197
f 5195 5194 5774
f 5774 5194 5186
f 5774 5186 5775
f 5775 5186 5185
f 5775 5185 5776
f 5776 5185 5193
f 5776 5193 5779
f 5779 5193 5192
f 5779 5192 5780
f 5780 5192 5191
f 5780 5191 5781
f 5781 5191 5190
f 5781 5190 5777
f 5777 5190 5189
f 5777 5189 5778
f 5778 5189 5188
f 5778 5188 5782
f 5782 5188 5187
f 5782 5187 5783
f 5783 5187 5209
f 5783 5209 5784
f 5784 5209 5208
f 5784 5208 5763
f 5763 5208 5207
f 5763 5207 5764
f 5764 5207 5203
f 5764 5203 5765
f 5765 5203 5202
f 5765 5202 5766
f 5766 5202 5206
f 5766 5206 5767
f 5767 5206 5205
f 5767 5205 5768
f 5768 5205 5204
f 5768 5204 5769
f 5769 5204 5201
f 5769 5201 5761
f 5761 5201 5200
f 5761 5200 5762
f 5762 5200 5199
f 5762 5199 5770
f 5770 5199 5198
f 5770 5198 5771
f 5771 5198 5197
f 5771 5197 5772
f 5772 5197 5773
f 5738 5182 5739
f 5739 5182 5178
f 5739 5178 5741
f 5741 5178 5177
f 5741 5177 5742
f 5742 5177 5181
f 5742 5181 5743
f 5743 5181 5180
f 5743 5180 5744
f 5744 5180 5179
f 5744 5179 5745
f 5745 5179 5176
f 5745 5176 5736
f 5736 5176 5175
f 5736 5175 5737
f 5737 5175 5174
f 5737 5174 5746
f 5746 5174 5173
f 5746 5173 5747
f 5747 5173 5172
f 5747 5172 5748
f 5748 5172 5170
f 5748 5170 5749
f 5749 5170 5169
f 5749 5169 5750
f 5750 5169 5161
f 5750 5161 5751
f 5751 5161 5160
f 5751 5160 5752
f 5752 5160 5168
f 5752 5168 5755
f 5755 5168 5167
f 5755 5167 5756
f 5756 5167 5166
f 5756 5166 5757
f 5757 5166 5165
f 5757 5165 5753
f 5753 5165 5164
f 5753 5164 5754
f 5754 5164 5163
f 5754 5163 5758
f 5758 5163 5162
f 5758 5162 5759
f 5759 5162 5184
f 5759 5184 5760
f 5760 5184 5183
f 5760 5183 5738
f 5738 5183 5182
f 5715 5158 5714
f 5714 5158 5154
f 5714 5154 5713
f 5713 5154 5153
f 5713 5153 5716
f 5716 5153 5157
f 5716 5157 5717
f 5717 5157 5156
f 5717 5156 5711
f 5711 5156 5155
f 5711 5155 5712
f 5712 5155 5152
f 5712 5152 5718
f 5718 5152 5151
f 5718 5151 5719
f 5719 5151 5150
f 5719 5150 5720
f 5720 5150 5137
f 5720 5137 5723
f 5723 5137 5136
f 5723 5136 5724
f 5724 5136 5149
f 5724 5149 5725
f 5725 5149 5148
f 5725 5148 5721
f 5721 5148 5147
f 5721 5147 5722
f 5722 5147 5146
f 5722 5146 5726
f 5726 5146 5145
f 5726 5145 5727
f 5727 5145 5144
f 5727 5144 5729
f 5729 5144 5142
f 5729 5142 5730
f 5730 5142 5141
f 5730 5141 5731
f 5731 5141 5140
f 5731 5140 5732
f 5732 5140 5139
f 5732 5139 5733
f 5733 5139 5138
f 5733 5138 5734
f 5734 5138 5134
f 5734 5134 5735
f 5735 5134 5159
f 5735 5159 5715
f 5715 5159 5158
f 5901 5900 5118
f 5118 5900 5120
f 5118 5117 5901
f 5901 5117 5109
f 5901 5109 5902
f 5902 5109 5108
f 5902 5108 5903
f 5903 5108 5116
f 5903 5116 5906
f 5906 5116 5115
f 5906 5115 5907
f 5907 5115 5114
f 5907 5114 5908
f 5908 5114 5113
f 5908 5113 5904
f 5904 5113 5112
f 5904 5112 5905
f 5905 5112 5111
f 5905 5111 5909
f 5909 5111 5110
f 5909 5110 5910
f 5910 5110 5132
f 5910 5132 5911
f 5911 5132 5131
f 5911 5131 5889
f 5889 5131 5130
f 5889 5130 5890
f 5890 5130 5126
f 5890 5126 5892
f 5892 5126 5125
f 5892 5125 5893
f 5893 5125 5129
f 5893 5129 5894
f 5894 5129 5128
f 5894 5128 5895
f 5895 5128 5127
f 5895 5127 5896
f 5896 5127 5124
f 5896 5124 5887
f 5887 5124 5123
f 5887 5123 5888
f 5888 5123 5122
f 5888 5122 5897
f 5897 5122 5121
f 5897 5121 5898
f 5898 5121 5120
f 5898 5120 5899
f 5899 5120 5900
f 5876 5870 5093
f 5093 5870 5095
f 5093 5092 5876
f 5876 5092 5084
f 5876 5084 5877
f 5877 5084 5083
f 5877 5083 5878
f 5878 5083 5091
f 5878 5091 5881
f 5881 5091 5090
f 5881 5090 5882
f 5882 5090 5089
f 5882 5089 5883
f 5883 5089 5088
f 5883 5088 5879
f 5879 5088 5087
f 5879 5087 5880
f 5880 5087 5086
f 5880 5086 5884
f 5884 5086 5085
f 5884 5085 5885
f 5885 5085 5107
f 5885 5107 5886
f 5886 5107 5106
f 5886 5106 5873
f 5873 5106 5105
f 5873 5105 5872
f 5872 5105 5101
f 5872 5101 5871
f 5871 5101 5100
f 5871 5100 5874
f 5874 5100 5104
f 5874 5104 5875
f 5875 5104 5103
f 5875 5103 5491
f 5491 5103 5102
f 5491 5102 5864
f 5864 5102 5099
f 5864 5099 5865
f 5865 5099 5098
f 5865 5098 5866
f 5866 5098 5097
f 5866 5097 5867
f 5867 5097 5096
f 5867 5096 5868
f 5868 5096 5095
f 5868 5095 5869
f 5869 5095 5870
f 5841 5080 5842
f 5842 5080 5076
f 5842 5076 5844
f 5844 5076 5075
f 5844 5075 5845
f 5845 5075 5079
f 5845 5079 5846
f 5846 5079 5078
f 5846 5078 5847
f 5847 5078 5077
f 5847 5077 5848
f 5848 5077 5074
f 5848 5074 5839
f 5839 5074 5073
f 5839 5073 5840
f 5840 5073 5072
f 5840 5072 5849
f 5849 5072 5071
f 5849 5071 5850
f 5850 5071 5070
f 5850 5070 5851
f 5851 5070 5068
f 5851 5068 5852
f 5852 5068 5067
f 5852 5067 5853
f 5853 5067 5059
f 5853 5059 5854
f 5854 5059 5058
f 5854 5058 5855
f 5855 5058 5066
f 5855 5066 5858
f 5858 5066 5065
f 5858 5065 5859
f 5859 5065 5064
f 5859 5064 5860
f 5860 5064 5063
f 5860 5063 5856
f 5856 5063 5062
f 5856 5062 5857
f 5857 5062 5061
f 5857 5061 5861
f 5861 5061 5060
f 5861 5060 5862
f 5862 5060 5082
f 5862 5082 5863
f 5863 5082 5081
f 5863 5081 5841
f 5841 5081 5080
f 5818 5056 5817
f 5817 5056 5052
f 5817 5052 5816
f 5816 5052 5051
f 5816 5051 5819
f 5819 5051 5055
f 5819 5055 5820
f 5820 5055 5054
f 5820 5054 5814
f 5814 5054 5053
f 5814 5053 5815
f 5815 5053 5050
f 5815 5050 5821
f 5821 5050 5049
f 5821 5049 5822
f 5822 5049 5048
f 5822 5048 5823
f 5823 5048 5035
f 5823 5035 5826
f 5826 5035 5034
f 5826 5034 5827
f 5827 5034 5047
f 5827 5047 5828
f 5828 5047 5046
f 5828 5046 5824
f 5824 5046 5045
f 5824 5045 5825
f 5825 5045 5044
f 5825 5044 5829
f 5829 5044 5043
f 5829 5043 5830
f 5830 5043 5042
f 5830 5042 5832
f 5832 5042 5040
f 5832 5040 5833
f 5833 5040 5039
f 5833 5039 5834
f 5834 5039 5038
f 5834 5038 5835
f 5835 5038 5037
f 5835 5037 5836
f 5836 5037 5036
f 5836 5036 5837
f 5837 5036 5032
f 5837 5032 5838
f 5838 5032 5057
f 5838 5057 5818
f 5818 5057 5056
f 6005 6004 5014
f 5014 6004 5016
f 5014 5013 6005
f 6005 5013 5012
f 6005 5012 6006
f 6006 5012 5011
f 6006 5011 6007
f 6007 5011 5010
f 6007 5010 6010
f 6010 5010 5007
f 6010 5007 6011
f 6011 5007 5008
f 6011 5008 6012
f 6012 5008 5009
f 6012 5009 6008
f 6008 5009 5004
f 6008 5004 6009
f 6009 5004 5005
f 6009 5005 6013
f 6013 5005 5006
f 6013 5006 6014
f 6014 5006 5029
f 6014 5029 6015
f 6015 5029 5028
f 6015 5028 5994
f 5994 5028 5027
f 5994 5027 5993
f 5993 5027 5022
f 5993 5022 5991
f 5991 5022 5021
f 5991 5021 5997
f 5997 5021 5026
f 5997 5026 5996
f 5996 5026 5025
f 5996 5025 5995
f 5995 5025 5024
f 5995 5024 5998
f 5998 5024 5020
f 5998 5020 5999
f 5999 5020 5019
f 5999 5019 6000
f 6000 5019 5018
f 6000 5018 6001
f 6001 5018 5017
f 6001 5017 6002
f 6002 5017 5016
f 6002 5016 6003
f 6003 5016 6004
f 5980 5979 4988
f 4988 5979 4990
f 4988 4987 5980
f 5980 4987 4986
f 5980 4986 5981
f 5981 4986 4985
f 5981 4985 5982
f 5982 4985 4984
f 5982 4984 5985
f 5985 4984 4981
f 5985 4981 5986
f 5986 4981 4982
f 5986 4982 5987
f 5987 4982 4983
f 5987 4983 5983
f 5983 4983 4978
f 5983 4978 5984
f 5984 4978 4979
f 5984 4979 5988
f 5988 4979 4980
f 5988 4980 5989
f 5989 4980 5003
f 5989 5003 5990
f 5990 5003 5002
f 5990 5002 5969
f 5969 5002 5001
f 5969 5001 5968
f 5968 5001 4996
f 5968 4996 5966
f 5966 4996 4995
f 5966 4995 5972
f 5972 4995 5000
f 5972 5000 5971
f 5971 5000 4999
f 5971 4999 5970
f 5970 4999 4998
f 5970 4998 5973
f 5973 4998 4994
f 5973 4994 5974
f 5974 4994 4993
f 5974 4993 5975
f 5975 4993 4992
f 5975 4992 5976
f 5976 4992 4991
f 5976 4991 5977
f 5977 4991 4990
f 5977 4990 5978
f 5978 4990 5979
f 5944 4975 5943
f 5943 4975 4970
f 5943 4970 5941
f 5941 4970 4969
f 5941 4969 5947
f 5947 4969 4974
f 5947 4974 5946
f 5946 4974 4973
f 5946 4973 5945
f 5945 4973 4972
f 5945 4972 5948
f 5948 4972 4968
f 5948 4968 5949
f 5949 4968 4967
f 5949 4967 5950
f 5950 4967 4966
f 5950 4966 5951
f 5951 4966 4965
f 5951 4965 5952
f 5952 4965 4964
f 5952 4964 5953
f 5953 4964 4962
f 5953 4962 5954
f 5954 4962 4961
f 5954 4961 5955
f 5955 4961 4960
f 5955 4960 5956
f 5956 4960 4959
f 5956 4959 5957
f 5957 4959 4958
f 5957 4958 5960
f 5960 4958 4955
f 5960 4955 5961
f 5961 4955 4956
f 5961 4956 5962
f 5962 4956 4957
f 5962 4957 5958
f 5958 4957 4952
f 5958 4952 5959
f 5959 4952 4953
f 5959 4953 5963
f 5963 4953 4954
f 5963 4954 5964
f 5964 4954 4977
f 5964 4977 5965
f 5965 4977 4976
f 5965 4976 5944
f 5944 4976 4975
f 5918 4950 5917
f 5917 4950 4946
f 5917 4946 5915
f 5915 4946 4945
f 5915 4945 5919
f 5919 4945 4949
f 5919 4949 5920
f 5920 4949 4948
f 5920 4948 5921
f 5921 4948 4947
f 5921 4947 5922
f 5922 4947 4944
f 5922 4944 5923
f 5923 4944 4943
f 5923 4943 5924
f 5924 4943 4942
f 5924 4942 5925
f 5925 4942 4930
f 5925 4930 5926
f 5926 4930 4929
f 5926 4929 5927
f 5927 4929 4938
f 5927 4938 5928
f 5928 4938 4937
f 5928 4937 5929
f 5929 4937 4936
f 5929 4936 5930
f 5930 4936 4935
f 5930 4935 5931
f 5931 4935 4934
f 5931 4934 5932
f 5932 4934 4932
f 5932 4932 5938
f 5938 4932 4931
f 5938 4931 5939
f 5939 4931 4941
f 5939 4941 5940
f 5940 4941 4940
f 5940 4940 5933
f 5933 4940 4939
f 5933 4939 5934
f 5934 4939 4927
f 5934 4927 5936
f 5936 4927 4925
f 5936 4925 5937
f 5937 4925 4951
f 5937 4951 5918
f 5918 4951 4950
f 5696 5695 5322
f 5322 5695 5324
f 5322 5321 5696
f 5696 5321 5313
f 5696 5313 5697
f 5697 5313 5312
f 5697 5312 5698
f 5698 5312 5320
f 5698 5320 5701
f 5701 5320 5319
f 5701 5319 5702
f 5702 5319 5318
f 5702 5318 5703
f 5703 5318 5317
f 5703 5317 5699
f 5699 5317 5316
f 5699 5316 5700
f 5700 5316 5315
f 5700 5315 5704
f 5704 5315 5314
f 5704 5314 5705
f 5705 5314 5336
f 5705 5336 5706
f 5706 5336 5335
f 5706 5335 5684
f 5684 5335 5334
f 5684 5334 5685
f 5685 5334 5330
f 5685 5330 5687
f 5687 5330 5329
f 5687 5329 5688
f 5688 5329 5333
f 5688 5333 5689
f 5689 5333 5332
f 5689 5332 5690
f 5690 5332 5331
f 5690 5331 5691
f 5691 5331 5328
f 5691 5328 5682
f 5682 5328 5327
f 5682 5327 5683
f 5683 5327 5326
f 5683 5326 5692
f 5692 5326 5325
f 5692 5325 5693
f 5693 5325 5324
f 5693 5324 5694
f 5694 5324 5695
f 5671 5670 5297
f 5297 5670 5299
f 5297 5296 5671
f 5671 5296 5288
f 5671 5288 5672
f 5672 5288 5287
f 5672 5287 5673
f 5673 5287 5295
f 5673 5295 5676
f 5676 5295 5294
f 5676 5294 5677
f 5677 5294 5293
f 5677 5293 5678
f 5678 5293 5292
f 5678 5292 5674
f 5674 5292 5291
f 5674 5291 5675
f 5675 5291 5290
f 5675 5290 5679
f 5679 5290 5289
f 5679 5289 5680
f 5680 5289 5311
f 5680 5311 5681
f 5681 5311 5310
f 5681 5310 5659
f 5659 5310 5309
f 5659 5309 5660
f 5660 5309 5305
f 5660 5305 5662
f 5662 5305 5304
f 5662 5304 5663
f 5663 5304 5308
f 5663 5308 5664
f 5664 5308 5307
f 5664 5307 5665
f 5665 5307 5306
f 5665 5306 5666
f 5666 5306 5303
f 5666 5303 5657
f 5657 5303 5302
f 5657 5302 5658
f 5658 5302 5301
f 5658 5301 5667
f 5667 5301 5300
f 5667 5300 5668
f 5668 5300 5299
f 5668 5299 5669
f 5669 5299 5670
f 5634 5284 5635
f 5635 5284 5280
f 5635 5280 5637
f 5637 5280 5279
f 5637 5279 5638
f 5638 5279 5283
f 5638 5283 5639
f 5639 5283 5282
f 5639 5282 5640
f 5640 5282 5281
f 5640 5281 5641
f 5641 5281 5278
f 5641 5278 5632
f 5632 5278 5277
f 5632 5277 5633
f 5633 5277 5276
f 5633 5276 5642
f 5642 5276 5275
f 5642 5275 5643
f 5643 5275 5274
f 5643 5274 5644
f 5644 5274 5272
f 5644 5272 5645
f 5645 5272 5271
f 5645 5271 5646
f 5646 5271 5263
f 5646 5263 5647
f 5647 5263 5262
f 5647 5262 5648
f 5648 5262 5270
f 5648 5270 5651
f 5651 5270 5269
f 5651 5269 5652
f 5652 5269 5268
f 5652 5268 5653
f 5653 5268 5267
f 5653 5267 5649
f 5649 5267 5266
f 5649 5266 5650
f 5650 5266 5265
f 5650 5265 5654
f 5654 5265 5264
f 5654 5264 5655
f 5655 5264 5286
f 5655 5286 5656
f 5656 5286 5285
f 5656 5285 5634
f 5634 5285 5284
f 5611 5260 5610
f 5610 5260 5256
f 5610 5256 5609
f 5609 5256 5255
f 5609 5255 5612
f 5612 5255 5259
f 5612 5259 5613
f 5613 5259 5258
f 5613 5258 5607
f 5607 5258 5257
f 5607 5257 5608
f 5608 5257 5254
f 5608 5254 5614
f 5614 5254 5253
f 5614 5253 5615
f 5615 5253 5252
f 5615 5252 5616
f 5616 5252 5240
f 5616 5240 5619
f 5619 5240 5238
f 5619 5238 5620
f 5620 5238 5237
f 5620 5237 5621
f 5621 5237 5251
f 5621 5251 5617
f 5617 5251 5250
f 5617 5250 5618
f 5618 5250 5249
f 5618 5249 5622
f 5622 5249 5248
f 5622 5248 5623
f 5623 5248 5247
f 5623 5247 5625
f 5625 5247 5245
f 5625 5245 5626
f 5626 5245 5244
f 5626 5244 5627
f 5627 5244 5243
f 5627 5243 5628
f 5628 5243 5242
f 5628 5242 5629
f 5629 5242 5241
f 5629 5241 5630
f 5630 5241 5236
f 5630 5236 5631
f 5631 5236 5261
f 5631 5261 5611
f 5611 5261 5260
f 5592 5591 5425
f 5425 5591 5423
f 5425 5426 5592
f 5592 5426 5415
f 5592 5415 5593
f 5593 5415 5414
f 5593 5414 5596
f 5596 5414 5422
f 5596 5422 5595
f 5595 5422 5421
f 5595 5421 5594
f 5594 5421 5420
f 5594 5420 5597
f 5597 5420 5419
f 5597 5419 5598
f 5598 5419 5418
f 5598 5418 5599
f 5599 5418 5417
f 5599 5417 5600
f 5600 5417 5416
f 5600 5416 5601
f 5601 5416 5438
f 5601 5438 5602
f 5602 5438 5437
f 5602 5437 5588
f 5588 5437 5436
f 5588 5436 5587
f 5587 5436 5435
f 5587 5435 5586
f 5586 5435 5434
f 5586 5434 5589
f 5589 5434 5433
f 5589 5433 5590
f 5590 5433 5430
f 5590 5430 5579
f 5579 5430 5431
f 5579 5431 5580
f 5580 5431 5432
f 5580 5432 5581
f 5581 5432 5429
f 5581 5429 5582
f 5582 5429 5428
f 5582 5428 5585
f 5585 5428 5427
f 5585 5427 5584
f 5584 5427 5423
f 5584 5423 5583
f 5583 5423 5591
f 5567 5566 5400
f 5400 5566 5398
f 5400 5401 5567
f 5567 5401 5390
f 5567 5390 5568
f 5568 5390 5389
f 5568 5389 5571
f 5571 5389 5397
f 5571 5397 5570
f 5570 5397 5396
f 5570 5396 5569
f 5569 5396 5395
f 5569 5395 5572
f 5572 5395 5394
f 5572 5394 5573
f 5573 5394 5393
f 5573 5393 5574
f 5574 5393 5392
f 5574 5392 5575
f 5575 5392 5391
f 5575 5391 5576
f 5576 5391 5413
f 5576 5413 5577
f 5577 5413 5412
f 5577 5412 5555
f 5555 5412 5411
f 5555 5411 5556
f 5556 5411 5410
f 5556 5410 5558
f 5558 5410 5409
f 5558 5409 5559
f 5559 5409 5408
f 5559 5408 5560
f 5560 5408 5405
f 5560 5405 5561
f 5561 5405 5406
f 5561 5406 5562
f 5562 5406 5407
f 5562 5407 5553
f 5553 5407 5404
f 5553 5404 5554
f 5554 5404 5403
f 5554 5403 5565
f 5565 5403 5402
f 5565 5402 5564
f 5564 5402 5398
f 5564 5398 5563
f 5563 5398 5566
f 5530 5386 5531
f 5531 5386 5385
f 5531 5385 5533
f 5533 5385 5384
f 5533 5384 5534
f 5534 5384 5383
f 5534 5383 5535
f 5535 5383 5380
f 5535 5380 5536
f 5536 5380 5381
f 5536 5381 5537
f 5537 5381 5382
f 5537 5382 5528
f 5528 5382 5379
f 5528 5379 5529
f 5529 5379 5378
f 5529 5378 5540
f 5540 5378 5377
f 5540 5377 5539
f 5539 5377 5373
f 5539 5373 5538
f 5538 5373 5375
f 5538 5375 5541
f 5541 5375 5376
f 5541 5376 5542
f 5542 5376 5365
f 5542 5365 5543
f 5543 5365 5364
f 5543 5364 5546
f 5546 5364 5372
f 5546 5372 5545
f 5545 5372 5371
f 5545 5371 5544
f 5544 5371 5370
f 5544 5370 5547
f 5547 5370 5369
f 5547 5369 5548
f 5548 5369 5368
f 5548 5368 5549
f 5549 5368 5367
f 5549 5367 5550
f 5550 5367 5366
f 5550 5366 5551
f 5551 5366 5388
f 5551 5388 5552
f 5552 5388 5387
f 5552 5387 5530
f 5530 5387 5386
f 5507 5362 5506
f 5506 5362 5361
f 5506 5361 5505
f 5505 5361 5360
f 5505 5360 5508
f 5508 5360 5359
f 5508 5359 5509
f 5509 5359 5356
f 5509 5356 5503
f 5503 5356 5357
f 5503 5357 5502
f 5502 5357 5358
f 5502 5358 5510
f 5510 5358 5355
f 5510 5355 5511
f 5511 5355 5354
f 5511 5354 5512
f 5512 5354 5353
f 5512 5353 5513
f 5513 5353 5349
f 5513 5349 5514
f 5514 5349 5351
f 5514 5351 5515
f 5515 5351 5352
f 5515 5352 5516
f 5516 5352 5341
f 5516 5341 5517
f 5517 5341 5340
f 5517 5340 5518
f 5518 5340 5348
f 5518 5348 5520
f 5520 5348 5347
f 5520 5347 5521
f 5521 5347 5346
f 5521 5346 5522
f 5522 5346 5345
f 5522 5345 5523
f 5523 5345 5344
f 5523 5344 5524
f 5524 5344 5343
f 5524 5343 5525
f 5525 5343 5339
f 5525 5339 5526
f 5526 5339 5338
f 5526 5338 5527
f 5527 5338 5363
f 5527 5363 5507
f 5507 5363 5362
f 6720 4902 4886
f 6751 6752 6786
f 1118 6788 1119
f 1119 6788 6789
f 1119 6789 1106
f 1106 6789 6790
f 1106 6790 4839
f 6818 1116 6819
f 6819 1116 1115
f 6818 6751 1116
f 1116 6751 6786
f 1116 6786 1118
f 1118 6786 6787
f 1118 6787 6788
f 6717 6718 5440
f 6720 4886 6719
f 4839 6790 4840
f 4840 6790 6791
f 4840 6791 4841
f 4841 6791 6792
f 4841 6792 4842
f 4886 4885 6719
f 6719 4885 5442
f 6719 5442 6718
f 6718 5442 5441
f 6718 5441 5440
f 5440 4926 6717
f 6717 4926 4933
f 6717 4933 6756
f 6756 4933 6792
f 6792 4933 5041
f 6792 5041 5143
f 5143 5246 6792
f 6792 5246 5342
f 6792 5342 4842
f 1112 1114 1115
f 1115 1114 6477
f 1115 6477 6819
f 6819 6477 6818
f 6818 6477 6479
f 6818 6479 6751
f 6751 6479 6489
f 6751 6489 6490
f 6775 6076 6773
f 6773 6076 6074
f 6773 6074 6820
f 6454 6606 6821
f 6822 6594 6535
f 6523 6773 6820
f 6454 6676 6474
f 6483 6068 6494
f 6494 6068 6070
f 6494 6070 6779
f 6535 6534 6550
f 6454 6474 6453
f 6453 6474 6464
f 6453 6464 6463
f 6505 6504 6521
f 6823 6822 6820
f 6820 6822 6535
f 6820 6535 6523
f 6812 6817 6822
f 6482 6476 6483
f 6483 6476 6069
f 6483 6069 6068
f 6550 6551 6535
f 6535 6551 6552
f 6535 6552 6523
f 6523 6552 6505
f 6523 6505 6522
f 6522 6505 6521
f 6779 6070 6823
f 6823 6070 6810
f 6823 6810 6822
f 6822 6810 6811
f 6822 6811 6812
f 6817 6800 6822
f 6822 6800 6799
f 6822 6799 6699
f 6699 6667 6822
f 6822 6667 6666
f 6822 6666 6671
f 6671 6673 6822
f 6822 6673 6679
f 6822 6679 6821
f 6821 6679 6678
f 6821 6678 6454
f 6454 6678 6677
f 6454 6677 6676
f 6822 6094 6594
f 6594 6094 6096
f 6594 6096 6592
f 6095 6821 6606
f 6611 6097 6610
f 6610 6097 6095
f 6610 6095 6609
f 6606 6607 6095
f 6095 6607 6608
f 6095 6608 6609
f 6094 6822 6095
f 6095 6822 6821
f 6782 6780 6073
f 6073 6780 6779
f 6073 6779 6823
f 6075 6784 6073
f 6073 6784 6783
f 6073 6783 6782
f 6823 6820 6073
f 6073 6820 6074
f 6795 6796 6824
f 6797 6793 6825
f 6441 6794 6826
f 6441 6826 6442
f 6442 6826 6827
f 6442 6827 6443
f 6443 6827 6828
f 6443 6828 6437
f 6437 6828 6829
f 6437 6829 6438
f 6438 6829 6736
f 6438 6736 6433
f 5449 6738 6024
f 6024 6738 6830
f 6024 6830 6023
f 6023 6830 6022
f 6022 6830 6831
f 6022 6831 6021
f 6021 6831 6832
f 6021 6832 6020
f 6020 6832 6825
f 6020 6825 6019
f 6019 6825 6793
f 6019 6793 5935
f 6738 6737 6830
f 6830 6737 6833
f 6830 6833 6831
f 6831 6833 6834
f 6831 6834 6832
f 6832 6834 6835
f 6832 6835 6825
f 6825 6835 6824
f 6825 6824 6797
f 6797 6824 6796
f 6737 6736 6833
f 6833 6736 6829
f 6833 6829 6834
f 6834 6829 6828
f 6834 6828 6835
f 6835 6828 6827
f 6835 6827 6824
f 6824 6827 6826
f 6824 6826 6795
f 6795 6826 6794
f 6592 6096 6593
f 6593 6096 6093
f 6593 6093 6595
f 6590 6589 6092
f 6092 6589 6588
f 6092 6588 6093
f 6093 6588 6596
f 6093 6596 6595
f 6091 6586 6092
f 6092 6586 6591
f 6092 6591 6590
f 6091 6598 6586
f 6586 6598 6584
f 6586 6584 6587
f 6587 6584 6585
f 6712 6599 6098
f 6098 6599 6601
f 6098 6601 6091
f 6091 6601 6602
f 6091 6602 6598
f 6098 6090 6712
f 6712 6090 6089
f 6712 6089 6711
f 6711 6089 6088
f 6711 6088 6710
f 6710 6088 6101
f 6710 6101 6707
f 6707 6101 6100
f 6707 6100 6706
f 6706 6100 6102
f 6706 6102 6705
f 6612 6604 6603
f 6705 6102 6603
f 6603 6102 6099
f 6603 6099 6612
f 6612 6099 6097
f 6612 6097 6611
f 6320 6625 6836
f 6836 6625 6837
f 6625 6324 6837
f 6837 6324 6326
f 6837 6326 6838
f 6838 6326 6327
f 6838 6327 6839
f 6839 6327 6335
f 6839 6335 6840
f 6840 6335 6332
f 6840 6332 6841
f 6841 6332 6334
f 6841 6334 6842
f 6842 6334 6343
f 6842 6343 6843
f 6843 6343 6344
f 6843 6344 6844
f 6844 6344 6346
f 6844 6346 6845
f 6845 6346 6338
f 6845 6338 6846
f 6846 6338 6328
f 6846 6328 6847
f 6847 6328 6329
f 6847 6329 6848
f 6848 6329 6323
f 6848 6323 6849
f 6849 6323 6322
f 6849 6322 6836
f 6836 6322 6321
f 6836 6321 6320
f 6840 6841 6850
f 6840 6850 6839
f 6836 6837 6850
f 6850 6837 6838
f 6850 6838 6839
f 6847 6848 6850
f 6850 6848 6849
f 6850 6849 6836
f 6844 6845 6850
f 6850 6845 6846
f 6850 6846 6847
f 6841 6842 6850
f 6850 6842 6843
f 6850 6843 6844
f 6851 6852 6853
f 6854 6855 6856
f 6856 6855 1872
f 6856 1872 6853
f 6853 1872 1061
f 6853 1061 6851
f 6857 6858 6859
f 6859 6858 6860
f 6859 6860 6861
f 6862 6863 6864
f 6864 6863 6865
f 6864 6865 6866
f 6867 6863 6868
f 6868 6863 6862
f 6868 6862 6869
f 6858 6857 6870
f 6870 6857 6871
f 6872 6873 6865
f 6865 6873 6866
f 6874 6875 6876
f 6876 6875 6877
f 6861 6860 6878
f 6878 6879 6861
f 6861 6879 6880
f 6861 6880 6881
f 6882 6880 6879
f 6883 6882 6884
f 6884 6882 6879
f 6884 6879 6878
f 6867 6868 6885
f 6885 6868 6886
f 6885 6886 6887
f 6870 6871 6888
f 6870 6888 6889
f 6888 6890 6889
f 6889 6890 6891
f 6889 6891 6892
f 6892 6891 6893
f 6892 6893 6894
f 6893 6895 6894
f 6894 6895 6896
f 6894 6896 6897
f 6897 6896 6898
f 6898 6899 6897
f 6897 6899 6900
f 6897 6900 6901
f 6900 6902 6901
f 6901 6902 6903
f 6901 6903 6904
f 6904 6903 6905
f 6904 6905 6906
f 6905 6907 6906
f 6906 6907 6908
f 6906 6908 6874
f 6874 6908 6909
f 6874 6909 6875
f 6876 6877 6910
f 6876 6910 6911
f 6910 6912 6911
f 6911 6912 6913
f 6911 6913 6914
f 6914 6913 6915
f 6914 6915 6916
f 6915 6917 6916
f 6916 6917 6918
f 6916 6918 6919
f 6919 6918 6920
f 6920 6921 6919
f 6919 6921 6922
f 6919 6922 6923
f 6922 6924 6923
f 6923 6924 6925
f 6923 6925 6926
f 6926 6925 6927
f 6926 6927 6928
f 6927 6929 6928
f 6928 6929 6930
f 6928 6930 6872
f 6872 6930 6931
f 6872 6931 6873
f 101 99 6932
f 6932 99 6933
f 6932 6933 6934
f 6934 6933 6935
f 6934 6935 6936
f 6936 6935 6937
f 6936 6937 6938
f 6938 6937 6861
f 6938 6861 6881
f 6869 6862 6939
f 6939 6862 6940
f 6939 6940 6941
f 6941 6940 6942
f 6941 6942 6943
f 6943 6942 6944
f 6943 6944 6945
f 6945 6944 90
f 6945 90 88
f 6946 6947 6948
f 6948 6947 107
f 6948 107 91
f 6946 6948 6949
f 6949 6948 6950
f 6949 6950 6951
f 6951 6950 6952
f 6951 6952 6953
f 6940 6862 6864
f 6866 6953 6864
f 6864 6953 6952
f 6864 6952 6940
f 6940 6952 6950
f 6940 6950 6942
f 6942 6950 6948
f 6942 6948 6944
f 6944 6948 91
f 6944 91 90
f 6866 6873 6953
f 6953 6873 6954
f 6953 6954 6951
f 6951 6954 6955
f 6951 6955 6949
f 6949 6955 6956
f 6949 6956 6946
f 6946 6956 6957
f 6946 6957 6947
f 6947 6957 6958
f 6947 6958 107
f 107 6958 108
f 26 25 6959
f 6959 25 6960
f 6959 6960 6961
f 6961 6960 6962
f 6961 6962 6963
f 6963 6962 6964
f 6963 6964 6965
f 6965 6964 6966
f 6965 6966 6967
f 6967 6966 6968
f 6967 6968 6875
f 6875 6968 6877
f 73 72 6969
f 6969 72 6970
f 6969 6970 6971
f 6971 6970 6972
f 6971 6972 6973
f 6973 6972 6974
f 6973 6974 6975
f 6975 6974 6976
f 6975 6976 6977
f 6977 6976 6978
f 6977 6978 6857
f 6857 6978 6871
f 6975 6977 6979
f 6979 6977 6857
f 6979 6857 6859
f 6975 6979 6973
f 6973 6979 6980
f 6973 6980 6971
f 6971 6980 6981
f 6971 6981 6969
f 6933 99 98
f 73 6969 98
f 98 6969 6981
f 98 6981 6933
f 6933 6981 6980
f 6933 6980 6935
f 6935 6980 6979
f 6935 6979 6937
f 6937 6979 6859
f 6937 6859 6861
f 43 8 6982
f 6983 6984 13
f 6982 6985 43
f 43 6985 6986
f 43 6986 42
f 42 6986 6983
f 42 6983 41
f 41 6983 13
f 6972 6970 6987
f 6988 6989 28
f 28 6989 29
f 29 6989 6990
f 29 6990 48
f 48 6990 49
f 49 6990 6991
f 49 6991 4
f 4 6991 6992
f 4 6992 5
f 5 6992 6993
f 5 6993 74
f 74 6993 6994
f 74 6994 22
f 22 6994 6987
f 22 6987 23
f 23 6987 6970
f 23 6970 72
f 6976 6974 6995
f 6995 6974 6972
f 6996 6978 6976
f 6871 6978 6888
f 6888 6978 6996
f 6888 6996 6890
f 6890 6996 6997
f 6890 6997 6891
f 6891 6997 6998
f 6891 6998 6893
f 6893 6998 6999
f 6893 6999 6895
f 7000 6898 6999
f 6999 6898 6896
f 6999 6896 6895
f 7001 6905 7002
f 7002 6905 6903
f 7002 6903 7003
f 7003 6903 6902
f 7003 6902 7004
f 7004 6902 6900
f 7004 6900 7000
f 7000 6900 6899
f 7000 6899 6898
f 6909 6908 7001
f 7001 6908 6907
f 7001 6907 6905
f 7001 7005 6909
f 6909 7005 6967
f 6909 6967 6875
f 7006 6963 6965
f 27 26 6959
f 28 82 6988
f 6988 82 81
f 6988 81 7007
f 7007 81 27
f 7007 27 7008
f 7008 27 6959
f 7008 6959 6961
f 6976 6995 6996
f 6996 6995 7009
f 6996 7009 6997
f 6997 7009 7010
f 6997 7010 6998
f 6998 7010 7011
f 6998 7011 6999
f 6999 7011 7012
f 6999 7012 7000
f 7000 7012 7013
f 7000 7013 7004
f 7004 7013 7014
f 7004 7014 7003
f 7003 7014 7015
f 7003 7015 7002
f 7002 7015 7016
f 7002 7016 7001
f 7001 7016 7006
f 7001 7006 7005
f 7005 7006 6965
f 7005 6965 6967
f 6972 6987 6995
f 6995 6987 6994
f 6995 6994 7009
f 7009 6994 6993
f 7009 6993 7010
f 7010 6993 6992
f 7010 6992 7011
f 7011 6992 6991
f 7011 6991 7012
f 7012 6991 6990
f 7012 6990 7013
f 7013 6990 6989
f 7013 6989 7014
f 7014 6989 6988
f 7014 6988 7015
f 7015 6988 7007
f 7015 7007 7016
f 7016 7007 7008
f 7016 7008 7006
f 7006 7008 6961
f 7006 6961 6963
f 6962 6960 7017
f 76 7018 77
f 77 7018 7019
f 77 7019 7020
f 80 79 7020
f 7020 79 78
f 7020 78 77
f 7020 7021 80
f 80 7021 7022
f 80 7022 105
f 105 7022 7017
f 105 7017 106
f 106 7017 6960
f 106 6960 25
f 6966 6964 7023
f 7023 6964 6962
f 7024 6968 6966
f 6877 6968 6910
f 6910 6968 7024
f 6910 7024 6912
f 6912 7024 7025
f 6912 7025 6913
f 6913 7025 7026
f 6913 7026 6915
f 6915 7026 7027
f 6915 7027 6917
f 7028 6920 7027
f 7027 6920 6918
f 7027 6918 6917
f 7029 6927 7030
f 7030 6927 6925
f 7030 6925 7031
f 7031 6925 6924
f 7031 6924 7032
f 7032 6924 6922
f 7032 6922 7028
f 7028 6922 6921
f 7028 6921 6920
f 6931 6930 7029
f 7029 6930 6929
f 7029 6929 6927
f 7029 7033 6931
f 6931 7033 6954
f 6931 6954 6873
f 7034 6956 6955
f 109 108 6958
f 76 75 7018
f 7018 75 47
f 7018 47 7035
f 7035 47 46
f 7035 46 7036
f 7036 46 55
f 7036 55 7037
f 7037 55 109
f 7037 109 7038
f 7038 109 6958
f 7038 6958 6957
f 6966 7023 7024
f 7024 7023 7039
f 7024 7039 7025
f 7025 7039 7040
f 7025 7040 7026
f 7026 7040 7041
f 7026 7041 7027
f 7027 7041 7042
f 7027 7042 7028
f 7028 7042 7043
f 7028 7043 7032
f 7032 7043 7044
f 7032 7044 7031
f 7031 7044 7045
f 7031 7045 7030
f 7030 7045 7046
f 7030 7046 7029
f 7029 7046 7034
f 7029 7034 7033
f 7033 7034 6955
f 7033 6955 6954
f 6962 7017 7023
f 7023 7017 7022
f 7023 7022 7039
f 7039 7022 7021
f 7039 7021 7040
f 7040 7021 7020
f 7040 7020 7041
f 7041 7020 7019
f 7041 7019 7042
f 7042 7019 7018
f 7042 7018 7043
f 7043 7018 7035
f 7043 7035 7044
f 7044 7035 7036
f 7044 7036 7045
f 7045 7036 7037
f 7045 7037 7046
f 7046 7037 7038
f 7046 7038 7034
f 7034 7038 6957
f 7034 6957 6956
f 7047 7048 7049
f 7049 7048 7050
f 7050 7051 7049
f 7049 7051 7052
f 7049 7052 7053
f 12 11 7054
f 7054 11 7053
f 7054 7053 7055
f 7055 7053 7052
f 4864 7056 1864
f 1864 7056 7057
f 7047 7049 7053
f 7053 11 7047
f 7047 11 13
f 7047 13 7057
f 7057 13 6984
f 7057 6984 1864
f 7058 7059 6982
f 6982 7059 1091
f 1091 7059 7060
f 1091 7060 1069
f 7061 7062 7
f 7 7062 7058
f 7 7058 8
f 8 7058 6982
f 7 9 7061
f 7061 9 7063
f 7063 7064 7061
f 7061 7064 7065
f 7061 7065 7062
f 7066 7058 7067
f 7067 7058 7062
f 7067 7062 7068
f 7068 7062 7065
f 7064 7063 7069
f 7070 7071 7072
f 104 103 7071
f 7071 7070 104
f 104 7070 7073
f 104 7073 62
f 62 7073 7074
f 62 7074 63
f 63 7074 7075
f 63 7075 65
f 65 7075 7076
f 65 7076 67
f 67 7076 69
f 69 7076 7077
f 69 7077 70
f 70 7077 7078
f 70 7078 95
f 95 7078 96
f 96 7078 7079
f 96 7079 97
f 97 7079 7080
f 97 7080 92
f 92 7080 7081
f 92 7081 93
f 93 7081 7069
f 93 7069 94
f 94 7069 7063
f 94 7063 9
f 7068 7065 7082
f 7082 7065 7064
f 7083 7066 7067
f 7084 7085 7086
f 7086 7085 7087
f 7086 7087 7088
f 7088 7087 7083
f 7088 7083 7089
f 7089 7083 7067
f 7089 7067 7068
f 7084 7086 7090
f 7090 7086 7091
f 7090 7091 7092
f 7092 7091 7093
f 7092 7093 7094
f 7094 7093 7095
f 7094 7095 7096
f 7096 7095 7097
f 7096 7097 7098
f 7099 7100 7101
f 7101 7100 7102
f 7101 7102 7103
f 7103 7102 7104
f 7103 7104 7105
f 7105 7104 7106
f 7105 7106 7107
f 7107 7106 7108
f 7107 7108 7097
f 7097 7108 7109
f 7097 7109 7098
f 7068 7082 7089
f 7089 7082 7110
f 7089 7110 7088
f 7088 7110 7111
f 7088 7111 7086
f 7086 7111 7112
f 7086 7112 7091
f 7091 7112 7113
f 7091 7113 7093
f 7093 7113 7114
f 7093 7114 7095
f 7095 7114 7115
f 7095 7115 7097
f 7097 7115 7116
f 7097 7116 7107
f 7107 7116 7117
f 7107 7117 7105
f 7105 7117 7118
f 7105 7118 7103
f 7103 7118 7119
f 7103 7119 7101
f 7101 7119 7120
f 7101 7120 7099
f 7064 7069 7082
f 7082 7069 7081
f 7082 7081 7110
f 7110 7081 7080
f 7110 7080 7111
f 7111 7080 7079
f 7111 7079 7112
f 7112 7079 7078
f 7112 7078 7113
f 7113 7078 7077
f 7113 7077 7114
f 7114 7077 7076
f 7114 7076 7115
f 7115 7076 7075
f 7115 7075 7116
f 7116 7075 7074
f 7116 7074 7117
f 7117 7074 7073
f 7117 7073 7118
f 7118 7073 7070
f 7118 7070 7119
f 7119 7070 7072
f 7119 7072 7120
f 6881 7099 7120
f 6881 7120 6938
f 6938 7120 7072
f 6938 7072 6936
f 6936 7072 7071
f 6936 7071 6934
f 6934 7071 6932
f 6932 7071 103
f 6932 103 101
f 6945 88 86
f 86 7121 6945
f 6945 7121 7122
f 6945 7122 6943
f 6943 7122 7123
f 6943 7123 6941
f 6941 7123 6939
f 6939 7123 7124
f 6939 7124 6869
f 34 7125 7126
f 14 7127 7128
f 14 7128 39
f 39 7128 7129
f 39 7129 40
f 40 7129 7130
f 40 7130 57
f 7125 34 7130
f 7130 34 58
f 7130 58 57
f 38 37 7126
f 7126 37 35
f 7126 35 34
f 7126 7131 38
f 38 7131 7132
f 38 7132 32
f 32 7132 7133
f 32 7133 30
f 30 7133 7134
f 30 7134 83
f 83 7134 7135
f 83 7135 84
f 7136 7122 7121
f 7137 7123 7122
f 7138 7124 7123
f 7123 7137 7138
f 7138 7137 7139
f 7138 7139 7140
f 7140 7139 7141
f 7140 7141 7142
f 7143 7144 7145
f 7145 7144 7146
f 7145 7146 7147
f 7147 7146 7148
f 7147 7148 7149
f 7149 7148 7150
f 7149 7150 7151
f 7151 7150 7152
f 7151 7152 7141
f 7141 7152 7153
f 7141 7153 7142
f 7143 7145 7154
f 7154 7145 7155
f 7154 7155 7156
f 7156 7155 7157
f 7156 7157 7158
f 7158 7157 7159
f 7158 7159 7160
f 7160 7159 7161
f 7160 7161 7162
f 7162 7161 7050
f 7162 7050 7048
f 7163 7052 7051
f 14 12 7127
f 7127 12 7054
f 7127 7054 7055
f 7122 7136 7137
f 7137 7136 7164
f 7137 7164 7139
f 7139 7164 7165
f 7139 7165 7141
f 7141 7165 7166
f 7141 7166 7151
f 7151 7166 7167
f 7151 7167 7149
f 7149 7167 7168
f 7149 7168 7147
f 7147 7168 7169
f 7147 7169 7145
f 7145 7169 7170
f 7145 7170 7155
f 7155 7170 7171
f 7155 7171 7157
f 7157 7171 7172
f 7157 7172 7159
f 7159 7172 7163
f 7159 7163 7161
f 7161 7163 7051
f 7161 7051 7050
f 86 84 7121
f 7121 84 7135
f 7121 7135 7136
f 7136 7135 7134
f 7136 7134 7164
f 7164 7134 7133
f 7164 7133 7165
f 7165 7133 7132
f 7165 7132 7166
f 7166 7132 7131
f 7166 7131 7167
f 7167 7131 7126
f 7167 7126 7168
f 7168 7126 7125
f 7168 7125 7169
f 7169 7125 7130
f 7169 7130 7170
f 7170 7130 7129
f 7170 7129 7171
f 7171 7129 7128
f 7171 7128 7172
f 7172 7128 7127
f 7172 7127 7163
f 7163 7127 7055
f 7163 7055 7052
f 7060 7173 1069
f 1069 7173 1060
f 1060 7173 1061
f 1061 7173 7174
f 1061 7174 6851
f 6851 7174 7175
f 6851 7175 6852
f 6852 7175 7176
f 6852 7176 6853
f 1864 6984 1091
f 1091 6984 6983
f 6983 6986 1091
f 1091 6986 6985
f 1091 6985 6982
f 7177 7124 7138
f 7177 7138 7178
f 7178 7138 7140
f 7178 7140 7179
f 7140 7142 7179
f 7179 7142 7153
f 7179 7153 7180
f 7180 7153 7152
f 7152 7150 7180
f 7180 7150 7148
f 7180 7148 7181
f 7181 7148 7146
f 7181 7146 7182
f 7182 7146 7144
f 7144 7143 7182
f 7182 7143 7154
f 7182 7154 7183
f 7154 7156 7183
f 7183 7156 7158
f 7183 7158 7184
f 7184 7158 7160
f 7184 7160 7185
f 7185 7160 7162
f 7185 7162 7048
f 7185 7048 7057
f 7057 7048 7047
f 7056 4864 4863
f 7056 4863 7186
f 7186 4863 1872
f 7186 1872 7187
f 1872 6855 7187
f 7187 6855 6854
f 7187 6854 7188
f 7188 6854 6856
f 7188 6856 7189
f 7059 7058 7190
f 7190 7058 7066
f 7190 7066 7083
f 7190 7083 7191
f 7191 7083 7087
f 7191 7087 7192
f 7087 7085 7192
f 7192 7085 7084
f 7192 7084 7193
f 7193 7084 7090
f 7090 7092 7193
f 7193 7092 7094
f 7193 7094 7194
f 7194 7094 7096
f 7194 7096 7195
f 7195 7096 7098
f 7098 7109 7195
f 7195 7109 7108
f 7195 7108 7196
f 7108 7106 7196
f 7196 7106 7104
f 7196 7104 7197
f 7197 7104 7102
f 7197 7102 7198
f 7198 7102 7100
f 7198 7100 7099
f 6882 6883 7198
f 6882 7198 6880
f 6880 7198 7099
f 6880 7099 6881
f 6868 6869 7124
f 6868 7124 6886
f 6886 7124 7177
f 6886 7177 6887
f 992 7199 993
f 993 7199 7200
f 993 7200 7201
f 1023 7202 1026
f 1026 7202 7203
f 1026 7203 992
f 992 7203 7204
f 992 7204 7199
f 7205 7206 1020
f 1020 7206 7207
f 1020 7207 1023
f 1023 7207 7208
f 1023 7208 7202
f 7205 1020 7209
f 7209 1020 1002
f 7209 1002 7210
f 7210 1002 1001
f 7210 1001 7211
f 1052 7212 1053
f 1053 7212 7213
f 1053 7213 1055
f 1055 7213 7214
f 1055 7214 1057
f 1057 7214 7215
f 1057 7215 1036
f 1036 7215 7216
f 1036 7216 1001
f 1001 7216 7217
f 1001 7217 7211
f 1052 1047 7212
f 7212 1047 7218
f 7219 7220 1009
f 7221 7218 1047
f 1050 7222 7223
f 7221 1047 7224
f 7224 1047 1048
f 7224 1048 7223
f 7223 1048 1049
f 7223 1049 1050
f 7222 1050 7225
f 7225 1050 1051
f 7225 1051 7226
f 7226 1051 1029
f 7226 1029 7227
f 7227 1029 7228
f 7228 1029 1031
f 7228 1031 7229
f 7229 1031 1014
f 7229 1014 7230
f 1009 7220 1014
f 1014 7220 7231
f 1014 7231 7230
f 7219 1009 7232
f 7232 1009 1005
f 7232 1005 7233
f 7233 1005 999
f 7233 999 7234
f 7234 999 7235
f 7235 999 997
f 7235 997 7236
f 7237 7238 7239
f 7240 7241 7242
f 7242 7241 7243
f 7242 7243 7236
f 7236 7243 7244
f 7236 7244 7235
f 7245 7246 7247
f 7247 7246 7248
f 7247 7248 7240
f 7240 7248 7249
f 7240 7249 7241
f 7245 7247 7250
f 7250 7247 7251
f 7250 7251 7252
f 7252 7251 7253
f 7252 7253 7254
f 7239 7238 7253
f 7253 7238 7255
f 7253 7255 7254
f 7237 7239 7256
f 7256 7239 7257
f 7256 7257 7258
f 7258 7257 7259
f 7258 7259 7260
f 7176 7261 7262
f 7260 7259 7189
f 6856 6853 7189
f 7189 6853 7176
f 7189 7176 7260
f 7260 7176 7262
f 7263 7264 7265
f 7266 7267 7268
f 7268 7267 7269
f 7268 7269 7261
f 7261 7269 7270
f 7261 7270 7262
f 7271 7272 7273
f 7273 7272 7274
f 7273 7274 7266
f 7266 7274 7275
f 7266 7275 7267
f 7271 7273 7276
f 7276 7273 7277
f 7276 7277 7278
f 7278 7277 7279
f 7278 7279 7280
f 7265 7264 7279
f 7279 7264 7281
f 7279 7281 7280
f 7263 7265 7282
f 7282 7265 7283
f 7282 7283 7284
f 7284 7283 7201
f 7284 7201 7200
f 6887 7177 1834
f 6870 6889 1899
f 7176 7175 7261
f 7261 7175 7174
f 7186 7187 7259
f 7259 7187 7188
f 7259 7188 7189
f 6926 1914 1915
f 1834 1911 6887
f 6887 1911 1914
f 6887 1914 6885
f 7185 7057 7056
f 1915 1932 6926
f 6926 1932 1930
f 6926 1930 6923
f 6923 1930 1928
f 6923 1928 6919
f 6919 1928 1926
f 6919 1926 6916
f 6916 1926 1924
f 6916 1924 6914
f 6914 1924 1922
f 6914 1922 6911
f 6911 1922 1920
f 6911 1920 6876
f 6876 1920 1918
f 6876 1918 1897
f 1897 1918 1933
f 1881 1899 1883
f 1883 1899 6889
f 1883 6889 1885
f 1885 6889 6892
f 1885 6892 1887
f 1887 6892 6894
f 1887 6894 1889
f 1889 6894 6897
f 1889 6897 1891
f 1891 6897 6901
f 1891 6901 1893
f 1893 6901 6904
f 1893 6904 1895
f 1895 6904 6906
f 1895 6906 1897
f 1897 6906 6874
f 1897 6874 6876
f 7174 7173 7261
f 7261 7173 7060
f 7261 7060 7268
f 6878 6860 1899
f 1899 6860 6858
f 1899 6858 6870
f 7186 7259 7056
f 7056 7259 7257
f 7056 7257 7185
f 6926 6928 1914
f 1914 6928 6872
f 1914 6872 6865
f 993 7197 1871
f 1871 7197 7198
f 1871 7198 1901
f 1901 7198 6883
f 1901 6883 1899
f 1899 6883 6884
f 1899 6884 6878
f 6865 6863 1914
f 1914 6863 6867
f 1914 6867 6885
f 993 7201 7197
f 7197 7201 7283
f 7197 7283 7196
f 7196 7283 7265
f 7196 7265 7195
f 7195 7265 7279
f 7195 7279 7194
f 7194 7279 7277
f 7194 7277 7193
f 7193 7277 7273
f 7193 7273 7192
f 7192 7273 7266
f 7192 7266 7191
f 7191 7266 7268
f 7191 7268 7190
f 7190 7268 7060
f 7190 7060 7059
f 997 1834 7236
f 7236 1834 7177
f 7236 7177 7242
f 7242 7177 7178
f 7242 7178 7240
f 7240 7178 7179
f 7240 7179 7247
f 7247 7179 7180
f 7247 7180 7251
f 7251 7180 7181
f 7251 7181 7253
f 7253 7181 7182
f 7253 7182 7239
f 7239 7182 7183
f 7239 7183 7257
f 7257 7183 7184
f 7257 7184 7185
f 7200 7199 7285
f 7285 7199 7286
f 7285 7286 7287
f 7287 7286 7288
f 7287 7288 7289
f 7289 7288 7290
f 7289 7290 7291
f 7291 7290 7292
f 7291 7292 7293
f 7293 7292 7294
f 7293 7294 7295
f 7295 7294 7296
f 7295 7296 7297
f 7297 7296 7298
f 7299 7300 7301
f 7302 7303 7304
f 7294 7292 7305
f 7288 7286 7306
f 7212 7307 7308
f 7212 7308 7213
f 7213 7308 7309
f 7213 7309 7214
f 7214 7309 7310
f 7214 7310 7215
f 7206 7205 7311
f 7311 7205 7209
f 7311 7209 7312
f 7312 7209 7210
f 7312 7210 7313
f 7313 7210 7211
f 7313 7211 7314
f 7314 7211 7217
f 7314 7217 7310
f 7310 7217 7216
f 7310 7216 7215
f 7206 7311 7207
f 7207 7311 7315
f 7207 7315 7208
f 7208 7315 7316
f 7208 7316 7202
f 7202 7316 7317
f 7202 7317 7203
f 7203 7317 7306
f 7203 7306 7204
f 7204 7306 7286
f 7204 7286 7199
f 7318 7298 7296
f 7296 7319 7318
f 7318 7319 7320
f 7318 7320 7321
f 7321 7320 7322
f 7321 7322 7323
f 7323 7322 7324
f 7323 7324 7325
f 7325 7324 7326
f 7325 7326 7327
f 7327 7326 7328
f 7327 7328 7329
f 7329 7328 7330
f 7329 7330 7331
f 7331 7330 7332
f 7331 7332 7333
f 7333 7332 7334
f 7333 7334 7335
f 7335 7334 7336
f 7335 7336 7337
f 7337 7336 7304
f 7337 7304 7338
f 7338 7304 7303
f 7338 7303 7339
f 7307 7299 7308
f 7308 7299 7301
f 7308 7301 7309
f 7309 7301 7340
f 7309 7340 7310
f 7310 7340 7341
f 7310 7341 7314
f 7314 7341 7342
f 7314 7342 7313
f 7313 7342 7343
f 7313 7343 7312
f 7312 7343 7344
f 7312 7344 7311
f 7311 7344 7345
f 7311 7345 7315
f 7315 7345 7346
f 7315 7346 7316
f 7316 7346 7347
f 7316 7347 7317
f 7317 7347 7348
f 7317 7348 7306
f 7306 7348 7349
f 7306 7349 7288
f 7288 7349 7290
f 7300 7350 7301
f 7301 7350 7351
f 7301 7351 7340
f 7340 7351 7352
f 7340 7352 7341
f 7341 7352 7353
f 7341 7353 7342
f 7342 7353 7354
f 7342 7354 7343
f 7343 7354 7355
f 7343 7355 7344
f 7344 7355 7356
f 7344 7356 7345
f 7345 7356 7357
f 7345 7357 7346
f 7346 7357 7358
f 7346 7358 7347
f 7347 7358 7359
f 7347 7359 7348
f 7348 7359 7360
f 7348 7360 7349
f 7349 7360 7305
f 7349 7305 7290
f 7290 7305 7292
f 7350 7302 7351
f 7351 7302 7304
f 7351 7304 7352
f 7352 7304 7336
f 7352 7336 7353
f 7353 7336 7334
f 7353 7334 7354
f 7354 7334 7332
f 7354 7332 7355
f 7355 7332 7330
f 7355 7330 7356
f 7356 7330 7328
f 7356 7328 7357
f 7357 7328 7326
f 7357 7326 7358
f 7358 7326 7324
f 7358 7324 7359
f 7359 7324 7322
f 7359 7322 7360
f 7360 7322 7320
f 7360 7320 7305
f 7305 7320 7319
f 7305 7319 7294
f 7294 7319 7296
f 7212 7218 7307
f 7307 7218 7361
f 7307 7361 7299
f 7299 7361 7362
f 7299 7362 7300
f 7300 7362 7363
f 7300 7363 7350
f 7350 7363 7364
f 7350 7364 7302
f 7302 7364 7365
f 7302 7365 7303
f 7303 7365 7366
f 7303 7366 7339
f 7339 7366 7367
f 7365 7364 7368
f 7362 7361 7369
f 7370 7371 7372
f 7373 7374 7375
f 7367 7366 7376
f 7367 7376 7377
f 7377 7376 7378
f 7377 7378 7379
f 7379 7378 7380
f 7379 7380 7381
f 7381 7380 7382
f 7381 7382 7383
f 7383 7382 7384
f 7383 7384 7385
f 7385 7384 7386
f 7385 7386 7387
f 7387 7386 7388
f 7387 7388 7389
f 7389 7388 7390
f 7389 7390 7391
f 7391 7390 7392
f 7391 7392 7393
f 7393 7392 7394
f 7393 7394 7395
f 7395 7394 7375
f 7395 7375 7396
f 7396 7375 7374
f 7396 7374 7397
f 7233 7234 7398
f 7398 7399 7233
f 7233 7399 7400
f 7233 7400 7232
f 7232 7400 7401
f 7232 7401 7219
f 7226 7227 7402
f 7402 7227 7228
f 7402 7228 7403
f 7403 7228 7229
f 7403 7229 7404
f 7404 7229 7230
f 7404 7230 7405
f 7405 7230 7231
f 7405 7231 7401
f 7401 7231 7220
f 7401 7220 7219
f 7226 7402 7225
f 7225 7402 7406
f 7225 7406 7222
f 7222 7406 7407
f 7222 7407 7223
f 7223 7407 7408
f 7223 7408 7224
f 7224 7408 7369
f 7224 7369 7221
f 7221 7369 7361
f 7221 7361 7218
f 7398 7370 7399
f 7399 7370 7372
f 7399 7372 7400
f 7400 7372 7409
f 7400 7409 7401
f 7401 7409 7410
f 7401 7410 7405
f 7405 7410 7411
f 7405 7411 7404
f 7404 7411 7412
f 7404 7412 7403
f 7403 7412 7413
f 7403 7413 7402
f 7402 7413 7414
f 7402 7414 7406
f 7406 7414 7415
f 7406 7415 7407
f 7407 7415 7416
f 7407 7416 7408
f 7408 7416 7417
f 7408 7417 7369
f 7369 7417 7418
f 7369 7418 7362
f 7362 7418 7363
f 7371 7419 7372
f 7372 7419 7420
f 7372 7420 7409
f 7409 7420 7421
f 7409 7421 7410
f 7410 7421 7422
f 7410 7422 7411
f 7411 7422 7423
f 7411 7423 7412
f 7412 7423 7424
f 7412 7424 7413
f 7413 7424 7425
f 7413 7425 7414
f 7414 7425 7426
f 7414 7426 7415
f 7415 7426 7427
f 7415 7427 7416
f 7416 7427 7428
f 7416 7428 7417
f 7417 7428 7429
f 7417 7429 7418
f 7418 7429 7368
f 7418 7368 7363
f 7363 7368 7364
f 7419 7373 7420
f 7420 7373 7375
f 7420 7375 7421
f 7421 7375 7394
f 7421 7394 7422
f 7422 7394 7392
f 7422 7392 7423
f 7423 7392 7390
f 7423 7390 7424
f 7424 7390 7388
f 7424 7388 7425
f 7425 7388 7386
f 7425 7386 7426
f 7426 7386 7384
f 7426 7384 7427
f 7427 7384 7382
f 7427 7382 7428
f 7428 7382 7380
f 7428 7380 7429
f 7429 7380 7378
f 7429 7378 7368
f 7368 7378 7376
f 7368 7376 7365
f 7365 7376 7366
f 7430 7397 7431
f 7431 7397 7374
f 7431 7374 7432
f 7432 7374 7373
f 7432 7373 7433
f 7433 7373 7419
f 7433 7419 7434
f 7434 7419 7371
f 7434 7371 7435
f 7435 7371 7370
f 7435 7370 7436
f 7436 7370 7398
f 7436 7398 7235
f 7235 7398 7234
f 7437 7438 7439
f 7440 7441 7442
f 7432 7433 7443
f 7435 7436 7444
f 7260 7445 7446
f 7260 7446 7258
f 7258 7446 7447
f 7258 7447 7256
f 7256 7447 7448
f 7256 7448 7237
f 7246 7245 7449
f 7449 7245 7250
f 7449 7250 7450
f 7450 7250 7252
f 7450 7252 7451
f 7451 7252 7254
f 7451 7254 7452
f 7452 7254 7255
f 7452 7255 7448
f 7448 7255 7238
f 7448 7238 7237
f 7246 7449 7248
f 7248 7449 7453
f 7248 7453 7249
f 7249 7453 7454
f 7249 7454 7241
f 7241 7454 7455
f 7241 7455 7243
f 7243 7455 7444
f 7243 7444 7244
f 7244 7444 7436
f 7244 7436 7235
f 7456 7430 7431
f 7431 7457 7456
f 7456 7457 7458
f 7456 7458 7459
f 7459 7458 7460
f 7459 7460 7461
f 7461 7460 7462
f 7461 7462 7463
f 7463 7462 7464
f 7463 7464 7465
f 7465 7464 7466
f 7465 7466 7467
f 7467 7466 7468
f 7467 7468 7469
f 7469 7468 7470
f 7469 7470 7471
f 7471 7470 7472
f 7471 7472 7473
f 7473 7472 7474
f 7473 7474 7475
f 7475 7474 7442
f 7475 7442 7476
f 7476 7442 7441
f 7476 7441 7477
f 7445 7437 7446
f 7446 7437 7439
f 7446 7439 7447
f 7447 7439 7478
f 7447 7478 7448
f 7448 7478 7479
f 7448 7479 7452
f 7452 7479 7480
f 7452 7480 7451
f 7451 7480 7481
f 7451 7481 7450
f 7450 7481 7482
f 7450 7482 7449
f 7449 7482 7483
f 7449 7483 7453
f 7453 7483 7484
f 7453 7484 7454
f 7454 7484 7485
f 7454 7485 7455
f 7455 7485 7486
f 7455 7486 7444
f 7444 7486 7487
f 7444 7487 7435
f 7435 7487 7434
f 7438 7488 7439
f 7439 7488 7489
f 7439 7489 7478
f 7478 7489 7490
f 7478 7490 7479
f 7479 7490 7491
f 7479 7491 7480
f 7480 7491 7492
f 7480 7492 7481
f 7481 7492 7493
f 7481 7493 7482
f 7482 7493 7494
f 7482 7494 7483
f 7483 7494 7495
f 7483 7495 7484
f 7484 7495 7496
f 7484 7496 7485
f 7485 7496 7497
f 7485 7497 7486
f 7486 7497 7498
f 7486 7498 7487
f 7487 7498 7443
f 7487 7443 7434
f 7434 7443 7433
f 7488 7440 7489
f 7489 7440 7442
f 7489 7442 7490
f 7490 7442 7474
f 7490 7474 7491
f 7491 7474 7472
f 7491 7472 7492
f 7492 7472 7470
f 7492 7470 7493
f 7493 7470 7468
f 7493 7468 7494
f 7494 7468 7466
f 7494 7466 7495
f 7495 7466 7464
f 7495 7464 7496
f 7496 7464 7462
f 7496 7462 7497
f 7497 7462 7460
f 7497 7460 7498
f 7498 7460 7458
f 7498 7458 7443
f 7443 7458 7457
f 7443 7457 7432
f 7432 7457 7431
f 7499 7477 7500
f 7500 7477 7441
f 7500 7441 7501
f 7501 7441 7440
f 7501 7440 7502
f 7502 7440 7488
f 7502 7488 7503
f 7503 7488 7438
f 7503 7438 7504
f 7504 7438 7437
f 7504 7437 7505
f 7505 7437 7445
f 7505 7445 7262
f 7262 7445 7260
f 7287 7289 7506
f 7293 7295 7507
f 7501 7502 7508
f 7504 7505 7509
f 7200 7285 7510
f 7200 7510 7284
f 7284 7510 7511
f 7284 7511 7282
f 7282 7511 7512
f 7282 7512 7263
f 7272 7271 7513
f 7513 7271 7276
f 7513 7276 7514
f 7514 7276 7278
f 7514 7278 7515
f 7515 7278 7280
f 7515 7280 7516
f 7516 7280 7281
f 7516 7281 7512
f 7512 7281 7264
f 7512 7264 7263
f 7272 7513 7274
f 7274 7513 7517
f 7274 7517 7275
f 7275 7517 7518
f 7275 7518 7267
f 7267 7518 7519
f 7267 7519 7269
f 7269 7519 7509
f 7269 7509 7270
f 7270 7509 7505
f 7270 7505 7262
f 7520 7499 7500
f 7500 7521 7520
f 7520 7521 7522
f 7520 7522 7523
f 7523 7522 7524
f 7523 7524 7525
f 7525 7524 7526
f 7525 7526 7527
f 7527 7526 7528
f 7527 7528 7529
f 7529 7528 7530
f 7529 7530 7531
f 7531 7530 7532
f 7531 7532 7533
f 7533 7532 7534
f 7533 7534 7535
f 7535 7534 7536
f 7535 7536 7537
f 7537 7536 7538
f 7537 7538 7539
f 7539 7538 7507
f 7539 7507 7540
f 7540 7507 7295
f 7540 7295 7297
f 7285 7287 7510
f 7510 7287 7506
f 7510 7506 7511
f 7511 7506 7541
f 7511 7541 7512
f 7512 7541 7542
f 7512 7542 7516
f 7516 7542 7543
f 7516 7543 7515
f 7515 7543 7544
f 7515 7544 7514
f 7514 7544 7545
f 7514 7545 7513
f 7513 7545 7546
f 7513 7546 7517
f 7517 7546 7547
f 7517 7547 7518
f 7518 7547 7548
f 7518 7548 7519
f 7519 7548 7549
f 7519 7549 7509
f 7509 7549 7550
f 7509 7550 7504
f 7504 7550 7503
f 7289 7291 7506
f 7506 7291 7551
f 7506 7551 7541
f 7541 7551 7552
f 7541 7552 7542
f 7542 7552 7553
f 7542 7553 7543
f 7543 7553 7554
f 7543 7554 7544
f 7544 7554 7555
f 7544 7555 7545
f 7545 7555 7556
f 7545 7556 7546
f 7546 7556 7557
f 7546 7557 7547
f 7547 7557 7558
f 7547 7558 7548
f 7548 7558 7559
f 7548 7559 7549
f 7549 7559 7560
f 7549 7560 7550
f 7550 7560 7508
f 7550 7508 7503
f 7503 7508 7502
f 7291 7293 7551
f 7551 7293 7507
f 7551 7507 7552
f 7552 7507 7538
f 7552 7538 7553
f 7553 7538 7536
f 7553 7536 7554
f 7554 7536 7534
f 7554 7534 7555
f 7555 7534 7532
f 7555 7532 7556
f 7556 7532 7530
f 7556 7530 7557
f 7557 7530 7528
f 7557 7528 7558
f 7558 7528 7526
f 7558 7526 7559
f 7559 7526 7524
f 7559 7524 7560
f 7560 7524 7522
f 7560 7522 7508
f 7508 7522 7521
f 7508 7521 7501
f 7501 7521 7500
f 7397 7430 7499
f 7397 7499 7396
f 7456 7476 7430
f 7430 7476 7477
f 7430 7477 7499
f 7520 7540 7499
f 7499 7540 7297
f 7499 7297 7339
f 7325 7327 7338
f 7325 7338 7323
f 7338 7333 7337
f 7337 7333 7335
f 7339 7367 7499
f 7499 7367 7377
f 7499 7377 7379
f 7456 7459 7476
f 7476 7459 7461
f 7476 7461 7463
f 7471 7473 7469
f 7469 7473 7467
f 7297 7298 7339
f 7339 7298 7318
f 7339 7318 7338
f 7338 7318 7321
f 7338 7321 7323
f 7327 7329 7338
f 7338 7329 7331
f 7338 7331 7333
f 7473 7475 7467
f 7467 7475 7476
f 7467 7476 7465
f 7465 7476 7463
f 7520 7523 7540
f 7540 7523 7525
f 7540 7525 7527
f 7527 7529 7540
f 7540 7529 7531
f 7540 7531 7533
f 7535 7537 7533
f 7533 7537 7539
f 7533 7539 7540
f 7379 7381 7499
f 7499 7381 7383
f 7499 7383 7385
f 7391 7393 7499
f 7499 7393 7395
f 7499 7395 7396
f 7385 7387 7499
f 7499 7387 7389
f 7499 7389 7391
f 7561 53 7562
f 7562 53 50
f 7562 50 7563
f 7563 50 51
f 7563 51 7564
f 7564 51 52
f 7564 52 7565
f 7565 52 17
f 7565 17 7566
f 7566 17 16
f 7566 16 7567
f 7567 16 15
f 7567 15 7568
f 7568 15 56
f 7568 56 7569
f 7569 56 36
f 7569 36 7570
f 7570 36 33
f 7570 33 7571
f 7571 33 31
f 7571 31 7572
f 7572 31 85
f 7572 85 7573
f 7573 85 87
f 7573 87 7574
f 7574 87 89
f 7574 89 7575
f 7575 89 54
f 7575 54 7561
f 7561 54 53
f 7574 7575 7576
f 7576 7575 7561
f 7576 7561 7562
f 7571 7572 7576
f 7576 7572 7573
f 7576 7573 7574
f 7568 7569 7576
f 7576 7569 7570
f 7576 7570 7571
f 7565 7566 7576
f 7576 7566 7567
f 7576 7567 7568
f 7562 7563 7576
f 7576 7563 7564
f 7576 7564 7565
f 7577 44 7578
f 7578 44 24
f 7578 24 7579
f 7579 24 71
f 7579 71 7580
f 7580 71 100
f 7580 100 7581
f 7581 100 102
f 7581 102 7582
f 7582 102 64
f 7582 64 7583
f 7583 64 66
f 7583 66 7584
f 7584 66 68
f 7584 68 7585
f 7585 68 10
f 7585 10 7586
f 7586 10 61
f 7586 61 7587
f 7587 61 60
f 7587 60 7588
f 7588 60 59
f 7588 59 7589
f 7589 59 21
f 7589 21 7590
f 7590 21 20
f 7590 20 7591
f 7591 20 45
f 7591 45 7577
f 7577 45 44
f 7590 7591 7592
f 7592 7591 7577
f 7592 7577 7578
f 7587 7588 7592
f 7592 7588 7589
f 7592 7589 7590
f 7584 7585 7592
f 7592 7585 7586
f 7592 7586 7587
f 7581 7582 7592
f 7592 7582 7583
f 7592 7583 7584
f 7578 7579 7592
f 7592 7579 7580
f 7592 7580 7581
f 7593 7594 18
f 18 7594 1
f 7595 7593 6
f 6 7593 18
f 7596 7595 19
f 19 7595 6
f 7597 7596 3
f 3 7596 19
f 7598 7597 2
f 2 7597 3
f 7594 7598 1
f 1 7598 2
f 7594 7593 7598
f 7598 7593 7595
f 7598 7595 7597
f 7597 7595 7596
