# Exported from USD: /mycobot_pro450/mygripper_f100/Geometry/f100_base_link/joint2_left_link/joint3_left_link/J3_L_Link/J3_L_Link
mtllib J3_L_Link.mtl

g J3_L_Link
v -0.00182230 -0.00156181 -0.00350000
v -0.02075250 0.02421376 -0.00350000
v -0.02187288 0.02367700 -0.00350000
v -0.02387611 0.02785835 -0.00350000
v -0.02666171 0.02850589 -0.00350000
v -0.02457801 0.02683331 -0.00350000
v -0.02724132 0.02688724 -0.00350000
v -0.02467336 0.02559464 -0.00350000
v -0.01578177 0.02606380 -0.00350000
v -0.01570409 0.02600636 -0.00350000
v -0.01851785 0.02928982 -0.00350000
v -0.02275571 0.02839511 -0.00350000
v -0.02408970 0.03071024 -0.00350000
v -0.02556806 0.02983250 -0.00350000
v -0.01592114 0.02609743 -0.00350000
v -0.01616720 0.02596711 -0.00350000
v -0.01606021 0.02606255 -0.00350000
v -0.01995524 0.02647747 -0.00350000
v 0.00000073 -0.00500000 -0.00350000
v 0.00654596 -0.00499904 -0.00350000
v 0.00587878 -0.00488459 -0.00350000
v -0.02611075 0.02278229 -0.00350000
v -0.02413660 0.02447425 -0.00350000
v -0.02665320 0.02355131 -0.00350000
v -0.02723837 0.02516796 -0.00350000
v 0.00467253 0.00228198 -0.00350000
v 0.00182230 0.00156181 -0.00350000
v 0.00235906 0.00044142 -0.00350000
v 0.00044142 -0.00235906 -0.00350000
v 0.00513900 -0.00442076 -0.00350000
v 0.00147720 -0.00189153 -0.00350000
v 0.00156181 -0.00182230 -0.00350000
v -0.02049200 0.02759786 -0.00350000
v -0.01919479 0.02994357 -0.00350000
v -0.02151705 0.02829976 -0.00350000
v -0.02070284 0.03076926 -0.00350000
v -0.02240142 0.03103529 -0.00350000
v 0.00226371 -0.00079725 -0.00350000
v 0.00510254 -0.00100204 -0.00350000
v 0.00515599 0.00067512 -0.00350000
v 0.00466733 -0.00368595 -0.00350000
v 0.00455368 -0.00282022 -0.00350000
v 0.00472743 -0.00216598 -0.00350000
v -0.00134780 -0.00481492 -0.00350000
v -0.00079725 -0.00226371 -0.00350000
v -0.00277822 -0.00415710 -0.00350000
v -0.00379645 -0.00325376 -0.00350000
v -0.02311155 0.02377234 -0.00350000
v -0.01594800 0.02359629 -0.00350000
v -0.01600972 0.02467099 -0.00350000
v -0.02005059 0.02523880 -0.00350000
v -0.01621177 0.02572833 -0.00350000
v -0.01621769 0.02583292 -0.00350000
v -0.00235906 -0.00044142 -0.00350000
v -0.00226371 0.00079725 -0.00350000
v -0.00156181 0.00182230 -0.00350000
v 0.00370252 0.00365121 -0.00350000
v 0.00234696 0.00464023 -0.00350000
v 0.00079725 0.00226371 -0.00350000
v 0.00119838 0.00506003 -0.00350000
v -0.00044142 0.00235906 -0.00350000
v 0.00083028 0.00514691 -0.00350000
v -0.00063900 0.00574173 -0.00350000
v -0.01588737 0.02324492 -0.00350000
v -0.01570733 0.02293716 -0.00350000
v -0.00184826 0.00676658 -0.00350000
v -0.00147720 0.00189153 -0.00350000
v 0.01538698 -0.00819775 -0.00660000
v 0.01538698 -0.00819775 0.00760000
v 0.01145345 -0.00819833 -0.00660000
v 0.01145345 -0.00819833 0.00760000
v 0.00817922 -0.00563092 0.00760000
v 0.00817922 -0.00563092 -0.00660000
v 0.00999428 -0.00756642 0.00760000
v 0.00999428 -0.00756642 -0.00660000
v 0.01039319 -0.00789435 0.00760000
v 0.01039319 -0.00789435 -0.00660000
v 0.01065837 -0.00803362 0.00760000
v 0.01065837 -0.00803362 -0.00660000
v 0.01094136 -0.00813174 0.00760000
v 0.01094136 -0.00813174 -0.00660000
v -0.01866680 0.02916216 -0.00688146
v -0.01474116 0.02458307 -0.00688077
v -0.01874564 0.02909459 -0.00690000
v -0.01464003 0.02430421 -0.00690000
v -0.01506507 0.02523389 -0.00670117
v -0.01505213 0.02521439 -0.00670884
v -0.01858457 0.02923264 -0.00681213
v -0.01489015 0.02493049 -0.00680648
v -0.01475671 0.02462347 -0.00687492
v -0.01853193 0.02927775 -0.00670383
v -0.01851785 0.02928982 -0.00660000
v -0.01524790 0.02547447 -0.00660000
v -0.02599686 0.02287991 -0.00685981
v -0.02604403 0.02283947 -0.00681213
v -0.02631556 0.02318667 -0.00681213
v -0.02608023 0.02280845 -0.00675000
v -0.02609667 0.02279436 -0.00670383
v -0.02637203 0.02314646 -0.00670383
v -0.02588296 0.02297752 -0.00690000
v -0.02596181 0.02290995 -0.00688146
v -0.02622734 0.02324949 -0.00688146
v -0.02614276 0.02330972 -0.00690000
v -0.02678961 0.02429007 -0.00688146
v -0.02669287 0.02432781 -0.00690000
v -0.02708057 0.02543649 -0.00688146
v -0.02697755 0.02544945 -0.00690000
v -0.02708260 0.02661925 -0.00688146
v -0.02697954 0.02660665 -0.00690000
v -0.02679557 0.02776667 -0.00688146
v -0.02669871 0.02772926 -0.00690000
v -0.02623688 0.02880917 -0.00688146
v -0.02615210 0.02874922 -0.00690000
v -0.02544041 0.02968356 -0.00688146
v -0.02537283 0.02960472 -0.00690000
v -0.02445442 0.03033683 -0.00688146
v -0.02440816 0.03024387 -0.00690000
v -0.02333870 0.03072939 -0.00688146
v -0.02331655 0.03062795 -0.00690000
v -0.02216088 0.03083744 -0.00688146
v -0.02216419 0.03073366 -0.00690000
v -0.02099235 0.03065442 -0.00688146
v -0.02102093 0.03055459 -0.00690000
v -0.01990397 0.03019143 -0.00688146
v -0.01995607 0.03010161 -0.00690000
v -0.01896170 0.02947653 -0.00688146
v -0.01903417 0.02940217 -0.00690000
v -0.01882480 0.02961703 -0.00660000
v -0.01883774 0.02960375 -0.00670383
v -0.01981485 0.03034507 -0.00670383
v -0.01980554 0.03036111 -0.00660000
v -0.02070284 0.03076926 -0.00660000
v -0.02094347 0.03082518 -0.00670383
v -0.02093837 0.03084301 -0.00660000
v -0.02215520 0.03101497 -0.00670383
v -0.02215461 0.03103350 -0.00660000
v -0.02638192 0.02891170 -0.00670383
v -0.02556806 0.02983250 -0.00660000
v -0.02555600 0.02981843 -0.00670383
v -0.02454181 0.03051246 -0.00660000
v -0.02453355 0.03049586 -0.00670383
v -0.02408970 0.03071024 -0.00660000
v -0.02337658 0.03090293 -0.00670383
v -0.02338053 0.03092105 -0.00660000
v -0.02240142 0.03103529 -0.00660000
v -0.02696127 0.02783065 -0.00670383
v -0.02666171 0.02850589 -0.00660000
v -0.02639706 0.02892241 -0.00660000
v -0.02725681 0.02541432 -0.00670383
v -0.02727732 0.02664307 -0.00660000
v -0.02725891 0.02664082 -0.00670383
v -0.02724132 0.02688724 -0.00660000
v -0.02697857 0.02783733 -0.00660000
v -0.02697236 0.02421877 -0.00660000
v -0.02723837 0.02516796 -0.00660000
v -0.02727520 0.02541200 -0.00660000
v -0.02695508 0.02422551 -0.00670383
v -0.02638713 0.02313570 -0.00660000
v -0.02611075 0.02278229 -0.00660000
v -0.01888612 0.02955410 -0.00681213
v -0.01984963 0.03028511 -0.00681213
v -0.02096255 0.03075853 -0.00681213
v -0.02215742 0.03094568 -0.00681213
v -0.02336179 0.03083520 -0.00681213
v -0.02450267 0.03043379 -0.00681213
v -0.02551088 0.02976579 -0.00681213
v -0.02632532 0.02887168 -0.00681213
v -0.02689660 0.02780568 -0.00681213
v -0.02719010 0.02663240 -0.00681213
v -0.02718802 0.02542297 -0.00681213
v -0.02689050 0.02425071 -0.00681213
v -0.00379645 -0.00325376 -0.00660000
v -0.00378237 -0.00324170 -0.00670383
v -0.00376593 -0.00322761 -0.00675000
v -0.00372973 -0.00319658 -0.00681213
v -0.00368256 -0.00315615 -0.00685981
v -0.00364750 -0.00312611 -0.00688146
v -0.00356866 -0.00305854 -0.00690000
v 0.00793930 -0.00504860 -0.00690000
v 0.00728234 -0.00487598 -0.00688146
v 0.00730891 -0.00477560 -0.00690000
v 0.00672002 -0.00480285 -0.00688146
v 0.00672001 -0.00469902 -0.00690000
v 0.00725462 -0.00498067 -0.00681213
v 0.00723688 -0.00504768 -0.00670383
v 0.00672005 -0.00498048 -0.00670383
v 0.00672005 -0.00495883 -0.00675000
v 0.00672004 -0.00491115 -0.00681213
v 0.00672003 -0.00484902 -0.00685981
v 0.00672005 -0.00499902 -0.00660000
v 0.00723214 -0.00506561 -0.00660000
v 0.00751514 -0.00516372 -0.00660000
v 0.00779013 -0.00528727 -0.00670383
v 0.00778031 -0.00530300 -0.00660000
v 0.00819275 -0.00561824 -0.00670383
v 0.00839805 -0.00542571 -0.00690000
v 0.00832231 -0.00549674 -0.00688146
v 0.00788427 -0.00513665 -0.00688146
v 0.00831431 -0.00550424 -0.00687716
v 0.00782687 -0.00522849 -0.00681213
v 0.00824331 -0.00557082 -0.00681213
v 0.00819588 -0.00561530 -0.00671481
v 0.01145341 -0.00789833 -0.00690000
v 0.01538694 -0.00789775 -0.00690000
v 0.01145342 -0.00800216 -0.00688146
v 0.01538696 -0.00804775 -0.00685981
v 0.01145343 -0.00804833 -0.00685981
v 0.01145344 -0.00811046 -0.00681213
v 0.01538698 -0.00815756 -0.00675000
v 0.01145344 -0.00815813 -0.00675000
v 0.01145345 -0.00817978 -0.00670383
v 0.00119838 0.00506003 0.00450000
v 0.00083028 0.00514691 0.00450000
v -0.01594800 0.02359629 0.00450000
v -0.01588737 0.02324492 0.00450000
v -0.01570733 0.02293716 0.00450000
v -0.01621177 0.02572833 0.00450000
v -0.01578177 0.02606380 0.00450000
v -0.01570167 0.02600368 0.00450000
v -0.01621769 0.02583292 0.00450000
v -0.01616720 0.02596711 0.00450000
v -0.01606021 0.02606255 0.00450000
v -0.01592114 0.02609743 0.00450000
v -0.01524169 0.02546991 -0.00658299
v -0.01553782 0.02581275 -0.00633754
v -0.01522124 0.02546830 -0.00655005
v -0.01523250 0.02546773 -0.00656567
v -0.01552398 0.02580220 -0.00631690
v -0.01569096 0.02599394 -0.00590000
v -0.01567595 0.02598392 -0.00590000
v -0.01566163 0.02596816 -0.00601732
v -0.01570390 0.02600653 -0.00590000
v -0.01567690 0.02597779 -0.00602306
v -0.01562361 0.02592648 -0.00612337
v -0.01563964 0.02593500 -0.00613429
v -0.01550561 0.02579716 -0.00629776
v -0.01520825 0.02547148 -0.00653636
v -0.01568992 0.02599022 -0.00602905
v -0.01565286 0.02594698 -0.00614571
v -0.01488251 0.02493135 -0.00680047
v -0.01474742 0.02462541 -0.00687173
v -0.01503412 0.02521375 -0.00668621
v -0.01504396 0.02521343 -0.00669723
v -0.01485646 0.02493670 -0.00678664
v -0.01473771 0.02462775 -0.00686960
v -0.01487418 0.02493269 -0.00679503
v -0.01502310 0.02521543 -0.00667647
v -0.01501126 0.02521838 -0.00666829
v 0.01099156 -0.00794210 -0.00688146
v 0.01101813 -0.00784172 -0.00690000
v 0.01049716 -0.00772800 -0.00688146
v 0.01055219 -0.00763994 -0.00690000
v 0.01021311 -0.00736121 -0.00690000
v 0.01013737 -0.00743224 -0.00688146
v 0.01012937 -0.00743974 -0.00687716
v 0.01043976 -0.00781983 -0.00681213
v 0.01005838 -0.00750632 -0.00681213
v 0.01001094 -0.00755080 -0.00671481
v 0.01040302 -0.00787862 -0.00670383
v 0.01000781 -0.00755374 -0.00670383
v 0.01094611 -0.00811381 -0.00670383
v 0.01096385 -0.00804679 -0.00681213
v -0.02075250 0.02421376 -0.00690000
v -0.02187288 0.02367700 -0.00690000
v -0.02231482 0.02363605 -0.00690000
v -0.02311155 0.02377234 -0.00690000
v -0.02413660 0.02447425 -0.00690000
v -0.02467336 0.02559464 -0.00690000
v -0.02457801 0.02683331 -0.00690000
v -0.02387611 0.02785835 -0.00690000
v -0.02275571 0.02839511 -0.00690000
v -0.02151705 0.02829976 -0.00690000
v -0.02049200 0.02759786 -0.00690000
v -0.01995524 0.02647747 -0.00690000
v -0.02005059 0.02523880 -0.00690000
v -0.00044142 0.00235906 -0.00690000
v -0.00156181 0.00182230 -0.00690000
v -0.00226371 0.00079725 -0.00690000
v -0.00235906 -0.00044142 -0.00690000
v -0.00182230 -0.00156181 -0.00690000
v -0.00079725 -0.00226371 -0.00690000
v -0.00000052 -0.00240000 -0.00690000
v 0.00044142 -0.00235906 -0.00690000
v 0.00156181 -0.00182230 -0.00690000
v 0.00226371 -0.00079725 -0.00690000
v 0.00235906 0.00044142 -0.00690000
v 0.00182230 0.00156181 -0.00690000
v 0.00079725 0.00226371 -0.00690000
v 0.00000071 -0.00485000 -0.00685981
v 0.00000072 -0.00491213 -0.00681213
v -0.00094644 -0.00482009 -0.00681213
v 0.00000072 -0.00495981 -0.00675000
v 0.00000073 -0.00498146 -0.00670383
v -0.00095980 -0.00488812 -0.00670383
v -0.00304339 -0.00385575 -0.00681213
v -0.00297629 -0.00377075 -0.00688146
v 0.00000069 -0.00470000 -0.00690000
v 0.00000070 -0.00480383 -0.00688146
v -0.00092557 -0.00471382 -0.00688146
v -0.00090557 -0.00461194 -0.00690000
v -0.00200711 -0.00436444 -0.00688146
v -0.00196372 -0.00427010 -0.00690000
v -0.00291196 -0.00368924 -0.00690000
v -0.00309783 -0.00392473 -0.00660000
v -0.00308634 -0.00391017 -0.00670383
v -0.00277822 -0.00415710 -0.00660000
v -0.00208132 -0.00452582 -0.00670383
v -0.00208907 -0.00454266 -0.00660000
v -0.00134780 -0.00481492 -0.00660000
v -0.00096337 -0.00490631 -0.00660000
v 0.00000073 -0.00500000 -0.00660000
v -0.00205236 -0.00446283 -0.00681213
v 0.01538593 -0.00099775 -0.00690000
v 0.00828579 0.00000121 -0.00690000
v 0.01438579 0.00000210 -0.00690000
v -0.00336296 0.01943308 -0.00690000
v -0.00826560 0.02138505 -0.00690000
v 0.01509294 -0.00029069 -0.00690000
v 0.01530976 -0.00061508 -0.00690000
v 0.01476848 -0.00007396 -0.00690000
v -0.01161225 0.02284144 -0.00690000
v 0.00213761 0.01730639 -0.00690000
v 0.00599406 0.01573118 -0.00690000
v 0.00828364 0.01472113 -0.00690000
v 0.00472743 -0.00216598 0.00450000
v 0.00510254 -0.00100204 0.00450000
v 0.00515599 0.00067512 0.00450000
v 0.00467253 0.00228198 0.00450000
v 0.00370252 0.00365121 0.00450000
v 0.00234696 0.00464023 0.00450000
v -0.00063900 0.00574173 0.00450000
v -0.00184826 0.00676658 0.00450000
v -0.01600972 0.02467099 0.00450000
v -0.01567597 0.02598389 -0.00350000
v -0.01567715 0.02598453 0.00450000
v -0.01300092 0.02427672 -0.00660711
v -0.01287291 0.02454015 -0.00590000
v 0.00237550 0.01762398 -0.00682388
v 0.00549789 0.01635670 -0.00682388
v 0.00833108 0.01511932 -0.00682409
v 0.00832929 0.01510421 -0.00682994
v 0.00830684 0.01491574 -0.00688236
v 0.00830325 0.01488561 -0.00688742
v 0.00562339 0.01665587 -0.00660711
v 0.00570724 0.01685577 -0.00628268
v 0.00839424 0.01565235 -0.00634933
v 0.00836918 0.01544018 -0.00662398
v 0.00835665 0.01533441 -0.00670860
v 0.00835030 0.01528090 -0.00674356
v -0.01314272 0.02398492 -0.00682388
v -0.01010463 0.02258533 -0.00682388
v -0.00997440 0.02288247 -0.00660711
v -0.00701631 0.02128559 -0.00682388
v -0.00689426 0.02158619 -0.00660711
v -0.00389666 0.02005034 -0.00682388
v -0.00377923 0.02035276 -0.00660711
v 0.00249462 0.01792574 -0.00660711
v 0.00257421 0.01812737 -0.00628268
v -0.01290618 0.02447169 -0.00628268
v -0.00988739 0.02308102 -0.00628268
v -0.00681271 0.02178704 -0.00628268
v -0.00370077 0.02055484 -0.00628268
v 0.00210612 0.01839334 -0.00590000
v -0.00596013 0.02152560 -0.00590000
v -0.00985684 0.02315074 -0.00590000
v -0.01111126 0.02371134 -0.00590000
v 0.00840724 0.01576328 -0.00590000
v 0.00573669 0.01692596 -0.00590000
v 0.00839406 0.01472115 -0.00687894
v 0.00843579 0.00000123 -0.00685981
v 0.00843364 0.01472116 -0.00685981
v 0.00849577 0.01472117 -0.00681213
v 0.00854559 0.00000125 -0.00675000
v 0.00854344 0.01472117 -0.00675000
v 0.00858364 0.01472118 -0.00660000
v 0.00858579 0.00000125 -0.00660000
v 0.00858353 0.01548235 -0.00600051
v 0.00858354 0.01536057 -0.00628914
v 0.00857108 0.01550338 -0.00621656
v 0.00847153 0.01563711 -0.00628056
v 0.00847810 0.01571856 -0.00590000
v 0.00850022 0.01569769 -0.00590000
v 0.00851130 0.01507018 -0.00673464
v 0.00850380 0.01489964 -0.00678837
v 0.00841067 0.01491118 -0.00685539
v 0.00842633 0.01509332 -0.00679917
v 0.00844066 0.01526249 -0.00671158
v 0.00845328 0.01541388 -0.00659365
v 0.00852406 0.01536930 -0.00654224
v 0.00856612 0.01503819 -0.00664582
v 0.00853259 0.01557708 -0.00625183
v 0.00856908 0.01531214 -0.00647633
v 0.00858358 0.01507626 -0.00652095
v 0.00858352 0.01549027 -0.00590000
v 0.00856191 0.01560202 -0.00590000
v 0.00856191 0.01560202 0.00690000
v 0.00858352 0.01549027 0.00690000
v 0.00840724 0.01576328 0.00690000
v 0.00847810 0.01571856 0.00690000
v 0.00850022 0.01569769 0.00690000
v 0.00455368 -0.00282022 0.00450000
v 0.00466733 -0.00368595 0.00450000
v 0.00513900 -0.00442076 0.00450000
v 0.00587878 -0.00488459 0.00450000
v 0.00654596 -0.00499904 0.00450000
v 0.00778031 -0.00530300 0.00760000
v 0.00751514 -0.00516372 0.00760000
v 0.00723214 -0.00506561 0.00760000
v 0.00672005 -0.00499902 0.00760000
v -0.02457801 0.02683331 0.00450000
v -0.02467336 0.02559464 0.00450000
v -0.02723837 0.02516796 0.00450000
v -0.02387611 0.02785835 0.00450000
v -0.02408970 0.03071024 0.00450000
v -0.02275571 0.02839511 0.00450000
v -0.02240142 0.03103529 0.00450000
v -0.02151705 0.02829976 0.00450000
v -0.02075250 0.02421376 0.00450000
v 0.00182230 0.00156181 0.00450000
v 0.00079725 0.00226371 0.00450000
v -0.02724132 0.02688724 0.00450000
v -0.02666171 0.02850589 0.00450000
v -0.02556806 0.02983250 0.00450000
v -0.00379645 -0.00325376 0.00450000
v -0.02611075 0.02278229 0.00450000
v -0.00226371 0.00079725 0.00450000
v -0.00156181 0.00182230 0.00450000
v -0.02665320 0.02355131 0.00450000
v -0.02413660 0.02447425 0.00450000
v -0.02311155 0.02377234 0.00450000
v -0.02187288 0.02367700 0.00450000
v -0.00147720 0.00189153 0.00450000
v -0.00044142 0.00235906 0.00450000
v -0.00235906 -0.00044142 0.00450000
v -0.00182230 -0.00156181 0.00450000
v -0.00277822 -0.00415710 0.00450000
v -0.00079725 -0.00226371 0.00450000
v -0.00134780 -0.00481492 0.00450000
v -0.01851785 0.02928982 0.00450000
v 0.00000073 -0.00500000 0.00450000
v -0.02049200 0.02759786 0.00450000
v -0.01995524 0.02647747 0.00450000
v -0.02005059 0.02523880 0.00450000
v -0.01919479 0.02994357 0.00450000
v -0.02070284 0.03076926 0.00450000
v 0.00044142 -0.00235906 0.00450000
v 0.00235906 0.00044142 0.00450000
v 0.00226371 -0.00079725 0.00450000
v 0.00156181 -0.00182230 0.00450000
v 0.00147720 -0.00189153 0.00450000
v -0.01567595 0.02598392 0.00690000
v -0.01569096 0.02599394 0.00690000
v -0.01570390 0.02600653 0.00690000
v -0.02049200 0.02759786 0.00790000
v -0.02151705 0.02829976 0.00790000
v -0.02231378 0.02843605 0.00790000
v -0.02275571 0.02839511 0.00790000
v -0.02387611 0.02785835 0.00790000
v -0.02457801 0.02683331 0.00790000
v -0.02467336 0.02559464 0.00790000
v -0.02413660 0.02447425 0.00790000
v -0.02311155 0.02377234 0.00790000
v -0.02187288 0.02367700 0.00790000
v -0.02075250 0.02421376 0.00790000
v -0.02005059 0.02523880 0.00790000
v -0.01995524 0.02647747 0.00790000
v -0.00156181 0.00182230 0.00790000
v -0.00226371 0.00079725 0.00790000
v -0.00235906 -0.00044142 0.00790000
v -0.00182230 -0.00156181 0.00790000
v -0.00079725 -0.00226371 0.00790000
v 0.00044142 -0.00235906 0.00790000
v 0.00156181 -0.00182230 0.00790000
v 0.00226371 -0.00079725 0.00790000
v 0.00235906 0.00044142 0.00790000
v 0.00182230 0.00156181 0.00790000
v 0.00079725 0.00226371 0.00790000
v 0.00000052 0.00240000 0.00790000
v -0.00044142 0.00235906 0.00790000
v -0.01524150 0.02546983 0.00758257
v -0.01523250 0.02546773 0.00756567
v -0.01552498 0.02580336 0.00731569
v -0.01520826 0.02547148 0.00753636
v -0.01550663 0.02579829 0.00729661
v -0.01553882 0.02581392 0.00733627
v -0.01524790 0.02547447 0.00760000
v -0.01562378 0.02592667 0.00712301
v -0.01563980 0.02593519 0.00713391
v -0.01566163 0.02596816 0.00701660
v -0.01567690 0.02597780 0.00702231
v -0.01565302 0.02594717 0.00714532
v -0.01568992 0.02599023 0.00702826
v -0.00596013 0.02152560 0.00690000
v 0.00210612 0.01839334 0.00690000
v -0.01287291 0.02454015 0.00690000
v 0.00573669 0.01692596 0.00690000
v -0.00985684 0.02315074 0.00690000
v -0.01111126 0.02371134 0.00690000
v 0.00830294 0.01488308 0.00788756
v 0.00828364 0.01472113 0.00790000
v 0.00833823 0.01472114 0.00789499
v 0.00856612 0.01503869 0.00764513
v 0.00858361 0.01487020 0.00758646
v 0.00858357 0.01519369 0.00745228
v 0.00839418 0.01565188 0.00735014
v 0.00845332 0.01541443 0.00759313
v 0.00842638 0.01509390 0.00779834
v 0.00847164 0.01508375 0.00777003
v 0.00852408 0.01536981 0.00754176
v 0.00853261 0.01557738 0.00725116
v 0.00847156 0.01563743 0.00727984
v 0.00851133 0.01507074 0.00773386
v 0.00856908 0.01531260 0.00747590
v 0.00857108 0.01550366 0.00721596
v 0.00858353 0.01541805 0.00719623
v 0.00833107 0.01511921 0.00782351
v 0.00836925 0.01544075 0.00762345
v 0.00841203 0.01543000 0.00761107
v 0.00835651 0.01533323 0.00770919
v 0.00837811 0.01510089 0.00781800
v 0.00858364 0.01472118 0.00760000
v 0.00854344 0.01472117 0.00775000
v 0.00849577 0.01472117 0.00781213
v 0.00843364 0.01472116 0.00785981
v 0.00858419 0.01094881 -0.00148031
v 0.00858434 0.00989794 -0.00176189
v 0.00858461 0.00807776 -0.00071101
v 0.00858465 0.00779618 0.00033986
v 0.00858579 0.00000125 0.00760000
v 0.00858449 0.00884706 -0.00148031
v 0.00858461 0.00807776 0.00139074
v 0.00858449 0.00884706 0.00216003
v 0.00858434 0.00989794 0.00244162
v 0.00858419 0.01094881 0.00216003
v 0.00858407 0.01171811 0.00139074
v 0.00858407 0.01171811 -0.00071101
v 0.00858403 0.01199969 0.00033986
v 0.00843579 0.00000123 0.00785981
v 0.00828579 0.00000121 0.00790000
v 0.01438579 0.00000210 0.00790000
v 0.00854559 0.00000125 0.00775000
v 0.01538593 -0.00099775 0.00790000
v 0.01538694 -0.00789775 0.00790000
v 0.01538698 -0.00815756 0.00775000
v 0.01538696 -0.00804775 0.00785981
v 0.00000073 -0.00500000 0.00760000
v -0.00379645 -0.00325376 0.00760000
v -0.00309783 -0.00392473 0.00760000
v -0.00096337 -0.00490631 0.00760000
v -0.00134780 -0.00481492 0.00760000
v -0.00208907 -0.00454266 0.00760000
v -0.00277822 -0.00415710 0.00760000
v -0.02611075 0.02278229 0.00760000
v -0.02723837 0.02516796 0.00760000
v -0.02638713 0.02313570 0.00760000
v -0.02697236 0.02421877 0.00760000
v -0.02727520 0.02541200 0.00760000
v -0.02727732 0.02664307 0.00760000
v -0.02724132 0.02688724 0.00760000
v -0.02697857 0.02783733 0.00760000
v -0.02666171 0.02850589 0.00760000
v -0.02639706 0.02892241 0.00760000
v -0.02556806 0.02983250 0.00760000
v -0.02454181 0.03051246 0.00760000
v -0.02240142 0.03103529 0.00760000
v -0.02338053 0.03092105 0.00760000
v -0.02408970 0.03071024 0.00760000
v -0.02215461 0.03103350 0.00760000
v -0.02093837 0.03084301 0.00760000
v -0.02070284 0.03076926 0.00760000
v -0.01980554 0.03036111 0.00760000
v -0.01882480 0.02961703 0.00760000
v -0.01851785 0.02928982 0.00760000
v -0.01464003 0.02430421 0.00790000
v -0.01473771 0.02462775 0.00786960
v -0.01474730 0.02462544 0.00787170
v -0.01485646 0.02493670 0.00778664
v -0.01487397 0.02493273 0.00779491
v -0.01501127 0.02521838 0.00766830
v -0.01503387 0.02521378 0.00768597
v -0.01506507 0.02523389 0.00770117
v -0.01504374 0.02521342 0.00769695
v -0.01475671 0.02462347 0.00787492
v -0.01488232 0.02493137 0.00780033
v -0.01489015 0.02493049 0.00780648
v -0.01505213 0.02521439 0.00770884
v -0.01474116 0.02458307 0.00788077
v -0.01290618 0.02447169 0.00728268
v -0.01314272 0.02398492 0.00782388
v 0.00570724 0.01685577 0.00728268
v 0.00609647 0.01568765 0.00790000
v -0.01167528 0.02286965 0.00790000
v -0.01010463 0.02258533 0.00782388
v -0.00856209 0.02150874 0.00790000
v -0.00701631 0.02128559 0.00782388
v -0.00381439 0.01960799 0.00790000
v -0.00389666 0.02005034 0.00782388
v 0.00218916 0.01728616 0.00790000
v 0.00237550 0.01762398 0.00782388
v 0.00549789 0.01635670 0.00782388
v -0.00988739 0.02308102 0.00728268
v 0.00257421 0.01812737 0.00728268
v -0.00370077 0.02055484 0.00728268
v -0.00681271 0.02178704 0.00728268
v -0.01300092 0.02427672 0.00760711
v -0.00997440 0.02288247 0.00760711
v -0.00689426 0.02158619 0.00760711
v -0.00377923 0.02035276 0.00760711
v 0.00249462 0.01792574 0.00760711
v 0.00562339 0.01665587 0.00760711
v 0.01145345 -0.00817978 0.00770384
v 0.01145344 -0.00815813 0.00775000
v 0.01145344 -0.00811046 0.00781213
v 0.01145343 -0.00804833 0.00785981
v 0.01145342 -0.00800216 0.00788146
v 0.01145341 -0.00789833 0.00790000
v 0.01094611 -0.00811381 0.00770384
v 0.01040302 -0.00787862 0.00770384
v 0.01000781 -0.00755374 0.00770384
v 0.01002360 -0.00753893 0.00775000
v 0.01043976 -0.00781983 0.00781213
v 0.01005838 -0.00750632 0.00781213
v 0.01010370 -0.00746381 0.00785981
v 0.01049716 -0.00772800 0.00788146
v 0.01013737 -0.00743224 0.00788146
v 0.01099156 -0.00794210 0.00788146
v 0.01101813 -0.00784172 0.00790000
v 0.01055219 -0.00763994 0.00790000
v 0.01096385 -0.00804679 0.00781213
v 0.01021311 -0.00736121 0.00790000
v 0.00839805 -0.00542571 0.00790000
v 0.00832231 -0.00549674 0.00788146
v 0.00828864 -0.00552832 0.00785981
v 0.00824331 -0.00557082 0.00781213
v 0.00820854 -0.00560343 0.00775000
v 0.00819275 -0.00561824 0.00770384
v 0.00723688 -0.00504768 0.00770384
v 0.00672005 -0.00498048 0.00770384
v 0.00672005 -0.00495883 0.00775000
v 0.00725462 -0.00498067 0.00781213
v 0.00672004 -0.00491115 0.00781213
v 0.00672003 -0.00484902 0.00785981
v 0.00728234 -0.00487598 0.00788146
v 0.00672002 -0.00480285 0.00788146
v 0.00788427 -0.00513665 0.00788146
v 0.00793930 -0.00504860 0.00790000
v 0.00730891 -0.00477560 0.00790000
v 0.00782687 -0.00522849 0.00781213
v 0.00779013 -0.00528727 0.00770384
v 0.00672001 -0.00469902 0.00790000
v 0.00000069 -0.00470000 0.00790000
v 0.00000070 -0.00480383 0.00788146
v 0.00000071 -0.00485000 0.00785981
v 0.00000072 -0.00491213 0.00781213
v 0.00000072 -0.00495981 0.00775000
v 0.00000073 -0.00498146 0.00770384
v -0.00095980 -0.00488812 0.00770384
v -0.00208132 -0.00452582 0.00770384
v -0.00308634 -0.00391017 0.00770384
v -0.00378237 -0.00324170 0.00770384
v -0.00376593 -0.00322761 0.00775000
v -0.00304339 -0.00385575 0.00781213
v -0.00372973 -0.00319658 0.00781213
v -0.00368256 -0.00315615 0.00785981
v -0.00297629 -0.00377075 0.00788146
v -0.00364750 -0.00312611 0.00788146
v -0.00200711 -0.00436444 0.00788146
v -0.00196372 -0.00427010 0.00790000
v -0.00291196 -0.00368924 0.00790000
v -0.00092557 -0.00471382 0.00788146
v -0.00090557 -0.00461194 0.00790000
v -0.00094644 -0.00482009 0.00781213
v -0.00205236 -0.00446283 0.00781213
v -0.00356866 -0.00305854 0.00790000
v -0.02609667 0.02279436 0.00770384
v -0.02608023 0.02280845 0.00775000
v -0.02604403 0.02283947 0.00781213
v -0.02599686 0.02287991 0.00785981
v -0.02596181 0.02290995 0.00788146
v -0.02588296 0.02297752 0.00790000
v -0.02631556 0.02318667 0.00781213
v -0.02622734 0.02324949 0.00788146
v -0.01874564 0.02909459 0.00790000
v -0.01866680 0.02916216 0.00788146
v -0.01896170 0.02947653 0.00788146
v -0.01903417 0.02940217 0.00790000
v -0.01990397 0.03019143 0.00788146
v -0.01995607 0.03010161 0.00790000
v -0.02099235 0.03065442 0.00788146
v -0.02102093 0.03055459 0.00790000
v -0.02216088 0.03083744 0.00788146
v -0.02216419 0.03073366 0.00790000
v -0.02333870 0.03072939 0.00788146
v -0.02331655 0.03062795 0.00790000
v -0.02445442 0.03033683 0.00788146
v -0.02440816 0.03024387 0.00790000
v -0.02544041 0.02968356 0.00788146
v -0.02537283 0.02960472 0.00790000
v -0.02623688 0.02880917 0.00788146
v -0.02615210 0.02874922 0.00790000
v -0.02679557 0.02776667 0.00788146
v -0.02669871 0.02772926 0.00790000
v -0.02708260 0.02661925 0.00788146
v -0.02697954 0.02660665 0.00790000
v -0.02708057 0.02543649 0.00788146
v -0.02697755 0.02544945 0.00790000
v -0.02678961 0.02429007 0.00788146
v -0.02669287 0.02432781 0.00790000
v -0.02614276 0.02330972 0.00790000
v -0.02637203 0.02314646 0.00770384
v -0.02695508 0.02422551 0.00770384
v -0.02725681 0.02541432 0.00770384
v -0.02725891 0.02664082 0.00770384
v -0.02453355 0.03049586 0.00770384
v -0.02555600 0.02981843 0.00770384
v -0.02638192 0.02891170 0.00770384
v -0.02696127 0.02783065 0.00770384
v -0.02337658 0.03090293 0.00770384
v -0.02094347 0.03082518 0.00770384
v -0.02215520 0.03101497 0.00770384
v -0.01981485 0.03034507 0.00770384
v -0.01883774 0.02960375 0.00770384
v -0.01853193 0.02927775 0.00770384
v -0.02689050 0.02425071 0.00781213
v -0.02718802 0.02542297 0.00781213
v -0.02719010 0.02663240 0.00781213
v -0.02689660 0.02780568 0.00781213
v -0.02632532 0.02887168 0.00781213
v -0.02551088 0.02976579 0.00781213
v -0.02450267 0.03043379 0.00781213
v -0.02336179 0.03083520 0.00781213
v -0.02215742 0.03094568 0.00781213
v -0.02096255 0.03075853 0.00781213
v -0.01984963 0.03028511 0.00781213
v -0.01888612 0.02955410 0.00781213
v -0.01858457 0.02923264 0.00781213
v 0.01509294 -0.00029069 0.00790000
v 0.01476848 -0.00007396 0.00790000
v 0.01530976 -0.00061508 0.00790000
v 0.00908461 0.00807784 0.00139074
v 0.00908449 0.00884713 0.00216003
v 0.00908434 0.00989801 0.00244162
v 0.00908419 0.01094889 0.00216003
v 0.00908407 0.01171818 0.00139074
v 0.00908403 0.01199976 0.00033986
v 0.00908407 0.01171818 -0.00071101
v 0.00908419 0.01094889 -0.00148031
v 0.00908434 0.00989801 -0.00176189
v 0.00908449 0.00884713 -0.00148031
v 0.00908461 0.00807784 -0.00071101
v 0.00908465 0.00779626 0.00033986
v 0.01014794 0.01392037 0.00790000
v 0.00908369 0.01436868 0.00790000
v 0.00908571 0.00050133 0.00790000
v 0.01295445 0.01284442 0.00790000
v 0.01580549 -0.00034774 0.00790000
v 0.03202739 0.00753069 0.00790000
v 0.01550501 0.00012150 0.00790000
v 0.02802678 0.00862016 0.00790000
v 0.01503568 0.00042185 0.00790000
v 0.04599854 -0.00719328 0.00790000
v 0.04599741 0.00050975 0.00790000
v 0.04442934 0.00178022 0.00790000
v 0.04274678 0.00294633 0.00790000
v 0.04192679 0.00345199 0.00790000
v 0.01588590 -0.00079768 0.00790000
v 0.04100557 0.00397713 0.00790000
v 0.01588684 -0.00719768 0.00790000
v 0.01957774 0.01078310 0.00790000
v 0.01796383 0.01123657 0.00790000
v 0.01458571 0.00050213 0.00790000
v 0.01599891 0.01182707 0.00790000
v 0.01314924 0.01277498 0.00790000
v 0.03908912 0.00494542 0.00790000
v 0.03698587 0.00584990 0.00790000
v 0.03478159 0.00666011 0.00790000
v 0.01955979 0.01182470 0.00690000
v 0.01824164 0.01219718 0.00690000
v 0.01822242 0.01213073 0.00726547
v 0.01086880 0.01386922 0.00787492
v 0.01113045 0.01452739 0.00726547
v 0.00908354 0.01534300 0.00735028
v 0.00908358 0.01510376 0.00763883
v 0.00908353 0.01545136 0.00702599
v 0.01115598 0.01459160 0.00690000
v 0.00908353 0.01546006 0.00690000
v 0.04416708 0.00224943 0.00787492
v 0.04204044 0.00364333 0.00787492
v 0.03979107 0.00485699 0.00787492
v 0.03747515 0.00589292 0.00787492
v 0.03510744 0.00678390 0.00787492
v 0.03270023 0.00756242 0.00787492
v 0.02781465 0.00890421 0.00787492
v 0.02290606 0.01013827 0.00787492
v 0.01802566 0.01145034 0.00787492
v 0.01322365 0.01298471 0.00787492
v 0.01380553 0.01360407 0.00690000
v 0.01346046 0.01365222 0.00726547
v 0.01106252 0.01435650 0.00756490
v 0.01339897 0.01347891 0.00756490
v 0.01098868 0.01417077 0.00773709
v 0.00908363 0.01475415 0.00783542
v 0.02823077 0.00960021 0.00690000
v 0.02308048 0.01082474 0.00726547
v 0.01817133 0.01195407 0.00756490
v 0.01333215 0.01329054 0.00773709
v 0.03993382 0.00514841 0.00773709
v 0.03759791 0.00619332 0.00773709
v 0.03521387 0.00709048 0.00773709
v 0.03279419 0.00787303 0.00773709
v 0.02789497 0.00921863 0.00773709
v 0.02298598 0.01045279 0.00773709
v 0.01811581 0.01176207 0.00773709
v 0.04002174 0.00532790 0.00756490
v 0.03767352 0.00637833 0.00756490
v 0.03527942 0.00727930 0.00756490
v 0.03285206 0.00806434 0.00756490
v 0.02794445 0.00941228 0.00756490
v 0.02303519 0.01064651 0.00756490
v 0.04010264 0.00549305 0.00726547
v 0.03774308 0.00654856 0.00726547
v 0.03533972 0.00745302 0.00726547
v 0.03290530 0.00824036 0.00726547
v 0.02798996 0.00959045 0.00726547
v 0.03316034 0.00823506 0.00690000
v 0.03536238 0.00751829 0.00690000
v 0.03725929 0.00681722 0.00690000
v 0.04013307 0.00555517 0.00690000
v 0.04072415 0.00525860 0.00690000
v 0.04220616 0.00392234 0.00773709
v 0.04230822 0.00409419 0.00756490
v 0.04240213 0.00425229 0.00726547
v 0.04243746 0.00431177 0.00690000
v 0.04636897 0.00151001 0.00690000
v 0.04462241 0.00288001 0.00690000
v 0.04458168 0.00282362 0.00726547
v 0.04372627 0.00350130 0.00690000
v 0.04435704 0.00251251 0.00773709
v 0.04447404 0.00267454 0.00756490
v 0.04665603 0.00126223 0.00690000
v 0.04661047 0.00121017 0.00726547
v 0.04648935 0.00107180 0.00756490
v 0.04635771 0.00092140 0.00773709
v 0.04623984 0.00078673 0.00782979
v 0.04614398 0.00067721 0.00787492
v 0.01458576 0.00020213 0.00760000
v 0.01458575 0.00022067 0.00770384
v 0.00908576 0.00020133 0.00760000
v 0.00908575 0.00024152 0.00775000
v 0.01458575 0.00024232 0.00775000
v 0.01458574 0.00029000 0.00781213
v 0.00908574 0.00035133 0.00785981
v 0.01458573 0.00039830 0.00788146
v 0.01458574 0.00035213 0.00785981
v 0.04683591 0.00110340 -0.00301507
v 0.04736626 0.00061847 -0.00562908
v 0.04673161 0.00119583 -0.00336113
v 0.04666299 0.00125614 -0.00352401
v 0.04689687 0.00104894 -0.00246619
v 0.04689687 0.00104894 0.00346619
v 0.04736626 0.00061847 0.00662908
v 0.04683471 0.00110446 0.00402034
v 0.04673657 0.00119146 0.00434819
v 0.04639888 0.00148452 0.00496877
v 0.04702966 0.00092917 0.00683293
v 0.01380553 0.01360407 -0.00590000
v 0.01116105 0.01458959 -0.00590000
v 0.01153787 0.01444122 -0.00519803
v 0.00908353 0.01546007 -0.00590000
v 0.01153787 0.01444122 0.00619803
v 0.01961247 0.01181015 0.00615180
v 0.01380571 0.01360457 0.00618331
v 0.01543774 0.01305557 0.00617366
v 0.02809894 0.00963399 0.00611375
v 0.03653521 0.00709541 0.00606970
v 0.03445541 0.00782455 0.00608232
v 0.03234802 0.00847877 0.00609366
v 0.04057202 0.00533558 0.00603937
v 0.03857696 0.00627217 0.00605550
v 0.03725927 0.00681717 0.00606490
v 0.04630194 0.00156688 0.00509148
v 0.04569544 0.00206525 0.00561701
v 0.04551021 0.00221179 0.00572164
v 0.04528119 0.00238951 0.00582487
v 0.04251140 0.00426725 0.00602101
v 0.04372623 0.00350123 0.00600786
v 0.04438610 0.00304880 0.00600009
v 0.04453677 0.00294160 0.00599387
v 0.04702966 0.00092917 -0.00583293
v 0.04665603 0.00126223 -0.00590000
v 0.04626927 0.00159448 -0.00412970
v 0.04636897 0.00151001 -0.00590000
v 0.04607483 0.00175689 -0.00432887
v 0.04542613 0.00227749 -0.00476277
v 0.03234802 0.00847877 -0.00509366
v 0.03445541 0.00782455 -0.00508232
v 0.03543236 0.00749394 -0.00590000
v 0.03725929 0.00681722 -0.00590000
v 0.03653521 0.00709541 -0.00506970
v 0.03725927 0.00681717 -0.00506490
v 0.03785218 0.00657861 -0.00590000
v 0.03857696 0.00627217 -0.00505550
v 0.04072415 0.00525860 -0.00590000
v 0.04057202 0.00533558 -0.00503937
v 0.04250008 0.00427447 -0.00590000
v 0.04251140 0.00426725 -0.00502101
v 0.04372627 0.00350130 -0.00590000
v 0.04372623 0.00350123 -0.00500786
v 0.04464733 0.00286199 -0.00590000
v 0.04438610 0.00304880 -0.00500009
v 0.04528377 0.00238753 -0.00482386
v 0.03316034 0.00823506 -0.00590000
v 0.02823077 0.00960021 -0.00590000
v 0.02809894 0.00963399 -0.00511375
v 0.01955979 0.01182470 -0.00590000
v 0.01961247 0.01181015 -0.00515180
v 0.01826419 0.01219067 -0.00590000
v 0.01543774 0.01305557 -0.00517366
v 0.01380571 0.01360457 -0.00518331
v 0.01458576 0.00020213 -0.00660000
v 0.00908576 0.00020133 -0.00660000
v 0.03208285 0.00751442 -0.00690000
v 0.02816051 0.00858578 -0.00690000
v 0.02786167 0.00889220 -0.00687492
v 0.01113553 0.01452537 -0.00626547
v 0.00908354 0.01540615 -0.00621019
v 0.00908369 0.01436867 -0.00690000
v 0.00908364 0.01469486 -0.00685419
v 0.01034266 0.01384082 -0.00690000
v 0.01087394 0.01386718 -0.00687492
v 0.01323456 0.01298084 -0.00687492
v 0.01804837 0.01144377 -0.00687492
v 0.01625931 0.01174594 -0.00690000
v 0.01315917 0.01277143 -0.00690000
v 0.02294102 0.01012939 -0.00687492
v 0.01991822 0.01068989 -0.00690000
v 0.01798659 0.01122996 -0.00690000
v 0.03755656 0.00585955 -0.00687492
v 0.03468747 0.00669281 -0.00690000
v 0.03517643 0.00675993 -0.00687492
v 0.03275996 0.00754432 -0.00687492
v 0.03988289 0.00481184 -0.00687492
v 0.03906795 0.00495561 -0.00690000
v 0.03698133 0.00585181 -0.00690000
v 0.04277174 0.00293033 -0.00690000
v 0.04198736 0.00341591 -0.00690000
v 0.04210147 0.00360698 -0.00687492
v 0.04098869 0.00398660 -0.00690000
v 0.03978439 0.00461227 -0.00690000
v 0.04599741 0.00050975 -0.00690000
v 0.04443364 0.00177703 -0.00690000
v 0.04614398 0.00067721 -0.00687492
v 0.04419133 0.00223194 -0.00687492
v 0.04623984 0.00078673 -0.00682979
v 0.04438158 0.00249481 -0.00673709
v 0.04635771 0.00092140 -0.00673709
v 0.04661047 0.00121017 -0.00626547
v 0.04648935 0.00107180 -0.00656490
v 0.04449876 0.00265672 -0.00656490
v 0.04460656 0.00280568 -0.00626547
v 0.04246461 0.00421508 -0.00626547
v 0.04019636 0.00544696 -0.00626547
v 0.04237033 0.00405720 -0.00656490
v 0.04226785 0.00388560 -0.00673709
v 0.04011498 0.00528206 -0.00656490
v 0.03782588 0.00651462 -0.00626547
v 0.00908359 0.01501425 -0.00670601
v 0.01099379 0.01416874 -0.00673709
v 0.01334301 0.01328669 -0.00673709
v 0.01813846 0.01175553 -0.00673709
v 0.02302090 0.01044392 -0.00673709
v 0.02794206 0.00920660 -0.00673709
v 0.03285418 0.00785486 -0.00673709
v 0.03528328 0.00706636 -0.00673709
v 0.03767996 0.00615969 -0.00673709
v 0.04002652 0.00510283 -0.00673709
v 0.00908356 0.01525351 -0.00648507
v 0.01106761 0.01435448 -0.00656490
v 0.01340981 0.01347507 -0.00656490
v 0.01819394 0.01194754 -0.00656490
v 0.02307009 0.01063764 -0.00656490
v 0.02799157 0.00940023 -0.00656490
v 0.03291222 0.00804612 -0.00656490
v 0.03534908 0.00725509 -0.00656490
v 0.03775596 0.00634455 -0.00656490
v 0.01347127 0.01364839 -0.00626547
v 0.01824499 0.01212421 -0.00626547
v 0.02311535 0.01081588 -0.00626547
v 0.02803712 0.00957840 -0.00626547
v 0.03296561 0.00822209 -0.00626547
v 0.03540963 0.00742873 -0.00626547
v 0.01458571 0.00050213 -0.00690000
v 0.01458573 0.00039830 -0.00688146
v 0.00908571 0.00050133 -0.00690000
v 0.00908574 0.00035133 -0.00685981
v 0.01458574 0.00035213 -0.00685981
v 0.01458574 0.00029000 -0.00681213
v 0.00908575 0.00024152 -0.00675000
v 0.01458575 0.00022067 -0.00670383
v 0.01458575 0.00024232 -0.00675000
v 0.04599854 -0.00719328 -0.00690000
v 0.01503568 0.00042185 -0.00690000
v 0.01550501 0.00012150 -0.00690000
v 0.01580549 -0.00034774 -0.00690000
v 0.01588590 -0.00079768 -0.00690000
v 0.01588684 -0.00719768 -0.00690000
v 0.01848928 -0.00309332 0.00440873
v 0.01848928 -0.00309332 -0.00340873
v 0.01824180 -0.00302781 0.00440873
v 0.01824180 -0.00302781 -0.00340873
v 0.01813881 -0.00294999 0.00440873
v 0.01813881 -0.00294999 -0.00340873
v 0.01805918 -0.00284840 0.00440873
v 0.01805918 -0.00284840 -0.00340873
v 0.01802689 -0.00278375 0.00440873
v 0.01802689 -0.00278375 -0.00340873
v 0.01798929 -0.00260211 0.00440873
v 0.01798929 -0.00260211 -0.00340873
v 0.01810174 -0.00278566 0.00477657
v 0.01820518 -0.00295092 0.00473370
v 0.01852779 -0.00309331 0.00460000
v 0.01836006 -0.00305914 0.00466952
v 0.01863570 -0.00309329 0.00476224
v 0.01850734 -0.00305920 0.00489059
v 0.01838878 -0.00295122 0.00500913
v 0.01830949 -0.00278631 0.00508840
v 0.01879793 -0.00309327 0.00487015
v 0.01872841 -0.00305909 0.00503787
v 0.01866421 -0.00295085 0.00519273
v 0.01862132 -0.00278558 0.00529615
v 0.01898914 -0.00260197 0.00540858
v 0.01860663 -0.00260469 0.00533152
v 0.01828218 -0.00260568 0.00511568
v 0.01806634 -0.00260477 0.00479123
v 0.01898921 -0.00309324 0.00490865
v 0.01898920 -0.00302770 0.00515613
v 0.01898919 -0.00294987 0.00525911
v 0.01898917 -0.00284826 0.00533873
v 0.01898916 -0.00278360 0.00537100
v 0.04506734 -0.00308943 0.00446941
v 0.04539243 -0.00308938 0.00398285
v 0.04458079 -0.00308950 0.00479450
v 0.04550659 -0.00308937 0.00340888
v 0.04400681 -0.00308959 0.00490865
v 0.04550659 -0.00308937 -0.00240888
v 0.04539243 -0.00308938 -0.00298285
v 0.04506734 -0.00308943 -0.00346941
v 0.04458079 -0.00308950 -0.00379450
v 0.04400681 -0.00308959 -0.00390865
v 0.01863570 -0.00309329 -0.00376224
v 0.01852758 -0.00309331 -0.00359995
v 0.01879799 -0.00309327 -0.00387035
v 0.01898921 -0.00309324 -0.00390865
v 0.01788972 0.00305497 -0.00350747
v 0.01788972 0.00305497 0.00450747
v 0.01835979 -0.00305914 -0.00366945
v 0.01850734 -0.00305920 -0.00389059
v 0.01820485 -0.00295092 -0.00373362
v 0.01838878 -0.00295122 -0.00400913
v 0.01810136 -0.00278566 -0.00377647
v 0.01830949 -0.00278631 -0.00408840
v 0.01806593 -0.00260477 -0.00379113
v 0.01828218 -0.00260568 -0.00411568
v 0.01898914 -0.00260197 -0.00440858
v 0.01860674 -0.00260469 -0.00433194
v 0.01898916 -0.00278360 -0.00437100
v 0.01862142 -0.00278558 -0.00429654
v 0.01898917 -0.00284826 -0.00433873
v 0.01866429 -0.00295085 -0.00419307
v 0.01872848 -0.00305909 -0.00403814
v 0.01898920 -0.00302770 -0.00415613
v 0.01898919 -0.00294987 -0.00425911
v 0.01782299 0.00363273 0.00452092
v 0.01782299 0.00363273 -0.00352092
v 0.01764638 0.00418681 0.00453382
v 0.01764638 0.00418681 -0.00353382
v 0.01736587 0.00469626 0.00454567
v 0.01736587 0.00469626 -0.00354567
v 0.01699260 0.00514223 0.00455605
v 0.01699260 0.00514223 -0.00355605
v 0.01654007 0.00550753 0.00456456
v 0.01654007 0.00550753 -0.00356456
v 0.01602572 0.00577896 0.00457088
v 0.01602572 0.00577896 -0.00357088
v 0.01546859 0.00594571 0.00457476
v 0.01546859 0.00594571 -0.00357476
v 0.01488974 0.00600218 0.00457607
v 0.01488974 0.00600218 -0.00357607
v 0.01248796 0.00600182 0.00457607
v 0.01248796 0.00600182 -0.00357607
v 0.04465032 -0.00305530 -0.00396238
v 0.04519570 -0.00305530 -0.00359776
v 0.04471451 -0.00294704 -0.00411740
v 0.04531422 -0.00294729 -0.00371630
v 0.04475736 -0.00278177 -0.00422092
v 0.04539346 -0.00278235 -0.00379557
v 0.04400674 -0.00259831 -0.00440858
v 0.04477200 -0.00260087 -0.00425632
v 0.04542071 -0.00260172 -0.00382285
v 0.04400681 -0.00302405 -0.00415613
v 0.04400679 -0.00294621 -0.00425911
v 0.04400678 -0.00284461 -0.00433873
v 0.04400677 -0.00277995 -0.00437100
v 0.04600644 -0.00259802 -0.00240888
v 0.04585418 -0.00260072 -0.00317413
v 0.04596889 -0.00277966 -0.00240888
v 0.04581881 -0.00278161 -0.00315946
v 0.04593663 -0.00284433 -0.00240888
v 0.04571531 -0.00294690 -0.00311659
v 0.04556032 -0.00305517 -0.00305239
v 0.04575406 -0.00302379 -0.00240888
v 0.04585702 -0.00294594 -0.00240888
v 0.04600644 -0.00259802 0.00340888
v 0.04596889 -0.00277966 0.00340888
v 0.04593663 -0.00284433 0.00340888
v 0.04585702 -0.00294594 0.00340888
v 0.04575406 -0.00302379 0.00340888
v 0.04400677 -0.00277995 0.00537100
v 0.04475736 -0.00278177 0.00522092
v 0.04400678 -0.00284461 0.00533873
v 0.04471451 -0.00294704 0.00511740
v 0.04465032 -0.00305530 0.00496238
v 0.04400681 -0.00302405 0.00515613
v 0.04400679 -0.00294621 0.00525911
v 0.04519570 -0.00305530 0.00459776
v 0.04531422 -0.00294729 0.00471630
v 0.04539346 -0.00278235 0.00479557
v 0.04556032 -0.00305517 0.00405239
v 0.04571531 -0.00294690 0.00411659
v 0.04581881 -0.00278161 0.00415946
v 0.04585418 -0.00260072 0.00417413
v 0.04542071 -0.00260172 0.00482285
v 0.04477200 -0.00260087 0.00525632
v 0.04400674 -0.00259831 0.00540858
v 0.01488973 0.00606263 0.00491850
v 0.01248258 0.00660719 0.00549400
v 0.01247924 0.00698437 0.00557592
v 0.01488960 0.00698472 0.00557592
v 0.01248729 0.00607715 0.00495463
v 0.01248541 0.00628857 0.00527698
v 0.01488970 0.00628892 0.00527698
v 0.01488965 0.00664340 0.00550950
v 0.01566140 0.00690944 0.00557461
v 0.01559109 0.00655296 0.00549954
v 0.01552622 0.00622672 0.00527578
v 0.01548307 0.00601301 0.00493935
v 0.01640424 0.00668711 0.00557072
v 0.01626614 0.00635071 0.00549593
v 0.01709003 0.00632520 0.00556440
v 0.01688921 0.00602155 0.00549005
v 0.01769340 0.00583813 0.00555590
v 0.01743720 0.00557863 0.00548215
v 0.01819110 0.00524350 0.00554552
v 0.01788898 0.00503804 0.00547251
v 0.01856512 0.00456423 0.00553366
v 0.01822822 0.00442069 0.00546149
v 0.01880060 0.00382546 0.00552077
v 0.01844147 0.00374950 0.00544951
v 0.01888957 0.00305512 0.00550732
v 0.01854357 0.00305011 0.00544544
v 0.01613872 0.00604305 0.00527223
v 0.01670395 0.00574414 0.00526646
v 0.01720092 0.00534202 0.00525869
v 0.01761042 0.00485133 0.00524921
v 0.01791770 0.00429113 0.00523839
v 0.01811059 0.00368225 0.00522663
v 0.01818267 0.00304779 0.00521436
v 0.01605404 0.00584184 0.00493566
v 0.01658096 0.00556326 0.00492966
v 0.01704429 0.00518847 0.00492158
v 0.01742613 0.00473111 0.00491172
v 0.01771270 0.00420891 0.00490046
v 0.01789266 0.00364130 0.00488821
v 0.01795160 0.00305002 0.00485347
v 0.01488965 0.00664340 -0.00450950
v 0.01488960 0.00698472 -0.00457592
v 0.01247924 0.00698437 -0.00457592
v 0.01248729 0.00607715 -0.00395463
v 0.01248258 0.00660719 -0.00449400
v 0.01248541 0.00628857 -0.00427698
v 0.01488970 0.00628892 -0.00427698
v 0.01488973 0.00606263 -0.00391850
v 0.01888957 0.00305512 -0.00450732
v 0.01854357 0.00305011 -0.00444544
v 0.01818267 0.00304779 -0.00421436
v 0.01795160 0.00305002 -0.00385347
v 0.01880060 0.00382546 -0.00452077
v 0.01844147 0.00374950 -0.00444952
v 0.01811059 0.00368225 -0.00422663
v 0.01789266 0.00364130 -0.00388821
v 0.01856512 0.00456423 -0.00453366
v 0.01822822 0.00442069 -0.00446149
v 0.01819110 0.00524350 -0.00454552
v 0.01788898 0.00503804 -0.00447251
v 0.01769340 0.00583813 -0.00455590
v 0.01743720 0.00557863 -0.00448215
v 0.01709003 0.00632520 -0.00456440
v 0.01688921 0.00602155 -0.00449005
v 0.01640424 0.00668711 -0.00457072
v 0.01626614 0.00635071 -0.00449593
v 0.01566140 0.00690944 -0.00457461
v 0.01559109 0.00655296 -0.00449954
v 0.01791770 0.00429113 -0.00423839
v 0.01761042 0.00485133 -0.00424921
v 0.01720092 0.00534202 -0.00425869
v 0.01670395 0.00574414 -0.00426646
v 0.01613872 0.00604305 -0.00427223
v 0.01552622 0.00622672 -0.00427578
v 0.01771270 0.00420891 -0.00390046
v 0.01742613 0.00473111 -0.00391172
v 0.01704429 0.00518847 -0.00392158
v 0.01658096 0.00556326 -0.00392966
v 0.01605404 0.00584184 -0.00393566
v 0.01548307 0.00601301 -0.00393935
v 0.01236278 0.01360104 -0.00469142
v 0.01229525 0.00698175 -0.00454078
v 0.01217879 0.01359842 -0.00465627
v 0.01222932 0.00698114 -0.00450889
v 0.01211286 0.01359781 -0.00462439
v 0.01212579 0.00698071 -0.00442944
v 0.01200933 0.01359738 -0.00454494
v 0.01204634 0.00698112 -0.00432592
v 0.01192988 0.01359779 -0.00444141
v 0.01197931 0.00698430 -0.00407600
v 0.01186285 0.01360097 -0.00419149
v 0.01230569 0.00603620 -0.00357607
v 0.01230489 0.00610853 -0.00394046
v 0.01224047 0.00606733 -0.00357607
v 0.01213659 0.00620900 -0.00389811
v 0.01198730 0.00653069 -0.00376535
v 0.01198796 0.00649303 -0.00357607
v 0.01202472 0.00636266 -0.00383440
v 0.01205784 0.00624674 -0.00357607
v 0.01213748 0.00614515 -0.00357607
v 0.01198544 0.00663640 -0.00392653
v 0.01202233 0.00650667 -0.00405465
v 0.01213408 0.00638840 -0.00417281
v 0.01230264 0.00631166 -0.00425113
v 0.01198263 0.00679571 -0.00403504
v 0.01201873 0.00672398 -0.00420334
v 0.01213029 0.00665925 -0.00435846
v 0.01229926 0.00661820 -0.00446087
v 0.01198796 0.00649303 0.00457607
v 0.01205784 0.00624674 0.00457607
v 0.01213748 0.00614515 0.00457607
v 0.01224047 0.00606733 0.00457607
v 0.01230569 0.00603620 0.00457607
v 0.01229525 0.00698175 0.00554078
v 0.01229926 0.00661820 0.00546087
v 0.01222932 0.00698114 0.00550889
v 0.01213029 0.00665925 0.00535846
v 0.01198263 0.00679571 0.00503504
v 0.01197931 0.00698430 0.00507600
v 0.01201873 0.00672398 0.00520334
v 0.01204634 0.00698112 0.00532592
v 0.01212579 0.00698071 0.00542944
v 0.01198544 0.00663640 0.00492653
v 0.01202233 0.00650667 0.00505465
v 0.01213408 0.00638840 0.00517281
v 0.01230264 0.00631166 0.00525113
v 0.01198730 0.00653069 0.00476535
v 0.01202472 0.00636266 0.00483440
v 0.01213659 0.00620900 0.00489811
v 0.01230489 0.00610853 0.00494046
v 0.01236278 0.01360104 0.00569142
v 0.01217879 0.01359842 0.00565627
v 0.01211286 0.01359781 0.00562439
v 0.01200933 0.01359738 0.00554494
v 0.01192988 0.01359779 0.00544141
v 0.01186285 0.01360097 0.00519149
v 0.01496228 0.00022281 0.00781213
v 0.01493830 0.00015777 0.00770384
v 0.01545186 -0.00029774 0.00760000
v 0.01552404 -0.00045162 0.00760000
v 0.01554144 -0.00044519 0.00770384
v 0.01558590 -0.00079772 0.00760000
v 0.01529291 -0.00009066 0.00760000
v 0.01530602 -0.00007754 0.00770384
v 0.01508578 0.00006823 0.00760000
v 0.01493188 0.00014037 0.00760000
v 0.01499975 0.00032442 0.00788146
v 0.01543160 0.00004807 0.00788146
v 0.01570807 -0.00038369 0.00788146
v 0.01578207 -0.00079769 0.00788146
v 0.01573590 -0.00079770 0.00785981
v 0.01567377 -0.00079771 0.00781213
v 0.01560445 -0.00079772 0.00770384
v 0.01562610 -0.00079772 0.00775000
v 0.01560648 -0.00042119 0.00781213
v 0.01535503 -0.00002852 0.00781213
v 0.01688668 -0.00609355 -0.00550000
v 0.04488668 -0.00608946 -0.00550000
v 0.01688668 -0.00609355 0.00650000
v 0.04488668 -0.00608946 0.00650000
v 0.04599866 -0.00805930 0.00740000
v 0.04599867 -0.00812307 0.00726809
v 0.04644341 -0.00807545 0.00723442
v 0.04720566 -0.00773598 0.00699506
v 0.04685301 -0.00794052 0.00713914
v 0.04683954 -0.00800779 0.00680732
v 0.04799839 -0.00619299 0.00590000
v 0.04787295 -0.00667554 0.00657659
v 0.04788204 -0.00677444 0.00648144
v 0.04749333 -0.00710789 0.00718709
v 0.04795528 -0.00660572 0.00610636
v 0.04685294 -0.00743229 0.00764737
v 0.04720559 -0.00728816 0.00744288
v 0.04710965 -0.00702459 0.00756294
v 0.04599868 -0.00819328 0.00690000
v 0.04638886 -0.00815479 0.00688079
v 0.04669227 -0.00806905 0.00683794
v 0.04749339 -0.00748015 0.00681483
v 0.04741281 -0.00760728 0.00660711
v 0.04756198 -0.00744023 0.00652359
v 0.04784626 -0.00695838 0.00628268
v 0.04787297 -0.00686959 0.00638253
v 0.04752216 -0.00730841 0.00701535
v 0.04724097 -0.00753851 0.00724542
v 0.04688675 -0.00772716 0.00743401
v 0.04646452 -0.00785468 0.00756147
v 0.04644332 -0.00752763 0.00778224
v 0.04676389 -0.00711705 0.00774776
v 0.04669507 -0.00713057 0.00777478
v 0.04638871 -0.00717401 0.00786157
v 0.04629558 -0.00718214 0.00787781
v 0.04599864 -0.00790039 0.00760711
v 0.04599861 -0.00769328 0.00776603
v 0.04599859 -0.00756137 0.00782979
v 0.04784620 -0.00657569 0.00666537
v 0.04777296 -0.00665424 0.00682244
v 0.04741672 -0.00689816 0.00731018
v 0.04716044 -0.00700703 0.00752785
v 0.04606327 0.00068522 -0.00246619
v 0.04601560 0.00074039 -0.00290551
v 0.04595361 0.00081011 -0.00312758
v 0.04567538 0.00111453 -0.00366740
v 0.04553621 0.00126250 -0.00384001
v 0.04503031 0.00177857 -0.00424614
v 0.04480072 0.00200219 -0.00435696
v 0.04477790 0.00202407 -0.00436605
v 0.04445590 0.00232637 -0.00446137
v 0.04409757 0.00264917 -0.00450017
v 0.04606327 0.00068522 0.00346619
v 0.04477837 0.00202362 0.00536587
v 0.04409757 0.00264917 0.00550017
v 0.04541612 0.00138802 0.00496250
v 0.04500026 0.00180820 0.00526273
v 0.04479871 0.00200413 0.00535777
v 0.04569917 0.00108897 0.00463368
v 0.04587862 0.00089340 0.00431694
v 0.04601467 0.00074145 0.00390973
v 0.04600362 0.00075394 0.00395694
v 0.01185942 0.01379574 0.00521141
v 0.01185611 0.01398420 0.00526443
v 0.01188708 0.01392472 0.00542388
v 0.01215289 0.01371603 0.00565817
v 0.01212812 0.01383269 0.00567959
v 0.01229338 0.01381726 0.00572829
v 0.01232764 0.01371086 0.00570159
v 0.01198205 0.01387032 0.00557280
v 0.01551752 0.01251305 0.00567242
v 0.01873753 0.01154452 0.00565550
v 0.01947953 0.01133706 0.00565188
v 0.02350288 0.01028236 0.00563346
v 0.02864553 0.00898558 0.00561081
v 0.02797499 0.00915835 0.00561383
v 0.03219045 0.00801257 0.00559382
v 0.03499479 0.00712460 0.00557831
v 0.03735002 0.00625159 0.00556307
v 0.03946873 0.00532803 0.00554694
v 0.04136207 0.00435993 0.00553004
v 0.04225485 0.00384667 0.00552108
v 0.04310794 0.00331714 0.00551183
v 0.01200272 0.01409528 0.00580656
v 0.01209331 0.01394127 0.00571902
v 0.01196940 0.01396952 0.00562069
v 0.01176630 0.01427731 0.00580844
v 0.01172537 0.01431260 0.00574927
v 0.01179622 0.01421320 0.00554300
v 0.01223398 0.01393944 0.00577862
v 0.01213446 0.01406420 0.00584833
v 0.01210370 0.01409506 0.00586845
v 0.01193613 0.01423125 0.00597223
v 0.01187376 0.01423583 0.00592212
v 0.01191270 0.01411623 0.00572718
v 0.01188274 0.01402185 0.00549590
v 0.01184311 0.01408898 0.00536449
v 0.01181469 0.01417522 0.00548056
v 0.01184214 0.01415697 0.00563659
v 0.01181636 0.01425132 0.00586683
v 0.01229338 0.01381726 -0.00472829
v 0.01223398 0.01393944 -0.00477862
v 0.01212812 0.01383269 -0.00467959
v 0.01209331 0.01394127 -0.00471902
v 0.01198205 0.01387032 -0.00457280
v 0.01196940 0.01396952 -0.00462069
v 0.01188708 0.01392472 -0.00442388
v 0.01188274 0.01402185 -0.00449590
v 0.01185611 0.01398420 -0.00426443
v 0.01184311 0.01408898 -0.00436449
v 0.01184214 0.01415697 -0.00463659
v 0.01187376 0.01423583 -0.00492212
v 0.01193613 0.01423125 -0.00497223
v 0.01210370 0.01409506 -0.00486845
v 0.01181469 0.01417522 -0.00448056
v 0.01179622 0.01421320 -0.00454300
v 0.01172537 0.01431260 -0.00474927
v 0.01200272 0.01409528 -0.00480656
v 0.01213446 0.01406420 -0.00484833
v 0.01176630 0.01427731 -0.00480844
v 0.01191270 0.01411623 -0.00472717
v 0.01181636 0.01425132 -0.00486683
v 0.02108940 0.01090340 -0.00464431
v 0.01947953 0.01133706 -0.00465188
v 0.01722629 0.01198397 -0.00466318
v 0.01528347 0.01258854 -0.00467374
v 0.01405846 0.01299660 -0.00468086
v 0.02663888 0.00949727 -0.00461975
v 0.03121215 0.00829363 -0.00459873
v 0.03397677 0.00746303 -0.00458422
v 0.03632243 0.00664986 -0.00457002
v 0.03856845 0.00573878 -0.00455411
v 0.04234925 0.00379005 -0.00452009
v 0.04046264 0.00483888 -0.00453840
v 0.01185942 0.01379574 -0.00421141
v 0.01215289 0.01371603 -0.00465817
v 0.01232764 0.01371086 -0.00470159
v 0.04799761 -0.00083959 0.00590000
v 0.04787146 -0.00023545 0.00650416
v 0.04783300 -0.00044239 0.00669444
v 0.04763349 0.00031047 0.00647506
v 0.04769105 0.00019166 0.00663413
v 0.04783294 -0.00004517 0.00629722
v 0.04763358 -0.00026459 0.00705011
v 0.04769109 -0.00010550 0.00693130
v 0.04771112 0.00005010 0.00678973
v 0.04746763 0.00043489 0.00692062
v 0.04748063 0.00031484 0.00705451
v 0.04746767 0.00018095 0.00717456
v 0.04736637 -0.00011061 0.00735815
v 0.01562716 -0.00804772 0.00690000
v 0.01567484 -0.00810984 0.00690000
v 0.01567483 -0.00805346 0.00721570
v 0.01573698 -0.00815751 0.00690000
v 0.01578315 -0.00817915 0.00690000
v 0.01578314 -0.00811849 0.00723970
v 0.01573684 -0.00719770 0.00785981
v 0.01567471 -0.00719771 0.00781213
v 0.01567475 -0.00751341 0.00775575
v 0.01562703 -0.00719772 0.00775000
v 0.01560538 -0.00719772 0.00770384
v 0.01560542 -0.00747594 0.00765415
v 0.01558694 -0.00789772 0.00690000
v 0.01560550 -0.00800155 0.00690000
v 0.01560549 -0.00795187 0.00717822
v 0.01558693 -0.00785446 0.00714228
v 0.01560546 -0.00776612 0.00746840
v 0.01558691 -0.00769270 0.00739497
v 0.01558687 -0.00744000 0.00755673
v 0.01558684 -0.00719772 0.00760000
v 0.01578300 -0.00719769 0.00788146
v 0.01588689 -0.00754380 0.00783819
v 0.01578305 -0.00753739 0.00782080
v 0.01588691 -0.00769768 0.00776603
v 0.01588694 -0.00790479 0.00760711
v 0.01578311 -0.00789169 0.00759399
v 0.01588696 -0.00806370 0.00740000
v 0.01588698 -0.00813587 0.00724612
v 0.01588698 -0.00819768 0.00690000
v 0.01567480 -0.00784268 0.00754497
v 0.01688698 -0.00819753 -0.00550000
v 0.04488698 -0.00819344 -0.00550000
v 0.04488698 -0.00819344 0.00650000
v 0.01688698 -0.00819753 0.00650000
v 0.01588698 -0.00819768 -0.00590000
v 0.01578315 -0.00817915 -0.00590000
v 0.01573698 -0.00815751 -0.00590000
v 0.01567484 -0.00810984 -0.00590000
v 0.01562716 -0.00804772 -0.00590000
v 0.01560550 -0.00800155 -0.00590000
v 0.01558694 -0.00789772 -0.00590000
v 0.04636255 0.00034849 0.00786669
v 0.04705562 0.00003403 0.00759754
v 0.04671755 0.00018881 0.00776587
v 0.04799839 -0.00619299 -0.00490000
v 0.04795528 -0.00660572 -0.00510636
v 0.04784626 -0.00695838 -0.00528268
v 0.04756198 -0.00744023 -0.00552359
v 0.04741281 -0.00760728 -0.00560711
v 0.04683954 -0.00800779 -0.00580732
v 0.04638886 -0.00815479 -0.00588079
v 0.04599868 -0.00819328 -0.00590000
v 0.04591221 0.00100163 -0.00328385
v 0.04533865 0.00194549 -0.00419923
v 0.04542873 0.00201504 -0.00425373
v 0.04507883 0.00231329 -0.00445482
v 0.04500312 0.00224616 -0.00439455
v 0.04492816 0.00216722 -0.00435876
v 0.04525414 0.00186149 -0.00417172
v 0.04518167 0.00177200 -0.00417008
v 0.04633574 0.00134483 -0.00333978
v 0.04646698 0.00134544 -0.00339925
v 0.04623511 0.00154833 -0.00380469
v 0.04647107 0.00121825 -0.00291208
v 0.04661616 0.00121212 -0.00294528
v 0.04669840 0.00115794 -0.00246619
v 0.04647220 0.00116821 -0.00246619
v 0.04636324 0.00113484 -0.00246619
v 0.04584490 0.00178349 -0.00405956
v 0.04593990 0.00179957 -0.00414688
v 0.04559277 0.00208543 -0.00442379
v 0.04514901 0.00236254 -0.00453556
v 0.04520828 0.00239068 -0.00462951
v 0.04469943 0.00262237 -0.00458822
v 0.04436467 0.00302165 -0.00481751
v 0.04574018 0.00173746 -0.00398834
v 0.04563661 0.00166487 -0.00394185
v 0.04554484 0.00157458 -0.00392362
v 0.04547191 0.00147771 -0.00393135
v 0.04632213 0.00117814 -0.00288713
v 0.04619089 0.00109427 -0.00287466
v 0.04626466 0.00107766 -0.00246619
v 0.04609405 0.00098107 -0.00287554
v 0.04611835 0.00090485 -0.00246619
v 0.04612159 0.00153974 -0.00372768
v 0.04599989 0.00149570 -0.00366669
v 0.04619848 0.00130293 -0.00329403
v 0.04588445 0.00141946 -0.00363019
v 0.04607347 0.00122265 -0.00326914
v 0.04578827 0.00132169 -0.00362098
v 0.04597589 0.00111667 -0.00326698
v 0.04603715 0.00085781 -0.00288720
v 0.04571846 0.00121614 -0.00363572
v 0.04429910 0.00293182 -0.00464726
v 0.04420096 0.00279487 -0.00453591
v 0.04457487 0.00248219 -0.00448208
v 0.04669840 0.00115794 0.00346619
v 0.04647220 0.00116821 0.00346619
v 0.04636324 0.00113484 0.00346619
v 0.04626466 0.00107766 0.00346619
v 0.04622979 0.00104918 0.00346619
v 0.04611835 0.00090485 0.00346619
v 0.04485746 0.00208563 0.00534824
v 0.04414967 0.00272275 0.00550967
v 0.04647016 0.00121912 0.00391642
v 0.04520587 0.00239255 0.00563053
v 0.04584060 0.00178722 0.00506383
v 0.04559106 0.00208681 0.00542491
v 0.04661515 0.00121303 0.00394992
v 0.04646509 0.00134712 0.00440346
v 0.04571680 0.00121794 0.00463814
v 0.04546810 0.00148167 0.00493512
v 0.04578665 0.00132343 0.00462344
v 0.04554105 0.00157842 0.00492751
v 0.04588280 0.00142113 0.00463271
v 0.04563273 0.00166861 0.00494588
v 0.04599816 0.00149735 0.00466929
v 0.04573612 0.00174116 0.00499249
v 0.04603630 0.00085880 0.00389127
v 0.04609326 0.00098200 0.00387952
v 0.04619011 0.00109514 0.00387865
v 0.04593533 0.00180340 0.00515125
v 0.04623313 0.00155005 0.00480749
v 0.04611973 0.00154140 0.00473038
v 0.04633401 0.00134643 0.00434379
v 0.04619689 0.00130451 0.00429786
v 0.04632131 0.00117899 0.00389124
v 0.04607197 0.00122427 0.00427286
v 0.04597437 0.00111837 0.00427064
v 0.04591063 0.00100342 0.00428752
v 0.04436440 0.00302129 0.00581636
v 0.04514670 0.00236438 0.00553658
v 0.04429910 0.00293182 0.00564726
v 0.04507662 0.00231512 0.00545583
v 0.04425425 0.00286945 0.00558415
v 0.04500100 0.00224801 0.00539553
v 0.04420096 0.00279487 0.00553591
v 0.04492611 0.00216910 0.00535969
v 0.01542604 0.01302269 0.00599017
v 0.01539110 0.01291792 0.00582124
v 0.01533870 0.01275826 0.00570981
v 0.01952707 0.01150873 0.00568798
v 0.02801934 0.00933101 0.00564994
v 0.04234679 0.00399987 0.00555692
v 0.04042671 0.00505748 0.00557537
v 0.03844916 0.00598579 0.00559156
v 0.03642256 0.00680288 0.00560581
v 0.03435517 0.00752762 0.00561846
v 0.03225740 0.00817884 0.00562982
v 0.04243400 0.00414386 0.00566830
v 0.04249206 0.00423808 0.00583735
v 0.04055492 0.00530507 0.00585577
v 0.03856190 0.00624064 0.00587194
v 0.04050367 0.00520707 0.00568676
v 0.03851682 0.00613972 0.00570297
v 0.03648218 0.00696004 0.00571723
v 0.03440821 0.00768708 0.00572989
v 0.03230534 0.00833986 0.00574126
v 0.02806145 0.00949363 0.00576138
v 0.01957225 0.01167053 0.00579941
v 0.01960237 0.01177676 0.00596833
v 0.02808952 0.00960040 0.00593029
v 0.03233731 0.00844556 0.00591018
v 0.03444356 0.00779171 0.00589882
v 0.03652192 0.00706312 0.00588618
v 0.01539110 0.01291792 -0.00482124
v 0.01533870 0.01275826 -0.00470981
v 0.04234679 0.00399987 -0.00455692
v 0.04042671 0.00505748 -0.00457537
v 0.03844916 0.00598579 -0.00459156
v 0.03642256 0.00680288 -0.00460581
v 0.03435517 0.00752762 -0.00461846
v 0.03225740 0.00817884 -0.00462982
v 0.02801934 0.00933101 -0.00464994
v 0.01952707 0.01150873 -0.00468798
v 0.04249206 0.00423808 -0.00483735
v 0.04055492 0.00530507 -0.00485577
v 0.03856190 0.00624064 -0.00487194
v 0.03652192 0.00706312 -0.00488618
v 0.03444356 0.00779171 -0.00489882
v 0.03233731 0.00844556 -0.00491018
v 0.02808952 0.00960040 -0.00493029
v 0.01960237 0.01177676 -0.00496833
v 0.01542604 0.01302269 -0.00499017
v 0.04243400 0.00414386 -0.00466830
v 0.04050367 0.00520707 -0.00468676
v 0.03851682 0.00613972 -0.00470297
v 0.03648218 0.00696004 -0.00471723
v 0.03440821 0.00768708 -0.00472989
v 0.03230534 0.00833986 -0.00474126
v 0.02806145 0.00949363 -0.00476138
v 0.01957225 0.01167053 -0.00479941
v 0.04657369 0.00060632 0.00776582
v 0.04674623 0.00084686 0.00753993
v 0.04701241 0.00065856 0.00742486
v 0.04688995 0.00043045 0.00764416
v 0.04718458 0.00026204 0.00746655
v 0.04705948 0.00083259 0.00713741
v 0.04763349 0.00031047 -0.00547506
v 0.04783294 -0.00004517 -0.00529722
v 0.04799761 -0.00083959 -0.00490000
v 0.01493188 0.00014037 -0.00660000
v 0.01508578 0.00006823 -0.00660000
v 0.01529291 -0.00009066 -0.00660000
v 0.01545186 -0.00029774 -0.00660000
v 0.01552404 -0.00045162 -0.00660000
v 0.01558590 -0.00079772 -0.00660000
v 0.01558684 -0.00719772 -0.00660000
v 0.01558687 -0.00744000 -0.00655673
v 0.01558691 -0.00769270 -0.00639497
v 0.01558693 -0.00785446 -0.00614228
v 0.01560549 -0.00795187 -0.00617822
v 0.01567483 -0.00805346 -0.00621570
v 0.01578314 -0.00811849 -0.00623970
v 0.01578311 -0.00789169 -0.00659400
v 0.01588694 -0.00790479 -0.00660711
v 0.01588698 -0.00813587 -0.00624612
v 0.01578305 -0.00753739 -0.00682079
v 0.01588689 -0.00754380 -0.00683819
v 0.01578300 -0.00719769 -0.00688146
v 0.01577203 -0.00719770 -0.00687716
v 0.01567475 -0.00751341 -0.00675575
v 0.01560538 -0.00719772 -0.00670383
v 0.01560542 -0.00747594 -0.00665415
v 0.01560967 -0.00719772 -0.00671481
v 0.01567471 -0.00719771 -0.00681213
v 0.01567480 -0.00784268 -0.00654497
v 0.01560546 -0.00776612 -0.00646840
v 0.04685294 -0.00743229 -0.00664737
v 0.04688675 -0.00772716 -0.00643401
v 0.04644332 -0.00752763 -0.00678224
v 0.04646452 -0.00785468 -0.00656147
v 0.04599859 -0.00757596 -0.00682388
v 0.04599864 -0.00790039 -0.00660711
v 0.04638871 -0.00717401 -0.00686157
v 0.04669213 -0.00713112 -0.00677587
v 0.04683940 -0.00710047 -0.00671464
v 0.04749333 -0.00710789 -0.00618709
v 0.04741270 -0.00690018 -0.00631421
v 0.04756188 -0.00681664 -0.00614717
v 0.04724097 -0.00753851 -0.00624542
v 0.04720559 -0.00728816 -0.00644288
v 0.04752216 -0.00730841 -0.00601536
v 0.04787295 -0.00667554 -0.00557659
v 0.04784620 -0.00657569 -0.00566537
v 0.04788204 -0.00677444 -0.00548144
v 0.04787297 -0.00686959 -0.00538253
v 0.04749339 -0.00748015 -0.00581483
v 0.04599867 -0.00811716 -0.00628268
v 0.04644341 -0.00807545 -0.00623442
v 0.04720566 -0.00773598 -0.00599506
v 0.04685301 -0.00794052 -0.00613914
v 0.04787605 -0.00653743 -0.00558885
v 0.04795524 -0.00639935 -0.00531272
v 0.04787146 -0.00023545 -0.00550416
v 0.04763358 -0.00026459 -0.00605011
v 0.04769109 -0.00010550 -0.00593130
v 0.04783300 -0.00044239 -0.00569444
v 0.04769105 0.00019166 -0.00563413
v 0.04771112 0.00005010 -0.00578973
v 0.04736637 -0.00011061 -0.00635815
v 0.04746767 0.00018095 -0.00617456
v 0.04748063 0.00031484 -0.00605451
v 0.04746763 0.00043489 -0.00592062
v 0.04657369 0.00060632 -0.00676581
v 0.04705948 0.00083259 -0.00613741
v 0.04701241 0.00065856 -0.00642486
v 0.04674623 0.00084686 -0.00653993
v 0.04718458 0.00026204 -0.00646655
v 0.04705562 0.00003403 -0.00659754
v 0.04688995 0.00043045 -0.00664416
v 0.04671755 0.00018881 -0.00676587
v 0.04636255 0.00034849 -0.00686669
v 0.01493830 0.00015777 -0.00670383
v 0.01499975 0.00032442 -0.00688146
v 0.01496228 0.00022281 -0.00681213
v 0.01530602 -0.00007754 -0.00670383
v 0.01554144 -0.00044519 -0.00670383
v 0.01560445 -0.00079772 -0.00670383
v 0.01560874 -0.00079772 -0.00671481
v 0.01567377 -0.00079771 -0.00681213
v 0.01578207 -0.00079769 -0.00688146
v 0.01543160 0.00004807 -0.00688146
v 0.01570807 -0.00038369 -0.00688146
v 0.01577110 -0.00079770 -0.00687716
v 0.01560648 -0.00042119 -0.00681213
v 0.01535503 -0.00002852 -0.00681213
usemtl material_3
f 1 2 3
f 4 5 6
f 6 5 7
f 6 7 8
f 9 10 11
f 12 13 4
f 4 13 14
f 4 14 5
f 9 11 15
f 16 17 18
f 19 20 21
f 22 23 24
f 24 23 8
f 24 8 25
f 25 8 7
f 26 27 28
f 29 30 31
f 31 30 32
f 17 15 18
f 18 15 11
f 18 11 33
f 33 11 34
f 33 34 35
f 35 34 36
f 35 36 12
f 12 36 37
f 12 37 13
f 38 39 28
f 28 39 40
f 28 40 26
f 30 41 32
f 32 41 42
f 32 42 38
f 38 42 43
f 38 43 39
f 21 30 19
f 19 30 29
f 19 29 44
f 44 29 45
f 44 45 46
f 46 45 1
f 46 1 47
f 47 1 3
f 47 3 22
f 22 3 48
f 22 48 23
f 49 50 51
f 51 50 52
f 51 52 18
f 18 52 53
f 18 53 16
f 1 54 2
f 2 54 55
f 2 55 56
f 26 57 27
f 27 57 58
f 27 58 59
f 59 58 60
f 59 60 61
f 61 60 62
f 61 62 63
f 49 51 64
f 64 51 2
f 64 2 65
f 65 2 66
f 66 2 56
f 66 56 63
f 63 56 67
f 63 67 61
f 68 69 70
f 70 69 71
f 72 73 74
f 74 73 75
f 74 75 76
f 76 75 77
f 76 77 78
f 78 77 79
f 78 79 80
f 80 79 81
f 80 81 71
f 71 81 70
f 82 83 84
f 84 83 85
f 86 87 88
f 88 87 89
f 88 89 82
f 82 89 90
f 82 90 83
f 88 91 86
f 86 91 92
f 86 92 93
f 94 95 96
f 97 98 99
f 100 101 102
f 100 102 103
f 103 102 104
f 103 104 105
f 105 104 106
f 105 106 107
f 107 106 108
f 107 108 109
f 109 108 110
f 109 110 111
f 111 110 112
f 111 112 113
f 113 112 114
f 113 114 115
f 115 114 116
f 115 116 117
f 117 116 118
f 117 118 119
f 119 118 120
f 119 120 121
f 121 120 122
f 121 122 123
f 123 122 124
f 123 124 125
f 125 124 126
f 125 126 127
f 127 126 82
f 127 82 84
f 128 92 91
f 91 129 128
f 128 129 130
f 128 130 131
f 131 130 132
f 132 130 133
f 132 133 134
f 134 133 135
f 134 135 136
f 137 138 139
f 139 138 140
f 139 140 141
f 141 140 142
f 141 142 143
f 143 142 144
f 143 144 135
f 135 144 145
f 135 145 136
f 146 147 137
f 137 147 148
f 137 148 138
f 149 150 151
f 151 150 152
f 151 152 146
f 146 152 153
f 146 153 147
f 154 155 149
f 149 155 156
f 149 156 150
f 149 157 154
f 154 157 99
f 154 99 158
f 158 99 98
f 158 98 159
f 91 88 129
f 129 88 160
f 129 160 130
f 130 160 161
f 130 161 133
f 133 161 162
f 133 162 135
f 135 162 163
f 135 163 143
f 143 163 164
f 143 164 141
f 141 164 165
f 141 165 139
f 139 165 166
f 139 166 137
f 137 166 167
f 137 167 146
f 146 167 168
f 146 168 151
f 151 168 169
f 151 169 149
f 149 169 170
f 149 170 157
f 157 170 171
f 157 171 99
f 99 171 96
f 99 96 97
f 97 96 95
f 88 82 160
f 160 82 126
f 160 126 161
f 161 126 124
f 161 124 162
f 162 124 122
f 162 122 163
f 163 122 120
f 163 120 164
f 164 120 118
f 164 118 165
f 165 118 116
f 165 116 166
f 166 116 114
f 166 114 167
f 167 114 112
f 167 112 168
f 168 112 110
f 168 110 169
f 169 110 108
f 169 108 170
f 170 108 106
f 170 106 171
f 171 106 104
f 171 104 96
f 96 104 102
f 96 102 94
f 94 102 101
f 172 159 173
f 173 159 98
f 173 98 174
f 174 98 97
f 174 97 175
f 175 97 95
f 175 95 176
f 176 95 94
f 176 94 177
f 177 94 101
f 177 101 178
f 178 101 100
f 179 180 181
f 181 180 182
f 181 182 183
f 184 185 186
f 186 187 184
f 184 187 188
f 184 188 180
f 180 188 189
f 180 189 182
f 190 186 191
f 191 186 185
f 191 185 192
f 192 193 194
f 194 193 195
f 194 195 73
f 196 197 198
f 198 197 199
f 198 199 200
f 200 199 201
f 200 201 193
f 193 201 202
f 193 202 195
f 192 185 193
f 193 185 184
f 193 184 200
f 200 184 180
f 200 180 198
f 198 180 179
f 198 179 196
f 203 204 205
f 205 204 206
f 205 206 207
f 207 206 208
f 208 206 209
f 208 209 210
f 210 209 211
f 211 209 68
f 211 68 70
f 60 212 62
f 62 212 213
f 214 49 64
f 214 64 215
f 215 64 65
f 215 65 216
f 53 52 217
f 218 219 10
f 217 220 53
f 53 220 221
f 53 221 16
f 16 221 222
f 16 222 17
f 17 222 223
f 17 223 15
f 15 223 218
f 15 218 9
f 9 218 10
f 224 93 225
f 226 227 228
f 229 230 231
f 232 229 233
f 229 231 233
f 233 231 234
f 233 234 235
f 235 234 236
f 235 236 228
f 228 236 237
f 228 237 226
f 232 233 238
f 238 233 235
f 238 235 239
f 239 235 228
f 239 228 225
f 225 228 227
f 225 227 224
f 86 93 224
f 90 89 240
f 90 241 83
f 83 241 85
f 227 242 224
f 224 242 243
f 224 243 86
f 86 243 87
f 244 245 241
f 241 245 85
f 89 87 240
f 240 87 243
f 240 243 246
f 246 243 242
f 246 242 247
f 247 242 227
f 247 227 226
f 90 240 241
f 241 240 246
f 241 246 244
f 244 246 247
f 244 247 248
f 248 247 226
f 248 226 237
f 249 250 203
f 251 252 250
f 253 252 254
f 254 252 251
f 254 251 255
f 255 251 256
f 255 256 257
f 257 256 258
f 258 256 259
f 258 259 260
f 260 259 77
f 260 77 75
f 261 81 79
f 70 81 211
f 211 81 261
f 211 261 210
f 210 261 262
f 203 205 249
f 249 205 207
f 249 207 262
f 262 207 208
f 262 208 210
f 250 249 251
f 251 249 262
f 251 262 256
f 256 262 261
f 256 261 259
f 259 261 79
f 259 79 77
f 238 239 92
f 92 239 225
f 92 225 93
f 11 10 92
f 92 10 232
f 92 232 238
f 11 92 128
f 11 128 34
f 159 22 158
f 158 22 24
f 158 24 154
f 154 24 25
f 154 25 155
f 155 25 156
f 156 25 7
f 156 7 150
f 5 153 7
f 7 153 152
f 7 152 150
f 14 148 5
f 5 148 147
f 5 147 153
f 13 140 14
f 14 140 138
f 14 138 148
f 37 144 13
f 13 144 142
f 13 142 140
f 36 136 37
f 37 136 145
f 37 145 144
f 128 131 34
f 34 131 132
f 34 132 36
f 36 132 134
f 36 134 136
f 263 264 3
f 3 264 265
f 3 265 48
f 48 265 266
f 48 266 23
f 23 266 267
f 23 267 8
f 8 267 268
f 8 268 6
f 6 268 269
f 6 269 4
f 4 269 270
f 4 270 12
f 12 270 271
f 12 271 35
f 35 271 272
f 35 272 33
f 33 272 273
f 33 273 18
f 18 273 274
f 18 274 51
f 51 274 275
f 51 275 2
f 2 275 263
f 2 263 3
f 59 61 276
f 276 61 67
f 276 67 277
f 277 67 56
f 277 56 278
f 278 56 55
f 278 55 279
f 279 55 54
f 279 54 280
f 280 54 1
f 280 1 281
f 281 1 45
f 281 45 282
f 282 45 29
f 282 29 283
f 283 29 31
f 283 31 284
f 284 31 32
f 284 32 285
f 285 32 38
f 285 38 286
f 286 38 28
f 286 28 287
f 287 28 27
f 287 27 288
f 288 27 59
f 288 59 276
f 289 290 291
f 292 293 294
f 174 175 295
f 176 177 296
f 297 298 299
f 297 299 300
f 300 299 301
f 300 301 302
f 302 301 296
f 302 296 303
f 303 296 177
f 303 177 178
f 172 173 304
f 304 173 305
f 304 305 306
f 306 305 307
f 306 307 308
f 308 307 309
f 309 307 294
f 309 294 310
f 310 294 293
f 310 293 311
f 173 174 305
f 305 174 295
f 305 295 307
f 307 295 312
f 307 312 294
f 294 312 291
f 294 291 292
f 292 291 290
f 175 176 295
f 295 176 296
f 295 296 312
f 312 296 301
f 312 301 291
f 291 301 299
f 291 299 289
f 289 299 298
f 47 22 172
f 172 22 159
f 313 204 203
f 181 314 179
f 179 314 315
f 179 315 196
f 271 270 117
f 269 113 270
f 270 113 115
f 270 115 117
f 268 109 269
f 269 109 111
f 269 111 113
f 100 103 267
f 267 103 105
f 267 105 268
f 268 105 107
f 268 107 109
f 277 278 100
f 100 278 178
f 181 183 314
f 314 183 297
f 314 297 284
f 263 275 316
f 316 275 317
f 250 252 315
f 315 252 253
f 315 253 196
f 265 264 277
f 318 319 320
f 320 319 313
f 320 313 315
f 315 313 203
f 315 203 250
f 278 279 178
f 178 279 280
f 178 280 303
f 303 280 281
f 303 281 302
f 100 267 277
f 277 267 266
f 277 266 265
f 273 84 274
f 274 84 85
f 274 85 275
f 275 85 321
f 275 321 317
f 117 119 271
f 271 119 121
f 271 121 272
f 264 263 277
f 277 263 316
f 277 316 276
f 276 316 322
f 276 322 288
f 288 322 323
f 288 323 287
f 287 323 324
f 287 324 286
f 286 324 314
f 286 314 285
f 285 314 284
f 121 123 272
f 272 123 125
f 272 125 273
f 273 125 127
f 273 127 84
f 302 281 300
f 300 281 282
f 300 282 297
f 297 282 283
f 297 283 284
f 43 325 39
f 39 325 326
f 39 326 40
f 40 326 327
f 40 327 26
f 26 327 328
f 26 328 57
f 57 328 329
f 57 329 58
f 58 329 330
f 58 330 60
f 60 330 212
f 62 213 331
f 62 331 63
f 63 331 332
f 63 332 66
f 216 65 332
f 332 65 66
f 217 52 333
f 333 52 50
f 333 50 214
f 214 50 49
f 10 219 334
f 334 219 335
f 232 10 229
f 229 10 334
f 229 334 230
f 248 237 336
f 230 337 231
f 231 337 234
f 248 336 244
f 338 322 316
f 322 339 323
f 323 339 340
f 323 340 341
f 341 342 323
f 323 342 343
f 323 343 324
f 344 345 346
f 346 347 344
f 344 347 348
f 344 348 339
f 339 348 349
f 339 349 340
f 245 244 350
f 350 244 336
f 350 336 351
f 351 336 352
f 351 352 353
f 353 352 354
f 353 354 355
f 355 354 356
f 322 338 339
f 339 338 357
f 339 357 344
f 344 357 358
f 344 358 345
f 237 236 336
f 336 236 359
f 336 359 352
f 352 359 360
f 352 360 354
f 354 360 361
f 354 361 356
f 356 361 362
f 363 362 364
f 364 362 361
f 364 361 365
f 365 361 360
f 365 360 366
f 366 360 359
f 366 359 337
f 337 359 236
f 337 236 234
f 367 346 368
f 368 346 345
f 368 345 363
f 363 345 358
f 363 358 362
f 362 358 357
f 362 357 356
f 356 357 338
f 356 338 355
f 355 338 316
f 355 316 353
f 353 316 317
f 353 317 351
f 351 317 321
f 351 321 350
f 350 321 85
f 350 85 245
f 324 369 314
f 314 369 370
f 369 371 370
f 370 371 372
f 370 372 373
f 372 374 373
f 373 374 375
f 373 375 376
f 377 378 379
f 380 381 382
f 383 384 385
f 385 384 371
f 385 371 369
f 386 341 340
f 386 340 387
f 388 389 387
f 387 389 383
f 387 383 386
f 386 383 385
f 341 386 342
f 342 386 385
f 342 385 343
f 343 385 369
f 343 369 324
f 390 374 372
f 391 379 392
f 392 379 378
f 392 378 390
f 390 378 393
f 390 393 374
f 374 393 375
f 367 381 346
f 346 381 380
f 346 380 347
f 347 388 348
f 348 388 387
f 348 387 349
f 349 387 340
f 394 377 395
f 395 377 379
f 395 379 382
f 382 379 391
f 382 391 380
f 347 380 388
f 388 380 391
f 388 391 389
f 389 391 392
f 389 392 383
f 383 392 390
f 383 390 384
f 384 390 372
f 384 372 371
f 382 396 395
f 395 396 397
f 395 397 394
f 367 398 381
f 381 398 399
f 381 399 382
f 382 399 400
f 382 400 396
f 196 253 197
f 197 253 254
f 197 254 199
f 258 201 257
f 257 201 199
f 257 199 255
f 255 199 254
f 75 73 260
f 260 73 195
f 260 195 258
f 258 195 202
f 258 202 201
f 401 325 43
f 43 42 401
f 401 42 41
f 401 41 402
f 402 41 30
f 402 30 403
f 403 30 21
f 403 21 404
f 404 21 20
f 404 20 405
f 311 19 310
f 310 19 44
f 172 304 47
f 47 304 46
f 304 306 46
f 46 306 308
f 46 308 44
f 44 308 309
f 44 309 310
f 297 183 298
f 298 183 182
f 298 182 289
f 289 182 189
f 289 189 290
f 290 189 188
f 290 188 292
f 292 188 187
f 292 187 293
f 293 187 186
f 293 186 311
f 311 186 190
f 73 72 194
f 194 72 406
f 194 406 192
f 192 406 407
f 192 407 191
f 191 407 408
f 191 408 190
f 190 408 409
f 410 411 412
f 413 414 415
f 415 414 416
f 415 416 417
f 418 419 420
f 412 421 410
f 410 421 422
f 410 422 413
f 413 422 423
f 413 423 414
f 424 425 426
f 427 426 412
f 412 426 425
f 412 425 428
f 411 429 412
f 412 429 430
f 412 430 427
f 427 430 431
f 427 431 432
f 432 431 418
f 432 418 433
f 433 418 420
f 426 434 424
f 424 434 435
f 424 435 436
f 436 435 437
f 436 437 438
f 439 219 218
f 401 402 440
f 402 403 440
f 440 403 404
f 440 404 405
f 441 223 442
f 442 223 222
f 215 418 214
f 214 418 443
f 214 443 333
f 218 223 439
f 439 223 441
f 439 441 444
f 444 441 417
f 444 417 445
f 445 417 416
f 438 437 440
f 440 437 446
f 440 446 401
f 447 326 448
f 448 326 325
f 448 325 449
f 449 325 401
f 449 401 450
f 450 401 446
f 419 328 447
f 447 328 327
f 447 327 326
f 419 213 212
f 222 221 442
f 442 221 220
f 442 220 443
f 443 220 217
f 443 217 333
f 215 216 418
f 418 216 332
f 418 332 419
f 419 332 331
f 419 331 213
f 212 330 419
f 419 330 329
f 419 329 328
f 451 335 452
f 452 335 219
f 452 219 453
f 454 455 417
f 417 455 456
f 417 456 415
f 415 456 457
f 415 457 413
f 413 457 458
f 413 458 410
f 410 458 459
f 410 459 411
f 411 459 460
f 411 460 429
f 429 460 461
f 429 461 430
f 430 461 462
f 430 462 431
f 431 462 463
f 431 463 418
f 418 463 464
f 418 464 443
f 443 464 465
f 443 465 442
f 442 465 466
f 442 466 441
f 441 466 454
f 441 454 417
f 467 468 426
f 426 468 434
f 434 468 469
f 434 469 435
f 435 469 470
f 435 470 437
f 437 470 471
f 437 471 446
f 446 471 472
f 446 472 450
f 450 472 473
f 450 473 449
f 449 473 448
f 448 473 474
f 448 474 447
f 447 474 475
f 447 475 419
f 419 475 476
f 419 476 420
f 476 477 420
f 420 477 478
f 420 478 433
f 433 478 479
f 433 479 432
f 432 479 467
f 432 467 427
f 427 467 426
f 480 481 482
f 481 483 484
f 485 486 480
f 481 484 482
f 482 484 487
f 482 487 488
f 488 487 489
f 488 489 490
f 490 489 451
f 490 451 452
f 480 482 485
f 485 482 488
f 485 488 491
f 491 488 490
f 491 490 492
f 492 490 452
f 492 452 453
f 364 493 494
f 230 334 337
f 337 334 366
f 335 451 495
f 398 367 496
f 496 367 368
f 496 368 494
f 494 368 363
f 494 363 364
f 493 364 497
f 497 364 365
f 497 365 498
f 498 365 366
f 498 366 495
f 495 366 334
f 495 334 335
f 499 500 501
f 502 503 504
f 399 398 505
f 506 507 508
f 508 509 506
f 506 509 510
f 506 510 511
f 511 510 400
f 511 400 399
f 512 502 513
f 513 502 504
f 513 504 514
f 514 504 515
f 514 515 396
f 396 515 397
f 499 501 516
f 505 517 518
f 518 517 519
f 518 519 520
f 399 505 511
f 511 505 518
f 511 518 506
f 506 518 520
f 506 520 507
f 521 503 522
f 522 503 502
f 522 502 523
f 523 502 512
f 523 512 524
f 519 516 520
f 520 516 501
f 520 501 507
f 507 501 524
f 507 524 508
f 508 524 512
f 508 512 509
f 509 512 513
f 509 513 510
f 510 513 514
f 510 514 400
f 400 514 396
f 375 525 526
f 376 527 528
f 393 378 377
f 376 528 529
f 375 526 376
f 376 526 530
f 376 530 527
f 528 531 529
f 529 531 532
f 529 532 521
f 532 533 521
f 521 533 534
f 521 534 503
f 503 534 535
f 503 535 504
f 375 393 525
f 525 393 377
f 525 377 536
f 536 377 394
f 536 394 537
f 537 394 397
f 537 397 535
f 535 397 515
f 535 515 504
f 538 539 540
f 538 540 541
f 315 314 370
f 370 373 315
f 315 373 376
f 315 376 540
f 540 376 529
f 540 529 541
f 313 542 204
f 204 542 543
f 209 206 68
f 68 206 204
f 68 204 69
f 69 204 543
f 69 543 544
f 544 543 545
f 19 311 20
f 20 311 190
f 20 190 405
f 405 190 409
f 405 409 440
f 440 409 546
f 547 424 548
f 548 424 436
f 546 549 440
f 440 549 438
f 549 550 438
f 438 550 551
f 438 551 436
f 436 551 552
f 436 552 548
f 425 424 553
f 553 424 547
f 554 412 428
f 425 553 555
f 425 555 428
f 428 555 556
f 428 556 554
f 554 557 412
f 412 557 558
f 412 558 421
f 558 559 421
f 421 559 560
f 421 560 422
f 560 561 422
f 422 561 562
f 422 562 423
f 562 563 423
f 423 563 564
f 423 564 414
f 565 416 566
f 566 416 414
f 566 414 567
f 567 414 564
f 565 568 416
f 416 568 569
f 416 569 445
f 569 570 445
f 445 570 571
f 445 571 444
f 444 571 572
f 444 572 439
f 439 572 573
f 486 485 573
f 573 485 491
f 219 439 453
f 453 439 573
f 453 573 492
f 492 573 491
f 574 575 576
f 576 575 577
f 576 577 578
f 578 577 579
f 578 579 580
f 580 579 483
f 580 483 481
f 486 581 582
f 583 584 585
f 585 584 582
f 585 582 586
f 586 582 581
f 582 481 480
f 582 480 486
f 481 582 580
f 580 582 584
f 580 584 578
f 578 584 583
f 578 583 576
f 576 583 587
f 576 587 574
f 487 484 588
f 579 577 589
f 517 505 590
f 591 500 499
f 589 592 593
f 593 592 594
f 593 594 595
f 595 594 596
f 595 596 597
f 597 596 598
f 597 598 599
f 599 598 591
f 599 591 600
f 600 591 499
f 600 499 516
f 577 575 589
f 589 575 574
f 589 574 592
f 495 451 489
f 489 487 495
f 495 487 588
f 495 588 498
f 498 588 601
f 498 601 497
f 497 601 493
f 505 398 590
f 590 398 496
f 590 496 602
f 602 496 494
f 602 494 603
f 603 494 493
f 603 493 604
f 604 493 601
f 484 483 588
f 588 483 605
f 588 605 601
f 601 605 606
f 601 606 604
f 604 606 607
f 604 607 603
f 603 607 608
f 603 608 602
f 602 608 609
f 602 609 590
f 590 609 610
f 590 610 517
f 517 610 519
f 483 579 605
f 605 579 589
f 605 589 606
f 606 589 593
f 606 593 607
f 607 593 595
f 607 595 608
f 608 595 597
f 608 597 609
f 609 597 599
f 609 599 610
f 610 599 600
f 610 600 519
f 519 600 516
f 501 500 539
f 501 539 524
f 524 539 538
f 524 538 523
f 523 538 541
f 523 541 522
f 522 541 529
f 522 529 521
f 71 69 611
f 611 69 544
f 611 544 612
f 612 544 613
f 613 544 545
f 613 545 614
f 614 545 615
f 615 545 543
f 615 543 616
f 617 80 71
f 618 76 78
f 74 76 619
f 619 76 618
f 619 618 620
f 620 618 621
f 620 621 622
f 622 621 623
f 623 621 624
f 623 624 625
f 626 627 628
f 616 627 615
f 615 627 626
f 615 626 614
f 614 626 629
f 71 611 617
f 617 611 612
f 617 612 629
f 629 612 613
f 629 613 614
f 630 625 628
f 628 625 624
f 628 624 626
f 626 624 621
f 626 621 629
f 629 621 618
f 629 618 617
f 617 618 78
f 617 78 80
f 630 631 625
f 625 631 632
f 625 632 623
f 623 632 633
f 623 633 622
f 622 633 634
f 622 634 620
f 620 634 635
f 620 635 619
f 619 635 636
f 619 636 74
f 74 636 72
f 637 408 407
f 409 408 638
f 638 408 637
f 638 637 639
f 639 637 640
f 639 640 641
f 641 640 642
f 642 640 643
f 642 643 644
f 645 646 647
f 645 648 634
f 631 646 632
f 632 646 645
f 632 645 633
f 633 645 634
f 406 72 649
f 649 72 636
f 649 636 648
f 648 636 635
f 648 635 634
f 650 644 647
f 647 644 643
f 647 643 645
f 645 643 640
f 645 640 648
f 648 640 637
f 648 637 649
f 649 637 407
f 649 407 406
f 650 651 644
f 644 651 652
f 644 652 642
f 642 652 653
f 642 653 641
f 641 653 654
f 641 654 639
f 639 654 655
f 639 655 638
f 638 655 656
f 638 656 409
f 409 656 546
f 657 549 546
f 658 551 550
f 659 548 552
f 547 548 660
f 660 548 659
f 660 659 661
f 661 659 662
f 661 662 663
f 663 662 664
f 664 662 665
f 664 665 666
f 667 668 669
f 670 671 668
f 651 671 652
f 652 671 670
f 652 670 653
f 653 670 672
f 546 656 657
f 657 656 655
f 657 655 672
f 672 655 654
f 672 654 653
f 668 667 670
f 670 667 673
f 670 673 672
f 672 673 658
f 672 658 657
f 657 658 550
f 657 550 549
f 674 666 669
f 669 666 665
f 669 665 667
f 667 665 662
f 667 662 673
f 673 662 659
f 673 659 658
f 658 659 552
f 658 552 551
f 553 547 675
f 675 547 660
f 675 660 676
f 676 660 661
f 676 661 677
f 677 661 663
f 677 663 678
f 678 663 664
f 678 664 679
f 679 664 666
f 679 666 680
f 680 666 674
f 676 677 681
f 678 679 682
f 683 684 685
f 683 685 686
f 686 685 687
f 686 687 688
f 688 687 689
f 688 689 690
f 690 689 691
f 690 691 692
f 692 691 693
f 692 693 694
f 694 693 695
f 694 695 696
f 696 695 697
f 696 697 698
f 698 697 699
f 698 699 700
f 700 699 701
f 700 701 702
f 702 701 703
f 702 703 704
f 704 703 705
f 704 705 706
f 706 705 707
f 706 707 708
f 708 707 682
f 708 682 709
f 709 682 679
f 709 679 680
f 555 553 675
f 675 710 555
f 555 710 711
f 555 711 556
f 556 711 554
f 554 711 712
f 554 712 557
f 557 712 713
f 557 713 558
f 714 563 715
f 715 563 562
f 715 562 716
f 716 562 561
f 716 561 717
f 717 561 560
f 717 560 713
f 713 560 559
f 713 559 558
f 718 567 714
f 714 567 564
f 714 564 563
f 719 568 720
f 720 568 565
f 720 565 718
f 718 565 566
f 718 566 567
f 571 570 719
f 719 570 569
f 719 569 568
f 719 721 571
f 571 721 722
f 571 722 572
f 572 722 723
f 572 723 573
f 675 676 710
f 710 676 681
f 710 681 711
f 711 681 724
f 711 724 712
f 712 724 725
f 712 725 713
f 713 725 726
f 713 726 717
f 717 726 727
f 717 727 716
f 716 727 728
f 716 728 715
f 715 728 729
f 715 729 714
f 714 729 730
f 714 730 718
f 718 730 731
f 718 731 720
f 720 731 732
f 720 732 719
f 719 732 733
f 719 733 721
f 721 733 734
f 721 734 722
f 722 734 735
f 722 735 723
f 723 735 736
f 677 678 681
f 681 678 682
f 681 682 724
f 724 682 707
f 724 707 725
f 725 707 705
f 725 705 726
f 726 705 703
f 726 703 727
f 727 703 701
f 727 701 728
f 728 701 699
f 728 699 729
f 729 699 697
f 729 697 730
f 730 697 695
f 730 695 731
f 731 695 693
f 731 693 732
f 732 693 691
f 732 691 733
f 733 691 689
f 733 689 734
f 734 689 687
f 734 687 735
f 735 687 685
f 735 685 736
f 736 685 684
f 486 573 581
f 581 573 723
f 581 723 586
f 586 723 736
f 586 736 585
f 585 736 583
f 583 736 684
f 583 684 587
f 587 684 683
f 587 683 574
f 465 539 466
f 466 539 454
f 469 464 470
f 470 464 463
f 459 702 704
f 737 738 540
f 459 704 460
f 475 650 539
f 539 650 647
f 539 647 540
f 704 706 460
f 460 706 708
f 460 708 461
f 461 708 709
f 461 709 680
f 702 459 700
f 700 459 458
f 700 458 698
f 739 737 631
f 631 737 540
f 631 540 646
f 646 540 647
f 628 627 542
f 542 627 616
f 542 616 543
f 475 474 650
f 650 474 473
f 650 473 651
f 651 473 472
f 651 472 671
f 671 472 471
f 671 471 668
f 668 471 669
f 669 471 470
f 669 470 674
f 674 470 463
f 674 463 680
f 680 463 462
f 680 462 461
f 698 458 696
f 696 458 457
f 696 457 694
f 739 631 542
f 542 631 630
f 542 630 628
f 469 468 464
f 464 468 467
f 464 467 465
f 465 467 479
f 479 478 465
f 465 478 477
f 465 477 539
f 539 477 476
f 539 476 475
f 596 594 539
f 694 457 692
f 692 457 456
f 692 456 690
f 690 456 455
f 690 455 688
f 688 455 454
f 688 454 686
f 594 592 539
f 539 592 574
f 539 574 454
f 454 574 683
f 454 683 686
f 500 591 539
f 539 591 598
f 539 598 596
f 315 540 738
f 315 738 320
f 320 738 737
f 320 737 318
f 318 737 739
f 318 739 319
f 319 739 542
f 319 542 313
f 528 740 531
f 531 740 741
f 531 741 532
f 532 741 742
f 532 742 533
f 533 742 743
f 533 743 534
f 534 743 744
f 534 744 535
f 535 744 745
f 535 745 537
f 537 745 746
f 537 746 536
f 536 746 747
f 536 747 525
f 525 747 748
f 525 748 526
f 526 748 749
f 526 749 530
f 530 749 750
f 530 750 527
f 527 750 751
f 527 751 528
f 528 751 740
f 752 753 754
f 752 754 755
f 756 757 758
f 758 757 759
f 758 759 760
f 761 762 763
f 764 765 766
f 766 765 767
f 764 766 763
f 763 766 768
f 763 768 761
f 759 769 760
f 760 769 770
f 760 770 771
f 771 770 772
f 771 772 754
f 754 772 773
f 754 773 755
f 767 774 766
f 766 774 775
f 766 775 756
f 756 775 776
f 756 776 757
f 777 778 779
f 753 752 780
f 781 782 783
f 782 781 784
f 784 781 785
f 784 785 786
f 764 763 787
f 787 763 762
f 767 765 788
f 788 765 764
f 767 789 774
f 774 789 790
f 774 790 775
f 775 790 791
f 775 791 776
f 776 791 792
f 776 792 757
f 757 792 793
f 757 793 759
f 759 793 794
f 759 794 769
f 769 794 795
f 755 773 796
f 796 773 772
f 796 772 795
f 795 772 770
f 795 770 769
f 797 785 798
f 798 785 781
f 798 781 799
f 799 781 783
f 778 797 779
f 779 797 798
f 779 798 800
f 800 798 799
f 800 799 801
f 801 799 783
f 801 783 802
f 803 777 804
f 804 777 779
f 804 779 805
f 805 779 800
f 805 800 806
f 806 800 801
f 806 801 780
f 780 801 802
f 780 802 753
f 789 807 790
f 790 807 808
f 790 808 791
f 791 808 809
f 791 809 792
f 792 809 810
f 792 810 793
f 793 810 811
f 793 811 794
f 794 811 812
f 794 812 795
f 795 812 813
f 795 813 796
f 807 814 808
f 808 814 815
f 808 815 809
f 809 815 816
f 809 816 810
f 810 816 817
f 810 817 811
f 811 817 818
f 811 818 812
f 812 818 819
f 812 819 813
f 814 820 815
f 815 820 821
f 815 821 816
f 816 821 822
f 816 822 817
f 817 822 823
f 817 823 818
f 818 823 824
f 818 824 819
f 752 755 780
f 780 755 796
f 780 796 806
f 806 796 813
f 806 813 805
f 805 813 819
f 805 819 804
f 804 819 824
f 804 824 803
f 803 824 823
f 803 823 825
f 825 823 822
f 825 822 826
f 826 822 821
f 826 821 827
f 827 821 820
f 827 820 828
f 828 820 829
f 767 788 789
f 789 788 830
f 789 830 807
f 807 830 831
f 807 831 814
f 814 831 832
f 814 832 820
f 820 832 833
f 820 833 829
f 834 835 836
f 836 835 837
f 764 787 788
f 788 787 838
f 788 838 830
f 830 838 839
f 830 839 831
f 831 839 836
f 831 836 832
f 832 836 837
f 832 837 833
f 840 834 841
f 841 834 836
f 841 836 842
f 842 836 839
f 842 839 843
f 843 839 838
f 843 838 844
f 844 838 787
f 844 787 845
f 845 787 762
f 846 847 848
f 848 847 849
f 847 850 849
f 849 850 851
f 849 851 852
f 771 754 853
f 853 754 852
f 853 852 854
f 854 852 851
f 855 856 857
f 857 856 858
f 855 859 856
f 856 859 860
f 856 860 861
f 861 860 862
f 862 863 861
f 861 863 864
f 861 864 865
f 865 864 840
f 866 867 868
f 868 867 869
f 868 869 870
f 797 778 871
f 869 786 870
f 870 786 785
f 870 785 872
f 872 785 797
f 872 797 873
f 873 797 871
f 825 874 803
f 803 874 871
f 803 871 777
f 777 871 778
f 827 875 826
f 826 875 876
f 826 876 825
f 825 876 877
f 825 877 874
f 878 879 827
f 827 879 880
f 827 880 875
f 840 864 834
f 834 864 881
f 834 881 882
f 882 883 834
f 834 883 884
f 834 884 835
f 827 828 878
f 878 828 829
f 878 829 885
f 885 829 833
f 885 833 886
f 886 833 837
f 886 837 887
f 887 837 835
f 887 835 888
f 888 835 884
f 856 889 858
f 858 889 890
f 858 890 891
f 891 890 892
f 891 892 893
f 893 892 894
f 895 896 897
f 897 896 898
f 896 899 898
f 898 899 900
f 898 900 901
f 901 900 902
f 901 902 903
f 903 902 904
f 903 904 905
f 905 904 906
f 905 906 907
f 907 906 908
f 907 908 909
f 909 908 910
f 909 910 892
f 892 910 911
f 892 911 894
f 897 912 895
f 895 912 913
f 895 913 914
f 914 913 915
f 914 915 916
f 916 915 917
f 916 917 918
f 918 917 866
f 918 866 919
f 919 866 868
f 920 846 921
f 921 846 848
f 922 923 924
f 925 926 869
f 927 928 929
f 929 928 930
f 929 930 931
f 932 933 931
f 931 933 934
f 931 934 929
f 924 923 935
f 935 923 936
f 935 936 932
f 932 936 937
f 932 937 933
f 938 939 940
f 940 939 922
f 940 922 941
f 941 922 924
f 942 943 938
f 938 943 944
f 938 944 939
f 945 946 947
f 947 946 948
f 947 948 942
f 942 948 949
f 942 949 943
f 950 951 952
f 952 951 953
f 952 953 954
f 955 956 954
f 957 958 959
f 957 959 960
f 960 959 961
f 960 961 905
f 905 907 960
f 960 907 909
f 960 909 957
f 957 909 892
f 957 892 890
f 903 905 962
f 962 905 961
f 962 961 963
f 963 961 959
f 963 959 955
f 955 959 958
f 955 958 956
f 954 953 955
f 955 953 964
f 955 964 963
f 963 964 965
f 963 965 962
f 962 965 966
f 962 966 903
f 897 898 966
f 966 898 901
f 966 901 903
f 928 967 930
f 930 967 968
f 930 968 931
f 931 968 969
f 931 969 932
f 932 969 970
f 932 970 935
f 935 970 971
f 935 971 924
f 924 971 972
f 924 972 941
f 941 972 973
f 941 973 940
f 940 973 974
f 940 974 938
f 938 974 975
f 938 975 942
f 942 975 976
f 942 976 947
f 967 977 968
f 968 977 978
f 968 978 969
f 969 978 979
f 969 979 970
f 970 979 980
f 970 980 971
f 971 980 981
f 971 981 972
f 972 981 982
f 972 982 973
f 973 982 983
f 973 983 974
f 974 983 984
f 974 984 975
f 975 984 985
f 975 985 976
f 977 926 978
f 978 926 925
f 978 925 979
f 979 925 986
f 979 986 980
f 980 986 987
f 980 987 981
f 981 987 988
f 981 988 982
f 982 988 989
f 982 989 983
f 983 989 990
f 983 990 984
f 984 990 991
f 984 991 985
f 951 945 953
f 953 945 947
f 953 947 964
f 964 947 976
f 964 976 965
f 965 976 985
f 965 985 966
f 966 985 991
f 966 991 897
f 897 991 990
f 897 990 912
f 912 990 989
f 912 989 913
f 913 989 988
f 913 988 915
f 915 988 987
f 915 987 917
f 917 987 986
f 917 986 866
f 866 986 925
f 866 925 867
f 867 925 869
f 992 993 994
f 994 993 995
f 993 996 995
f 995 996 997
f 995 997 998
f 920 921 999
f 999 921 998
f 999 998 1000
f 1000 998 997
f 951 950 1001
f 1002 936 1003
f 1003 936 923
f 1003 923 1004
f 927 929 994
f 994 929 934
f 994 934 992
f 992 934 933
f 992 933 1002
f 1002 933 937
f 1002 937 936
f 943 949 1005
f 1005 949 948
f 1005 948 946
f 1001 1006 951
f 951 1006 1005
f 951 1005 945
f 945 1005 946
f 923 922 1004
f 1004 922 939
f 1004 939 1005
f 1005 939 944
f 1005 944 943
f 1007 1008 1009
f 1009 1008 1010
f 1009 1010 1011
f 1011 1010 1012
f 1011 1012 1013
f 1013 1012 1014
f 1013 1014 1015
f 1015 1014 1016
f 1015 1016 1017
f 1017 1016 1018
f 1015 1019 1013
f 1013 1019 1020
f 1021 1007 1022
f 1022 1007 1009
f 1022 1009 1020
f 1020 1009 1011
f 1020 1011 1013
f 1023 1021 1024
f 1024 1021 1022
f 1024 1022 1025
f 1025 1022 1020
f 1025 1020 1026
f 1026 1020 1019
f 1027 1023 1028
f 1028 1023 1024
f 1028 1024 1029
f 1029 1024 1025
f 1029 1025 1030
f 1030 1025 1026
f 1031 1030 1032
f 1032 1030 1026
f 1032 1026 1033
f 1033 1026 1019
f 1033 1019 1034
f 1034 1019 1015
f 1034 1015 1017
f 1035 1027 1036
f 1036 1027 1028
f 1036 1028 1037
f 1037 1028 1029
f 1037 1029 1038
f 1038 1029 1030
f 1038 1030 1039
f 1039 1030 1031
f 1040 1041 1042
f 1042 1041 1043
f 1042 1043 1044
f 1044 1043 1035
f 1045 1046 1047
f 1023 1027 1021
f 1021 1027 1035
f 1021 1035 1007
f 1007 1035 1043
f 1047 1048 1045
f 1045 1048 1049
f 1045 1049 1043
f 1043 1049 1008
f 1043 1008 1007
f 1050 1051 1052
f 1052 1051 1008
f 1052 1008 1053
f 1053 1008 1049
f 1018 1054 1017
f 1017 1054 1055
f 1051 1050 1056
f 1056 1050 1057
f 1056 1057 1058
f 1058 1057 1059
f 1058 1059 1060
f 1060 1059 1061
f 1018 1060 1062
f 1062 1060 1061
f 1062 1061 1063
f 1008 1051 1010
f 1010 1051 1056
f 1010 1056 1012
f 1012 1056 1058
f 1012 1058 1014
f 1014 1058 1060
f 1014 1060 1016
f 1016 1060 1018
f 1064 1065 1066
f 1066 1065 1067
f 1066 1067 1068
f 1068 1067 1069
f 1052 1053 1070
f 1070 1053 1071
f 1070 1071 1069
f 1069 1071 1072
f 1069 1072 1068
f 1050 1052 1057
f 1057 1052 1070
f 1057 1070 1059
f 1059 1070 1069
f 1059 1069 1061
f 1061 1069 1067
f 1061 1067 1063
f 1063 1067 1065
f 1055 1054 1073
f 1073 1054 1074
f 1073 1074 1075
f 1075 1074 1076
f 1075 1076 1077
f 1077 1076 1078
f 1077 1078 1079
f 1079 1078 1080
f 1079 1080 1081
f 1081 1080 1082
f 1081 1082 1083
f 1083 1082 1084
f 1083 1084 1085
f 1085 1084 1086
f 1085 1086 1087
f 1087 1086 1088
f 1087 1088 1089
f 1089 1088 1090
f 1048 1047 1091
f 1091 1047 1092
f 1091 1092 1093
f 1093 1092 1094
f 1093 1094 1095
f 1095 1094 1096
f 1097 1095 1098
f 1098 1095 1096
f 1098 1096 1099
f 1049 1048 1100
f 1100 1048 1091
f 1100 1091 1101
f 1101 1091 1093
f 1101 1093 1102
f 1102 1093 1095
f 1102 1095 1103
f 1103 1095 1097
f 1104 1105 1106
f 1106 1105 1107
f 1106 1107 1108
f 1108 1107 1109
f 1046 1045 1110
f 1110 1045 1111
f 1110 1111 1109
f 1109 1111 1112
f 1109 1112 1108
f 1047 1046 1092
f 1092 1046 1110
f 1092 1110 1094
f 1094 1110 1109
f 1094 1109 1096
f 1096 1109 1107
f 1096 1107 1099
f 1099 1107 1105
f 1113 1104 1114
f 1114 1104 1106
f 1114 1106 1115
f 1115 1106 1108
f 1115 1108 1116
f 1116 1108 1112
f 1116 1112 1117
f 1117 1112 1111
f 1117 1111 1043
f 1043 1111 1045
f 1118 1119 1120
f 1120 1119 1121
f 1042 1044 1122
f 1122 1044 1123
f 1122 1123 1121
f 1121 1123 1124
f 1121 1124 1120
f 1040 1042 1125
f 1125 1042 1122
f 1125 1122 1126
f 1126 1122 1121
f 1126 1121 1127
f 1127 1121 1119
f 1041 1040 1128
f 1128 1040 1125
f 1128 1125 1129
f 1129 1125 1126
f 1129 1126 1130
f 1130 1126 1127
f 1113 1130 1131
f 1131 1130 1127
f 1131 1127 1132
f 1132 1127 1119
f 1132 1119 1133
f 1133 1119 1118
f 1133 1118 1134
f 1043 1041 1117
f 1117 1041 1128
f 1117 1128 1116
f 1116 1128 1129
f 1116 1129 1115
f 1115 1129 1130
f 1115 1130 1114
f 1114 1130 1113
f 1135 1087 1089
f 1136 1137 1138
f 1089 1139 1135
f 1135 1139 1140
f 1135 1140 1141
f 1141 1140 1136
f 1141 1136 1142
f 1142 1136 1138
f 1142 1138 1143
f 1141 1142 1144
f 1135 1141 1145
f 1087 1135 1146
f 1142 1143 1144
f 1144 1143 1147
f 1144 1147 1148
f 1148 1147 1149
f 1148 1149 1150
f 1150 1149 1151
f 1150 1151 1152
f 1152 1151 1153
f 1152 1153 1154
f 1154 1153 1155
f 1154 1155 1156
f 1156 1155 1157
f 1156 1157 1158
f 1158 1157 1159
f 1158 1159 1160
f 1141 1144 1145
f 1145 1144 1148
f 1145 1148 1161
f 1161 1148 1150
f 1161 1150 1162
f 1162 1150 1152
f 1162 1152 1163
f 1163 1152 1154
f 1163 1154 1164
f 1164 1154 1156
f 1164 1156 1165
f 1165 1156 1158
f 1165 1158 1166
f 1166 1158 1160
f 1166 1160 1167
f 1135 1145 1146
f 1146 1145 1161
f 1146 1161 1168
f 1168 1161 1162
f 1168 1162 1169
f 1169 1162 1163
f 1169 1163 1170
f 1170 1163 1164
f 1170 1164 1171
f 1171 1164 1165
f 1171 1165 1172
f 1172 1165 1166
f 1172 1166 1173
f 1173 1166 1167
f 1173 1167 1174
f 1087 1146 1085
f 1085 1146 1168
f 1085 1168 1083
f 1083 1168 1169
f 1083 1169 1081
f 1081 1169 1170
f 1081 1170 1079
f 1079 1170 1171
f 1079 1171 1077
f 1077 1171 1172
f 1077 1172 1075
f 1075 1172 1173
f 1075 1173 1073
f 1073 1173 1174
f 1073 1174 1055
f 1160 1159 1031
f 1034 1017 1055
f 1031 1032 1160
f 1160 1032 1033
f 1160 1033 1167
f 1167 1033 1034
f 1167 1034 1174
f 1174 1034 1055
f 1031 1134 1039
f 1039 1134 1118
f 1039 1118 1038
f 1038 1118 1120
f 1038 1120 1037
f 1037 1120 1124
f 1037 1124 1036
f 1036 1124 1123
f 1036 1123 1035
f 1035 1123 1044
f 1175 1176 1177
f 1178 1090 1088
f 1177 1179 1175
f 1175 1179 1180
f 1175 1180 1181
f 1181 1180 1178
f 1181 1178 1182
f 1182 1178 1088
f 1053 1049 1071
f 1071 1049 1100
f 1071 1100 1072
f 1072 1100 1101
f 1072 1101 1068
f 1068 1101 1102
f 1068 1102 1066
f 1066 1102 1103
f 1066 1103 1064
f 1064 1103 1097
f 1065 1064 1183
f 1183 1184 1065
f 1065 1184 1185
f 1065 1185 1063
f 1063 1185 1186
f 1063 1186 1062
f 1062 1186 1054
f 1062 1054 1018
f 1184 1183 1187
f 1185 1184 1188
f 1186 1185 1189
f 1054 1186 1190
f 1184 1187 1188
f 1188 1187 1191
f 1188 1191 1192
f 1192 1191 1193
f 1192 1193 1194
f 1194 1193 1195
f 1194 1195 1196
f 1196 1195 1197
f 1196 1197 1198
f 1198 1197 1199
f 1198 1199 1200
f 1200 1199 1201
f 1200 1201 1202
f 1202 1201 1176
f 1202 1176 1175
f 1185 1188 1189
f 1189 1188 1192
f 1189 1192 1203
f 1203 1192 1194
f 1203 1194 1204
f 1204 1194 1196
f 1204 1196 1205
f 1205 1196 1198
f 1205 1198 1206
f 1206 1198 1200
f 1206 1200 1207
f 1207 1200 1202
f 1207 1202 1208
f 1208 1202 1175
f 1208 1175 1181
f 1186 1189 1190
f 1190 1189 1203
f 1190 1203 1209
f 1209 1203 1204
f 1209 1204 1210
f 1210 1204 1205
f 1210 1205 1211
f 1211 1205 1206
f 1211 1206 1212
f 1212 1206 1207
f 1212 1207 1213
f 1213 1207 1208
f 1213 1208 1214
f 1214 1208 1181
f 1214 1181 1182
f 1054 1190 1074
f 1074 1190 1209
f 1074 1209 1076
f 1076 1209 1210
f 1076 1210 1078
f 1078 1210 1211
f 1078 1211 1080
f 1080 1211 1212
f 1080 1212 1082
f 1082 1212 1213
f 1082 1213 1084
f 1084 1213 1214
f 1084 1214 1086
f 1086 1214 1182
f 1086 1182 1088
f 1177 1215 1216
f 1216 1215 1217
f 1216 1217 1218
f 1218 1217 1219
f 1218 1219 1220
f 1220 1219 1221
f 1220 1221 1222
f 1222 1221 1223
f 1222 1223 1224
f 1224 1223 1225
f 1226 1227 1228
f 1228 1227 1229
f 1230 1231 1232
f 1232 1231 1233
f 1232 1233 1229
f 1229 1233 1234
f 1229 1234 1228
f 1235 1230 1236
f 1236 1230 1232
f 1236 1232 1237
f 1237 1232 1229
f 1237 1229 1238
f 1238 1229 1227
f 1239 1235 1240
f 1240 1235 1236
f 1240 1236 1241
f 1241 1236 1237
f 1241 1237 1242
f 1242 1237 1238
f 1177 1242 1179
f 1179 1242 1238
f 1179 1238 1180
f 1180 1238 1227
f 1180 1227 1178
f 1178 1227 1226
f 1178 1226 1090
f 1224 1239 1222
f 1222 1239 1240
f 1222 1240 1220
f 1220 1240 1241
f 1220 1241 1218
f 1218 1241 1242
f 1218 1242 1216
f 1216 1242 1177
f 1231 1243 1233
f 1233 1243 1244
f 1233 1244 1234
f 1234 1244 1245
f 1234 1245 1228
f 1228 1245 1246
f 1228 1246 1226
f 1226 1246 1247
f 1226 1247 1090
f 1090 1247 1089
f 1248 1249 1250
f 1250 1249 1251
f 1252 1253 1254
f 1254 1253 1255
f 1254 1255 1251
f 1251 1255 1256
f 1251 1256 1250
f 1257 1252 1258
f 1258 1252 1254
f 1258 1254 1259
f 1259 1254 1251
f 1259 1251 1260
f 1260 1251 1249
f 1261 1257 1262
f 1262 1257 1258
f 1262 1258 1263
f 1263 1258 1259
f 1263 1259 1264
f 1264 1259 1260
f 1089 1264 1139
f 1139 1264 1260
f 1139 1260 1140
f 1140 1260 1249
f 1140 1249 1136
f 1136 1249 1248
f 1136 1248 1137
f 1243 1261 1244
f 1244 1261 1262
f 1244 1262 1245
f 1245 1262 1263
f 1245 1263 1246
f 1246 1263 1264
f 1246 1264 1247
f 1247 1264 1089
f 1265 1137 1266
f 1266 1137 1248
f 1266 1248 1267
f 1267 1248 1250
f 1267 1250 1268
f 1268 1250 1256
f 1268 1256 1269
f 1269 1256 1255
f 1269 1255 1270
f 1270 1255 1253
f 854 851 1271
f 850 847 1272
f 1273 1274 1275
f 1275 1274 1276
f 1273 1275 1277
f 1277 1275 1278
f 1277 1278 1279
f 1279 1278 1272
f 1279 1272 1280
f 1280 1272 847
f 1280 847 846
f 760 771 853
f 853 1281 760
f 760 1281 1282
f 760 1282 758
f 758 1282 1283
f 758 1283 756
f 766 756 1284
f 1284 756 1283
f 1284 1283 1285
f 1285 1283 1286
f 1287 1288 1289
f 853 854 1281
f 1281 854 1271
f 1281 1271 1282
f 1282 1271 1290
f 1282 1290 1283
f 1283 1290 1289
f 1283 1289 1286
f 1286 1289 1288
f 851 850 1271
f 1271 850 1272
f 1271 1272 1290
f 1290 1272 1278
f 1290 1278 1289
f 1289 1278 1275
f 1289 1275 1287
f 1287 1275 1276
f 1291 1292 1293
f 1293 1292 1294
f 1295 1296 1297
f 1298 1299 1300
f 1301 1302 1303
f 1303 1302 1304
f 1305 1301 1303
f 1306 1307 1308
f 1296 1309 1297
f 1297 1309 1310
f 1297 1310 1299
f 1299 1310 1311
f 1299 1311 1300
f 1298 1300 1312
f 1312 1300 1313
f 1312 1313 1314
f 1315 1305 1316
f 1316 1305 1303
f 1316 1303 1317
f 1317 1303 1304
f 1317 1304 1318
f 1318 1304 1307
f 1318 1307 1319
f 1319 1307 1306
f 1319 1306 1320
f 1320 1306 1321
f 1308 1322 1306
f 1306 1322 1323
f 1306 1323 1321
f 1321 1323 1324
f 1321 1324 1325
f 1326 1320 1327
f 1327 1320 1321
f 1327 1321 1328
f 1328 1321 1325
f 1328 1325 761
f 1301 1329 1302
f 1302 1329 1330
f 1302 1330 1304
f 1304 1330 1331
f 1304 1331 1307
f 1307 1331 1332
f 1307 1332 1308
f 1326 1295 1320
f 1320 1295 1297
f 1320 1297 1319
f 1319 1297 1299
f 1319 1299 1318
f 1318 1299 1298
f 1318 1298 1317
f 1317 1298 1312
f 1317 1312 1316
f 1316 1312 1314
f 1316 1314 1315
f 1105 1104 1333
f 1333 1334 1105
f 1105 1334 1335
f 1105 1335 1099
f 1335 1336 1099
f 1099 1336 1337
f 1099 1337 1098
f 1098 1337 1338
f 1338 1339 1098
f 1098 1339 1340
f 1098 1340 1097
f 1097 1340 1341
f 1097 1341 1342
f 1333 1104 1343
f 1343 1104 1113
f 1344 1133 1345
f 1345 1133 1134
f 1346 1132 1347
f 1347 1132 1133
f 1347 1133 1348
f 1348 1133 1344
f 1346 1349 1132
f 1132 1349 1350
f 1132 1350 1131
f 1343 1113 1351
f 1351 1113 1131
f 1351 1131 1352
f 1352 1131 1350
f 1353 1354 1355
f 1266 1267 1356
f 1356 1267 1268
f 1356 1268 1357
f 1357 1358 1356
f 1356 1358 1359
f 1356 1359 1266
f 1266 1359 1265
f 1270 1353 1269
f 1269 1353 1355
f 1269 1355 1268
f 1268 1355 1360
f 1268 1360 1357
f 1361 1362 1147
f 1147 1362 1149
f 1149 1362 1363
f 1149 1363 1151
f 1151 1363 1364
f 1151 1364 1153
f 1137 1265 1138
f 1138 1265 1361
f 1138 1361 1143
f 1143 1361 1147
f 1157 1155 1365
f 1153 1364 1155
f 1155 1364 1366
f 1155 1366 1365
f 1365 1367 1157
f 1157 1367 1368
f 1157 1368 1159
f 1159 1368 1369
f 1369 1370 1159
f 1159 1370 1371
f 1159 1371 1031
f 1031 1371 1372
f 1031 1372 1134
f 1134 1372 1373
f 1134 1373 1345
f 1374 1375 1376
f 1377 1378 870
f 1378 1377 1379
f 1380 1375 1381
f 1381 1375 1374
f 1381 1374 1382
f 1382 1374 1383
f 870 1383 1384
f 1384 1383 1374
f 1384 1374 1385
f 1385 1374 1376
f 1385 1376 1386
f 1387 1388 1386
f 1386 1388 1389
f 1386 1389 1385
f 1385 1389 1390
f 1385 1390 1384
f 1384 1390 870
f 1388 1379 1389
f 1389 1379 1377
f 1389 1377 1390
f 1390 1377 870
f 1354 1387 1355
f 1355 1387 1386
f 1355 1386 1360
f 1360 1386 1376
f 1360 1376 1357
f 1357 1376 1375
f 1357 1375 1358
f 1358 1375 1380
f 1391 1392 1393
f 1393 1392 1394
f 1393 1394 1395
f 1395 1394 1396
f 1395 1396 1397
f 1397 1396 1398
f 1397 1398 1399
f 1399 1398 1400
f 1401 1398 1396
f 1402 1403 868
f 1403 1402 1404
f 1400 1398 1405
f 1405 1398 1401
f 1405 1401 1406
f 1406 1401 1407
f 1394 1392 1408
f 1408 1392 1409
f 868 1407 1410
f 1410 1407 1401
f 1410 1401 1411
f 1411 1401 1396
f 1411 1396 1394
f 1394 1408 1411
f 1411 1408 1412
f 1411 1412 1410
f 1410 1412 868
f 1409 1404 1408
f 1408 1404 1402
f 1408 1402 1412
f 1412 1402 868
f 1413 1414 1199
f 1199 1414 1201
f 1201 1414 1415
f 1201 1415 1176
f 1176 1415 1416
f 1176 1416 1177
f 1177 1416 1417
f 1177 1417 1215
f 1199 1197 1413
f 1413 1197 1195
f 1413 1195 1418
f 1418 1195 1193
f 1418 1193 1419
f 1419 1193 1191
f 1419 1191 1420
f 1420 1191 1187
f 1420 1187 1421
f 1421 1187 1183
f 1421 1183 1422
f 1097 1342 1064
f 1064 1342 1423
f 1064 1423 1183
f 1183 1423 1424
f 1183 1424 1422
f 1425 1225 1223
f 1426 1393 1395
f 1217 1215 1426
f 1426 1215 1427
f 1426 1427 1393
f 1393 1427 1391
f 1399 1425 1397
f 1397 1425 1223
f 1397 1223 1395
f 1395 1223 1221
f 1395 1221 1426
f 1426 1221 1219
f 1426 1219 1217
f 1428 1429 1430
f 1431 1432 1433
f 1433 1432 1429
f 1433 1429 1428
f 1434 1430 1435
f 1435 1430 1429
f 1435 1429 1436
f 1436 1429 1432
f 1431 861 1432
f 1432 861 1437
f 1432 1437 1436
f 1436 1437 1438
f 1436 1438 1435
f 1435 1438 1439
f 1435 1439 1434
f 1434 1439 1440
f 1399 1354 1353
f 1243 1231 1224
f 1230 1235 1231
f 1231 1235 1239
f 1231 1239 1224
f 1257 1261 1252
f 1252 1261 1243
f 1252 1243 1253
f 1253 1243 1224
f 1253 1224 1270
f 1270 1224 1225
f 1270 1225 1353
f 1353 1225 1425
f 1353 1425 1399
f 1441 1442 1443
f 1444 1445 1446
f 1447 1448 1449
f 1450 1451 1452
f 1453 1454 1455
f 1453 1455 1456
f 1456 1455 1457
f 1456 1457 1458
f 1458 1457 1452
f 1458 1452 1459
f 1459 1452 1451
f 1459 1451 1460
f 768 1461 1462
f 1462 1461 1463
f 1462 1463 1464
f 1464 1463 1465
f 1465 1463 1466
f 1465 1466 1467
f 1467 1466 1446
f 1467 1446 1468
f 1468 1446 1445
f 1468 1445 1469
f 1454 1441 1455
f 1455 1441 1443
f 1455 1443 1457
f 1457 1443 1470
f 1457 1470 1452
f 1452 1470 1449
f 1452 1449 1450
f 1450 1449 1448
f 1442 1444 1443
f 1443 1444 1446
f 1443 1446 1470
f 1470 1446 1466
f 1470 1466 1449
f 1449 1466 1463
f 1449 1463 1447
f 1447 1463 1461
f 1276 1460 1287
f 1287 1460 1451
f 1287 1451 1288
f 1288 1451 1450
f 1288 1450 1286
f 1286 1450 1448
f 1286 1448 1285
f 1285 1448 1447
f 1285 1447 1284
f 1284 1447 1461
f 1284 1461 766
f 766 1461 768
f 1291 1471 1292
f 1292 1471 1472
f 1292 1472 1294
f 1294 1472 1473
f 1294 1473 1293
f 1293 1473 1474
f 1293 1474 1291
f 1291 1474 1471
f 1475 1469 1476
f 1476 1469 1445
f 1476 1445 1477
f 1477 1445 1444
f 1477 1444 1478
f 1478 1444 1442
f 1478 1442 1479
f 1479 1442 1441
f 1479 1441 1480
f 1480 1441 1454
f 1480 1454 1481
f 1481 1454 1453
f 761 768 1328
f 1328 768 1462
f 1328 1462 1327
f 1327 1462 1464
f 1327 1464 1326
f 1326 1464 1465
f 1326 1465 1295
f 1295 1465 1467
f 1295 1467 1296
f 1296 1467 1468
f 1296 1468 1309
f 1309 1468 1469
f 1482 762 761
f 1301 1428 1329
f 1329 1428 1430
f 1329 1430 1330
f 1330 1430 1434
f 1330 1434 1331
f 1331 1434 1440
f 1331 1440 1332
f 1332 1440 1483
f 1332 1483 1308
f 761 1325 1482
f 1482 1325 1324
f 1482 1324 1484
f 1484 1324 1323
f 1484 1323 1483
f 1483 1323 1322
f 1483 1322 1308
f 1485 1301 1486
f 1486 1301 1305
f 1486 1305 1487
f 1487 1305 1315
f 1487 1315 1488
f 1488 1315 1314
f 1488 1314 1489
f 1314 1313 1489
f 1489 1313 1300
f 1489 1300 1490
f 1490 1300 1311
f 1490 1311 1491
f 1491 1311 1310
f 1491 1310 1492
f 1492 1310 1309
f 1493 1335 1334
f 1494 1495 1496
f 1497 1498 1499
f 1500 1338 1337
f 1501 1502 1503
f 1504 1505 1502
f 1505 1506 859
f 1506 1505 1507
f 1507 1505 1504
f 1507 1504 1508
f 1509 1510 1511
f 1509 1511 1512
f 1512 1511 1513
f 1512 1513 1514
f 1514 1513 1515
f 1516 1495 1517
f 1517 1495 1494
f 1517 1494 1518
f 1340 1339 1498
f 1498 1339 1338
f 1498 1338 1499
f 1499 1338 1500
f 1499 1500 1519
f 1519 1500 1337
f 1519 1337 1336
f 1502 1501 1504
f 1504 1501 1520
f 1504 1520 1508
f 1508 1520 1521
f 1508 1521 1522
f 1522 1521 1523
f 1522 1523 1524
f 1510 1509 1525
f 1525 1509 1526
f 1525 1526 1527
f 1527 1526 1528
f 1527 1528 1529
f 1529 1528 1530
f 1529 1530 1531
f 1531 1530 1493
f 1531 1493 1532
f 1532 1493 1334
f 1532 1334 1333
f 1333 1524 1532
f 1532 1524 1523
f 1532 1523 1531
f 1531 1523 1521
f 1531 1521 1529
f 1529 1521 1520
f 1529 1520 1527
f 1527 1520 1501
f 1527 1501 1525
f 1525 1501 1503
f 1525 1503 1510
f 1496 1497 1494
f 1494 1497 1499
f 1494 1499 1518
f 1518 1499 1519
f 1518 1519 1533
f 1533 1519 1336
f 1533 1336 1335
f 910 1515 911
f 911 1515 1513
f 911 1513 894
f 894 1513 1511
f 894 1511 893
f 893 1511 1510
f 893 1510 891
f 891 1510 1503
f 891 1503 858
f 858 1503 1502
f 858 1502 857
f 857 1502 1505
f 857 1505 855
f 855 1505 859
f 1515 1534 1514
f 1514 1534 1535
f 1514 1535 1536
f 1536 1535 1342
f 1536 1342 1341
f 1335 1493 1533
f 1533 1493 1530
f 1533 1530 1518
f 1518 1530 1528
f 1518 1528 1517
f 1517 1528 1526
f 1517 1526 1516
f 1516 1526 1509
f 1516 1509 1495
f 1495 1509 1512
f 1495 1512 1496
f 1496 1512 1514
f 1496 1514 1497
f 1497 1514 1536
f 1497 1536 1498
f 1498 1536 1341
f 1498 1341 1340
f 860 859 1506
f 860 1506 1537
f 1537 1506 1507
f 1537 1507 1538
f 1538 1507 1539
f 1539 1507 1508
f 1539 1508 1540
f 1540 1508 1522
f 1540 1522 1541
f 1541 1522 1524
f 1541 1524 1542
f 1542 1524 1333
f 1542 1333 1343
f 1347 1348 1543
f 1344 1345 1544
f 1542 1343 1351
f 1545 1538 1539
f 888 884 1546
f 1547 1546 1548
f 1548 1546 884
f 1548 884 883
f 1537 1538 1549
f 1549 1538 1545
f 1549 1545 1550
f 1551 1552 1553
f 1553 1552 1554
f 1553 1554 1555
f 1555 1554 1556
f 1555 1556 1557
f 1557 1556 1558
f 1557 1558 1547
f 1351 1559 1542
f 1542 1559 1560
f 1542 1560 1541
f 1541 1560 1561
f 882 881 1562
f 1562 881 1563
f 1562 1563 1564
f 1564 1563 1565
f 1564 1565 1566
f 1566 1565 1567
f 1566 1567 1568
f 1568 1567 1561
f 1568 1561 1569
f 1569 1561 1560
f 1569 1560 1570
f 1570 1560 1559
f 1570 1559 1352
f 1352 1559 1351
f 1347 1543 1346
f 1571 1572 1573
f 1573 1572 1574
f 1573 1574 1575
f 1575 1574 1576
f 1575 1576 1577
f 1577 1576 1578
f 1577 1578 1544
f 1544 1578 1543
f 1544 1543 1344
f 1344 1543 1348
f 860 1537 862
f 862 1537 1549
f 862 1549 863
f 863 1549 1550
f 863 1550 864
f 883 882 1548
f 1548 882 1562
f 1548 1562 1547
f 1547 1562 1564
f 1547 1564 1557
f 1557 1564 1566
f 1557 1566 1555
f 1555 1566 1568
f 1555 1568 1553
f 1553 1568 1569
f 1553 1569 1551
f 1551 1569 1570
f 881 864 1563
f 1563 864 1550
f 1563 1550 1565
f 1565 1550 1545
f 1565 1545 1567
f 1567 1545 1539
f 1567 1539 1561
f 1561 1539 1540
f 1561 1540 1541
f 887 888 1571
f 1571 888 1546
f 1571 1546 1572
f 1572 1546 1547
f 1572 1547 1574
f 1574 1547 1558
f 1574 1558 1576
f 1576 1558 1556
f 1576 1556 1578
f 1578 1556 1554
f 1578 1554 1543
f 1543 1554 1552
f 1543 1552 1346
f 1346 1552 1551
f 1346 1551 1349
f 1349 1551 1570
f 1349 1570 1350
f 1350 1570 1352
f 870 872 1383
f 1383 872 1579
f 1383 1579 1382
f 1382 1579 1381
f 1358 1380 1580
f 1265 1359 1581
f 1582 1362 1581
f 1581 1362 1361
f 1581 1361 1265
f 1583 1364 1582
f 1582 1364 1363
f 1582 1363 1362
f 1373 1372 1584
f 1584 1372 1371
f 1584 1371 1585
f 1585 1371 1370
f 1585 1370 1586
f 1586 1370 1369
f 1586 1369 1587
f 1587 1369 1368
f 1587 1368 1588
f 1588 1368 1367
f 1588 1367 1589
f 1589 1367 1365
f 1589 1365 1583
f 1583 1365 1366
f 1583 1366 1364
f 1575 1577 1584
f 1584 1577 1544
f 1584 1544 1373
f 1373 1544 1345
f 1571 1573 1590
f 886 1591 885
f 885 1591 1592
f 885 1592 878
f 878 1592 1593
f 1573 1575 1590
f 1590 1575 1584
f 1590 1584 1594
f 1594 1584 1585
f 1594 1585 1595
f 1595 1585 1586
f 1595 1586 1596
f 1596 1586 1587
f 1596 1587 1597
f 1597 1587 1588
f 1597 1588 1598
f 1598 1588 1589
f 1598 1589 1599
f 1599 1589 1583
f 1599 1583 1600
f 1600 1583 1582
f 1600 1582 1580
f 1580 1582 1581
f 1580 1581 1358
f 1358 1581 1359
f 1380 1381 1580
f 1580 1381 1579
f 1580 1579 1600
f 1600 1579 1601
f 1600 1601 1599
f 1599 1601 1602
f 1599 1602 1598
f 1598 1602 1603
f 1598 1603 1597
f 1597 1603 1604
f 1597 1604 1596
f 1596 1604 1605
f 1596 1605 1595
f 1595 1605 1593
f 1595 1593 1594
f 1594 1593 1592
f 1594 1592 1590
f 1590 1592 1591
f 1590 1591 1571
f 1571 1591 886
f 1571 886 887
f 872 873 1579
f 1579 873 871
f 1579 871 1601
f 1601 871 874
f 1601 874 1602
f 1602 874 877
f 1602 877 1603
f 1603 877 876
f 1603 876 1604
f 1604 876 875
f 1604 875 1605
f 1605 875 880
f 1605 880 1593
f 1593 880 879
f 1593 879 878
f 1405 1388 1387
f 1354 1399 1387
f 1387 1399 1400
f 1387 1400 1405
f 1388 1405 1379
f 1379 1405 1406
f 1379 1406 1378
f 1406 1407 1378
f 1378 1407 868
f 1378 868 870
f 1404 1409 1606
f 1392 1391 1607
f 1607 1391 1427
f 1607 1427 1417
f 1417 1427 1215
f 1342 1608 1423
f 1423 1608 1609
f 1423 1609 1424
f 1424 1609 1610
f 1424 1610 1422
f 1422 1610 1611
f 1422 1611 1421
f 1421 1611 1612
f 1421 1612 1420
f 1420 1612 1613
f 1420 1613 1419
f 1419 1613 1614
f 1615 1413 1614
f 1614 1413 1418
f 1614 1418 1419
f 1417 1416 1607
f 1607 1416 1415
f 1607 1415 1615
f 1615 1415 1414
f 1615 1414 1413
f 910 908 1515
f 1515 908 1616
f 1515 1616 1534
f 908 906 1616
f 1616 906 904
f 1616 904 1617
f 1617 904 902
f 1617 902 1618
f 1618 902 900
f 1618 900 1619
f 900 899 1619
f 1619 899 896
f 1619 896 1620
f 1620 896 895
f 1620 895 1621
f 1621 895 914
f 1621 914 1622
f 1622 914 916
f 1622 916 1623
f 1623 916 918
f 1623 918 1624
f 1624 918 919
f 1624 919 1403
f 1403 919 868
f 1535 1534 1625
f 1625 1534 1616
f 1625 1616 1626
f 1626 1616 1617
f 1626 1617 1627
f 1627 1617 1618
f 1627 1618 1628
f 1628 1618 1619
f 1628 1619 1629
f 1629 1619 1620
f 1629 1620 1630
f 1630 1620 1621
f 1630 1621 1631
f 1631 1621 1622
f 1631 1622 1632
f 1632 1622 1623
f 1632 1623 1606
f 1606 1623 1624
f 1606 1624 1404
f 1404 1624 1403
f 1342 1535 1608
f 1608 1535 1625
f 1608 1625 1609
f 1609 1625 1626
f 1609 1626 1610
f 1610 1626 1627
f 1610 1627 1611
f 1611 1627 1628
f 1611 1628 1612
f 1612 1628 1629
f 1612 1629 1613
f 1613 1629 1630
f 1613 1630 1614
f 1614 1630 1631
f 1614 1631 1615
f 1615 1631 1632
f 1615 1632 1607
f 1607 1632 1606
f 1607 1606 1392
f 1392 1606 1409
f 1483 1440 1439
f 845 762 1482
f 843 844 1633
f 842 843 1634
f 1634 843 1633
f 1634 1633 1635
f 1635 1633 1636
f 1635 1636 1637
f 865 840 1638
f 1638 840 841
f 1483 1637 1484
f 1484 1637 1636
f 1484 1636 1482
f 1482 1636 1633
f 1482 1633 845
f 845 1633 844
f 861 865 1437
f 1437 865 1638
f 1437 1638 1438
f 1483 1439 1637
f 1637 1439 1438
f 1637 1438 1635
f 1635 1438 1638
f 1635 1638 1634
f 1634 1638 841
f 1634 841 842
f 856 861 1639
f 1639 861 1431
f 1639 1431 1640
f 1431 1433 1640
f 1640 1433 1428
f 1640 1428 1641
f 846 920 1280
f 1280 920 1642
f 1280 1642 1279
f 1279 1642 1643
f 1279 1643 1277
f 1277 1643 1644
f 1277 1644 1273
f 1273 1644 1645
f 1273 1645 1274
f 1274 1645 1646
f 1274 1646 1276
f 1276 1646 1647
f 1460 1276 1453
f 1453 1276 1481
f 1648 1649 1650
f 1456 1458 1453
f 1453 1458 1459
f 1453 1459 1460
f 1276 1647 1481
f 1481 1647 1648
f 1481 1648 1651
f 1651 1648 1650
f 1652 1651 1650
f 1481 1651 1480
f 1480 1651 1652
f 1480 1652 1479
f 1479 1652 1653
f 1479 1653 1478
f 1478 1653 1477
f 1477 1653 1654
f 1477 1654 1476
f 1655 1656 1657
f 1658 1659 1656
f 1006 1659 1660
f 1660 1659 1658
f 1660 1658 1661
f 1661 1658 1662
f 1648 1663 1664
f 1664 1663 1665
f 1664 1665 1662
f 1662 1665 1666
f 1662 1666 1661
f 1656 1655 1658
f 1658 1655 1667
f 1658 1667 1662
f 1662 1667 1668
f 1662 1668 1664
f 1664 1668 1649
f 1664 1649 1648
f 1475 1476 1657
f 1657 1476 1654
f 1657 1654 1655
f 1655 1654 1653
f 1655 1653 1667
f 1667 1653 1652
f 1667 1652 1668
f 1668 1652 1650
f 1668 1650 1649
f 1474 1469 1471
f 1471 1469 1475
f 1471 1475 1472
f 1472 1475 1492
f 1472 1492 1473
f 1473 1492 1309
f 1473 1309 1474
f 1474 1309 1469
f 1669 1670 1671
f 1671 1670 1672
f 1671 1672 1673
f 1673 1672 1674
f 1673 1001 1671
f 1671 1001 1675
f 1671 1675 1669
f 1669 1675 1676
f 1669 1676 1677
f 1678 1679 1680
f 1681 1682 1683
f 1683 1682 1678
f 1683 1678 1684
f 1684 1678 1680
f 1684 1680 1685
f 1686 1687 1688
f 1492 1689 1491
f 1491 1689 1690
f 1491 1690 1490
f 1688 1489 1691
f 1691 1489 1490
f 1691 1490 1692
f 1692 1490 1690
f 1693 1694 1686
f 1679 1678 1677
f 1677 1678 1682
f 1677 1682 1669
f 1669 1682 1681
f 1669 1681 1670
f 1686 1485 1486
f 1686 1486 1687
f 1687 1486 1487
f 1687 1487 1688
f 1688 1487 1488
f 1688 1488 1489
f 1694 1485 1686
f 1685 1693 1684
f 1684 1693 1686
f 1684 1686 1683
f 1683 1686 1688
f 1683 1688 1681
f 1681 1688 1691
f 1681 1691 1670
f 1670 1691 1692
f 1670 1692 1672
f 1672 1692 1690
f 1672 1690 1674
f 1674 1690 1689
f 1485 1641 1301
f 1301 1641 1428
f 1641 1695 1640
f 1696 1697 1698
f 1698 1697 1695
f 1698 1695 1641
f 1639 1640 1699
f 1699 1640 1695
f 1699 1695 1700
f 1700 1695 1697
f 1696 1701 1697
f 1697 1701 1702
f 1697 1702 1700
f 1700 1702 1703
f 1700 1703 1699
f 1699 1703 1704
f 1699 1704 1639
f 1639 1704 856
f 957 890 889
f 952 954 1705
f 1706 1707 1708
f 1702 1701 1709
f 1709 1701 1710
f 1709 1710 1711
f 1711 1710 1712
f 1711 1712 1705
f 1705 1712 1713
f 1705 1713 952
f 952 1713 950
f 1703 1707 1704
f 1704 1707 1706
f 1704 1706 856
f 956 958 1708
f 1708 958 957
f 1708 957 1706
f 1706 957 889
f 1706 889 856
f 954 956 1705
f 1705 956 1708
f 1705 1708 1711
f 1711 1708 1707
f 1711 1707 1709
f 1709 1707 1703
f 1709 1703 1702
f 1643 1642 1714
f 997 996 1715
f 1715 996 993
f 1715 993 992
f 999 1000 1716
f 1643 1714 1644
f 1644 1714 1717
f 1644 1717 1645
f 1645 1717 1718
f 1645 1718 1646
f 1647 1646 1719
f 1719 1646 1718
f 1719 1718 1720
f 1720 1718 1721
f 1004 1005 1722
f 992 1002 1715
f 1715 1002 1003
f 1715 1003 1723
f 1723 1003 1004
f 1723 1004 1724
f 1724 1004 1722
f 1722 1725 1724
f 1724 1725 1726
f 1724 1726 1723
f 1723 1726 1727
f 1723 1727 1715
f 1715 1727 1716
f 1715 1716 997
f 997 1716 1000
f 1725 1721 1726
f 1726 1721 1718
f 1726 1718 1727
f 1727 1718 1717
f 1727 1717 1716
f 1716 1717 1714
f 1716 1714 999
f 999 1714 1642
f 999 1642 920
f 1005 1006 1722
f 1722 1006 1660
f 1722 1660 1725
f 1665 1721 1666
f 1666 1721 1725
f 1666 1725 1661
f 1661 1725 1660
f 1648 1647 1663
f 1663 1647 1719
f 1663 1719 1665
f 1665 1719 1720
f 1665 1720 1721
f 1006 1001 1673
f 1006 1673 1659
f 1659 1673 1674
f 1659 1674 1656
f 1656 1674 1689
f 1656 1689 1657
f 1657 1689 1492
f 1657 1492 1475
f 1680 1679 1701
f 1701 1679 1710
f 1679 1677 1710
f 1710 1677 1676
f 1710 1676 1712
f 1712 1676 1675
f 1712 1675 1713
f 1713 1675 1001
f 1713 1001 950
f 1680 1701 1685
f 1685 1701 1696
f 1685 1696 1693
f 1693 1696 1698
f 1693 1698 1694
f 1694 1698 1641
f 1694 1641 1485
f 848 740 921
f 921 740 751
f 921 751 750
f 783 782 784
f 998 921 995
f 995 921 750
f 995 750 994
f 994 750 749
f 994 749 927
f 749 748 927
f 927 748 747
f 927 747 928
f 928 747 746
f 928 746 967
f 967 746 977
f 802 743 753
f 753 743 742
f 753 742 754
f 754 742 741
f 754 741 852
f 852 741 740
f 852 740 849
f 849 740 848
f 802 783 743
f 743 783 784
f 743 784 744
f 744 784 786
f 744 786 745
f 745 786 869
f 745 869 746
f 746 869 926
f 746 926 977
