# Exported from USD: /mycobot_pro450/mygripper_f100/Geometry/f100_base_link/joint2_right_link/joint3_right_link/J3_R_Link/J3_R_Link
mtllib J3_R_Link.mtl

g J3_R_Link
v 0.00587984 0.00488331 -0.00400000
v 0.00654704 0.00499763 -0.00400000
v 0.00000181 0.00500000 -0.00400000
v -0.00379574 0.00325458 -0.00400000
v -0.02611568 -0.02277664 -0.00400000
v -0.00226388 -0.00079676 -0.00400000
v -0.02388214 -0.02785318 -0.00400000
v -0.02409635 -0.03070502 -0.00400000
v -0.02276186 -0.02839019 -0.00400000
v -0.02240814 -0.03103044 -0.00400000
v -0.02152317 -0.02829511 -0.00400000
v -0.00235896 0.00044193 -0.00400000
v -0.00182196 0.00156220 -0.00400000
v -0.00277732 0.00415770 -0.00400000
v -0.00079676 0.00226388 -0.00400000
v -0.00134676 0.00481521 -0.00400000
v 0.00513995 0.00441965 -0.00400000
v 0.00455429 0.00281923 -0.00400000
v 0.00156220 0.00182196 -0.00400000
v 0.00472789 0.00216495 -0.00400000
v 0.00226388 0.00079676 -0.00400000
v 0.00510276 0.00100093 -0.00400000
v 0.00235896 -0.00044193 -0.00400000
v -0.01852419 -0.02928581 -0.00400000
v -0.01570972 -0.02600296 -0.00400000
v -0.01578741 -0.02606038 -0.00400000
v 0.00182196 -0.00156220 -0.00400000
v 0.00467204 -0.00228299 -0.00400000
v 0.00515584 -0.00067624 -0.00400000
v 0.00079676 -0.00226388 -0.00400000
v 0.00234595 -0.00464074 -0.00400000
v 0.00370173 -0.00365201 -0.00400000
v -0.02049798 -0.02759342 -0.00400000
v -0.01592679 -0.02609399 -0.00400000
v -0.01996097 -0.02647315 -0.00400000
v -0.01606585 -0.02605907 -0.00400000
v 0.00466813 0.00368495 -0.00400000
v 0.00147761 0.00189121 -0.00400000
v 0.00044193 0.00235896 -0.00400000
v -0.00044193 -0.00235896 -0.00400000
v 0.00082917 -0.00514709 -0.00400000
v 0.00119728 -0.00506029 -0.00400000
v -0.01589241 -0.02324149 -0.00400000
v -0.02075773 -0.02420926 -0.00400000
v -0.01595311 -0.02359284 -0.00400000
v -0.02005605 -0.02523446 -0.00400000
v -0.01601506 -0.02466753 -0.00400000
v -0.01920127 -0.02993941 -0.00400000
v -0.02070950 -0.03076477 -0.00400000
v -0.01617282 -0.02596361 -0.00400000
v -0.01622328 -0.02582941 -0.00400000
v -0.01621734 -0.02572482 -0.00400000
v -0.02458382 -0.02682799 -0.00400000
v -0.02666787 -0.02850012 -0.00400000
v -0.02557452 -0.02982697 -0.00400000
v -0.00156220 -0.00182196 -0.00400000
v -0.01571229 -0.02293376 -0.00400000
v -0.00147761 -0.00189121 -0.00400000
v -0.00184972 -0.00676618 -0.00400000
v -0.00064024 -0.00574160 -0.00400000
v -0.02187801 -0.02367226 -0.00400000
v -0.02311670 -0.02376734 -0.00400000
v -0.02414189 -0.02446902 -0.00400000
v -0.02665830 -0.02354554 -0.00400000
v -0.02467890 -0.02558930 -0.00400000
v -0.02724381 -0.02516206 -0.00400000
v -0.02724713 -0.02688134 -0.00400000
v 0.01538876 0.00819442 0.00710000
v 0.01538876 0.00819442 -0.00710000
v 0.01145522 0.00819585 0.00710000
v 0.01145522 0.00819585 -0.00710000
v 0.00818044 0.00562915 -0.00710000
v 0.00818044 0.00562915 0.00710000
v 0.00999592 0.00756426 -0.00710000
v 0.00999592 0.00756426 0.00710000
v 0.01094312 0.00812937 0.00710000
v 0.01094312 0.00812937 -0.00710000
v 0.01066010 0.00803131 0.00710000
v 0.01066010 0.00803131 -0.00710000
v 0.01039490 0.00789210 0.00710000
v 0.01039490 0.00789210 -0.00710000
v -0.01852419 -0.02928581 -0.00710000
v -0.01853827 -0.02927374 -0.00720384
v -0.01525341 -0.02547117 -0.00710000
v -0.01507053 -0.02523063 -0.00720117
v -0.01505759 -0.02521113 -0.00720884
v -0.01859090 -0.02922861 -0.00731213
v -0.01489555 -0.02492727 -0.00730648
v -0.01476204 -0.02462028 -0.00737492
v -0.01867311 -0.02915812 -0.00738146
v -0.01474648 -0.02457988 -0.00738077
v -0.01875193 -0.02909053 -0.00740000
v -0.01464529 -0.02430104 -0.00740000
v -0.02608517 -0.02280280 -0.00725000
v -0.02604898 -0.02283383 -0.00731213
v -0.02632058 -0.02318097 -0.00731213
v -0.02600181 -0.02287428 -0.00735981
v -0.02596676 -0.02290433 -0.00738146
v -0.02623237 -0.02324381 -0.00738146
v -0.02611568 -0.02277664 -0.00710000
v -0.02610160 -0.02278871 -0.00720384
v -0.02637704 -0.02314075 -0.00720384
v -0.02639214 -0.02312999 -0.00710000
v -0.02696032 -0.02421967 -0.00720384
v -0.02697760 -0.02421293 -0.00710000
v -0.02724381 -0.02516206 -0.00710000
v -0.02726231 -0.02540842 -0.00720384
v -0.02728070 -0.02540610 -0.00710000
v -0.02726468 -0.02663492 -0.00720384
v -0.02728308 -0.02663716 -0.00710000
v -0.02454015 -0.03049055 -0.00720384
v -0.02557452 -0.02982697 -0.00710000
v -0.02556245 -0.02981289 -0.00720384
v -0.02640332 -0.02891669 -0.00710000
v -0.02638818 -0.02890599 -0.00720384
v -0.02666787 -0.02850012 -0.00710000
v -0.02696729 -0.02782482 -0.00720384
v -0.02698459 -0.02783149 -0.00710000
v -0.02724713 -0.02688134 -0.00710000
v -0.02338327 -0.03089787 -0.00720384
v -0.02409635 -0.03070502 -0.00710000
v -0.02454842 -0.03050714 -0.00710000
v -0.02095015 -0.03082065 -0.00720384
v -0.02216133 -0.03102871 -0.00710000
v -0.02216192 -0.03101017 -0.00720384
v -0.02240814 -0.03103044 -0.00710000
v -0.02338722 -0.03091598 -0.00710000
v -0.01981212 -0.03035683 -0.00710000
v -0.02070950 -0.03076477 -0.00710000
v -0.02094505 -0.03083848 -0.00710000
v -0.01982142 -0.03034079 -0.00720384
v -0.01884415 -0.02959967 -0.00720384
v -0.01883121 -0.02961295 -0.00710000
v -0.01904053 -0.02939805 -0.00740000
v -0.01896808 -0.02947243 -0.00738146
v -0.01991051 -0.03018712 -0.00738146
v -0.01996258 -0.03009729 -0.00740000
v -0.02099899 -0.03064987 -0.00738146
v -0.02102754 -0.03055004 -0.00740000
v -0.02216755 -0.03083264 -0.00738146
v -0.02217085 -0.03072886 -0.00740000
v -0.02334535 -0.03072434 -0.00738146
v -0.02332319 -0.03062290 -0.00740000
v -0.02446099 -0.03033154 -0.00738146
v -0.02441471 -0.03023859 -0.00740000
v -0.02544683 -0.02967805 -0.00738146
v -0.02537924 -0.02959922 -0.00740000
v -0.02624312 -0.02880349 -0.00738146
v -0.02615832 -0.02874356 -0.00740000
v -0.02680158 -0.02776087 -0.00738146
v -0.02670471 -0.02772348 -0.00740000
v -0.02708836 -0.02661339 -0.00738146
v -0.02698530 -0.02660081 -0.00740000
v -0.02708608 -0.02543063 -0.00738146
v -0.02698306 -0.02544361 -0.00740000
v -0.02679486 -0.02428427 -0.00738146
v -0.02669814 -0.02432203 -0.00740000
v -0.02614781 -0.02330406 -0.00740000
v -0.02588794 -0.02297192 -0.00740000
v -0.02689574 -0.02424488 -0.00731213
v -0.02719353 -0.02541709 -0.00731213
v -0.02719586 -0.02662651 -0.00731213
v -0.02690262 -0.02779986 -0.00731213
v -0.02633157 -0.02886598 -0.00731213
v -0.02551732 -0.02976026 -0.00731213
v -0.02450925 -0.03042849 -0.00731213
v -0.02336847 -0.03083014 -0.00731213
v -0.02216412 -0.03094088 -0.00731213
v -0.02096921 -0.03075400 -0.00731213
v -0.01985619 -0.03028081 -0.00731213
v -0.01889252 -0.02955001 -0.00731213
v -0.00379574 0.00325458 -0.00710000
v -0.00378167 0.00324251 -0.00720384
v -0.00376523 0.00322842 -0.00725000
v -0.00372904 0.00319739 -0.00731213
v -0.00368187 0.00315695 -0.00735981
v -0.00364683 0.00312690 -0.00738146
v -0.00356800 0.00305931 -0.00740000
v 0.00779128 0.00528559 -0.00720384
v 0.00778145 0.00530131 -0.00710000
v 0.00723798 0.00504612 -0.00720384
v 0.00723323 0.00506404 -0.00710000
v 0.00751625 0.00516210 -0.00710000
v 0.00672113 0.00499756 -0.00710000
v 0.00672113 0.00497902 -0.00720384
v 0.00672112 0.00495737 -0.00725000
v 0.00725570 0.00497910 -0.00731213
v 0.00672110 0.00490970 -0.00731213
v 0.00672108 0.00484756 -0.00735981
v 0.00728339 0.00487440 -0.00738146
v 0.00672106 0.00480140 -0.00738146
v 0.00730994 0.00477401 -0.00740000
v 0.00788538 0.00513494 -0.00738146
v 0.00794039 0.00504688 -0.00740000
v 0.00832350 0.00549493 -0.00738146
v 0.00839922 0.00542389 -0.00740000
v 0.00819396 0.00561647 -0.00720384
v 0.00819709 0.00561353 -0.00721481
v 0.00782801 0.00522679 -0.00731213
v 0.00824452 0.00556903 -0.00731213
v 0.00831550 0.00550244 -0.00737716
v 0.00672103 0.00469756 -0.00740000
v 0.01145522 0.00817731 -0.00720384
v 0.01538874 0.00815423 -0.00725000
v 0.01145521 0.00815565 -0.00725000
v 0.01145519 0.00810798 -0.00731213
v 0.01538870 0.00804442 -0.00735981
v 0.01145517 0.00804585 -0.00735981
v 0.01145515 0.00799968 -0.00738146
v 0.01538865 0.00789442 -0.00740000
v 0.01145511 0.00789585 -0.00740000
v 0.00082917 -0.00514709 0.00400000
v 0.00119728 -0.00506029 0.00400000
v -0.01571229 -0.02293376 0.00400000
v -0.01589241 -0.02324149 0.00400000
v -0.01595311 -0.02359284 0.00400000
v -0.01570730 -0.02600028 0.00400000
v -0.01622328 -0.02582941 0.00400000
v -0.01621734 -0.02572482 0.00400000
v -0.01578741 -0.02606038 0.00400000
v -0.01592679 -0.02609399 0.00400000
v -0.01606585 -0.02605907 0.00400000
v -0.01617282 -0.02596361 0.00400000
v -0.01522676 -0.02546500 -0.00705005
v -0.01521377 -0.02546819 -0.00703636
v -0.01551119 -0.02579381 -0.00679776
v -0.01524720 -0.02546661 -0.00708299
v -0.01523801 -0.02546443 -0.00706567
v -0.01552956 -0.02579884 -0.00681690
v -0.01554341 -0.02580939 -0.00683754
v -0.01562922 -0.02592310 -0.00662337
v -0.01564525 -0.02593162 -0.00663429
v -0.01566725 -0.02596476 -0.00651732
v -0.01568252 -0.02597439 -0.00652306
v -0.01568157 -0.02598053 -0.00640000
v -0.01569659 -0.02599055 -0.00640000
v -0.01565847 -0.02594359 -0.00664571
v -0.01569554 -0.02598682 -0.00652905
v -0.01570953 -0.02600313 -0.00640000
v -0.01475275 -0.02462222 -0.00737173
v -0.01474304 -0.02462456 -0.00736960
v -0.01487957 -0.02492947 -0.00729503
v -0.01488791 -0.02492813 -0.00730047
v -0.01504942 -0.02521017 -0.00719723
v -0.01503958 -0.02521050 -0.00718621
v -0.01502856 -0.02521218 -0.00717647
v -0.01486186 -0.02493349 -0.00728664
v -0.01501672 -0.02521513 -0.00716829
v 0.01094787 0.00811144 -0.00720384
v 0.01000944 0.00755157 -0.00720384
v 0.01040473 0.00787637 -0.00720384
v 0.01001257 0.00754863 -0.00721481
v 0.01044146 0.00781757 -0.00731213
v 0.01006000 0.00750414 -0.00731213
v 0.01013098 0.00743755 -0.00737716
v 0.01049883 0.00772572 -0.00738146
v 0.01013898 0.00743004 -0.00738146
v 0.01099328 0.00793972 -0.00738146
v 0.01101983 0.00783934 -0.00740000
v 0.01055384 0.00763766 -0.00740000
v 0.01096559 0.00804442 -0.00731213
v 0.01021471 0.00735900 -0.00740000
v -0.02414189 -0.02446902 -0.00740000
v -0.02311670 -0.02376734 -0.00740000
v -0.02231994 -0.02363122 -0.00740000
v -0.02187801 -0.02367226 -0.00740000
v -0.02075773 -0.02420926 -0.00740000
v -0.02005605 -0.02523446 -0.00740000
v -0.01996097 -0.02647315 -0.00740000
v -0.02049798 -0.02759342 -0.00740000
v -0.02152317 -0.02829511 -0.00740000
v -0.02276186 -0.02839019 -0.00740000
v -0.02388214 -0.02785318 -0.00740000
v -0.02458382 -0.02682799 -0.00740000
v -0.02467890 -0.02558930 -0.00740000
v 0.00156220 0.00182196 -0.00740000
v 0.00044193 0.00235896 -0.00740000
v 0.00000000 0.00240000 -0.00740000
v -0.00079676 0.00226388 -0.00740000
v -0.00182196 0.00156220 -0.00740000
v -0.00235896 0.00044193 -0.00740000
v -0.00226388 -0.00079676 -0.00740000
v -0.00156220 -0.00182196 -0.00740000
v -0.00044193 -0.00235896 -0.00740000
v 0.00079676 -0.00226388 -0.00740000
v 0.00182196 -0.00156220 -0.00740000
v 0.00235896 -0.00044193 -0.00740000
v 0.00226388 0.00079676 -0.00740000
v -0.00095874 0.00488833 -0.00720384
v -0.00096231 0.00490652 -0.00710000
v 0.00000181 0.00500000 -0.00710000
v -0.00208034 0.00452627 -0.00720384
v -0.00208809 0.00454312 -0.00710000
v -0.00134676 0.00481521 -0.00710000
v -0.00308549 0.00391084 -0.00720384
v -0.00309698 0.00392540 -0.00710000
v -0.00277732 0.00415770 -0.00710000
v -0.00304255 0.00385641 -0.00731213
v -0.00297547 0.00377139 -0.00738146
v -0.00200616 0.00436488 -0.00738146
v -0.00196280 0.00427053 -0.00740000
v -0.00291116 0.00368987 -0.00740000
v -0.00092455 0.00471402 -0.00738146
v -0.00090457 0.00461213 -0.00740000
v 0.00000170 0.00470000 -0.00740000
v 0.00000174 0.00480384 -0.00738146
v 0.00000176 0.00485000 -0.00735981
v -0.00094540 0.00482030 -0.00731213
v 0.00000181 0.00498146 -0.00720384
v 0.00000180 0.00495981 -0.00725000
v 0.00000178 0.00491213 -0.00731213
v -0.00205139 0.00446328 -0.00731213
v 0.00828579 -0.00000300 -0.00740000
v 0.01438579 -0.00000522 -0.00740000
v 0.01538615 0.00099442 -0.00740000
v 0.01476850 0.00007076 -0.00740000
v 0.01509300 0.00028742 -0.00740000
v 0.01530989 0.00061177 -0.00740000
v 0.00218555 -0.01728658 -0.00740000
v -0.00381893 -0.01960728 -0.00740000
v -0.00856687 -0.02150694 -0.00740000
v -0.01168029 -0.02286715 -0.00740000
v 0.00828045 -0.01472293 -0.00740000
v 0.00609311 -0.01568896 -0.00740000
v 0.00234595 -0.00464074 0.00400000
v 0.00370173 -0.00365201 0.00400000
v 0.00467204 -0.00228299 0.00400000
v 0.00515584 -0.00067624 0.00400000
v 0.00510276 0.00100093 0.00400000
v 0.00472789 0.00216495 0.00400000
v -0.00064024 -0.00574160 0.00400000
v -0.00184972 -0.00676618 0.00400000
v -0.01601506 -0.02466753 0.00400000
v -0.01568278 -0.02598114 0.00400000
v -0.01568159 -0.02598049 -0.00400000
v 0.00834699 -0.01528271 -0.00724356
v 0.00835333 -0.01533622 -0.00720860
v 0.00561978 -0.01665709 -0.00710711
v 0.00836584 -0.01544199 -0.00712398
v 0.00839085 -0.01565416 -0.00684933
v 0.00570359 -0.01685700 -0.00678268
v -0.01291147 -0.02446889 -0.00678268
v 0.00830002 -0.01488740 -0.00738742
v 0.00830361 -0.01491754 -0.00738236
v 0.00832602 -0.01510601 -0.00732994
v -0.01314791 -0.02398208 -0.00732388
v -0.01010951 -0.02258315 -0.00732388
v -0.00702092 -0.02128407 -0.00732388
v -0.00390100 -0.02004949 -0.00732388
v 0.00237168 -0.01762449 -0.00732388
v 0.00549434 -0.01635789 -0.00732388
v 0.00832781 -0.01512113 -0.00732409
v -0.01300618 -0.02427390 -0.00710711
v -0.01287822 -0.02453737 -0.00640000
v 0.00249074 -0.01792628 -0.00710711
v -0.00378364 -0.02035194 -0.00710711
v -0.00689893 -0.02158470 -0.00710711
v -0.00997936 -0.02288032 -0.00710711
v -0.00989239 -0.02307888 -0.00678268
v 0.00257029 -0.01812793 -0.00678268
v -0.00370522 -0.02055404 -0.00678268
v -0.00681743 -0.02178557 -0.00678268
v -0.01111613 -0.02370881 -0.00640000
v -0.00986185 -0.02314860 -0.00640000
v -0.00596462 -0.02152424 -0.00640000
v 0.00840383 -0.01576510 -0.00640000
v 0.00573302 -0.01692720 -0.00640000
v 0.00210226 -0.01839375 -0.00640000
v 0.00858578 -0.00000311 -0.00710000
v 0.00858045 -0.01472304 -0.00710000
v 0.00855761 -0.01472303 -0.00721481
v 0.00856295 -0.00000310 -0.00721481
v 0.00849258 -0.01472300 -0.00731213
v 0.00849792 -0.00000308 -0.00731213
v 0.00839525 -0.01472297 -0.00737716
v 0.00840059 -0.00000305 -0.00737716
v 0.00858017 -0.01548420 -0.00650052
v 0.00858017 -0.01549212 -0.00640000
v 0.00855853 -0.01560388 -0.00640000
v 0.00844994 -0.01541571 -0.00709365
v 0.00850804 -0.01507203 -0.00723464
v 0.00852073 -0.01537115 -0.00704224
v 0.00843735 -0.01526431 -0.00721158
v 0.00842307 -0.01509514 -0.00729917
v 0.00840745 -0.01491300 -0.00735539
v 0.00858022 -0.01536242 -0.00678915
v 0.00856576 -0.01531399 -0.00697633
v 0.00858032 -0.01507812 -0.00702095
v 0.00856286 -0.01504004 -0.00714582
v 0.00849682 -0.01569952 -0.00640000
v 0.00852922 -0.01557893 -0.00675183
v 0.00847470 -0.01572040 -0.00640000
v 0.00846815 -0.01563894 -0.00678056
v 0.00850058 -0.01490148 -0.00728837
v 0.00856772 -0.01550524 -0.00671656
v 0.00840383 -0.01576510 0.00640000
v 0.00847470 -0.01572040 0.00640000
v 0.00849682 -0.01569952 0.00640000
v 0.00855853 -0.01560388 0.00640000
v 0.00858017 -0.01549212 0.00640000
v 0.00455429 0.00281923 0.00400000
v 0.00466813 0.00368495 0.00400000
v 0.00513995 0.00441965 0.00400000
v 0.00587984 0.00488331 0.00400000
v 0.00654704 0.00499763 0.00400000
v 0.00672113 0.00499756 0.00710000
v 0.00723323 0.00506404 0.00710000
v 0.00751625 0.00516210 0.00710000
v 0.00778145 0.00530131 0.00710000
v -0.00156220 -0.00182196 0.00400000
v -0.02075773 -0.02420926 0.00400000
v -0.02187801 -0.02367226 0.00400000
v -0.02311670 -0.02376734 0.00400000
v -0.02724381 -0.02516206 0.00400000
v -0.02611568 -0.02277664 0.00400000
v -0.02665830 -0.02354554 0.00400000
v -0.02388214 -0.02785318 0.00400000
v -0.02666787 -0.02850012 0.00400000
v -0.02458382 -0.02682799 0.00400000
v -0.02724713 -0.02688134 0.00400000
v -0.02467890 -0.02558930 0.00400000
v -0.02414189 -0.02446902 0.00400000
v -0.02276186 -0.02839019 0.00400000
v -0.02409635 -0.03070502 0.00400000
v -0.02557452 -0.02982697 0.00400000
v -0.01996097 -0.02647315 0.00400000
v -0.01852419 -0.02928581 0.00400000
v -0.02049798 -0.02759342 0.00400000
v -0.01920127 -0.02993941 0.00400000
v -0.02152317 -0.02829511 0.00400000
v -0.02070950 -0.03076477 0.00400000
v -0.02240814 -0.03103044 0.00400000
v 0.00182196 -0.00156220 0.00400000
v 0.00235896 -0.00044193 0.00400000
v 0.00000181 0.00500000 0.00400000
v 0.00044193 0.00235896 0.00400000
v -0.00134676 0.00481521 0.00400000
v -0.00079676 0.00226388 0.00400000
v -0.00277732 0.00415770 0.00400000
v -0.00182196 0.00156220 0.00400000
v -0.00379574 0.00325458 0.00400000
v -0.00235896 0.00044193 0.00400000
v -0.00226388 -0.00079676 0.00400000
v -0.02005605 -0.02523446 0.00400000
v 0.00079676 -0.00226388 0.00400000
v -0.00044193 -0.00235896 0.00400000
v 0.00226388 0.00079676 0.00400000
v 0.00156220 0.00182196 0.00400000
v 0.00147761 0.00189121 0.00400000
v -0.00147761 -0.00189121 0.00400000
v -0.01570953 -0.02600313 0.00640000
v -0.01569659 -0.02599055 0.00640000
v -0.01568157 -0.02598053 0.00640000
v -0.02388214 -0.02785318 0.00740000
v -0.02276186 -0.02839019 0.00740000
v -0.02231994 -0.02843122 0.00740000
v -0.02152317 -0.02829511 0.00740000
v -0.02049798 -0.02759342 0.00740000
v -0.01996097 -0.02647315 0.00740000
v -0.02005605 -0.02523446 0.00740000
v -0.02075773 -0.02420926 0.00740000
v -0.02187801 -0.02367226 0.00740000
v -0.02311670 -0.02376734 0.00740000
v -0.02414189 -0.02446902 0.00740000
v -0.02467890 -0.02558930 0.00740000
v -0.02458382 -0.02682799 0.00740000
v 0.00044193 0.00235896 0.00740000
v 0.00156220 0.00182196 0.00740000
v 0.00226388 0.00079676 0.00740000
v 0.00235896 -0.00044193 0.00740000
v 0.00182196 -0.00156220 0.00740000
v 0.00079676 -0.00226388 0.00740000
v 0.00000000 -0.00240000 0.00740000
v -0.00044193 -0.00235896 0.00740000
v -0.00156220 -0.00182196 0.00740000
v -0.00226388 -0.00079676 0.00740000
v -0.00235896 0.00044193 0.00740000
v -0.00182196 0.00156220 0.00740000
v -0.00079676 0.00226388 0.00740000
v -0.01524702 -0.02546653 0.00708257
v -0.01525341 -0.02547117 0.00710000
v -0.01554441 -0.02581056 0.00683627
v -0.01566725 -0.02596477 0.00651660
v -0.01568253 -0.02597440 0.00652231
v -0.01562939 -0.02592329 0.00662301
v -0.01564542 -0.02593181 0.00663391
v -0.01551222 -0.02579493 0.00679661
v -0.01553057 -0.02580000 0.00681569
v -0.01521377 -0.02546819 0.00703636
v -0.01523789 -0.02546442 0.00706548
v -0.01569555 -0.02598683 0.00652826
v -0.01565864 -0.02594378 0.00664532
v -0.01111613 -0.02370881 0.00640000
v -0.01287822 -0.02453737 0.00640000
v -0.00986185 -0.02314860 0.00640000
v -0.00596462 -0.02152424 0.00640000
v 0.00573302 -0.01692720 0.00640000
v 0.00210226 -0.01839375 0.00640000
v 0.00856773 -0.01550551 0.00671596
v 0.00856577 -0.01531446 0.00697590
v 0.00852075 -0.01537165 0.00704176
v 0.00846817 -0.01563926 0.00677984
v 0.00852923 -0.01557923 0.00675116
v 0.00842311 -0.01509572 0.00729834
v 0.00844998 -0.01541626 0.00709313
v 0.00846837 -0.01508559 0.00727003
v 0.00850806 -0.01507258 0.00723386
v 0.00856287 -0.01504054 0.00714513
v 0.00858040 -0.01487205 0.00708646
v 0.00858020 -0.01541990 0.00669623
v 0.00858028 -0.01519555 0.00695228
v 0.00835319 -0.01533504 0.00720919
v 0.00840869 -0.01543182 0.00711107
v 0.00832780 -0.01512101 0.00732351
v 0.00837484 -0.01510271 0.00731800
v 0.00829972 -0.01488488 0.00738756
v 0.00833504 -0.01472295 0.00739499
v 0.00828045 -0.01472293 0.00740000
v 0.00836590 -0.01544256 0.00712345
v 0.00839080 -0.01565370 0.00685014
v 0.00858045 -0.01472304 0.00710000
v 0.00854026 -0.01472302 0.00725000
v 0.00849258 -0.01472300 0.00731213
v 0.00843045 -0.01472298 0.00735981
v 0.00858286 -0.00807962 -0.00121101
v 0.00858258 -0.00884892 -0.00198031
v 0.00858578 -0.00000311 0.00710000
v 0.00858220 -0.00989979 0.00194162
v 0.00858182 -0.01095067 -0.00198031
v 0.00858258 -0.00884892 0.00166003
v 0.00858286 -0.00807962 0.00089074
v 0.00858296 -0.00779804 -0.00016014
v 0.00858220 -0.00989979 -0.00226189
v 0.00858154 -0.01171997 0.00089074
v 0.00858182 -0.01095067 0.00166003
v 0.00858144 -0.01200155 -0.00016014
v 0.00858154 -0.01171997 -0.00121101
v 0.01438579 -0.00000522 0.00740000
v 0.00828579 -0.00000300 0.00740000
v 0.00843579 -0.00000306 0.00735981
v 0.00854559 -0.00000310 0.00725000
v 0.01538615 0.00099442 0.00740000
v 0.01538865 0.00789442 0.00740000
v 0.01538874 0.00815423 0.00725000
v 0.01538870 0.00804442 0.00735981
v 0.00000181 0.00500000 0.00710000
v -0.00379574 0.00325458 0.00710000
v -0.00309698 0.00392540 0.00710000
v -0.00096231 0.00490652 0.00710000
v -0.00277732 0.00415770 0.00710000
v -0.00208809 0.00454312 0.00710000
v -0.00134676 0.00481521 0.00710000
v -0.02611568 -0.02277664 0.00710000
v -0.02070950 -0.03076477 0.00710000
v -0.01852419 -0.02928581 0.00710000
v -0.01883121 -0.02961295 0.00710000
v -0.01981212 -0.03035683 0.00710000
v -0.02094505 -0.03083848 0.00710000
v -0.02216133 -0.03102871 0.00710000
v -0.02240814 -0.03103044 0.00710000
v -0.02338722 -0.03091598 0.00710000
v -0.02409635 -0.03070502 0.00710000
v -0.02454842 -0.03050714 0.00710000
v -0.02557452 -0.02982697 0.00710000
v -0.02640332 -0.02891669 0.00710000
v -0.02724713 -0.02688134 0.00710000
v -0.02698459 -0.02783149 0.00710000
v -0.02666787 -0.02850012 0.00710000
v -0.02728308 -0.02663716 0.00710000
v -0.02728070 -0.02540610 0.00710000
v -0.02724381 -0.02516206 0.00710000
v -0.02697760 -0.02421293 0.00710000
v -0.02639214 -0.02312999 0.00710000
v -0.01501673 -0.02521513 0.00716830
v -0.01507053 -0.02523063 0.00720117
v -0.01504920 -0.02521016 0.00719695
v -0.01505759 -0.02521113 0.00720884
v -0.01488772 -0.02492815 0.00730033
v -0.01489555 -0.02492727 0.00730648
v -0.01476204 -0.02462028 0.00737492
v -0.01475263 -0.02462225 0.00737170
v -0.01464529 -0.02430104 0.00740000
v -0.01474648 -0.02457987 0.00738077
v -0.01503933 -0.02521052 0.00718597
v -0.01486186 -0.02493349 0.00728664
v -0.01487937 -0.02492951 0.00729491
v -0.01474304 -0.02462456 0.00736960
v 0.00597114 -0.01574081 0.00740000
v -0.01300618 -0.02427390 0.00710711
v 0.00561978 -0.01665709 0.00710711
v 0.00549434 -0.01635789 0.00732388
v 0.00205385 -0.01733855 0.00740000
v -0.00370522 -0.02055404 0.00678268
v -0.00681743 -0.02178557 0.00678268
v -0.00989239 -0.02307888 0.00678268
v -0.01291147 -0.02446889 0.00678268
v 0.00257029 -0.01812793 0.00678268
v 0.00570359 -0.01685700 0.00678268
v -0.00997936 -0.02288032 0.00710711
v -0.00689893 -0.02158470 0.00710711
v -0.00378364 -0.02035194 0.00710711
v 0.00249074 -0.01792628 0.00710711
v 0.00237168 -0.01762449 0.00732388
v -0.00328062 -0.01939917 0.00740000
v -0.01314791 -0.02398208 0.00732388
v -0.01010951 -0.02258315 0.00732388
v -0.00702092 -0.02128407 0.00732388
v -0.00390100 -0.02004949 0.00732388
v -0.00828072 -0.02138763 0.00740000
v -0.01161738 -0.02283902 0.00740000
v 0.01145511 0.00789585 0.00740000
v 0.01145515 0.00799968 0.00738146
v 0.01145517 0.00804585 0.00735981
v 0.01145519 0.00810798 0.00731213
v 0.01145521 0.00815565 0.00725000
v 0.01145522 0.00817731 0.00720384
v 0.01099328 0.00793972 0.00738146
v 0.01101983 0.00783934 0.00740000
v 0.01049883 0.00772572 0.00738146
v 0.01055384 0.00763766 0.00740000
v 0.01021471 0.00735900 0.00740000
v 0.01013898 0.00743004 0.00738146
v 0.01010531 0.00746163 0.00735981
v 0.01044146 0.00781757 0.00731213
v 0.01006000 0.00750414 0.00731213
v 0.01002523 0.00753676 0.00725000
v 0.01040473 0.00787637 0.00720384
v 0.01000944 0.00755157 0.00720384
v 0.01094787 0.00811144 0.00720384
v 0.01096559 0.00804442 0.00731213
v 0.00819396 0.00561647 0.00720384
v 0.00820975 0.00560165 0.00725000
v 0.00824452 0.00556903 0.00731213
v 0.00828983 0.00552652 0.00735981
v 0.00832350 0.00549493 0.00738146
v 0.00839922 0.00542389 0.00740000
v 0.00794039 0.00504688 0.00740000
v 0.00728339 0.00487440 0.00738146
v 0.00730994 0.00477401 0.00740000
v 0.00672106 0.00480140 0.00738146
v 0.00672103 0.00469756 0.00740000
v 0.00725570 0.00497910 0.00731213
v 0.00723798 0.00504612 0.00720384
v 0.00672113 0.00497902 0.00720384
v 0.00672112 0.00495737 0.00725000
v 0.00672110 0.00490970 0.00731213
v 0.00672108 0.00484756 0.00735981
v 0.00779128 0.00528559 0.00720384
v 0.00782801 0.00522679 0.00731213
v 0.00788538 0.00513494 0.00738146
v 0.00000170 0.00470000 0.00740000
v 0.00000174 0.00480384 0.00738146
v 0.00000176 0.00485000 0.00735981
v 0.00000178 0.00491213 0.00731213
v 0.00000180 0.00495981 0.00725000
v 0.00000181 0.00498146 0.00720384
v -0.00094540 0.00482030 0.00731213
v -0.00095874 0.00488833 0.00720384
v -0.00376523 0.00322842 0.00725000
v -0.00372904 0.00319739 0.00731213
v -0.00304255 0.00385641 0.00731213
v -0.00368187 0.00315695 0.00735981
v -0.00364683 0.00312690 0.00738146
v -0.00297547 0.00377139 0.00738146
v -0.00092455 0.00471402 0.00738146
v -0.00090457 0.00461213 0.00740000
v -0.00200616 0.00436488 0.00738146
v -0.00196280 0.00427053 0.00740000
v -0.00291116 0.00368987 0.00740000
v -0.00356800 0.00305931 0.00740000
v -0.00378167 0.00324251 0.00720384
v -0.00308549 0.00391084 0.00720384
v -0.00208034 0.00452627 0.00720384
v -0.00205139 0.00446328 0.00731213
v -0.02610160 -0.02278871 0.00720384
v -0.02608517 -0.02280280 0.00725000
v -0.02604898 -0.02283383 0.00731213
v -0.02600181 -0.02287428 0.00735981
v -0.02596676 -0.02290433 0.00738146
v -0.02588794 -0.02297192 0.00740000
v -0.02632058 -0.02318097 0.00731213
v -0.02637704 -0.02314075 0.00720384
v -0.01853827 -0.02927374 0.00720384
v -0.01884415 -0.02959967 0.00720384
v -0.01982142 -0.03034079 0.00720384
v -0.02095015 -0.03082065 0.00720384
v -0.02216192 -0.03101017 0.00720384
v -0.02638818 -0.02890599 0.00720384
v -0.02556245 -0.02981289 0.00720384
v -0.02454015 -0.03049055 0.00720384
v -0.02338327 -0.03089787 0.00720384
v -0.02696729 -0.02782482 0.00720384
v -0.02726231 -0.02540842 0.00720384
v -0.02726468 -0.02663492 0.00720384
v -0.02696032 -0.02421967 0.00720384
v -0.02614781 -0.02330406 0.00740000
v -0.02623237 -0.02324381 0.00738146
v -0.02679486 -0.02428427 0.00738146
v -0.02669814 -0.02432203 0.00740000
v -0.02708608 -0.02543063 0.00738146
v -0.02698306 -0.02544361 0.00740000
v -0.02708836 -0.02661339 0.00738146
v -0.02698530 -0.02660081 0.00740000
v -0.02680158 -0.02776087 0.00738146
v -0.02670471 -0.02772348 0.00740000
v -0.02624312 -0.02880349 0.00738146
v -0.02615832 -0.02874356 0.00740000
v -0.02544683 -0.02967805 0.00738146
v -0.02537924 -0.02959922 0.00740000
v -0.02446099 -0.03033154 0.00738146
v -0.02441471 -0.03023859 0.00740000
v -0.02334535 -0.03072434 0.00738146
v -0.02332319 -0.03062290 0.00740000
v -0.02216755 -0.03083264 0.00738146
v -0.02217085 -0.03072886 0.00740000
v -0.02099899 -0.03064987 0.00738146
v -0.02102754 -0.03055004 0.00740000
v -0.01991051 -0.03018712 0.00738146
v -0.01996258 -0.03009729 0.00740000
v -0.01896808 -0.02947243 0.00738146
v -0.01904053 -0.02939805 0.00740000
v -0.01867311 -0.02915812 0.00738146
v -0.01875193 -0.02909053 0.00740000
v -0.01859090 -0.02922861 0.00731213
v -0.01889252 -0.02955001 0.00731213
v -0.01985619 -0.03028081 0.00731213
v -0.02096921 -0.03075400 0.00731213
v -0.02216412 -0.03094088 0.00731213
v -0.02336847 -0.03083014 0.00731213
v -0.02450925 -0.03042849 0.00731213
v -0.02551732 -0.02976026 0.00731213
v -0.02633157 -0.02886598 0.00731213
v -0.02690262 -0.02779986 0.00731213
v -0.02719586 -0.02662651 0.00731213
v -0.02719353 -0.02541709 0.00731213
v -0.02689574 -0.02424488 0.00731213
v 0.01476850 0.00007076 0.00740000
v 0.01530989 0.00061177 0.00740000
v 0.01509300 0.00028742 0.00740000
v 0.00908286 -0.00807980 -0.00121101
v 0.00908258 -0.00884910 -0.00198031
v 0.00908220 -0.00989998 -0.00226189
v 0.00908182 -0.01095085 -0.00198031
v 0.00908154 -0.01172015 -0.00121101
v 0.00908144 -0.01200173 -0.00016014
v 0.00908154 -0.01172015 0.00089074
v 0.00908182 -0.01095085 0.00166003
v 0.00908220 -0.00989998 0.00194162
v 0.00908258 -0.00884910 0.00166003
v 0.00908286 -0.00807980 0.00089074
v 0.00908296 -0.00779822 -0.00016014
v 0.04443228 -0.00178734 0.00740000
v 0.04599730 -0.00051971 0.00740000
v 0.04600009 0.00718332 0.00740000
v 0.01503559 -0.00042510 0.00740000
v 0.02000912 -0.01066898 0.00740000
v 0.01550498 -0.00012486 0.00740000
v 0.02821287 -0.00857793 0.00740000
v 0.01580556 0.00034432 0.00740000
v 0.04097546 -0.00400224 0.00740000
v 0.04192604 -0.00346107 0.00740000
v 0.01588608 0.00079424 0.00740000
v 0.03907897 -0.00495849 0.00740000
v 0.01588840 0.00719424 0.00740000
v 0.04276434 -0.00294391 0.00740000
v 0.00908058 -0.01437065 0.00740000
v 0.01040025 -0.01381849 0.00740000
v 0.00908560 -0.00050329 0.00740000
v 0.01322182 -0.01275114 0.00740000
v 0.01458560 -0.00050529 0.00740000
v 0.01633005 -0.01172685 0.00740000
v 0.01796140 -0.01124043 0.00740000
v 0.03211972 -0.00751002 0.00740000
v 0.03472340 -0.00668759 0.00740000
v 0.03701594 -0.00584558 0.00740000
v 0.04372509 -0.00351104 0.00640000
v 0.04462178 -0.00288967 0.00640000
v 0.04458107 -0.00283327 0.00676547
v 0.01112731 -0.01452980 0.00676547
v 0.00908022 -0.01534497 0.00685028
v 0.00908018 -0.01545332 0.00652599
v 0.01105941 -0.01435890 0.00706490
v 0.00908031 -0.01510573 0.00713883
v 0.01086579 -0.01387155 0.00737493
v 0.00908044 -0.01475611 0.00733542
v 0.01322083 -0.01298755 0.00737493
v 0.01802317 -0.01145422 0.00737493
v 0.02290386 -0.01014321 0.00737493
v 0.02781272 -0.00891022 0.00737493
v 0.03269859 -0.00756948 0.00737493
v 0.03510597 -0.00679148 0.00737493
v 0.03747387 -0.00590101 0.00737493
v 0.03979000 -0.00486558 0.00737493
v 0.04203964 -0.00365241 0.00737493
v 0.04416658 -0.00225898 0.00737493
v 0.04614383 -0.00068719 0.00737493
v 0.04435648 -0.00252210 0.00723711
v 0.04635750 -0.00093142 0.00723711
v 0.04623967 -0.00079674 0.00732979
v 0.04661021 -0.00122027 0.00676547
v 0.04636820 -0.00152043 0.00640000
v 0.04665576 -0.00127233 0.00640000
v 0.01098561 -0.01417314 0.00723711
v 0.01332926 -0.01329341 0.00723711
v 0.01811326 -0.01176598 0.00723711
v 0.02298371 -0.01045775 0.00723711
v 0.02789297 -0.00922465 0.00723711
v 0.03279248 -0.00788011 0.00723711
v 0.03521233 -0.00709808 0.00723711
v 0.03759656 -0.00620144 0.00723711
v 0.03993269 -0.00515704 0.00723711
v 0.04220530 -0.00393146 0.00723711
v 0.01339606 -0.01348181 0.00706490
v 0.01816875 -0.01195801 0.00706490
v 0.02303289 -0.01065150 0.00706490
v 0.02794241 -0.00941833 0.00706490
v 0.03285031 -0.00807146 0.00706490
v 0.03527784 -0.00728694 0.00706490
v 0.03767214 -0.00638649 0.00706490
v 0.04002059 -0.00533657 0.00706490
v 0.04230734 -0.00410335 0.00706490
v 0.04447346 -0.00268417 0.00706490
v 0.04648912 -0.00108187 0.00706490
v 0.01345750 -0.01365514 0.00676547
v 0.01821980 -0.01213467 0.00676547
v 0.02307813 -0.01082973 0.00676547
v 0.02798789 -0.00959651 0.00676547
v 0.03290352 -0.00824748 0.00676547
v 0.03533811 -0.00746068 0.00676547
v 0.03774166 -0.00655674 0.00676547
v 0.04010145 -0.00550173 0.00676547
v 0.04240121 -0.00426147 0.00676547
v 0.04243652 -0.00432096 0.00640000
v 0.04072259 -0.00526763 0.00640000
v 0.04013186 -0.00556386 0.00640000
v 0.03725740 -0.00682545 0.00640000
v 0.03536075 -0.00752594 0.00640000
v 0.03315813 -0.00824237 0.00640000
v 0.02822801 -0.00960650 0.00640000
v 0.01955700 -0.01182900 0.00640000
v 0.01823900 -0.01220113 0.00640000
v 0.01380249 -0.01360709 0.00640000
v 0.01115282 -0.01459402 0.00640000
v 0.00908018 -0.01546203 0.00640000
v 0.01458564 -0.00040145 0.00738146
v 0.00908566 -0.00035329 0.00735981
v 0.01458566 -0.00035529 0.00735981
v 0.01458568 -0.00029316 0.00731213
v 0.00908570 -0.00024349 0.00725000
v 0.01458571 -0.00020529 0.00710000
v 0.00908571 -0.00020329 0.00710000
v 0.01458571 -0.00022383 0.00720384
v 0.01458570 -0.00024548 0.00725000
v 0.04639856 -0.00149456 0.00446877
v 0.04673631 -0.00120158 0.00384818
v 0.04736613 -0.00062872 0.00612908
v 0.04683448 -0.00111460 0.00352034
v 0.04689664 -0.00105909 0.00296619
v 0.04736613 -0.00062872 -0.00612908
v 0.04689664 -0.00105909 -0.00296619
v 0.04683566 -0.00111354 -0.00351507
v 0.04673132 -0.00120597 -0.00386119
v 0.04666271 -0.00126624 -0.00402401
v 0.04702946 -0.00093935 -0.00633293
v 0.04665576 -0.00127233 -0.00640000
v 0.01153475 -0.01444372 0.00569803
v 0.01380249 -0.01360709 -0.00640000
v 0.01826155 -0.01219462 -0.00640000
v 0.01960991 -0.01181440 -0.00565180
v 0.00908018 -0.01546203 -0.00640000
v 0.01153475 -0.01444372 -0.00569803
v 0.01115790 -0.01459200 -0.00640000
v 0.01380267 -0.01360760 -0.00568331
v 0.01543491 -0.01305891 -0.00567366
v 0.03315813 -0.00824237 -0.00640000
v 0.02809685 -0.00964007 -0.00561375
v 0.02822801 -0.00960650 -0.00640000
v 0.01955700 -0.01182900 -0.00640000
v 0.03725740 -0.00682545 -0.00640000
v 0.03653368 -0.00710332 -0.00556970
v 0.03543074 -0.00750161 -0.00640000
v 0.03445371 -0.00783200 -0.00558232
v 0.03234618 -0.00848577 -0.00559366
v 0.04636820 -0.00152043 -0.00640000
v 0.04626890 -0.00160452 -0.00462973
v 0.04607445 -0.00176687 -0.00482887
v 0.04542561 -0.00228734 -0.00526278
v 0.04528325 -0.00239733 -0.00532386
v 0.04464671 -0.00287166 -0.00640000
v 0.04438544 -0.00305840 -0.00550009
v 0.04372509 -0.00351104 -0.00640000
v 0.04372505 -0.00351098 -0.00550786
v 0.04249915 -0.00428367 -0.00640000
v 0.04251047 -0.00427645 -0.00552101
v 0.04072259 -0.00526763 -0.00640000
v 0.04057087 -0.00534436 -0.00553937
v 0.03785076 -0.00658680 -0.00640000
v 0.03857560 -0.00628052 -0.00555550
v 0.03725737 -0.00682540 -0.00556490
v 0.04702946 -0.00093935 0.00633293
v 0.04630161 -0.00157689 0.00459147
v 0.04569499 -0.00207514 0.00511701
v 0.04550976 -0.00222162 0.00522163
v 0.04438544 -0.00305840 0.00550009
v 0.04453619 -0.00295120 0.00549386
v 0.04528067 -0.00239931 0.00532487
v 0.04372505 -0.00351098 0.00550786
v 0.04251047 -0.00427645 0.00552101
v 0.04057087 -0.00534436 0.00553937
v 0.03857560 -0.00628052 0.00555550
v 0.03725737 -0.00682540 0.00556490
v 0.03234618 -0.00848577 0.00559366
v 0.03445371 -0.00783200 0.00558232
v 0.03653368 -0.00710332 0.00556970
v 0.02809685 -0.00964007 0.00561375
v 0.01960991 -0.01181440 0.00565180
v 0.01543491 -0.01305891 0.00567366
v 0.01380267 -0.01360760 0.00568331
v 0.01458571 -0.00020529 -0.00710000
v 0.00908571 -0.00020329 -0.00710000
v 0.04460596 -0.00281534 -0.00676547
v 0.04246370 -0.00422428 -0.00676547
v 0.01824236 -0.01212816 -0.00676547
v 0.01290327 -0.01286456 -0.00740000
v 0.01315743 -0.01277394 -0.00740000
v 0.01323174 -0.01298368 -0.00737493
v 0.01594380 -0.01184696 -0.00740000
v 0.01798416 -0.01123388 -0.00740000
v 0.01804589 -0.01144765 -0.00737493
v 0.03907120 -0.00496173 -0.00740000
v 0.03978320 -0.00462050 -0.00740000
v 0.03988184 -0.00482045 -0.00737493
v 0.04099908 -0.00398909 -0.00740000
v 0.04198662 -0.00342501 -0.00740000
v 0.04210068 -0.00361608 -0.00737493
v 0.04274620 -0.00295553 -0.00740000
v 0.04442905 -0.00178975 -0.00740000
v 0.04419084 -0.00224149 -0.00737493
v 0.04599730 -0.00051971 -0.00740000
v 0.00908046 -0.01469682 -0.00735419
v 0.00908058 -0.01437064 -0.00740000
v 0.01010016 -0.01394093 -0.00740000
v 0.01087093 -0.01386951 -0.00737493
v 0.01099072 -0.01417111 -0.00723711
v 0.00908034 -0.01501621 -0.00720601
v 0.01106451 -0.01435688 -0.00706490
v 0.00908026 -0.01525547 -0.00698507
v 0.01113239 -0.01452778 -0.00676547
v 0.00908020 -0.01540812 -0.00671019
v 0.01346831 -0.01365130 -0.00676547
v 0.01340689 -0.01347797 -0.00706490
v 0.01334013 -0.01328956 -0.00723711
v 0.01819135 -0.01195148 -0.00706490
v 0.01813590 -0.01175944 -0.00723711
v 0.01950936 -0.01080541 -0.00740000
v 0.02293883 -0.01013434 -0.00737493
v 0.02301863 -0.01044889 -0.00723711
v 0.02306779 -0.01064264 -0.00706490
v 0.02311301 -0.01082088 -0.00676547
v 0.02798446 -0.00863660 -0.00740000
v 0.03199465 -0.00754676 -0.00740000
v 0.02785974 -0.00889821 -0.00737493
v 0.03275833 -0.00755139 -0.00737493
v 0.02794006 -0.00921263 -0.00723711
v 0.03285248 -0.00786195 -0.00723711
v 0.02798954 -0.00940630 -0.00706490
v 0.03291047 -0.00805324 -0.00706490
v 0.02803505 -0.00958447 -0.00676547
v 0.03296383 -0.00822923 -0.00676547
v 0.03474145 -0.00668084 -0.00740000
v 0.03517496 -0.00676752 -0.00737493
v 0.03528174 -0.00707398 -0.00723711
v 0.03534751 -0.00726274 -0.00706490
v 0.03540802 -0.00743640 -0.00676547
v 0.03782447 -0.00652281 -0.00676547
v 0.03775458 -0.00635272 -0.00706490
v 0.03767861 -0.00616783 -0.00723711
v 0.03755528 -0.00586766 -0.00737493
v 0.03697286 -0.00586254 -0.00740000
v 0.04019519 -0.00545566 -0.00676547
v 0.04011383 -0.00529075 -0.00706490
v 0.04002540 -0.00511148 -0.00723711
v 0.04236945 -0.00406637 -0.00706490
v 0.04226700 -0.00389473 -0.00723711
v 0.04449818 -0.00266635 -0.00706490
v 0.04438103 -0.00250441 -0.00723711
v 0.04661021 -0.00122027 -0.00676547
v 0.04648912 -0.00108187 -0.00706490
v 0.04635750 -0.00093142 -0.00723711
v 0.04623967 -0.00079674 -0.00732979
v 0.04614383 -0.00068719 -0.00737493
v 0.01458571 -0.00022383 -0.00720384
v 0.00908570 -0.00024349 -0.00725000
v 0.01458570 -0.00024548 -0.00725000
v 0.01458568 -0.00029316 -0.00731213
v 0.00908566 -0.00035329 -0.00735981
v 0.01458560 -0.00050529 -0.00740000
v 0.00908560 -0.00050329 -0.00740000
v 0.01458564 -0.00040145 -0.00738146
v 0.01458566 -0.00035529 -0.00735981
v 0.01580556 0.00034432 -0.00740000
v 0.01550498 -0.00012486 -0.00740000
v 0.01503559 -0.00042510 -0.00740000
v 0.04600009 0.00718332 -0.00740000
v 0.01588608 0.00079424 -0.00740000
v 0.01588840 0.00719424 -0.00740000
v 0.01798985 0.00259822 0.00390873
v 0.01798985 0.00259822 -0.00390873
v 0.01802750 0.00277984 0.00390873
v 0.01802750 0.00277984 -0.00390873
v 0.01805979 0.00284449 0.00390873
v 0.01805979 0.00284449 -0.00390873
v 0.01813945 0.00294606 0.00390873
v 0.01813945 0.00294606 -0.00390873
v 0.01824245 0.00302386 0.00390873
v 0.01824245 0.00302386 -0.00390873
v 0.01848995 0.00308931 0.00390873
v 0.01848995 0.00308931 -0.00390873
v 0.01836072 0.00305517 0.00416952
v 0.01852846 0.00308930 0.00410000
v 0.01863637 0.00308926 0.00426224
v 0.01850800 0.00305519 0.00439059
v 0.01879860 0.00308920 0.00437015
v 0.01898977 0.00277950 0.00487100
v 0.01862193 0.00278155 0.00479615
v 0.01898979 0.00284415 0.00483873
v 0.01866485 0.00294681 0.00469273
v 0.01898988 0.00308913 0.00440865
v 0.01872908 0.00305504 0.00453787
v 0.01898985 0.00302359 0.00465613
v 0.01898982 0.00294576 0.00475911
v 0.01828275 0.00260173 0.00461568
v 0.01860720 0.00260066 0.00483152
v 0.01898970 0.00259786 0.00490858
v 0.01838942 0.00294724 0.00450913
v 0.01831009 0.00278234 0.00458840
v 0.01806691 0.00260086 0.00429123
v 0.01820582 0.00294697 0.00423370
v 0.01810234 0.00278174 0.00427657
v 0.01898988 0.00308913 -0.00440865
v 0.04400748 0.00308006 -0.00440865
v 0.04506801 0.00307968 0.00396941
v 0.04458146 0.00307986 0.00429450
v 0.04539310 0.00307956 0.00348285
v 0.04400748 0.00308006 0.00440865
v 0.04550725 0.00307951 0.00290888
v 0.04550725 0.00307951 -0.00290888
v 0.04506801 0.00307968 -0.00396941
v 0.04539310 0.00307956 -0.00348285
v 0.04458146 0.00307986 -0.00429450
v 0.01852825 0.00308930 -0.00409995
v 0.01863637 0.00308926 -0.00426224
v 0.01879865 0.00308920 -0.00437036
v 0.01788905 -0.00305884 -0.00400747
v 0.01788905 -0.00305884 0.00400747
v 0.01806649 0.00260086 -0.00429113
v 0.01810196 0.00278174 -0.00427647
v 0.01820549 0.00294698 -0.00423362
v 0.01836045 0.00305517 -0.00416945
v 0.01850800 0.00305519 -0.00439059
v 0.01838942 0.00294724 -0.00450913
v 0.01831009 0.00278234 -0.00458840
v 0.01828275 0.00260173 -0.00461568
v 0.01872914 0.00305503 -0.00453814
v 0.01866493 0.00294681 -0.00469307
v 0.01862202 0.00278155 -0.00479654
v 0.01898970 0.00259786 -0.00490858
v 0.01860730 0.00260067 -0.00483194
v 0.01898985 0.00302359 -0.00465613
v 0.01898982 0.00294576 -0.00475911
v 0.01898979 0.00284415 -0.00483873
v 0.01898977 0.00277950 -0.00487100
v 0.01782220 -0.00363659 -0.00402092
v 0.01782220 -0.00363659 0.00402092
v 0.01764547 -0.00419063 -0.00403382
v 0.01764547 -0.00419063 0.00403382
v 0.01736485 -0.00470002 -0.00404567
v 0.01736485 -0.00470002 0.00404567
v 0.01699148 -0.00514591 -0.00405605
v 0.01699148 -0.00514591 0.00405605
v 0.01653888 -0.00551111 -0.00406456
v 0.01653888 -0.00551111 0.00406456
v 0.01602447 -0.00578243 -0.00407088
v 0.01488844 -0.00600540 0.00407607
v 0.01488844 -0.00600540 -0.00407607
v 0.01546731 -0.00594906 0.00407476
v 0.01546731 -0.00594906 -0.00407476
v 0.01591579 -0.00582438 0.00407185
v 0.01602447 -0.00578243 0.00407088
v 0.01248666 -0.00600453 -0.00407607
v 0.01248666 -0.00600453 0.00407607
v 0.04400731 0.00258879 -0.00490858
v 0.04477256 0.00259118 -0.00475632
v 0.04400737 0.00277042 -0.00487100
v 0.04475795 0.00277208 -0.00472092
v 0.04400739 0.00283508 -0.00483873
v 0.04471514 0.00293737 -0.00461740
v 0.04465098 0.00304564 -0.00446238
v 0.04400746 0.00301452 -0.00465613
v 0.04400743 0.00293669 -0.00475911
v 0.04519635 0.00304551 -0.00409776
v 0.04531486 0.00293748 -0.00421630
v 0.04539406 0.00277252 -0.00429557
v 0.04542128 0.00259189 -0.00432285
v 0.04556097 0.00304531 -0.00355239
v 0.04571595 0.00293700 -0.00361659
v 0.04581941 0.00277169 -0.00365946
v 0.04600700 0.00258806 -0.00290888
v 0.04585475 0.00259079 -0.00367413
v 0.04575471 0.00301389 -0.00290888
v 0.04585766 0.00293602 -0.00290888
v 0.04593724 0.00283438 -0.00290888
v 0.04596949 0.00276971 -0.00290888
v 0.04600700 0.00258806 0.00290888
v 0.04596949 0.00276971 0.00290888
v 0.04593724 0.00283438 0.00290888
v 0.04585766 0.00293602 0.00290888
v 0.04575471 0.00301389 0.00290888
v 0.04465098 0.00304564 0.00446238
v 0.04519635 0.00304551 0.00409776
v 0.04581941 0.00277169 0.00365946
v 0.04571595 0.00293700 0.00361659
v 0.04556097 0.00304531 0.00355239
v 0.04542128 0.00259189 0.00432285
v 0.04585475 0.00259079 0.00367413
v 0.04531486 0.00293748 0.00421630
v 0.04539406 0.00277252 0.00429557
v 0.04477256 0.00259118 0.00475632
v 0.04471514 0.00293737 0.00461740
v 0.04475795 0.00277208 0.00472092
v 0.04400731 0.00258879 0.00490858
v 0.04400746 0.00301452 0.00465613
v 0.04400743 0.00293669 0.00475911
v 0.04400739 0.00283508 0.00483873
v 0.04400737 0.00277042 0.00487100
v 0.01488821 -0.00664662 0.00500950
v 0.01488809 -0.00698795 0.00507592
v 0.01247773 -0.00698707 0.00507592
v 0.01248597 -0.00607986 0.00445463
v 0.01248115 -0.00660989 0.00499400
v 0.01248405 -0.00629128 0.00477698
v 0.01488834 -0.00629215 0.00477698
v 0.01488842 -0.00606586 0.00441850
v 0.01810979 -0.00368617 0.00472663
v 0.01789187 -0.00364517 0.00438821
v 0.01795094 -0.00305391 0.00435347
v 0.01854290 -0.00305412 0.00494544
v 0.01888890 -0.00305921 0.00500732
v 0.01879977 -0.00382953 0.00502077
v 0.01818202 -0.00305173 0.00471436
v 0.01844066 -0.00375349 0.00494951
v 0.01856413 -0.00456825 0.00503366
v 0.01822726 -0.00442464 0.00496149
v 0.01818996 -0.00524744 0.00504552
v 0.01788789 -0.00504191 0.00497251
v 0.01769214 -0.00584196 0.00505590
v 0.01743599 -0.00558241 0.00498215
v 0.01791677 -0.00429500 0.00473839
v 0.01760937 -0.00485514 0.00474921
v 0.01719976 -0.00534574 0.00475869
v 0.01670270 -0.00574775 0.00476646
v 0.01771179 -0.00421275 0.00440046
v 0.01742510 -0.00473488 0.00441172
v 0.01704317 -0.00519216 0.00442158
v 0.01657975 -0.00556685 0.00442966
v 0.01605277 -0.00584531 0.00443566
v 0.01558967 -0.00655633 0.00499954
v 0.01565990 -0.00691283 0.00507461
v 0.01640279 -0.00669066 0.00507072
v 0.01626476 -0.00635423 0.00499593
v 0.01552487 -0.00623008 0.00477578
v 0.01708866 -0.00632890 0.00506440
v 0.01688790 -0.00602520 0.00499005
v 0.01613742 -0.00604654 0.00477223
v 0.01548177 -0.00601636 0.00443935
v 0.01488842 -0.00606586 -0.00441850
v 0.01248115 -0.00660989 -0.00499400
v 0.01247773 -0.00698707 -0.00507592
v 0.01488809 -0.00698795 -0.00507592
v 0.01248597 -0.00607986 -0.00445463
v 0.01248405 -0.00629128 -0.00477698
v 0.01488834 -0.00629215 -0.00477698
v 0.01488821 -0.00664662 -0.00500950
v 0.01854290 -0.00305412 -0.00494544
v 0.01888890 -0.00305921 -0.00500732
v 0.01818202 -0.00305173 -0.00471436
v 0.01795094 -0.00305391 -0.00435347
v 0.01789187 -0.00364517 -0.00438821
v 0.01558967 -0.00655633 -0.00499954
v 0.01844066 -0.00375349 -0.00494952
v 0.01879977 -0.00382953 -0.00502077
v 0.01822726 -0.00442464 -0.00496149
v 0.01856413 -0.00456825 -0.00503366
v 0.01788789 -0.00504191 -0.00497251
v 0.01818996 -0.00524744 -0.00504552
v 0.01743599 -0.00558241 -0.00498215
v 0.01769214 -0.00584196 -0.00505590
v 0.01688790 -0.00602520 -0.00499005
v 0.01708866 -0.00632890 -0.00506440
v 0.01626476 -0.00635423 -0.00499593
v 0.01640279 -0.00669066 -0.00507072
v 0.01565990 -0.00691283 -0.00507461
v 0.01810979 -0.00368617 -0.00472663
v 0.01791677 -0.00429500 -0.00473839
v 0.01760937 -0.00485514 -0.00474921
v 0.01719976 -0.00534574 -0.00475869
v 0.01670270 -0.00574775 -0.00476646
v 0.01613742 -0.00604654 -0.00477223
v 0.01552487 -0.00623008 -0.00477578
v 0.01771179 -0.00421275 -0.00440046
v 0.01742510 -0.00473488 -0.00441172
v 0.01704317 -0.00519216 -0.00442158
v 0.01657975 -0.00556685 -0.00442966
v 0.01605277 -0.00584531 -0.00443566
v 0.01548177 -0.00601636 -0.00443935
v 0.01197780 -0.00698689 -0.00457600
v 0.01185991 -0.01360354 -0.00469149
v 0.01204483 -0.00698372 -0.00482592
v 0.01192694 -0.01360037 -0.00494141
v 0.01212428 -0.00698333 -0.00492944
v 0.01200639 -0.01359998 -0.00504494
v 0.01222781 -0.00698379 -0.00500889
v 0.01210991 -0.01360044 -0.00512439
v 0.01229374 -0.00698441 -0.00504078
v 0.01217584 -0.01360105 -0.00515627
v 0.01235983 -0.01360372 -0.00519142
v 0.01202334 -0.00636527 -0.00433440
v 0.01198588 -0.00653328 -0.00426535
v 0.01198400 -0.00663899 -0.00442653
v 0.01202092 -0.00650928 -0.00455465
v 0.01198116 -0.00679830 -0.00453504
v 0.01229783 -0.00662086 -0.00496087
v 0.01212885 -0.00666187 -0.00485846
v 0.01201727 -0.00672658 -0.00470334
v 0.01213269 -0.00639102 -0.00467281
v 0.01230128 -0.00631433 -0.00475113
v 0.01213524 -0.00621163 -0.00439811
v 0.01230356 -0.00611119 -0.00444046
v 0.01198655 -0.00649562 -0.00407607
v 0.01205649 -0.00624935 -0.00407607
v 0.01213615 -0.00614778 -0.00407607
v 0.01223915 -0.00606998 -0.00407607
v 0.01230438 -0.00603887 -0.00407607
v 0.01230438 -0.00603887 0.00407607
v 0.01223915 -0.00606998 0.00407607
v 0.01213615 -0.00614778 0.00407607
v 0.01205649 -0.00624935 0.00407607
v 0.01198655 -0.00649562 0.00407607
v 0.01201727 -0.00672658 0.00470334
v 0.01198116 -0.00679830 0.00453504
v 0.01198400 -0.00663899 0.00442653
v 0.01202092 -0.00650928 0.00455465
v 0.01198588 -0.00653328 0.00426535
v 0.01230356 -0.00611119 0.00444046
v 0.01213524 -0.00621163 0.00439811
v 0.01202334 -0.00636527 0.00433440
v 0.01213269 -0.00639102 0.00467281
v 0.01230128 -0.00631433 0.00475113
v 0.01212885 -0.00666187 0.00485846
v 0.01229783 -0.00662086 0.00496087
v 0.01197780 -0.00698689 0.00457600
v 0.01204483 -0.00698372 0.00482592
v 0.01212428 -0.00698333 0.00492944
v 0.01222781 -0.00698379 0.00500889
v 0.01229374 -0.00698441 0.00504078
v 0.01185991 -0.01360354 0.00469149
v 0.01192694 -0.01360037 0.00494141
v 0.01200639 -0.01359998 0.00504494
v 0.01210991 -0.01360044 0.00512439
v 0.01217584 -0.01360105 0.00515627
v 0.01235983 -0.01360372 0.00519142
v 0.01573608 0.00079429 0.00735981
v 0.01567394 0.00079432 0.00731213
v 0.01560657 0.00041781 0.00731213
v 0.01562627 0.00079434 0.00725000
v 0.01560462 0.00079434 0.00720384
v 0.01554153 0.00044183 0.00720384
v 0.01508576 -0.00007150 0.00710000
v 0.01493185 -0.00014361 0.00710000
v 0.01493826 -0.00016100 0.00720384
v 0.01578224 0.00079428 0.00738146
v 0.01570816 0.00038029 0.00738146
v 0.01543159 -0.00005141 0.00738146
v 0.01499968 -0.00032767 0.00738146
v 0.01496223 -0.00022605 0.00731213
v 0.01529293 0.00008735 0.00710000
v 0.01530603 0.00007423 0.00720384
v 0.01545192 0.00029440 0.00710000
v 0.01552414 0.00044825 0.00710000
v 0.01558608 0.00079435 0.00710000
v 0.01535504 0.00002519 0.00731213
v 0.04488800 0.00607974 -0.00600000
v 0.01688800 0.00608989 -0.00600000
v 0.04488800 0.00607974 0.00600000
v 0.01688800 0.00608989 0.00600000
v 0.04646622 0.00784463 0.00706147
v 0.04688841 0.00771701 0.00693401
v 0.04685473 0.00793038 0.00663914
v 0.04787439 0.00666517 0.00607659
v 0.04784762 0.00656533 0.00616537
v 0.04799973 0.00618260 0.00540000
v 0.04644496 0.00751758 0.00728224
v 0.04685454 0.00742215 0.00714737
v 0.04724260 0.00752829 0.00674542
v 0.04600035 0.00789043 0.00710711
v 0.04600027 0.00768332 0.00726603
v 0.04684127 0.00799765 0.00630732
v 0.04639062 0.00814475 0.00638079
v 0.04644515 0.00806540 0.00673441
v 0.04720733 0.00772576 0.00649506
v 0.04749501 0.00746987 0.00631483
v 0.04787446 0.00685923 0.00588253
v 0.04784777 0.00694802 0.00578268
v 0.04788350 0.00676408 0.00598144
v 0.04795670 0.00659537 0.00560638
v 0.04720717 0.00727794 0.00694288
v 0.04749487 0.00709761 0.00668709
v 0.04752374 0.00729812 0.00651535
v 0.04600022 0.00755142 0.00732979
v 0.04669661 0.00712046 0.00727478
v 0.04639027 0.00716397 0.00736157
v 0.04629719 0.00717212 0.00737781
v 0.04676543 0.00710692 0.00724776
v 0.04711117 0.00701439 0.00706294
v 0.04716199 0.00699681 0.00702783
v 0.04741420 0.00688991 0.00681421
v 0.04777441 0.00664389 0.00632242
v 0.04600041 0.00804935 0.00690000
v 0.04600043 0.00811311 0.00676809
v 0.04600045 0.00818332 0.00640000
v 0.04756357 0.00742994 0.00602359
v 0.04741446 0.00759702 0.00610711
v 0.04477746 -0.00203377 -0.00486605
v 0.04445540 -0.00233599 -0.00496137
v 0.04409700 -0.00265872 -0.00500017
v 0.04480029 -0.00201189 -0.00485696
v 0.04502989 -0.00178836 -0.00474616
v 0.04553594 -0.00127234 -0.00433999
v 0.04567514 -0.00112442 -0.00416740
v 0.04606312 -0.00069519 -0.00296619
v 0.04601543 -0.00075035 -0.00340551
v 0.04595343 -0.00082006 -0.00362758
v 0.04606312 -0.00069519 0.00296619
v 0.04600345 -0.00076391 0.00345699
v 0.04587842 -0.00090334 0.00381694
v 0.04569891 -0.00109888 0.00413371
v 0.04541581 -0.00139785 0.00446250
v 0.04499985 -0.00181795 0.00476273
v 0.04479827 -0.00201382 0.00485777
v 0.04477793 -0.00203332 0.00486587
v 0.04409700 -0.00265872 0.00500017
v 0.01185644 -0.01379830 0.00471141
v 0.01214993 -0.01371866 0.00515817
v 0.01212512 -0.01383531 0.00517959
v 0.01197905 -0.01387292 0.00507280
v 0.01229039 -0.01381993 0.00522829
v 0.01232467 -0.01371352 0.00520159
v 0.01185308 -0.01398677 0.00476443
v 0.01188407 -0.01392729 0.00492388
v 0.01547111 -0.01253040 0.00517266
v 0.01870784 -0.01155576 0.00515563
v 0.01947699 -0.01134096 0.00515187
v 0.02339576 -0.01031353 0.00513392
v 0.02837393 -0.00906139 0.00511203
v 0.03197462 -0.00808213 0.00509491
v 0.04122125 -0.00444575 0.00503138
v 0.03930474 -0.00541302 0.00504828
v 0.03718154 -0.00632639 0.00506423
v 0.03477763 -0.00720576 0.00507960
v 0.04297230 -0.00341301 0.00501334
v 0.01187068 -0.01423840 0.00542212
v 0.01193305 -0.01423383 0.00547223
v 0.01210065 -0.01409768 0.00536845
v 0.01199967 -0.01409787 0.00530656
v 0.01181328 -0.01425387 0.00536683
v 0.01190964 -0.01411880 0.00522718
v 0.01176321 -0.01427986 0.00530844
v 0.01183907 -0.01415954 0.00513659
v 0.01223096 -0.01394209 0.00527862
v 0.01213141 -0.01406683 0.00534833
v 0.01179314 -0.01421575 0.00504300
v 0.01181162 -0.01417778 0.00498056
v 0.01172227 -0.01431514 0.00524927
v 0.01209029 -0.01394389 0.00521902
v 0.01196638 -0.01397211 0.00512069
v 0.01187971 -0.01402442 0.00499590
v 0.01184006 -0.01409155 0.00486449
v 0.01223096 -0.01394209 -0.00527862
v 0.01229039 -0.01381993 -0.00522829
v 0.01209029 -0.01394389 -0.00521902
v 0.01212512 -0.01383531 -0.00517959
v 0.01196638 -0.01397211 -0.00512069
v 0.01197905 -0.01387292 -0.00507280
v 0.01187971 -0.01402442 -0.00499590
v 0.01188407 -0.01392729 -0.00492388
v 0.01184006 -0.01409155 -0.00486449
v 0.01185308 -0.01398677 -0.00476443
v 0.01176321 -0.01427986 -0.00530844
v 0.01172227 -0.01431514 -0.00524927
v 0.01179314 -0.01421575 -0.00504300
v 0.01183907 -0.01415954 -0.00513659
v 0.01181328 -0.01425387 -0.00536683
v 0.01190964 -0.01411880 -0.00522718
v 0.01187068 -0.01423840 -0.00542212
v 0.01199967 -0.01409787 -0.00530656
v 0.01181162 -0.01417778 -0.00498056
v 0.01210065 -0.01409768 -0.00536845
v 0.01213141 -0.01406683 -0.00534833
v 0.01193305 -0.01423383 -0.00547223
v 0.02022028 -0.01113840 -0.00514833
v 0.01625982 -0.01228114 -0.00516831
v 0.02588744 -0.00969004 -0.00512302
v 0.02797297 -0.00916429 -0.00511383
v 0.01317950 -0.01330572 -0.00518621
v 0.03071613 -0.00843853 -0.00510114
v 0.03400432 -0.00746114 -0.00508406
v 0.03641292 -0.00662327 -0.00506942
v 0.04236371 -0.00379013 -0.00501993
v 0.04054943 -0.00480238 -0.00503761
v 0.03857695 -0.00574292 -0.00505404
v 0.01185644 -0.01379830 -0.00471141
v 0.01214993 -0.01371866 -0.00515817
v 0.01232467 -0.01371352 -0.00520159
v 0.04783309 0.00043204 0.00619444
v 0.04787151 0.00022509 0.00600416
v 0.04799779 0.00082920 0.00540000
v 0.04771110 -0.00006043 0.00628973
v 0.04769101 -0.00020198 0.00613413
v 0.04783294 0.00003482 0.00579722
v 0.04763342 -0.00032078 0.00597506
v 0.04769111 0.00009518 0.00643130
v 0.04763363 0.00025428 0.00655011
v 0.04746754 -0.00044517 0.00642062
v 0.04748056 -0.00032512 0.00655451
v 0.04746763 -0.00019123 0.00667456
v 0.04736639 0.00010035 0.00685815
v 0.01577394 0.00817144 0.00640000
v 0.01567659 0.00810645 0.00640000
v 0.01567657 0.00805007 0.00671570
v 0.01561153 0.00800914 0.00640000
v 0.01560723 0.00799818 0.00640000
v 0.01560721 0.00794849 0.00667822
v 0.01562859 0.00719433 0.00725000
v 0.01567626 0.00719432 0.00731213
v 0.01567638 0.00751002 0.00725575
v 0.01573840 0.00719430 0.00735981
v 0.01578456 0.00719428 0.00738146
v 0.01578468 0.00753398 0.00732080
v 0.01588871 0.00806027 0.00690000
v 0.01588874 0.00813243 0.00674612
v 0.01578490 0.00811507 0.00673970
v 0.01588876 0.00819424 0.00640000
v 0.01578492 0.00817574 0.00640000
v 0.01588865 0.00790135 0.00710711
v 0.01578481 0.00788827 0.00709399
v 0.01588858 0.00769424 0.00726603
v 0.01588852 0.00754036 0.00733819
v 0.01558849 0.00743663 0.00705673
v 0.01558840 0.00719435 0.00710000
v 0.01560694 0.00719434 0.00720384
v 0.01560704 0.00747256 0.00715415
v 0.01560714 0.00776274 0.00696840
v 0.01558858 0.00768932 0.00689497
v 0.01558863 0.00785108 0.00664228
v 0.01558865 0.00789435 0.00640000
v 0.01567650 0.00783929 0.00704497
v 0.01688876 0.00819388 -0.00600000
v 0.04488876 0.00818373 -0.00600000
v 0.04488876 0.00818373 0.00600000
v 0.01688876 0.00819388 0.00600000
v 0.01558865 0.00789435 -0.00640000
v 0.01560723 0.00799818 -0.00640000
v 0.01561153 0.00800914 -0.00640000
v 0.01567659 0.00810645 -0.00640000
v 0.01588876 0.00819424 -0.00640000
v 0.01578492 0.00817574 -0.00640000
v 0.01577394 0.00817144 -0.00640000
v 0.04636247 -0.00035852 0.00736669
v 0.04705561 -0.00004422 0.00709754
v 0.04671751 -0.00019892 0.00726587
v 0.04600045 0.00818332 -0.00640000
v 0.04639062 0.00814475 -0.00638079
v 0.04684127 0.00799765 -0.00630732
v 0.04741446 0.00759702 -0.00610711
v 0.04756357 0.00742994 -0.00602359
v 0.04784777 0.00694802 -0.00578268
v 0.04795670 0.00659537 -0.00560638
v 0.04799973 0.00618260 -0.00540000
v 0.04584451 -0.00179341 -0.00455956
v 0.04623478 -0.00155834 -0.00430469
v 0.04612126 -0.00154972 -0.00422768
v 0.04646669 -0.00135550 -0.00389925
v 0.04633545 -0.00135486 -0.00383978
v 0.04661590 -0.00122221 -0.00344528
v 0.04647080 -0.00122831 -0.00341208
v 0.04669815 -0.00116804 -0.00296619
v 0.04647194 -0.00117827 -0.00296619
v 0.04520776 -0.00240047 -0.00512951
v 0.04559231 -0.00209530 -0.00492379
v 0.04593951 -0.00180952 -0.00464688
v 0.04429846 -0.00294141 -0.00514726
v 0.04436375 -0.00303089 -0.00531636
v 0.04469886 -0.00263205 -0.00508822
v 0.04514849 -0.00237231 -0.00503556
v 0.04492769 -0.00217694 -0.00485876
v 0.04542830 -0.00202487 -0.00475373
v 0.04500263 -0.00225590 -0.00489455
v 0.04507832 -0.00232305 -0.00495482
v 0.04457433 -0.00249184 -0.00498208
v 0.04420035 -0.00280444 -0.00503591
v 0.04533823 -0.00195531 -0.00469923
v 0.04573980 -0.00174736 -0.00448834
v 0.04626443 -0.00108768 -0.00296619
v 0.04611815 -0.00091483 -0.00296619
v 0.04619065 -0.00110427 -0.00337466
v 0.04609383 -0.00099105 -0.00337554
v 0.04607321 -0.00123263 -0.00376914
v 0.04597564 -0.00112662 -0.00376698
v 0.04588414 -0.00142939 -0.00413019
v 0.04578798 -0.00133161 -0.00412098
v 0.04563626 -0.00167474 -0.00444185
v 0.04554450 -0.00158444 -0.00442362
v 0.04525374 -0.00187129 -0.00467172
v 0.04603697 -0.00086777 -0.00338721
v 0.04591199 -0.00101157 -0.00378385
v 0.04571820 -0.00122604 -0.00413572
v 0.04547159 -0.00148755 -0.00443135
v 0.04518128 -0.00178178 -0.00467008
v 0.04599956 -0.00150566 -0.00416669
v 0.04619820 -0.00131293 -0.00379403
v 0.04632187 -0.00118817 -0.00338713
v 0.04636299 -0.00114487 -0.00296619
v 0.04608000 -0.00081574 0.00296619
v 0.04611815 -0.00091483 0.00296619
v 0.04622956 -0.00105918 0.00296619
v 0.04626443 -0.00108768 0.00296619
v 0.04636299 -0.00114487 0.00296619
v 0.04647194 -0.00117827 0.00296619
v 0.04669815 -0.00116804 0.00296619
v 0.04546778 -0.00149151 0.00443512
v 0.04485701 -0.00209534 0.00484824
v 0.04571653 -0.00122784 0.00413814
v 0.04554071 -0.00158828 0.00442751
v 0.04563237 -0.00167849 0.00444588
v 0.04578636 -0.00133334 0.00412344
v 0.04591041 -0.00101336 0.00378752
v 0.04573575 -0.00175106 0.00449249
v 0.04588249 -0.00143106 0.00413271
v 0.04597413 -0.00112832 0.00377064
v 0.04603612 -0.00086877 0.00339127
v 0.04618987 -0.00110514 0.00337865
v 0.04609304 -0.00099198 0.00337952
v 0.04607170 -0.00123425 0.00377286
v 0.04619660 -0.00131451 0.00379786
v 0.04599784 -0.00150730 0.00416929
v 0.04633372 -0.00135646 0.00384379
v 0.04611940 -0.00155138 0.00423038
v 0.04646480 -0.00135717 0.00390346
v 0.04623279 -0.00156006 0.00430749
v 0.04584021 -0.00179714 0.00456383
v 0.04593494 -0.00181334 0.00465125
v 0.04559061 -0.00209668 0.00492491
v 0.04520535 -0.00240234 0.00513053
v 0.04514619 -0.00237415 0.00503658
v 0.04436375 -0.00303089 0.00531636
v 0.04507612 -0.00232488 0.00495583
v 0.04429846 -0.00294141 0.00514726
v 0.04500052 -0.00225775 0.00489553
v 0.04425362 -0.00287903 0.00508415
v 0.04492564 -0.00217882 0.00485969
v 0.04420035 -0.00280444 0.00503591
v 0.04414909 -0.00273231 0.00500967
v 0.04632105 -0.00118902 0.00339124
v 0.04646990 -0.00122918 0.00341642
v 0.04661489 -0.00122312 0.00344992
v 0.01533594 -0.01276158 0.00520981
v 0.01538831 -0.01292125 0.00532124
v 0.01542322 -0.01302603 0.00549017
v 0.04234592 -0.00400904 0.00505692
v 0.04042561 -0.00506623 0.00507537
v 0.03844786 -0.00599411 0.00509156
v 0.03642109 -0.00681076 0.00510581
v 0.02801732 -0.00933708 0.00514994
v 0.03225563 -0.00818582 0.00512982
v 0.03435354 -0.00753506 0.00511846
v 0.01952458 -0.01151295 0.00518798
v 0.01959982 -0.01178100 0.00546833
v 0.02808744 -0.00960648 0.00543029
v 0.03233548 -0.00845256 0.00541018
v 0.03444188 -0.00779917 0.00539882
v 0.03652039 -0.00707103 0.00538618
v 0.01956972 -0.01167477 0.00529941
v 0.02805939 -0.00949970 0.00526138
v 0.03230354 -0.00834686 0.00524126
v 0.03440654 -0.00769452 0.00522989
v 0.03648067 -0.00696793 0.00521723
v 0.03851549 -0.00614806 0.00520297
v 0.04050254 -0.00521583 0.00518676
v 0.04243310 -0.00415304 0.00516830
v 0.03856054 -0.00624898 0.00537194
v 0.04055377 -0.00531385 0.00535577
v 0.04249114 -0.00424728 0.00533735
v 0.01533594 -0.01276158 -0.00520981
v 0.01538831 -0.01292125 -0.00532124
v 0.01542322 -0.01302603 -0.00549017
v 0.01952458 -0.01151295 -0.00518798
v 0.02801732 -0.00933708 -0.00514994
v 0.03225563 -0.00818582 -0.00512982
v 0.03435354 -0.00753506 -0.00511846
v 0.03642109 -0.00681076 -0.00510581
v 0.03844786 -0.00599411 -0.00509156
v 0.04042561 -0.00506623 -0.00507537
v 0.04234592 -0.00400904 -0.00505692
v 0.01959982 -0.01178100 -0.00546833
v 0.02808744 -0.00960648 -0.00543029
v 0.03233548 -0.00845256 -0.00541018
v 0.03444188 -0.00779917 -0.00539882
v 0.03652039 -0.00707103 -0.00538618
v 0.03856054 -0.00624898 -0.00537194
v 0.04055377 -0.00531385 -0.00535577
v 0.04249114 -0.00424728 -0.00533735
v 0.01956972 -0.01167477 -0.00529941
v 0.02805939 -0.00949970 -0.00526138
v 0.03230354 -0.00834686 -0.00524126
v 0.03440654 -0.00769452 -0.00522989
v 0.03648067 -0.00696793 -0.00521723
v 0.03851549 -0.00614806 -0.00520297
v 0.04050254 -0.00521583 -0.00518676
v 0.04243310 -0.00415304 -0.00516830
v 0.04674605 -0.00085698 0.00703993
v 0.04657356 -0.00061640 0.00726582
v 0.04688986 -0.00044060 0.00714416
v 0.04705930 -0.00084277 0.00663741
v 0.04701227 -0.00066874 0.00692486
v 0.04718452 -0.00027226 0.00696655
v 0.04783294 0.00003482 -0.00579722
v 0.04799779 0.00082920 -0.00540000
v 0.04763342 -0.00032078 -0.00597506
v 0.01558608 0.00079435 -0.00710000
v 0.01552414 0.00044825 -0.00710000
v 0.01545192 0.00029440 -0.00710000
v 0.01529293 0.00008735 -0.00710000
v 0.01508576 -0.00007150 -0.00710000
v 0.01493185 -0.00014361 -0.00710000
v 0.01558858 0.00768932 -0.00689497
v 0.01558849 0.00743663 -0.00705673
v 0.01558863 0.00785108 -0.00664228
v 0.01558840 0.00719435 -0.00710000
v 0.01577359 0.00719428 -0.00737716
v 0.01567626 0.00719432 -0.00731213
v 0.01567638 0.00751002 -0.00725575
v 0.01561123 0.00719434 -0.00721481
v 0.01560694 0.00719434 -0.00720384
v 0.01560704 0.00747256 -0.00715415
v 0.01567657 0.00805007 -0.00671570
v 0.01578490 0.00811507 -0.00673970
v 0.01578456 0.00719428 -0.00738146
v 0.01578468 0.00753398 -0.00732079
v 0.01588852 0.00754036 -0.00733819
v 0.01578481 0.00788827 -0.00709400
v 0.01588865 0.00790135 -0.00710711
v 0.01588874 0.00813243 -0.00674612
v 0.01560721 0.00794849 -0.00667822
v 0.01560714 0.00776274 -0.00696840
v 0.01567650 0.00783929 -0.00704497
v 0.04788350 0.00676408 -0.00598144
v 0.04600023 0.00756601 -0.00732388
v 0.04639027 0.00716397 -0.00736157
v 0.04644496 0.00751758 -0.00728224
v 0.04684094 0.00709033 -0.00721464
v 0.04787439 0.00666517 -0.00607659
v 0.04749487 0.00709761 -0.00668709
v 0.04749501 0.00746987 -0.00631483
v 0.04600042 0.00810720 -0.00678268
v 0.04644515 0.00806540 -0.00673442
v 0.04685473 0.00793038 -0.00663914
v 0.04720733 0.00772576 -0.00649506
v 0.04795662 0.00638899 -0.00581276
v 0.04787746 0.00652707 -0.00608885
v 0.04784762 0.00656533 -0.00616537
v 0.04756335 0.00680635 -0.00664719
v 0.04741420 0.00688991 -0.00681421
v 0.04720717 0.00727794 -0.00694288
v 0.04685454 0.00742215 -0.00714737
v 0.04787446 0.00685923 -0.00588253
v 0.04752374 0.00729812 -0.00651536
v 0.04724260 0.00752829 -0.00674542
v 0.04688841 0.00771701 -0.00693401
v 0.04646622 0.00784463 -0.00706147
v 0.04600035 0.00789043 -0.00710711
v 0.04787151 0.00022509 -0.00600416
v 0.04771110 -0.00006043 -0.00628973
v 0.04769111 0.00009518 -0.00643130
v 0.04783309 0.00043204 -0.00619444
v 0.04763363 0.00025428 -0.00655011
v 0.04769101 -0.00020198 -0.00613413
v 0.04736639 0.00010035 -0.00685815
v 0.04746763 -0.00019123 -0.00667456
v 0.04748056 -0.00032512 -0.00655451
v 0.04746754 -0.00044517 -0.00642062
v 0.04657356 -0.00061640 -0.00726582
v 0.04636247 -0.00035852 -0.00736669
v 0.04674605 -0.00085698 -0.00703993
v 0.04705930 -0.00084277 -0.00663741
v 0.04671751 -0.00019892 -0.00726587
v 0.04688986 -0.00044060 -0.00714416
v 0.04701227 -0.00066874 -0.00692486
v 0.04718452 -0.00027226 -0.00696655
v 0.04705561 -0.00004422 -0.00709754
v 0.01496223 -0.00022605 -0.00731213
v 0.01493826 -0.00016100 -0.00720384
v 0.01567394 0.00079432 -0.00731213
v 0.01577127 0.00079428 -0.00737716
v 0.01570816 0.00038029 -0.00738146
v 0.01578224 0.00079428 -0.00738146
v 0.01560462 0.00079434 -0.00720384
v 0.01554153 0.00044183 -0.00720384
v 0.01530603 0.00007423 -0.00720384
v 0.01543159 -0.00005141 -0.00738146
v 0.01499968 -0.00032767 -0.00738146
v 0.01535504 0.00002519 -0.00731213
v 0.01560657 0.00041781 -0.00731213
v 0.01560891 0.00079434 -0.00721481
usemtl material_6
f 1 2 3
f 4 5 6
f 7 8 9
f 9 8 10
f 9 10 11
f 6 12 4
f 4 12 13
f 4 13 14
f 14 13 15
f 14 15 16
f 16 15 3
f 1 3 17
f 18 19 20
f 20 19 21
f 20 21 22
f 22 21 23
f 24 25 26
f 27 28 23
f 23 28 29
f 23 29 22
f 30 31 27
f 27 31 32
f 27 32 28
f 33 34 35
f 35 34 36
f 18 37 19
f 19 37 17
f 19 17 38
f 38 17 3
f 38 3 39
f 39 3 15
f 40 41 30
f 30 41 42
f 30 42 31
f 43 44 45
f 45 44 46
f 45 46 47
f 26 34 24
f 24 34 33
f 24 33 48
f 48 33 11
f 48 11 49
f 49 11 10
f 36 50 35
f 35 50 51
f 35 51 46
f 46 51 52
f 46 52 47
f 53 54 7
f 7 54 55
f 7 55 8
f 56 57 58
f 58 57 59
f 58 59 40
f 40 59 60
f 40 60 41
f 43 57 44
f 44 57 56
f 44 56 61
f 61 56 6
f 61 6 62
f 62 6 5
f 62 5 63
f 63 5 64
f 63 64 65
f 65 64 66
f 65 66 53
f 53 66 67
f 53 67 54
f 68 69 70
f 70 69 71
f 72 73 74
f 74 73 75
f 70 71 76
f 76 71 77
f 76 77 78
f 78 77 79
f 78 79 80
f 80 79 81
f 80 81 75
f 75 81 74
f 82 83 84
f 84 83 85
f 85 83 86
f 86 83 87
f 86 87 88
f 88 87 89
f 89 87 90
f 89 90 91
f 91 90 92
f 91 92 93
f 94 95 96
f 97 98 99
f 100 101 102
f 100 102 103
f 103 102 104
f 103 104 105
f 105 104 106
f 106 104 107
f 106 107 108
f 108 107 109
f 108 109 110
f 111 112 113
f 113 112 114
f 113 114 115
f 115 114 116
f 115 116 117
f 117 116 118
f 117 118 109
f 109 118 119
f 109 119 110
f 120 121 111
f 111 121 122
f 111 122 112
f 123 124 125
f 125 124 126
f 125 126 120
f 120 126 127
f 120 127 121
f 128 129 123
f 123 129 130
f 123 130 124
f 123 131 128
f 128 131 132
f 128 132 133
f 133 132 83
f 133 83 82
f 134 92 90
f 90 135 134
f 134 135 136
f 134 136 137
f 137 136 138
f 137 138 139
f 139 138 140
f 139 140 141
f 141 140 142
f 141 142 143
f 143 142 144
f 143 144 145
f 145 144 146
f 145 146 147
f 147 146 148
f 147 148 149
f 149 148 150
f 149 150 151
f 151 150 152
f 151 152 153
f 153 152 154
f 153 154 155
f 155 154 156
f 155 156 157
f 157 156 99
f 157 99 158
f 158 99 98
f 158 98 159
f 101 94 102
f 102 94 96
f 102 96 104
f 104 96 160
f 104 160 107
f 107 160 161
f 107 161 109
f 109 161 162
f 109 162 117
f 117 162 163
f 117 163 115
f 115 163 164
f 115 164 113
f 113 164 165
f 113 165 111
f 111 165 166
f 111 166 120
f 120 166 167
f 120 167 125
f 125 167 168
f 125 168 123
f 123 168 169
f 123 169 131
f 131 169 170
f 131 170 132
f 132 170 171
f 132 171 83
f 83 171 87
f 95 97 96
f 96 97 99
f 96 99 160
f 160 99 156
f 160 156 161
f 161 156 154
f 161 154 162
f 162 154 152
f 162 152 163
f 163 152 150
f 163 150 164
f 164 150 148
f 164 148 165
f 165 148 146
f 165 146 166
f 166 146 144
f 166 144 167
f 167 144 142
f 167 142 168
f 168 142 140
f 168 140 169
f 169 140 138
f 169 138 170
f 170 138 136
f 170 136 171
f 171 136 135
f 171 135 87
f 87 135 90
f 100 172 101
f 101 172 173
f 101 173 94
f 94 173 174
f 94 174 95
f 95 174 175
f 95 175 97
f 97 175 176
f 97 176 98
f 98 176 177
f 98 177 159
f 159 177 178
f 179 180 72
f 181 182 183
f 184 182 185
f 185 182 181
f 185 181 186
f 186 181 187
f 186 187 188
f 188 187 189
f 189 187 190
f 189 190 191
f 192 193 194
f 194 193 195
f 194 195 196
f 72 197 179
f 179 197 198
f 179 198 199
f 199 198 200
f 199 200 193
f 193 200 201
f 193 201 195
f 202 191 192
f 192 191 190
f 192 190 193
f 193 190 187
f 193 187 199
f 199 187 181
f 199 181 179
f 179 181 183
f 179 183 180
f 71 69 203
f 203 69 204
f 203 204 205
f 205 204 206
f 206 204 207
f 206 207 208
f 208 207 209
f 209 207 210
f 209 210 211
f 41 212 42
f 42 212 213
f 214 57 43
f 214 43 215
f 215 43 45
f 215 45 216
f 26 25 217
f 218 219 52
f 217 220 26
f 26 220 221
f 26 221 34
f 34 221 222
f 34 222 36
f 36 222 223
f 36 223 50
f 50 223 218
f 50 218 51
f 51 218 52
f 224 225 226
f 227 228 229
f 229 228 224
f 230 84 227
f 224 226 229
f 229 226 231
f 229 231 232
f 232 231 233
f 232 233 234
f 234 233 235
f 234 235 236
f 227 229 230
f 230 229 232
f 230 232 237
f 237 232 234
f 237 234 238
f 238 234 236
f 238 236 239
f 240 93 241
f 240 89 91
f 240 242 89
f 89 242 243
f 89 243 88
f 227 84 244
f 244 84 85
f 244 85 86
f 227 244 228
f 228 244 245
f 228 245 224
f 224 245 246
f 224 246 225
f 240 241 242
f 242 241 247
f 242 247 248
f 91 93 240
f 86 88 244
f 244 88 243
f 244 243 245
f 245 243 242
f 245 242 246
f 246 242 248
f 246 248 225
f 79 77 249
f 249 77 71
f 74 81 250
f 250 81 251
f 250 251 252
f 252 251 253
f 252 253 254
f 254 253 255
f 255 253 256
f 255 256 257
f 258 259 260
f 211 259 209
f 209 259 258
f 209 258 208
f 208 258 261
f 71 203 249
f 249 203 205
f 249 205 261
f 261 205 206
f 261 206 208
f 262 257 260
f 260 257 256
f 260 256 258
f 258 256 253
f 258 253 261
f 261 253 251
f 261 251 249
f 249 251 81
f 249 81 79
f 84 230 82
f 82 230 237
f 25 24 239
f 239 24 82
f 239 82 238
f 238 82 237
f 5 100 103
f 5 103 64
f 82 24 133
f 133 24 48
f 133 48 128
f 128 48 49
f 128 49 129
f 129 49 130
f 130 49 10
f 130 10 124
f 8 127 10
f 10 127 126
f 10 126 124
f 55 122 8
f 8 122 121
f 8 121 127
f 54 114 55
f 55 114 112
f 55 112 122
f 67 118 54
f 54 118 116
f 54 116 114
f 66 110 67
f 67 110 119
f 67 119 118
f 103 105 64
f 64 105 106
f 64 106 66
f 66 106 108
f 66 108 110
f 263 264 62
f 62 264 265
f 62 265 61
f 61 265 266
f 61 266 44
f 44 266 267
f 44 267 46
f 46 267 268
f 46 268 35
f 35 268 269
f 35 269 33
f 33 269 270
f 33 270 11
f 11 270 271
f 11 271 9
f 9 271 272
f 9 272 7
f 7 272 273
f 7 273 53
f 53 273 274
f 53 274 65
f 65 274 275
f 65 275 63
f 63 275 263
f 63 263 62
f 276 38 277
f 277 38 39
f 277 39 278
f 278 39 15
f 278 15 279
f 279 15 280
f 280 15 13
f 280 13 281
f 281 13 12
f 281 12 282
f 282 12 6
f 282 6 283
f 6 56 283
f 283 56 58
f 283 58 284
f 284 58 40
f 284 40 285
f 285 40 30
f 285 30 286
f 286 30 27
f 286 27 287
f 287 27 23
f 287 23 288
f 288 23 21
f 288 21 276
f 276 21 19
f 276 19 38
f 289 290 291
f 292 293 294
f 295 296 297
f 172 296 173
f 173 296 295
f 173 295 174
f 174 295 298
f 174 298 175
f 175 298 176
f 176 298 299
f 176 299 177
f 300 301 302
f 303 304 301
f 305 304 306
f 306 304 303
f 306 303 307
f 307 303 308
f 291 309 289
f 289 309 310
f 289 310 308
f 308 310 311
f 308 311 307
f 301 300 303
f 303 300 312
f 303 312 308
f 308 312 292
f 308 292 289
f 289 292 294
f 289 294 290
f 178 177 302
f 302 177 299
f 302 299 300
f 300 299 298
f 300 298 312
f 312 298 295
f 312 295 292
f 292 295 297
f 292 297 293
f 5 4 100
f 100 4 172
f 264 263 159
f 305 202 313
f 313 202 192
f 313 192 314
f 314 192 194
f 314 194 196
f 143 145 272
f 272 145 273
f 143 272 141
f 141 272 271
f 141 271 139
f 196 262 315
f 315 262 260
f 283 270 269
f 145 147 273
f 273 147 149
f 273 149 274
f 316 314 317
f 317 314 196
f 317 196 318
f 318 196 315
f 260 259 315
f 315 259 211
f 315 211 210
f 139 271 137
f 137 271 270
f 137 270 134
f 264 159 265
f 149 151 274
f 274 151 153
f 274 153 275
f 285 319 284
f 284 319 320
f 284 320 283
f 283 320 321
f 321 322 283
f 283 322 93
f 283 93 270
f 270 93 92
f 270 92 134
f 153 155 275
f 275 155 157
f 275 157 263
f 263 157 158
f 263 158 159
f 287 313 286
f 286 313 323
f 286 323 285
f 285 323 324
f 285 324 319
f 269 268 283
f 283 268 267
f 283 267 282
f 282 267 266
f 287 288 313
f 313 288 276
f 313 276 305
f 266 265 282
f 282 265 159
f 282 159 281
f 281 159 178
f 281 178 280
f 280 178 302
f 280 302 279
f 276 277 305
f 305 277 278
f 305 278 304
f 304 278 279
f 304 279 301
f 301 279 302
f 42 213 31
f 31 213 325
f 31 325 32
f 32 325 326
f 32 326 28
f 28 326 327
f 28 327 29
f 29 327 328
f 29 328 22
f 22 328 329
f 22 329 20
f 20 329 330
f 212 41 60
f 212 60 331
f 331 60 59
f 331 59 332
f 57 214 59
f 59 214 332
f 216 45 333
f 333 45 47
f 333 47 219
f 219 47 52
f 217 25 334
f 334 25 335
f 235 335 236
f 236 335 25
f 236 25 239
f 336 337 338
f 339 340 341
f 231 226 342
f 323 343 324
f 324 343 344
f 324 344 345
f 346 322 347
f 347 322 321
f 347 321 348
f 348 321 320
f 348 320 349
f 349 320 319
f 349 319 350
f 350 319 324
f 350 324 351
f 351 324 345
f 351 345 352
f 247 241 346
f 346 241 93
f 346 93 322
f 353 225 248
f 354 235 233
f 352 336 351
f 351 336 338
f 351 338 350
f 350 338 355
f 350 355 349
f 349 355 356
f 349 356 348
f 348 356 357
f 348 357 347
f 347 357 358
f 347 358 346
f 226 225 342
f 342 225 353
f 342 353 359
f 337 339 338
f 338 339 341
f 338 341 355
f 355 341 360
f 355 360 356
f 356 360 361
f 356 361 357
f 357 361 362
f 357 362 358
f 233 231 354
f 354 231 342
f 354 342 363
f 363 342 359
f 363 359 364
f 364 359 365
f 340 366 341
f 341 366 367
f 341 367 360
f 360 367 368
f 360 368 361
f 361 368 365
f 361 365 362
f 362 365 359
f 362 359 358
f 358 359 353
f 358 353 346
f 346 353 248
f 346 248 247
f 369 370 371
f 369 371 372
f 372 371 373
f 372 373 374
f 374 373 375
f 374 375 376
f 376 375 323
f 376 323 313
f 377 378 379
f 340 339 380
f 381 382 380
f 337 336 383
f 383 336 352
f 383 352 384
f 384 352 345
f 384 345 385
f 385 345 344
f 385 344 343
f 386 387 388
f 388 387 389
f 388 389 370
f 370 389 371
f 379 390 391
f 391 390 392
f 391 392 393
f 393 392 366
f 393 366 340
f 339 337 380
f 380 337 383
f 380 383 381
f 381 383 384
f 381 384 394
f 394 384 385
f 340 380 393
f 393 380 382
f 393 382 391
f 391 382 395
f 391 395 379
f 377 379 386
f 386 379 395
f 386 395 387
f 387 395 382
f 387 382 389
f 389 382 381
f 389 381 371
f 371 381 394
f 371 394 373
f 373 394 385
f 373 385 375
f 375 385 343
f 375 343 323
f 396 366 397
f 397 366 392
f 397 392 398
f 392 390 398
f 398 390 379
f 398 379 399
f 399 379 378
f 399 378 400
f 72 74 197
f 197 74 250
f 197 250 198
f 255 200 254
f 254 200 198
f 254 198 252
f 252 198 250
f 262 196 257
f 257 196 195
f 257 195 255
f 255 195 201
f 255 201 200
f 18 20 330
f 330 401 18
f 18 401 402
f 18 402 37
f 37 402 403
f 37 403 17
f 17 403 404
f 17 404 1
f 1 404 405
f 1 405 2
f 291 290 3
f 3 290 16
f 172 4 296
f 296 4 14
f 290 294 16
f 16 294 293
f 16 293 14
f 14 293 297
f 14 297 296
f 291 184 309
f 309 184 185
f 309 185 310
f 310 185 186
f 310 186 311
f 311 186 188
f 311 188 307
f 307 188 189
f 307 189 306
f 306 189 191
f 306 191 305
f 305 191 202
f 184 406 182
f 182 406 407
f 182 407 183
f 183 407 408
f 183 408 180
f 180 408 409
f 180 409 72
f 72 409 73
f 410 411 412
f 412 413 410
f 410 413 414
f 410 414 415
f 415 414 416
f 417 418 419
f 419 418 420
f 419 420 421
f 421 420 414
f 421 414 422
f 422 414 413
f 423 424 417
f 417 424 425
f 417 425 418
f 426 427 428
f 428 427 429
f 428 429 430
f 430 429 431
f 430 431 423
f 423 431 432
f 423 432 424
f 223 222 426
f 426 222 221
f 426 221 427
f 427 221 220
f 427 220 217
f 327 433 434
f 435 436 437
f 437 436 438
f 437 438 439
f 439 438 440
f 439 440 441
f 441 440 442
f 441 442 415
f 415 442 443
f 415 443 410
f 216 444 215
f 215 444 411
f 215 411 214
f 327 326 433
f 433 326 325
f 433 325 445
f 445 325 213
f 445 213 446
f 446 213 212
f 446 212 331
f 447 329 434
f 434 329 328
f 434 328 327
f 216 333 444
f 444 333 219
f 444 219 426
f 426 219 218
f 426 218 223
f 435 405 404
f 448 401 447
f 447 401 330
f 447 330 329
f 404 403 435
f 435 403 402
f 435 402 436
f 436 402 401
f 436 401 449
f 449 401 448
f 214 411 332
f 332 411 410
f 332 410 331
f 331 410 450
f 331 450 446
f 451 217 452
f 452 217 334
f 452 334 453
f 454 455 423
f 423 455 456
f 423 456 430
f 430 456 457
f 430 457 428
f 428 457 458
f 428 458 426
f 426 458 459
f 426 459 444
f 444 459 460
f 444 460 411
f 411 460 461
f 411 461 412
f 412 461 462
f 412 462 413
f 413 462 463
f 413 463 422
f 422 463 464
f 422 464 421
f 421 464 465
f 421 465 419
f 419 465 466
f 419 466 417
f 417 466 454
f 417 454 423
f 438 436 467
f 467 436 449
f 467 449 468
f 468 449 448
f 468 448 469
f 469 448 447
f 469 447 470
f 470 447 434
f 470 434 471
f 471 434 433
f 471 433 472
f 472 433 445
f 472 445 473
f 473 445 446
f 473 446 474
f 474 446 450
f 474 450 475
f 475 450 410
f 475 410 476
f 476 410 443
f 476 443 477
f 477 443 442
f 477 442 478
f 478 442 440
f 478 440 479
f 479 440 438
f 479 438 467
f 480 481 482
f 452 453 483
f 451 452 484
f 452 483 484
f 484 483 485
f 484 485 486
f 486 485 487
f 486 487 488
f 488 487 489
f 488 489 490
f 451 484 491
f 491 484 486
f 491 486 492
f 492 486 488
f 492 488 482
f 482 488 490
f 482 490 480
f 363 493 494
f 235 354 335
f 335 354 363
f 335 363 334
f 334 363 494
f 334 494 453
f 493 363 495
f 495 363 364
f 495 364 496
f 496 364 365
f 496 365 368
f 366 396 367
f 367 396 497
f 367 497 368
f 368 497 498
f 368 498 496
f 499 500 501
f 502 397 503
f 503 397 398
f 503 398 399
f 504 505 506
f 506 505 501
f 506 501 507
f 507 501 508
f 508 501 500
f 508 500 509
f 399 400 499
f 499 400 510
f 499 510 500
f 500 510 511
f 500 511 509
f 512 513 514
f 514 513 515
f 514 515 516
f 516 515 517
f 516 517 518
f 512 519 513
f 513 519 520
f 513 520 502
f 502 520 396
f 502 396 397
f 509 521 508
f 508 521 522
f 508 522 507
f 507 522 523
f 507 523 506
f 506 523 524
f 506 524 504
f 399 499 503
f 503 499 501
f 503 501 502
f 502 501 505
f 502 505 513
f 513 505 504
f 513 504 515
f 515 504 524
f 515 524 517
f 369 525 526
f 511 510 400
f 527 521 528
f 369 526 370
f 378 377 529
f 529 377 386
f 528 530 527
f 527 530 531
f 527 531 369
f 369 531 532
f 369 532 525
f 526 533 370
f 370 533 529
f 370 529 388
f 388 529 386
f 509 534 521
f 521 534 535
f 521 535 528
f 509 511 534
f 534 511 400
f 534 400 536
f 536 400 378
f 536 378 537
f 537 378 529
f 538 539 540
f 372 374 314
f 314 374 376
f 314 376 313
f 540 541 538
f 538 541 527
f 538 527 314
f 314 527 369
f 314 369 372
f 542 315 543
f 543 315 210
f 544 545 68
f 68 545 543
f 68 543 69
f 69 543 210
f 69 210 204
f 204 210 207
f 405 435 546
f 184 291 3
f 3 2 184
f 184 2 405
f 184 405 406
f 406 405 546
f 547 548 441
f 441 548 439
f 546 435 549
f 549 435 437
f 548 550 439
f 439 550 551
f 439 551 437
f 437 551 552
f 437 552 549
f 441 415 547
f 547 415 553
f 554 431 429
f 427 555 556
f 427 556 429
f 429 556 557
f 429 557 554
f 554 558 431
f 431 558 559
f 431 559 432
f 559 560 432
f 432 560 561
f 432 561 424
f 561 562 424
f 424 562 563
f 424 563 425
f 563 564 425
f 425 564 565
f 425 565 418
f 566 420 567
f 567 420 418
f 567 418 568
f 568 418 565
f 566 569 420
f 420 569 570
f 420 570 414
f 570 571 414
f 414 571 572
f 414 572 416
f 416 572 573
f 416 573 415
f 415 573 553
f 491 492 555
f 555 492 482
f 555 482 481
f 427 217 555
f 555 217 451
f 555 451 491
f 490 489 574
f 575 576 577
f 577 576 578
f 577 578 579
f 579 578 580
f 490 576 480
f 480 576 575
f 480 575 481
f 581 582 583
f 490 574 584
f 584 574 585
f 584 585 586
f 586 585 587
f 586 587 581
f 581 587 582
f 583 580 581
f 581 580 578
f 581 578 586
f 586 578 576
f 586 576 584
f 584 576 490
f 516 518 588
f 574 489 589
f 453 494 483
f 483 494 485
f 574 589 585
f 516 588 514
f 519 512 590
f 590 512 514
f 590 514 591
f 591 514 588
f 591 588 592
f 498 593 496
f 496 593 594
f 496 594 495
f 495 594 595
f 495 595 493
f 493 595 596
f 493 596 494
f 494 596 487
f 494 487 485
f 597 598 590
f 590 598 520
f 590 520 519
f 489 487 589
f 589 487 596
f 589 596 599
f 599 596 595
f 599 595 600
f 600 595 594
f 600 594 601
f 601 594 593
f 597 590 602
f 602 590 591
f 602 591 603
f 603 591 592
f 603 592 604
f 587 585 605
f 605 585 589
f 605 589 606
f 606 589 599
f 606 599 607
f 607 599 600
f 607 600 608
f 608 600 601
f 396 520 497
f 497 520 598
f 497 598 498
f 498 598 597
f 498 597 593
f 593 597 602
f 593 602 601
f 601 602 603
f 601 603 608
f 608 603 604
f 608 604 607
f 607 604 609
f 607 609 606
f 606 609 610
f 606 610 605
f 605 610 582
f 605 582 587
f 527 541 521
f 521 541 522
f 522 541 523
f 523 541 540
f 523 540 524
f 539 518 540
f 540 518 517
f 540 517 524
f 611 543 612
f 612 543 545
f 612 545 613
f 613 545 614
f 614 545 544
f 614 544 615
f 615 544 616
f 616 544 68
f 616 68 70
f 617 618 611
f 619 620 618
f 621 620 622
f 622 620 619
f 622 619 623
f 623 619 624
f 623 624 625
f 625 624 626
f 626 624 627
f 626 627 628
f 628 627 80
f 628 80 75
f 629 76 78
f 70 76 616
f 616 76 629
f 616 629 615
f 615 629 630
f 611 612 617
f 617 612 613
f 617 613 630
f 630 613 614
f 630 614 615
f 618 617 619
f 619 617 630
f 619 630 624
f 624 630 629
f 624 629 627
f 627 629 78
f 627 78 80
f 75 73 628
f 628 73 631
f 628 631 626
f 626 631 632
f 626 632 625
f 625 632 633
f 625 633 623
f 623 633 634
f 623 634 622
f 622 634 635
f 622 635 621
f 621 635 636
f 637 638 639
f 639 638 640
f 639 640 641
f 642 643 644
f 644 645 642
f 642 645 646
f 642 646 638
f 638 646 647
f 638 647 640
f 406 644 407
f 407 644 643
f 407 643 408
f 648 409 408
f 73 409 631
f 631 409 648
f 631 648 632
f 632 648 649
f 636 635 650
f 650 635 634
f 650 634 649
f 649 634 633
f 649 633 632
f 408 643 648
f 648 643 642
f 648 642 649
f 649 642 638
f 649 638 650
f 650 638 637
f 650 637 636
f 651 641 652
f 652 641 640
f 652 640 653
f 653 640 647
f 653 647 654
f 654 647 646
f 654 646 655
f 655 646 645
f 655 645 656
f 656 645 644
f 656 644 546
f 546 644 406
f 653 654 657
f 655 656 658
f 659 660 661
f 662 663 664
f 651 652 665
f 651 665 666
f 666 665 667
f 666 667 668
f 668 667 664
f 668 664 669
f 669 664 663
f 669 663 670
f 547 671 548
f 548 671 672
f 548 672 550
f 550 672 673
f 550 673 551
f 551 673 552
f 552 673 658
f 552 658 549
f 549 658 656
f 549 656 546
f 671 659 672
f 672 659 661
f 672 661 673
f 673 661 674
f 673 674 658
f 658 674 657
f 658 657 655
f 655 657 654
f 660 662 661
f 661 662 664
f 661 664 674
f 674 664 667
f 674 667 657
f 657 667 665
f 657 665 653
f 653 665 652
f 547 553 671
f 671 553 675
f 671 675 659
f 659 675 676
f 659 676 660
f 660 676 677
f 660 677 662
f 662 677 678
f 662 678 663
f 663 678 679
f 663 679 670
f 670 679 680
f 678 677 681
f 676 675 682
f 555 683 684
f 555 684 556
f 556 684 685
f 556 685 557
f 557 685 554
f 554 685 686
f 554 686 558
f 558 686 687
f 558 687 559
f 688 564 689
f 689 564 563
f 689 563 690
f 690 563 562
f 690 562 691
f 691 562 561
f 691 561 687
f 687 561 560
f 687 560 559
f 692 568 688
f 688 568 565
f 688 565 564
f 693 569 694
f 694 569 566
f 694 566 692
f 692 566 567
f 692 567 568
f 572 571 693
f 693 571 570
f 693 570 569
f 693 695 572
f 572 695 682
f 572 682 573
f 573 682 675
f 573 675 553
f 696 680 679
f 679 697 696
f 696 697 698
f 696 698 699
f 699 698 700
f 699 700 701
f 701 700 702
f 701 702 703
f 703 702 704
f 703 704 705
f 705 704 706
f 705 706 707
f 707 706 708
f 707 708 709
f 709 708 710
f 709 710 711
f 711 710 712
f 711 712 713
f 713 712 714
f 713 714 715
f 715 714 716
f 715 716 717
f 717 716 718
f 717 718 719
f 719 718 720
f 719 720 721
f 721 720 722
f 721 722 723
f 683 724 684
f 684 724 725
f 684 725 685
f 685 725 726
f 685 726 686
f 686 726 727
f 686 727 687
f 687 727 728
f 687 728 691
f 691 728 729
f 691 729 690
f 690 729 730
f 690 730 689
f 689 730 731
f 689 731 688
f 688 731 732
f 688 732 692
f 692 732 733
f 692 733 694
f 694 733 734
f 694 734 693
f 693 734 735
f 693 735 695
f 695 735 736
f 695 736 682
f 682 736 681
f 682 681 676
f 676 681 677
f 724 722 725
f 725 722 720
f 725 720 726
f 726 720 718
f 726 718 727
f 727 718 716
f 727 716 728
f 728 716 714
f 728 714 729
f 729 714 712
f 729 712 730
f 730 712 710
f 730 710 731
f 731 710 708
f 731 708 732
f 732 708 706
f 732 706 733
f 733 706 704
f 733 704 734
f 734 704 702
f 734 702 735
f 735 702 700
f 735 700 736
f 736 700 698
f 736 698 681
f 681 698 697
f 681 697 678
f 678 697 679
f 723 722 582
f 582 722 583
f 575 577 724
f 724 577 579
f 724 579 722
f 722 579 580
f 722 580 583
f 724 683 575
f 575 683 555
f 575 555 481
f 666 479 467
f 468 539 637
f 637 539 538
f 637 538 636
f 636 538 737
f 707 454 466
f 465 703 466
f 466 703 705
f 466 705 707
f 464 699 465
f 465 699 701
f 465 701 703
f 462 670 463
f 463 670 680
f 463 680 464
f 464 680 696
f 464 696 699
f 670 478 669
f 669 478 479
f 669 479 668
f 668 479 666
f 543 611 542
f 542 611 618
f 461 475 462
f 462 475 476
f 462 476 670
f 670 476 477
f 670 477 478
f 637 639 468
f 468 639 641
f 468 641 467
f 467 641 651
f 467 651 666
f 618 620 542
f 542 620 621
f 542 621 738
f 738 621 636
f 738 636 739
f 739 636 737
f 468 469 539
f 539 469 470
f 539 470 518
f 518 470 471
f 518 471 588
f 472 461 471
f 471 461 460
f 472 473 461
f 461 473 474
f 461 474 475
f 610 460 582
f 582 460 459
f 582 459 723
f 723 459 458
f 610 609 460
f 460 609 604
f 460 604 471
f 471 604 592
f 471 592 588
f 457 719 458
f 458 719 721
f 458 721 723
f 707 709 454
f 454 709 711
f 454 711 455
f 455 711 713
f 455 713 456
f 456 713 715
f 456 715 457
f 457 715 717
f 457 717 719
f 315 542 738
f 315 738 318
f 318 738 739
f 318 739 317
f 317 739 737
f 317 737 316
f 316 737 538
f 316 538 314
f 532 740 525
f 525 740 741
f 525 741 526
f 526 741 742
f 526 742 533
f 533 742 743
f 533 743 529
f 529 743 744
f 529 744 537
f 537 744 745
f 537 745 536
f 536 745 746
f 536 746 534
f 534 746 747
f 534 747 535
f 535 747 748
f 535 748 528
f 528 748 749
f 528 749 530
f 530 749 750
f 530 750 531
f 531 750 751
f 531 751 532
f 532 751 740
f 752 753 754
f 755 756 757
f 757 756 758
f 757 758 759
f 760 761 762
f 760 762 763
f 754 764 752
f 752 764 762
f 752 762 765
f 765 762 761
f 766 767 768
f 768 767 769
f 768 769 770
f 770 769 771
f 770 771 755
f 755 771 772
f 755 772 756
f 758 773 759
f 759 773 774
f 759 774 762
f 762 774 775
f 762 775 763
f 776 777 778
f 779 780 781
f 782 783 780
f 784 785 783
f 767 766 785
f 785 784 767
f 767 784 786
f 767 786 769
f 769 786 771
f 771 786 787
f 771 787 772
f 772 787 756
f 756 787 788
f 756 788 758
f 788 789 758
f 758 789 790
f 758 790 773
f 773 790 791
f 773 791 774
f 774 791 792
f 774 792 775
f 775 792 763
f 763 792 793
f 763 793 760
f 760 793 794
f 760 794 761
f 761 794 765
f 765 794 795
f 765 795 752
f 752 795 796
f 752 796 753
f 797 798 799
f 778 777 800
f 800 777 801
f 800 801 802
f 783 803 784
f 784 803 804
f 784 804 786
f 786 804 805
f 786 805 787
f 787 805 806
f 787 806 788
f 788 806 807
f 788 807 789
f 789 807 808
f 789 808 790
f 790 808 809
f 790 809 791
f 791 809 810
f 791 810 792
f 792 810 811
f 792 811 793
f 793 811 812
f 793 812 794
f 794 812 797
f 794 797 795
f 795 797 799
f 795 799 796
f 783 782 803
f 803 782 813
f 803 813 804
f 804 813 814
f 804 814 805
f 805 814 815
f 805 815 806
f 806 815 816
f 806 816 807
f 807 816 817
f 807 817 808
f 808 817 818
f 808 818 809
f 809 818 819
f 809 819 810
f 810 819 820
f 810 820 811
f 811 820 821
f 811 821 812
f 812 821 822
f 812 822 797
f 797 822 823
f 797 823 798
f 780 779 782
f 782 779 824
f 782 824 813
f 813 824 825
f 813 825 814
f 814 825 826
f 814 826 815
f 815 826 827
f 815 827 816
f 816 827 828
f 816 828 817
f 817 828 829
f 817 829 818
f 818 829 830
f 818 830 819
f 819 830 831
f 819 831 820
f 820 831 832
f 820 832 821
f 821 832 778
f 821 778 822
f 822 778 800
f 822 800 823
f 776 778 833
f 833 778 832
f 833 832 834
f 834 832 831
f 834 831 835
f 835 831 830
f 835 830 836
f 836 830 829
f 836 829 837
f 837 829 828
f 837 828 838
f 838 828 827
f 838 827 839
f 839 827 826
f 839 826 840
f 840 826 825
f 840 825 841
f 841 825 824
f 841 824 842
f 842 824 779
f 842 779 843
f 843 779 781
f 843 781 844
f 770 845 768
f 768 845 846
f 845 847 846
f 846 847 848
f 846 848 849
f 850 851 852
f 852 851 849
f 852 849 853
f 853 849 848
f 854 855 856
f 855 857 856
f 856 857 858
f 856 858 859
f 859 858 860
f 859 860 861
f 861 862 859
f 859 862 863
f 859 863 864
f 864 863 865
f 842 843 866
f 867 868 869
f 843 844 866
f 866 844 870
f 866 870 871
f 871 870 872
f 871 872 873
f 873 872 867
f 873 867 874
f 874 867 869
f 875 876 877
f 877 876 869
f 877 869 878
f 878 869 868
f 879 880 881
f 881 880 882
f 881 882 875
f 875 882 883
f 875 883 876
f 865 863 884
f 884 863 885
f 884 885 886
f 886 887 884
f 884 887 888
f 884 888 889
f 889 888 890
f 889 890 891
f 891 890 892
f 891 892 893
f 893 892 894
f 893 894 895
f 895 894 896
f 895 896 897
f 897 896 898
f 897 898 879
f 879 898 899
f 879 899 880
f 856 900 854
f 854 900 802
f 854 802 901
f 901 802 801
f 901 801 902
f 902 801 903
f 904 905 777
f 777 905 801
f 801 905 906
f 801 906 903
f 904 777 907
f 907 777 776
f 907 776 908
f 908 776 833
f 908 833 909
f 833 834 909
f 909 834 835
f 909 835 910
f 910 835 836
f 910 836 911
f 912 913 837
f 837 913 836
f 836 913 914
f 836 914 911
f 837 838 912
f 912 838 839
f 912 839 915
f 915 839 840
f 915 840 916
f 916 840 841
f 916 841 917
f 917 841 842
f 917 842 918
f 918 842 866
f 850 919 851
f 851 919 920
f 884 889 921
f 891 893 922
f 878 868 923
f 924 925 926
f 927 928 929
f 930 931 932
f 933 934 935
f 936 937 938
f 938 937 939
f 940 941 942
f 942 943 940
f 940 943 944
f 940 944 945
f 945 944 946
f 945 946 947
f 947 946 948
f 947 948 949
f 949 948 872
f 949 872 870
f 867 872 950
f 950 872 948
f 950 948 951
f 951 948 946
f 951 946 952
f 952 946 944
f 952 944 926
f 926 944 943
f 926 943 924
f 924 943 942
f 868 867 923
f 923 867 950
f 923 950 953
f 953 950 951
f 953 951 954
f 954 951 952
f 954 952 929
f 929 952 926
f 929 926 927
f 927 926 925
f 928 955 929
f 929 955 956
f 929 956 954
f 954 956 957
f 954 957 953
f 953 957 958
f 953 958 923
f 923 958 959
f 923 959 878
f 878 959 877
f 960 961 962
f 962 961 963
f 962 963 964
f 964 963 965
f 964 965 966
f 966 965 967
f 966 967 968
f 968 967 969
f 961 970 963
f 963 970 971
f 963 971 965
f 965 971 972
f 965 972 967
f 967 972 973
f 967 973 969
f 969 973 974
f 955 960 956
f 956 960 962
f 956 962 957
f 957 962 964
f 957 964 958
f 958 964 966
f 958 966 959
f 959 966 968
f 959 968 877
f 877 968 969
f 877 969 875
f 875 969 974
f 875 974 881
f 881 974 879
f 897 879 975
f 975 879 974
f 975 974 976
f 976 974 973
f 976 973 977
f 977 973 972
f 977 972 978
f 978 972 971
f 978 971 979
f 979 971 970
f 895 897 980
f 980 897 975
f 980 975 981
f 981 975 976
f 981 976 982
f 982 976 977
f 982 977 932
f 932 977 978
f 932 978 930
f 930 978 979
f 893 895 922
f 922 895 980
f 922 980 983
f 983 980 981
f 983 981 984
f 984 981 982
f 984 982 935
f 935 982 932
f 935 932 933
f 933 932 931
f 889 891 921
f 921 891 922
f 921 922 985
f 985 922 983
f 985 983 986
f 986 983 984
f 986 984 938
f 938 984 935
f 938 935 936
f 936 935 934
f 865 884 987
f 987 884 921
f 987 921 988
f 988 921 985
f 988 985 989
f 989 985 986
f 989 986 990
f 990 986 938
f 990 938 991
f 991 938 939
f 919 992 920
f 920 992 993
f 992 994 993
f 993 994 995
f 993 995 996
f 997 998 999
f 999 998 996
f 999 996 1000
f 1000 996 995
f 942 941 998
f 942 998 924
f 1001 961 1002
f 1002 961 960
f 1002 960 1003
f 1004 939 937
f 936 1005 937
f 937 1005 1006
f 937 1006 1004
f 936 934 1005
f 1005 934 933
f 1005 933 931
f 960 955 1003
f 1003 955 928
f 1003 928 997
f 997 928 927
f 997 927 998
f 998 927 925
f 998 925 924
f 931 930 1005
f 1005 930 979
f 1005 979 1001
f 1001 979 970
f 1001 970 961
f 1007 1008 1009
f 1009 1008 1010
f 1009 1010 1011
f 1011 1010 1012
f 1011 1012 1013
f 1013 1012 1014
f 1013 1014 1015
f 1015 1014 1016
f 1015 1016 1017
f 1017 1016 1018
f 1019 1020 1021
f 1022 1021 1023
f 1024 1025 1026
f 1026 1025 1027
f 1023 1028 1029
f 1029 1028 1030
f 1029 1030 1027
f 1027 1030 1031
f 1027 1031 1026
f 1032 1025 1033
f 1033 1025 1024
f 1033 1024 1034
f 1023 1029 1022
f 1022 1029 1027
f 1022 1027 1035
f 1035 1027 1025
f 1035 1025 1036
f 1036 1025 1032
f 1036 1032 1037
f 1021 1022 1019
f 1019 1022 1035
f 1019 1035 1038
f 1038 1035 1036
f 1038 1036 1039
f 1039 1036 1037
f 1039 1037 1007
f 1017 1020 1015
f 1015 1020 1019
f 1015 1019 1013
f 1013 1019 1038
f 1013 1038 1011
f 1011 1038 1039
f 1011 1039 1009
f 1009 1039 1007
f 1040 1041 1018
f 1018 1041 1017
f 1042 1043 1044
f 1044 1043 1045
f 1044 1045 1046
f 1046 1045 1047
f 1048 1049 1050
f 1050 1049 1047
f 1050 1047 1041
f 1041 1047 1045
f 1041 1045 1017
f 1051 1052 1018
f 1018 1052 1053
f 1018 1053 1040
f 1021 1020 1023
f 1023 1020 1017
f 1023 1017 1028
f 1028 1017 1045
f 1054 1008 1055
f 1055 1008 1007
f 1008 1056 1010
f 1010 1056 1057
f 1010 1057 1012
f 1012 1057 1058
f 1051 1018 1059
f 1059 1018 1016
f 1059 1016 1058
f 1058 1016 1014
f 1058 1014 1012
f 1052 1051 1060
f 1060 1051 1059
f 1060 1059 1061
f 1061 1059 1058
f 1061 1058 1062
f 1062 1058 1057
f 1062 1057 1063
f 1063 1057 1056
f 1053 1052 1064
f 1064 1052 1060
f 1064 1060 1065
f 1065 1060 1061
f 1065 1061 1066
f 1066 1061 1062
f 1067 1066 1068
f 1068 1066 1062
f 1068 1062 1063
f 1040 1053 1069
f 1069 1053 1064
f 1069 1064 1070
f 1070 1064 1065
f 1070 1065 1071
f 1071 1065 1066
f 1071 1066 1072
f 1072 1066 1067
f 1054 1055 1073
f 1073 1055 1074
f 1073 1074 1075
f 1075 1074 1076
f 1075 1076 1077
f 1077 1076 1078
f 1077 1078 1079
f 1079 1078 1080
f 1079 1080 1081
f 1081 1080 1082
f 1081 1082 1083
f 1084 1085 1086
f 1086 1085 1087
f 1086 1087 1088
f 1088 1087 1083
f 1088 1083 1089
f 1089 1083 1082
f 1085 1084 1090
f 1090 1084 1091
f 1092 1093 1094
f 1094 1093 1095
f 1094 1095 1096
f 1096 1095 1097
f 1050 1041 1098
f 1098 1041 1099
f 1098 1099 1097
f 1097 1099 1100
f 1097 1100 1096
f 1048 1050 1101
f 1101 1050 1098
f 1101 1098 1102
f 1102 1098 1097
f 1102 1097 1103
f 1103 1097 1095
f 1103 1095 1104
f 1104 1095 1093
f 1049 1048 1105
f 1105 1048 1101
f 1105 1101 1106
f 1106 1101 1102
f 1106 1102 1107
f 1107 1102 1103
f 1108 1107 1109
f 1109 1107 1103
f 1109 1103 1104
f 1047 1049 1110
f 1110 1049 1105
f 1110 1105 1111
f 1111 1105 1106
f 1111 1106 1112
f 1112 1106 1107
f 1112 1107 1113
f 1113 1107 1108
f 1108 1114 1113
f 1113 1114 1115
f 1113 1115 1112
f 1112 1115 1116
f 1112 1116 1111
f 1111 1116 1117
f 1111 1117 1110
f 1110 1117 1118
f 1110 1118 1047
f 1047 1118 1046
f 1119 1043 1042
f 1120 1042 1044
f 1115 1121 1116
f 1116 1121 1122
f 1044 1046 1123
f 1123 1046 1118
f 1123 1118 1122
f 1122 1118 1117
f 1122 1117 1116
f 1124 1121 1125
f 1125 1121 1115
f 1125 1115 1114
f 1044 1123 1120
f 1120 1123 1122
f 1120 1122 1126
f 1126 1122 1121
f 1126 1121 1127
f 1127 1121 1124
f 1127 1124 1128
f 1042 1120 1119
f 1119 1120 1126
f 1119 1126 1129
f 1129 1126 1127
f 1129 1127 1130
f 1130 1127 1128
f 1130 1128 1131
f 1045 1043 1132
f 1132 1043 1119
f 1132 1119 1133
f 1133 1119 1129
f 1133 1129 1134
f 1134 1129 1130
f 1134 1130 1135
f 1135 1130 1131
f 1136 1137 1138
f 1139 1091 1084
f 1138 1140 1136
f 1136 1140 1141
f 1136 1141 1142
f 1142 1141 1139
f 1142 1139 1143
f 1143 1139 1084
f 1144 1145 1146
f 1147 1148 1149
f 1150 1147 1151
f 1147 1149 1151
f 1151 1149 1152
f 1151 1152 1153
f 1153 1152 1154
f 1153 1154 1155
f 1155 1154 1156
f 1155 1156 1157
f 1146 1150 1144
f 1144 1150 1151
f 1144 1151 1158
f 1158 1151 1153
f 1158 1153 1159
f 1159 1153 1155
f 1159 1155 1160
f 1160 1155 1157
f 1160 1157 1161
f 1145 1144 1162
f 1162 1144 1158
f 1162 1158 1163
f 1163 1158 1159
f 1163 1159 1164
f 1164 1159 1160
f 1164 1160 1165
f 1165 1160 1161
f 1165 1161 1166
f 1166 1082 1165
f 1165 1082 1080
f 1165 1080 1164
f 1164 1080 1078
f 1164 1078 1163
f 1163 1078 1076
f 1163 1076 1162
f 1162 1076 1074
f 1162 1074 1145
f 1145 1074 1055
f 1145 1055 1146
f 1086 1088 1166
f 1166 1088 1089
f 1166 1089 1082
f 1136 1167 1137
f 1137 1167 1168
f 1169 1168 1170
f 1170 1168 1167
f 1170 1167 1171
f 1171 1167 1136
f 1171 1136 1142
f 1172 1169 1173
f 1173 1169 1170
f 1173 1170 1174
f 1174 1170 1171
f 1174 1171 1175
f 1175 1171 1142
f 1175 1142 1143
f 1156 1172 1157
f 1157 1172 1173
f 1157 1173 1161
f 1161 1173 1174
f 1161 1174 1166
f 1166 1174 1175
f 1166 1175 1086
f 1086 1175 1143
f 1086 1143 1084
f 1146 1055 1007
f 1033 1034 1148
f 1007 1037 1146
f 1146 1037 1032
f 1146 1032 1150
f 1150 1032 1033
f 1150 1033 1147
f 1147 1033 1148
f 1028 1045 1030
f 1030 1045 1132
f 1030 1132 1031
f 1031 1132 1133
f 1031 1133 1026
f 1026 1133 1134
f 1026 1134 1024
f 1024 1134 1135
f 1024 1135 1034
f 1034 1135 1131
f 1176 1085 1090
f 1177 1178 1179
f 1090 1180 1176
f 1176 1180 1181
f 1176 1181 1182
f 1182 1181 1177
f 1182 1177 1183
f 1183 1177 1179
f 1067 1092 1072
f 1072 1092 1094
f 1072 1094 1071
f 1071 1094 1096
f 1071 1096 1070
f 1070 1096 1100
f 1070 1100 1069
f 1069 1100 1099
f 1069 1099 1040
f 1040 1099 1041
f 1184 1185 1067
f 1056 1008 1054
f 1067 1068 1184
f 1184 1068 1063
f 1184 1063 1186
f 1186 1063 1056
f 1186 1056 1187
f 1187 1056 1054
f 1186 1187 1188
f 1182 1183 1189
f 1185 1190 1191
f 1191 1190 1192
f 1191 1192 1193
f 1193 1192 1194
f 1193 1194 1195
f 1195 1194 1196
f 1195 1196 1197
f 1197 1196 1198
f 1197 1198 1199
f 1199 1198 1200
f 1199 1200 1201
f 1201 1200 1189
f 1201 1189 1202
f 1202 1189 1183
f 1202 1183 1179
f 1185 1184 1190
f 1190 1184 1203
f 1190 1203 1192
f 1192 1203 1204
f 1192 1204 1194
f 1194 1204 1205
f 1194 1205 1196
f 1196 1205 1206
f 1196 1206 1198
f 1198 1206 1207
f 1198 1207 1200
f 1200 1207 1208
f 1200 1208 1189
f 1189 1208 1209
f 1189 1209 1182
f 1182 1209 1176
f 1184 1186 1203
f 1203 1186 1188
f 1203 1188 1204
f 1204 1188 1210
f 1204 1210 1205
f 1205 1210 1211
f 1205 1211 1206
f 1206 1211 1212
f 1206 1212 1207
f 1207 1212 1213
f 1207 1213 1208
f 1208 1213 1214
f 1208 1214 1209
f 1209 1214 1215
f 1209 1215 1176
f 1176 1215 1085
f 1085 1215 1087
f 1087 1215 1214
f 1087 1214 1083
f 1083 1214 1213
f 1083 1213 1081
f 1081 1213 1212
f 1081 1212 1079
f 1079 1212 1211
f 1079 1211 1077
f 1077 1211 1210
f 1077 1210 1075
f 1075 1210 1188
f 1075 1188 1073
f 1073 1188 1187
f 1073 1187 1054
f 1216 1217 1218
f 1218 1217 1219
f 1218 1219 1220
f 1220 1219 1221
f 1220 1221 1222
f 1222 1221 1223
f 1222 1223 1224
f 1224 1223 1225
f 1224 1225 1178
f 1178 1225 1226
f 1227 1228 1229
f 1230 1229 1231
f 1224 1232 1222
f 1222 1232 1233
f 1231 1216 1234
f 1234 1216 1218
f 1234 1218 1233
f 1233 1218 1220
f 1233 1220 1222
f 1181 1232 1177
f 1177 1232 1224
f 1177 1224 1178
f 1231 1234 1230
f 1230 1234 1233
f 1230 1233 1235
f 1235 1233 1232
f 1235 1232 1236
f 1236 1232 1181
f 1236 1181 1180
f 1229 1230 1227
f 1227 1230 1235
f 1227 1235 1237
f 1237 1235 1236
f 1237 1236 1238
f 1238 1236 1180
f 1238 1180 1090
f 1239 1228 1240
f 1240 1228 1227
f 1240 1227 1241
f 1241 1227 1237
f 1241 1237 1242
f 1242 1237 1238
f 1242 1238 1243
f 1243 1238 1090
f 1090 1091 1243
f 1243 1091 1244
f 1243 1244 1242
f 1242 1244 1245
f 1242 1245 1241
f 1241 1245 1246
f 1241 1246 1240
f 1240 1246 1247
f 1240 1247 1239
f 1239 1247 1248
f 1249 1250 1251
f 1252 1251 1253
f 1244 1254 1245
f 1245 1254 1255
f 1253 1248 1256
f 1256 1248 1247
f 1256 1247 1255
f 1255 1247 1246
f 1255 1246 1245
f 1141 1254 1139
f 1139 1254 1244
f 1139 1244 1091
f 1253 1256 1252
f 1252 1256 1255
f 1252 1255 1257
f 1257 1255 1254
f 1257 1254 1258
f 1258 1254 1141
f 1258 1141 1140
f 1251 1252 1249
f 1249 1252 1257
f 1249 1257 1259
f 1259 1257 1258
f 1259 1258 1260
f 1260 1258 1140
f 1260 1140 1138
f 1261 1250 1262
f 1262 1250 1249
f 1262 1249 1263
f 1263 1249 1259
f 1263 1259 1264
f 1264 1259 1260
f 1264 1260 1265
f 1265 1260 1138
f 1266 1261 1267
f 1267 1261 1262
f 1267 1262 1268
f 1268 1262 1263
f 1268 1263 1269
f 1269 1263 1264
f 1269 1264 1270
f 1270 1264 1265
f 1270 1265 1271
f 1271 1265 1138
f 1272 1273 1274
f 1275 1276 1277
f 1278 1279 1280
f 762 1281 1282
f 762 1282 759
f 759 1282 1283
f 759 1283 757
f 757 1283 1284
f 757 1284 755
f 770 755 845
f 845 755 1284
f 845 1284 847
f 847 1284 848
f 852 853 1285
f 1278 1280 1286
f 1286 1280 1287
f 1286 1287 1288
f 1288 1287 1277
f 1288 1277 1289
f 1289 1277 1276
f 1289 1276 1290
f 1281 1272 1282
f 1282 1272 1274
f 1282 1274 1283
f 1283 1274 1291
f 1283 1291 1284
f 1284 1291 1285
f 1284 1285 848
f 848 1285 853
f 1273 1275 1274
f 1274 1275 1277
f 1274 1277 1291
f 1291 1277 1287
f 1291 1287 1285
f 1285 1287 1280
f 1285 1280 852
f 852 1280 1279
f 852 1279 850
f 1292 1293 1294
f 1294 1293 1295
f 1296 1297 1298
f 1299 1300 1301
f 1296 1302 1297
f 1297 1302 1303
f 1297 1303 1304
f 1296 1305 1306
f 1307 1308 1309
f 1298 1297 1310
f 1310 1297 1304
f 1310 1304 1311
f 1311 1312 1313
f 1314 1301 1315
f 1316 1317 1318
f 1318 1317 1299
f 1318 1299 1314
f 1314 1299 1301
f 1296 1306 1302
f 1302 1306 1319
f 1302 1319 754
f 1320 1303 1321
f 1321 1303 1302
f 1321 1302 1322
f 1322 1302 754
f 1323 1324 1316
f 1316 1324 1325
f 1316 1325 1317
f 1317 1325 1326
f 1317 1326 1299
f 1299 1326 1327
f 1299 1327 1300
f 1328 1309 1329
f 1329 1309 1308
f 1329 1308 1330
f 1313 1331 1311
f 1311 1331 1332
f 1311 1332 1310
f 1310 1332 1307
f 1310 1307 1298
f 1298 1307 1309
f 1298 1309 1296
f 1296 1309 1328
f 1296 1328 1305
f 1320 1323 1303
f 1303 1323 1316
f 1303 1316 1304
f 1304 1316 1318
f 1304 1318 1311
f 1311 1318 1314
f 1311 1314 1312
f 1312 1314 1315
f 1312 1315 1313
f 1333 1093 1334
f 1334 1093 1092
f 1334 1092 1335
f 1333 1336 1093
f 1093 1336 1337
f 1093 1337 1104
f 1337 1338 1104
f 1104 1338 1339
f 1104 1339 1109
f 1340 1108 1341
f 1341 1108 1109
f 1341 1109 1342
f 1342 1109 1339
f 1108 1340 1114
f 1114 1340 1343
f 1114 1343 1125
f 1125 1343 1344
f 1125 1344 1124
f 1124 1344 1345
f 1345 1346 1124
f 1124 1346 1347
f 1124 1347 1128
f 1128 1347 1348
f 1128 1348 1349
f 1349 1350 1128
f 1128 1350 1351
f 1128 1351 1131
f 1352 1266 1267
f 1353 1354 1355
f 1356 1354 1357
f 1357 1354 1353
f 1357 1353 1271
f 1271 1353 1270
f 1358 1352 1359
f 1359 1352 1267
f 1359 1267 1355
f 1355 1267 1268
f 1355 1268 1353
f 1353 1268 1269
f 1353 1269 1270
f 1360 1271 1138
f 1138 1137 1360
f 1360 1137 1168
f 1360 1168 1361
f 1361 1168 1169
f 1361 1169 1362
f 1362 1169 1172
f 1362 1172 1363
f 1172 1156 1363
f 1363 1156 1154
f 1363 1154 1364
f 1364 1154 1152
f 1364 1152 1365
f 1365 1152 1149
f 1366 1367 1148
f 1148 1367 1368
f 1148 1368 1149
f 1149 1368 1369
f 1149 1369 1365
f 1148 1034 1366
f 1366 1034 1131
f 1366 1131 1370
f 1370 1131 1351
f 1371 1372 866
f 1372 1371 1373
f 1374 1375 1376
f 1376 1375 1377
f 1376 1377 1378
f 1379 1380 1374
f 1378 1381 1382
f 1381 1378 1383
f 1383 1378 1377
f 1383 1377 866
f 1375 866 1377
f 1379 1374 1384
f 1384 1374 1376
f 1384 1376 1385
f 1385 1376 1378
f 1385 1378 1386
f 1386 1378 1382
f 1386 1382 1387
f 1380 1373 1374
f 1374 1373 1371
f 1374 1371 1375
f 1375 1371 866
f 1387 1358 1386
f 1386 1358 1359
f 1386 1359 1385
f 1385 1359 1355
f 1385 1355 1384
f 1384 1355 1354
f 1384 1354 1379
f 1379 1354 1356
f 1388 1389 1390
f 1390 1389 1391
f 1390 1391 1392
f 1392 1391 1393
f 1392 1393 1394
f 1394 1393 1395
f 1394 1395 1396
f 1396 1395 1397
f 1398 1399 871
f 1399 1398 1400
f 1401 1402 1403
f 1403 1402 1404
f 1403 1404 1405
f 1394 1396 1406
f 1405 1407 1408
f 1407 1405 1409
f 1409 1405 1404
f 1409 1404 871
f 1402 871 1404
f 1406 1401 1394
f 1394 1401 1403
f 1394 1403 1392
f 1392 1403 1405
f 1392 1405 1390
f 1390 1405 1408
f 1390 1408 1388
f 1406 1400 1401
f 1401 1400 1398
f 1401 1398 1402
f 1402 1398 871
f 1197 1199 1410
f 1410 1199 1201
f 1410 1201 1411
f 1197 1410 1195
f 1195 1410 1412
f 1195 1412 1193
f 1193 1412 1413
f 1193 1413 1191
f 1201 1202 1411
f 1411 1202 1179
f 1411 1179 1414
f 1414 1179 1178
f 1414 1178 1226
f 1413 1415 1191
f 1191 1415 1416
f 1191 1416 1185
f 1185 1416 1417
f 1335 1092 1418
f 1418 1092 1067
f 1418 1067 1419
f 1419 1067 1185
f 1419 1185 1420
f 1420 1185 1417
f 1421 1397 1395
f 1225 1223 1422
f 1422 1223 1221
f 1422 1221 1391
f 1226 1225 1423
f 1423 1225 1422
f 1423 1422 1389
f 1389 1422 1391
f 1217 1421 1219
f 1219 1421 1395
f 1219 1395 1221
f 1221 1395 1393
f 1221 1393 1391
f 1424 1425 1426
f 1425 1427 1428
f 1426 1425 1429
f 1429 1425 1428
f 1429 1428 1430
f 1427 1425 1431
f 1431 1425 1424
f 1431 1424 1432
f 856 1430 1433
f 1433 1430 1428
f 1433 1428 1434
f 1434 1428 1427
f 1434 1427 1435
f 1435 1427 1431
f 1435 1431 1436
f 1436 1431 1432
f 1358 1397 1352
f 1352 1397 1421
f 1352 1421 1217
f 1216 1261 1217
f 1217 1261 1266
f 1217 1266 1352
f 1229 1228 1231
f 1231 1228 1239
f 1248 1253 1251
f 1251 1250 1248
f 1248 1250 1261
f 1248 1261 1239
f 1239 1261 1216
f 1239 1216 1231
f 1437 1438 1439
f 1440 1441 1442
f 1443 1444 1445
f 1446 1447 1448
f 1449 1450 1451
f 1451 1450 1452
f 1451 1452 1453
f 1449 1451 1454
f 1454 1451 1455
f 1454 1455 1456
f 1456 1455 1448
f 1456 1448 1457
f 1457 1448 1447
f 1457 1447 764
f 1458 1459 1460
f 1460 1461 1458
f 1458 1461 1462
f 1458 1462 1463
f 1463 1462 1442
f 1463 1442 1464
f 1464 1442 1441
f 1464 1441 1465
f 1460 1443 1461
f 1461 1443 1445
f 1461 1445 1462
f 1462 1445 1466
f 1462 1466 1442
f 1442 1466 1439
f 1442 1439 1440
f 1440 1439 1438
f 1444 1446 1445
f 1445 1446 1448
f 1445 1448 1466
f 1466 1448 1455
f 1466 1455 1439
f 1439 1455 1451
f 1439 1451 1437
f 1437 1451 1453
f 1459 1290 1460
f 1460 1290 1276
f 1460 1276 1443
f 1443 1276 1275
f 1443 1275 1444
f 1444 1275 1273
f 1444 1273 1446
f 1446 1273 1272
f 1446 1272 1447
f 1447 1272 1281
f 1447 1281 764
f 764 1281 762
f 1467 1293 1468
f 1468 1293 1292
f 1468 1292 1469
f 1469 1292 1294
f 1469 1294 1470
f 1470 1294 1295
f 1470 1295 1467
f 1467 1295 1293
f 1471 1465 1472
f 1472 1465 1441
f 1472 1441 1473
f 1437 1474 1438
f 1438 1474 1473
f 1438 1473 1440
f 1440 1473 1441
f 1452 1475 1453
f 1453 1475 1476
f 1453 1476 1437
f 1437 1476 1477
f 1437 1477 1474
f 1330 1452 1329
f 1329 1452 1450
f 1329 1450 1328
f 1328 1450 1449
f 1328 1449 1305
f 1305 1449 1454
f 1305 1454 1306
f 1306 1454 1456
f 1306 1456 1319
f 1319 1456 1457
f 1319 1457 754
f 754 1457 764
f 754 753 1478
f 1325 1324 1479
f 1324 1323 1479
f 1479 1323 1320
f 1479 1320 1480
f 1480 1320 1321
f 1480 1321 1478
f 1478 1321 1322
f 1478 1322 754
f 1479 1436 1325
f 1325 1436 1432
f 1325 1432 1326
f 1326 1432 1424
f 1326 1424 1327
f 1327 1424 1300
f 1300 1424 1426
f 1300 1426 1301
f 1481 1330 1308
f 1481 1308 1482
f 1482 1308 1307
f 1482 1307 1483
f 1483 1307 1332
f 1483 1332 1484
f 1484 1332 1331
f 1484 1331 1485
f 1485 1331 1313
f 1485 1313 1486
f 1486 1313 1315
f 1486 1315 1487
f 1487 1315 1301
f 1487 1301 1488
f 1489 1490 1491
f 1491 1490 1492
f 1491 1492 1493
f 1493 1492 1494
f 1493 1494 1495
f 1495 1494 1496
f 1495 1496 1497
f 860 1496 861
f 861 1496 1494
f 861 1494 862
f 862 1494 1492
f 1498 1499 1489
f 1489 1499 1500
f 1489 1500 1490
f 1501 1502 1503
f 1503 1502 1498
f 1503 1498 1504
f 1504 1498 1489
f 1337 1336 1505
f 1505 1336 1333
f 1506 1507 1508
f 1508 1507 1509
f 1335 1510 1334
f 1334 1510 1509
f 1334 1509 1333
f 1333 1509 1505
f 1505 1509 1507
f 1505 1507 1511
f 1511 1507 1506
f 1511 1506 1512
f 1513 1514 1515
f 1515 1514 1516
f 1515 1516 1517
f 1517 1516 1518
f 1517 1518 1519
f 1519 1518 1520
f 1519 1520 1521
f 1521 1520 1522
f 1521 1522 1523
f 1514 1524 1516
f 1516 1524 1525
f 1516 1525 1518
f 1518 1525 1526
f 1518 1526 1520
f 1520 1526 1527
f 1520 1527 1522
f 1522 1527 1528
f 1522 1528 1523
f 1502 890 1498
f 1498 890 888
f 1498 888 1499
f 1499 888 887
f 1499 887 1500
f 1500 887 886
f 1500 886 1490
f 1490 886 885
f 1490 885 1492
f 1492 885 863
f 1492 863 862
f 1510 1501 1509
f 1509 1501 1503
f 1509 1503 1508
f 1508 1503 1504
f 1508 1504 1506
f 1506 1504 1489
f 1506 1489 1512
f 1512 1489 1491
f 1512 1491 1529
f 1529 1491 1493
f 1529 1493 1530
f 1530 1493 1495
f 1530 1495 1531
f 1531 1495 1497
f 1531 1497 1532
f 1532 1513 1531
f 1531 1513 1515
f 1531 1515 1530
f 1530 1515 1517
f 1530 1517 1529
f 1529 1517 1519
f 1529 1519 1512
f 1512 1519 1521
f 1512 1521 1511
f 1511 1521 1523
f 1511 1523 1505
f 1505 1523 1528
f 1505 1528 1337
f 1337 1528 1527
f 1337 1527 1338
f 1338 1527 1526
f 1338 1526 1339
f 1339 1526 1525
f 1339 1525 1342
f 1342 1525 1524
f 1342 1524 1341
f 1341 1524 1514
f 1341 1514 1340
f 1343 1340 1533
f 1533 1340 1514
f 1533 1514 1534
f 1534 1514 1535
f 1535 1514 1513
f 1535 1513 1536
f 1536 1513 1537
f 1537 1513 1532
f 1537 1532 1538
f 1532 1497 1538
f 1538 1497 1496
f 1538 1496 1539
f 1539 1496 860
f 1539 860 858
f 1348 1347 1540
f 1350 1349 1541
f 1542 1346 1345
f 1347 1346 1540
f 1540 1346 1542
f 1540 1542 1543
f 1544 1543 1545
f 1545 1543 1542
f 1545 1542 1546
f 1546 1542 1345
f 1546 1345 1344
f 1547 1544 1548
f 1548 1544 1545
f 1548 1545 1549
f 1549 1545 1546
f 1549 1546 1550
f 1550 1546 1344
f 1550 1344 1343
f 1534 1535 1551
f 1533 1534 1552
f 1552 1534 1551
f 1552 1551 1553
f 1553 1551 1554
f 1553 1554 1555
f 1555 1554 1556
f 1555 1556 1557
f 1557 1556 1558
f 1557 1558 1559
f 1559 1558 855
f 1559 855 854
f 1343 1533 1550
f 1550 1533 1552
f 1550 1552 1549
f 1549 1552 1553
f 1549 1553 1548
f 1548 1553 1555
f 1548 1555 1547
f 1547 1555 1557
f 1547 1557 1560
f 1560 1557 1559
f 1560 1559 1561
f 1561 1559 854
f 1350 1541 1351
f 1562 1563 1564
f 1564 1563 1565
f 1564 1565 1566
f 1566 1565 1567
f 1566 1567 1568
f 1568 1567 1569
f 1568 1569 1570
f 1570 1569 1571
f 1570 1571 1541
f 1541 1571 1572
f 1541 1572 1351
f 1536 1537 1573
f 1573 1537 1538
f 1573 1538 1574
f 1574 1538 1539
f 1574 1539 1575
f 1575 1539 858
f 1575 858 857
f 901 902 1562
f 1562 902 903
f 1562 903 1563
f 1563 903 906
f 1563 906 1565
f 1565 906 905
f 1565 905 904
f 1535 1536 1551
f 1551 1536 1573
f 1551 1573 1554
f 1554 1573 1574
f 1554 1574 1556
f 1556 1574 1575
f 1556 1575 1558
f 1558 1575 857
f 1558 857 855
f 854 901 1561
f 1561 901 1562
f 1561 1562 1560
f 1560 1562 1564
f 1560 1564 1547
f 1547 1564 1566
f 1547 1566 1544
f 1544 1566 1568
f 1544 1568 1543
f 1543 1568 1570
f 1543 1570 1540
f 1540 1570 1541
f 1540 1541 1348
f 1348 1541 1349
f 1357 1271 1360
f 1379 1356 1576
f 1576 1356 1357
f 1373 1380 1577
f 1577 1380 1379
f 1578 1372 1373
f 1351 1572 1370
f 1370 1572 1579
f 1370 1579 1366
f 1366 1579 1580
f 1366 1580 1367
f 1367 1580 1581
f 1367 1581 1368
f 1368 1581 1582
f 1368 1582 1369
f 1583 1365 1584
f 1584 1365 1369
f 1584 1369 1585
f 1585 1369 1582
f 1586 1363 1583
f 1583 1363 1364
f 1583 1364 1365
f 1357 1360 1576
f 1576 1360 1361
f 1576 1361 1586
f 1586 1361 1362
f 1586 1362 1363
f 866 1372 918
f 918 1372 1578
f 918 1578 917
f 917 1578 1587
f 917 1587 916
f 916 1587 1588
f 916 1588 915
f 915 1588 1589
f 915 1589 912
f 912 1589 1590
f 912 1590 913
f 913 1590 1591
f 1379 1576 1577
f 1577 1576 1586
f 1577 1586 1592
f 1592 1586 1583
f 1592 1583 1593
f 1593 1583 1584
f 1593 1584 1594
f 1594 1584 1585
f 1594 1585 1595
f 1595 1585 1582
f 1595 1582 1596
f 1596 1582 1581
f 1596 1581 1597
f 1597 1581 1580
f 1597 1580 1598
f 1598 1580 1579
f 1598 1579 1599
f 1373 1577 1578
f 1578 1577 1592
f 1578 1592 1587
f 1587 1592 1593
f 1587 1593 1588
f 1588 1593 1594
f 1588 1594 1589
f 1589 1594 1595
f 1589 1595 1590
f 1590 1595 1596
f 1590 1596 1591
f 1591 1596 1597
f 1591 1597 1600
f 1600 1597 1598
f 1600 1598 1601
f 1601 1598 1599
f 1601 1599 1602
f 907 908 1602
f 1602 908 909
f 1602 909 1601
f 1601 909 910
f 1601 910 1600
f 1600 910 911
f 1600 911 1591
f 1591 911 914
f 1591 914 913
f 904 907 1565
f 1565 907 1602
f 1565 1602 1567
f 1567 1602 1599
f 1567 1599 1569
f 1569 1599 1579
f 1569 1579 1571
f 1571 1579 1572
f 866 871 1383
f 1383 871 1399
f 1383 1399 1400
f 1397 1358 1396
f 1396 1358 1387
f 1396 1387 1406
f 1406 1387 1382
f 1406 1382 1400
f 1400 1382 1381
f 1400 1381 1383
f 1423 1389 1603
f 1388 1408 1604
f 871 873 1409
f 1409 873 1605
f 1409 1605 1407
f 1407 1605 1408
f 1388 1604 1389
f 1226 1423 1414
f 1414 1423 1603
f 1414 1603 1411
f 1411 1603 1606
f 1411 1606 1410
f 1410 1606 1412
f 1412 1606 1607
f 1412 1607 1413
f 1413 1607 1415
f 1415 1607 1608
f 1415 1608 1416
f 1608 1609 1416
f 1416 1609 1610
f 1416 1610 1417
f 1417 1610 1611
f 1417 1611 1420
f 1420 1611 1612
f 1420 1612 1419
f 1419 1612 1613
f 1419 1613 1418
f 1418 1613 1510
f 1418 1510 1335
f 873 874 1605
f 1605 874 869
f 1605 869 1614
f 1614 869 876
f 1614 876 1615
f 1615 876 883
f 1615 883 1616
f 1616 883 882
f 1616 882 1617
f 1617 882 880
f 1617 880 1618
f 1618 880 899
f 1618 899 1619
f 899 898 1619
f 1619 898 896
f 1619 896 1620
f 1620 896 894
f 1620 894 1621
f 1621 894 892
f 1621 892 1502
f 1502 892 890
f 1408 1605 1604
f 1604 1605 1614
f 1604 1614 1622
f 1622 1614 1615
f 1622 1615 1623
f 1623 1615 1616
f 1623 1616 1624
f 1624 1616 1617
f 1624 1617 1625
f 1625 1617 1618
f 1625 1618 1626
f 1626 1618 1619
f 1626 1619 1627
f 1627 1619 1620
f 1627 1620 1628
f 1628 1620 1621
f 1628 1621 1629
f 1629 1621 1502
f 1629 1502 1501
f 1389 1604 1603
f 1603 1604 1622
f 1603 1622 1606
f 1606 1622 1623
f 1606 1623 1607
f 1607 1623 1624
f 1607 1624 1608
f 1608 1624 1625
f 1608 1625 1609
f 1609 1625 1626
f 1609 1626 1610
f 1610 1626 1627
f 1610 1627 1611
f 1611 1627 1628
f 1611 1628 1612
f 1612 1628 1629
f 1612 1629 1613
f 1613 1629 1501
f 1613 1501 1510
f 1630 823 800
f 796 799 1631
f 823 1630 798
f 799 798 1631
f 1631 798 1630
f 1631 1630 1632
f 753 796 1478
f 1478 796 1631
f 1478 1631 1480
f 1480 1631 1632
f 1480 1632 1479
f 900 856 1633
f 1633 856 1433
f 1633 1433 1634
f 1634 1433 1434
f 1634 1434 1635
f 1635 1434 1435
f 1635 1435 1436
f 1436 1479 1635
f 1635 1479 1632
f 1635 1632 1634
f 1634 1632 1630
f 1634 1630 1633
f 1633 1630 800
f 1633 800 900
f 900 800 802
f 1636 1637 1426
f 1426 1429 1636
f 1636 1429 1430
f 1636 1430 1638
f 1638 1430 856
f 1638 856 859
f 1290 1639 1289
f 1289 1639 1640
f 1289 1640 1288
f 1288 1640 1641
f 1288 1641 1286
f 1286 1641 1642
f 1286 1642 1278
f 1278 1642 1643
f 1278 1643 1279
f 1279 1643 1644
f 1279 1644 850
f 850 1644 919
f 1645 1646 1647
f 1647 1646 1648
f 1647 1648 1471
f 1471 1648 1465
f 1463 1464 1458
f 1458 1464 1465
f 1458 1465 1459
f 1459 1465 1648
f 1459 1648 1290
f 1290 1648 1639
f 1649 1650 1651
f 1652 1653 1654
f 1473 1474 1655
f 1477 1476 1656
f 1006 1657 1658
f 1006 1658 1659
f 1659 1658 1660
f 1659 1660 1661
f 1661 1660 1656
f 1661 1656 1662
f 1662 1656 1476
f 1662 1476 1475
f 1647 1471 1472
f 1472 1663 1647
f 1647 1663 1664
f 1647 1664 1645
f 1645 1664 1654
f 1645 1654 1646
f 1646 1654 1653
f 1646 1653 1648
f 1472 1473 1663
f 1663 1473 1655
f 1663 1655 1664
f 1664 1655 1665
f 1664 1665 1654
f 1654 1665 1651
f 1654 1651 1652
f 1652 1651 1650
f 1474 1477 1655
f 1655 1477 1656
f 1655 1656 1665
f 1665 1656 1660
f 1665 1660 1651
f 1651 1660 1658
f 1651 1658 1649
f 1649 1658 1657
f 1469 1330 1468
f 1468 1330 1481
f 1468 1481 1467
f 1467 1481 1475
f 1467 1475 1470
f 1470 1475 1452
f 1470 1452 1469
f 1469 1452 1330
f 1487 1488 1666
f 1004 1667 1668
f 1668 1667 1669
f 1668 1669 1670
f 1666 1671 1672
f 1483 1484 1673
f 1673 1484 1485
f 1674 1481 1675
f 1675 1481 1482
f 1675 1482 1676
f 1676 1482 1483
f 1676 1483 1677
f 1677 1483 1673
f 1488 1678 1666
f 1666 1678 1679
f 1666 1679 1671
f 1671 1679 1680
f 1671 1680 1672
f 1680 1681 1672
f 1672 1681 1682
f 1672 1682 1683
f 1683 1682 1670
f 1683 1670 1684
f 1684 1670 1669
f 1486 1487 1685
f 1685 1487 1666
f 1685 1666 1686
f 1686 1666 1672
f 1686 1672 1687
f 1687 1672 1683
f 1687 1683 1688
f 1688 1683 1684
f 1688 1684 1689
f 1689 1684 1669
f 1689 1669 1690
f 1690 1669 1667
f 1690 1674 1689
f 1689 1674 1675
f 1689 1675 1688
f 1688 1675 1676
f 1688 1676 1687
f 1687 1676 1677
f 1687 1677 1686
f 1686 1677 1673
f 1686 1673 1685
f 1685 1673 1485
f 1685 1485 1486
f 1637 1488 1426
f 1426 1488 1301
f 1636 1691 1637
f 1691 1692 1693
f 1637 1691 1694
f 1694 1691 1693
f 1694 1693 1695
f 1692 1691 1696
f 1696 1691 1636
f 1696 1636 1638
f 1697 1695 1698
f 1698 1695 1693
f 1698 1693 1699
f 1699 1693 1692
f 1699 1692 1700
f 1700 1692 1696
f 1700 1696 859
f 859 1696 1638
f 1700 859 864
f 989 990 1701
f 991 939 1702
f 987 988 1703
f 1699 1700 1704
f 1705 1706 1702
f 1702 1706 1701
f 1702 1701 991
f 991 1701 990
f 1700 864 1704
f 1704 864 865
f 1704 865 987
f 987 1703 1704
f 1704 1703 1707
f 1704 1707 1699
f 1699 1707 1708
f 1699 1708 1698
f 1698 1708 1709
f 1698 1709 1697
f 988 989 1703
f 1703 989 1701
f 1703 1701 1707
f 1707 1701 1706
f 1707 1706 1708
f 1708 1706 1705
f 1708 1705 1709
f 1000 995 1710
f 994 992 1711
f 1712 1713 1714
f 1714 1713 1715
f 1714 1715 1005
f 1639 1716 1640
f 1640 1716 1717
f 1640 1717 1641
f 1641 1717 1642
f 1642 1717 1718
f 1642 1718 1643
f 1643 1718 1711
f 1643 1711 1644
f 1644 1711 992
f 1644 992 919
f 1003 997 999
f 1005 1001 1714
f 1714 1001 1002
f 1714 1002 1719
f 1719 1002 1003
f 1719 1003 1720
f 1720 1003 999
f 999 1000 1720
f 1720 1000 1710
f 1720 1710 1719
f 1719 1710 1721
f 1719 1721 1714
f 1714 1721 1722
f 1714 1722 1712
f 1712 1722 1723
f 995 994 1710
f 1710 994 1711
f 1710 1711 1721
f 1721 1711 1718
f 1721 1718 1722
f 1722 1718 1717
f 1722 1717 1723
f 1723 1717 1716
f 1639 1648 1716
f 1716 1648 1653
f 1716 1653 1723
f 1649 1712 1650
f 1650 1712 1723
f 1650 1723 1652
f 1652 1723 1653
f 1006 1005 1657
f 1657 1005 1715
f 1657 1715 1649
f 1649 1715 1713
f 1649 1713 1712
f 1475 1481 1674
f 1475 1674 1662
f 1662 1674 1690
f 1662 1690 1661
f 1661 1690 1667
f 1661 1667 1659
f 1659 1667 1004
f 1659 1004 1006
f 1697 1680 1695
f 1695 1680 1679
f 1695 1679 1694
f 1694 1679 1678
f 1694 1678 1637
f 1637 1678 1488
f 939 1004 1702
f 1702 1004 1668
f 1702 1668 1705
f 1705 1668 1670
f 1705 1670 1709
f 1709 1670 1682
f 1709 1682 1697
f 1697 1682 1681
f 1697 1681 1680
f 785 766 747
f 947 949 870
f 750 851 751
f 751 851 920
f 751 920 740
f 844 781 747
f 941 940 744
f 744 940 945
f 849 851 846
f 846 851 750
f 846 750 768
f 768 750 749
f 768 749 766
f 766 749 748
f 766 748 747
f 781 780 747
f 747 780 783
f 747 783 785
f 945 947 744
f 744 947 870
f 744 870 745
f 745 870 844
f 745 844 746
f 746 844 747
f 744 743 941
f 941 743 742
f 941 742 998
f 998 742 741
f 998 741 996
f 996 741 740
f 996 740 993
f 993 740 920
