# Exported from USD: /mycobot_pro450/Geometry/base_link/Link1/Link2/Link3/Link4/Link5/Link6/Link6/Link6
mtllib Link6.mtl

g Link6
v 0.02800000 -0.00379663 -0.01258893
v 0.02800000 -0.00397661 -0.01351205
v 0.02800000 0.00020984 -0.01384916
v 0.02800000 -0.00213681 -0.01036588
v 0.02800000 -0.00285308 -0.01097539
v 0.02800000 -0.00341576 -0.01172900
v 0.02800000 0.00054695 -0.00966271
v 0.02800000 -0.00039308 -0.00969266
v 0.02800000 -0.00130287 -0.00993103
v 0.02800000 0.00308361 -0.01078625
v 0.02800000 0.00232999 -0.01022357
v 0.02800000 0.00147007 -0.00984269
v 0.02800000 0.00436634 -0.01324624
v 0.02800000 0.00412796 -0.01233645
v 0.02800000 0.00369312 -0.01150251
v 0.02800000 0.00383543 -0.01596932
v 0.02800000 0.00421631 -0.01510939
v 0.02800000 0.00439629 -0.01418627
v 0.02800000 0.00172255 -0.01776729
v 0.02800000 0.00255648 -0.01733244
v 0.02800000 0.00327275 -0.01672293
v 0.02800000 -0.00105039 -0.01785563
v 0.02800000 -0.00012727 -0.01803561
v 0.02800000 0.00081275 -0.01800566
v 0.02800000 -0.00327344 -0.01619581
v 0.02800000 -0.00266393 -0.01691207
v 0.02800000 -0.00191032 -0.01747475
v 0.02800000 -0.00394666 -0.01445208
v 0.02800000 -0.00370829 -0.01536187
v 0.02770000 -0.00408281 -0.01249891
v 0.02770000 -0.00367473 -0.01157756
v 0.02770000 -0.00307186 -0.01077012
v 0.02770000 -0.00230443 -0.01011707
v 0.02770000 -0.00141092 -0.00965117
v 0.02770000 -0.00043614 -0.00939577
v 0.02770000 0.00057103 -0.00936368
v 0.02770000 0.00156008 -0.00955651
v 0.02770000 0.00248143 -0.00996459
v 0.02770000 0.00328888 -0.01056747
v 0.02770000 0.00394193 -0.01133490
v 0.02770000 0.00440783 -0.01222840
v 0.02770000 0.00466323 -0.01320318
v 0.02770000 0.00469532 -0.01421035
v 0.02770000 0.00450249 -0.01519941
v 0.02770000 0.00409440 -0.01612076
v 0.02770000 0.00349153 -0.01692820
v 0.02770000 0.00272410 -0.01758125
v 0.02770000 0.00183060 -0.01804715
v 0.02770000 0.00085582 -0.01830255
v 0.02770000 -0.00015135 -0.01833464
v 0.02770000 -0.00114041 -0.01814181
v 0.02770000 -0.00206176 -0.01773373
v 0.02770000 -0.00286920 -0.01713085
v 0.02770000 -0.00352225 -0.01636342
v 0.02770000 -0.00398815 -0.01546992
v 0.02770000 -0.00424356 -0.01449514
v 0.02770000 -0.00427564 -0.01348797
v 0.02650000 -0.00408281 -0.01249891
v 0.02650000 -0.00367473 -0.01157756
v 0.02650000 -0.00307186 -0.01077012
v 0.02650000 -0.00230443 -0.01011707
v 0.02650000 -0.00141092 -0.00965117
v 0.02650000 -0.00043614 -0.00939577
v 0.02650000 0.00057103 -0.00936368
v 0.02650000 0.00156008 -0.00955651
v 0.02650000 0.00248143 -0.00996459
v 0.02650000 0.00328888 -0.01056747
v 0.02650000 0.00394193 -0.01133490
v 0.02650000 0.00440783 -0.01222840
v 0.02650000 0.00466323 -0.01320318
v 0.02650000 0.00469532 -0.01421035
v 0.02650000 0.00450249 -0.01519941
v 0.02650000 0.00409440 -0.01612076
v 0.02650000 0.00349153 -0.01692820
v 0.02650000 0.00272410 -0.01758125
v 0.02650000 0.00183060 -0.01804715
v 0.02650000 0.00085582 -0.01830255
v 0.02650000 -0.00015135 -0.01833464
v 0.02650000 -0.00114041 -0.01814181
v 0.02650000 -0.00206176 -0.01773373
v 0.02650000 -0.00286920 -0.01713085
v 0.02650000 -0.00352225 -0.01636342
v 0.02650000 -0.00398815 -0.01546992
v 0.02650000 -0.00424356 -0.01449514
v 0.02650000 -0.00427564 -0.01348797
v 0.02650000 0.00528736 -0.01596311
v 0.02650000 0.00558322 -0.01502252
v 0.02650000 0.00570638 -0.01404421
v 0.02650000 0.00565287 -0.01305963
v 0.02650000 0.00542443 -0.01210042
v 0.02650000 0.00502838 -0.01119743
v 0.02650000 0.00447745 -0.01037966
v 0.02650000 0.00378937 -0.00967340
v 0.02650000 0.00298623 -0.00910136
v 0.02650000 0.00172286 -0.01913695
v 0.02650000 0.00264272 -0.01878181
v 0.02650000 0.00348438 -0.01826814
v 0.02650000 0.00422080 -0.01761243
v 0.02650000 0.00482830 -0.01683577
v 0.02650000 -0.00298097 -0.01832898
v 0.02650000 -0.00212979 -0.01882672
v 0.02650000 -0.00120341 -0.01916449
v 0.02650000 -0.00023161 -0.01933142
v 0.02650000 0.00075438 -0.01932214
v 0.02650000 -0.00528206 -0.01414760
v 0.02650000 -0.00514051 -0.01512343
v 0.02650000 -0.00482700 -0.01605829
v 0.02650000 -0.00435160 -0.01692215
v 0.02650000 -0.00372959 -0.01768724
v 0.02650000 -0.00344764 -0.00974150
v 0.02650000 -0.00412231 -0.01046058
v 0.02650000 -0.00465775 -0.01128857
v 0.02650000 -0.00503673 -0.01219886
v 0.02650000 -0.00524709 -0.01316219
v 0.02650000 0.00209386 -0.00868191
v 0.02650000 0.00114094 -0.00842855
v 0.02650000 0.00015809 -0.00834940
v 0.02650000 -0.00082310 -0.00844703
v 0.02650000 -0.00177109 -0.00871828
v 0.02650000 -0.00265541 -0.00915444
v 0.02550000 0.00688729 -0.01594954
v 0.02550000 0.00704869 -0.01534252
v 0.02550000 0.00720544 -0.01409740
v 0.02550000 0.00713734 -0.01284430
v 0.02550000 0.00684659 -0.01162350
v 0.02550000 0.00634252 -0.01047423
v 0.02550000 0.00564135 -0.00943343
v 0.02550000 0.00476560 -0.00853456
v 0.02550000 0.00374343 -0.00780650
v 0.02550000 0.00260769 -0.00727266
v 0.02550000 0.00139487 -0.00695020
v 0.02550000 0.00014397 -0.00684947
v 0.02550000 -0.00110481 -0.00697372
v 0.02550000 -0.00231134 -0.00731895
v 0.02550000 -0.00343684 -0.00787407
v 0.02550000 -0.00444513 -0.00862123
v 0.02550000 -0.00530381 -0.00953642
v 0.02550000 -0.00598527 -0.01059023
v 0.02550000 -0.00646762 -0.01174878
v 0.02550000 -0.00673534 -0.01297484
v 0.02550000 -0.00677985 -0.01422900
v 0.02550000 -0.00659970 -0.01547095
v 0.02550000 -0.00620068 -0.01666078
v 0.02550000 -0.00559563 -0.01776024
v 0.02550000 -0.00480398 -0.01873399
v 0.02550000 -0.00385119 -0.01955074
v 0.02550000 -0.00276787 -0.02018424
v 0.02550000 -0.00158885 -0.02061412
v 0.02550000 -0.00035201 -0.02082658
v 0.02550000 0.00090289 -0.02081477
v 0.02550000 0.00213551 -0.02057908
v 0.02550000 0.00330623 -0.02012709
v 0.02550000 0.00437744 -0.01947331
v 0.02550000 0.00531470 -0.01863878
v 0.02550000 0.00608788 -0.01765030
v 0.02550000 0.00667213 -0.01653965
v 0.00700000 -0.00523164 -0.01213755
v 0.00700000 -0.00479317 -0.01110886
v 0.00700000 0.00020984 -0.01384916
v 0.00700000 -0.00546100 -0.01323202
v 0.00700000 -0.00484816 -0.01648658
v 0.00700000 -0.00526551 -0.01544913
v 0.00700000 -0.00547244 -0.01435020
v 0.00700000 -0.00253046 -0.01885216
v 0.00700000 -0.00345385 -0.01822143
v 0.00700000 -0.00423644 -0.01742267
v 0.00700000 0.00071088 -0.01953144
v 0.00700000 -0.00040730 -0.01952000
v 0.00700000 -0.00150177 -0.01929064
v 0.00700000 0.00378334 -0.01829543
v 0.00700000 0.00284726 -0.01890716
v 0.00700000 0.00180981 -0.01932450
v 0.00700000 0.00565132 -0.01556077
v 0.00700000 0.00521284 -0.01658946
v 0.00700000 0.00458211 -0.01751284
v 0.00700000 0.00568518 -0.01224919
v 0.00700000 0.00589211 -0.01334812
v 0.00700000 0.00588068 -0.01446630
v 0.00700000 0.00387352 -0.00947689
v 0.00700000 0.00465611 -0.01027565
v 0.00700000 0.00526783 -0.01121174
v 0.00700000 0.00082698 -0.00817832
v 0.00700000 0.00192145 -0.00840768
v 0.00700000 0.00295014 -0.00884616
v 0.00700000 -0.00242758 -0.00879116
v 0.00700000 -0.00139014 -0.00837382
v 0.00700000 -0.00029121 -0.00816689
v 0.00700000 -0.00416243 -0.01018548
v 0.00700000 -0.00336367 -0.00940289
v 0.02500000 0.00667213 -0.01653965
v 0.02500000 0.00608788 -0.01765030
v 0.02500000 0.00531470 -0.01863878
v 0.02500000 0.00437744 -0.01947331
v 0.02500000 0.00330623 -0.02012709
v 0.02500000 0.00213551 -0.02057908
v 0.02500000 0.00090289 -0.02081477
v 0.02500000 -0.00035201 -0.02082658
v 0.02500000 -0.00158885 -0.02061412
v 0.02500000 -0.00276787 -0.02018424
v 0.02500000 -0.00385119 -0.01955074
v 0.02500000 -0.00480398 -0.01873399
v 0.02500000 -0.00559563 -0.01776024
v 0.02500000 -0.00620068 -0.01666078
v 0.02500000 -0.00659970 -0.01547095
v 0.02500000 -0.00677985 -0.01422900
v 0.02500000 -0.00673534 -0.01297484
v 0.02500000 -0.00646762 -0.01174878
v 0.02500000 -0.00598527 -0.01059023
v 0.02500000 -0.00530381 -0.00953642
v 0.02500000 -0.00444513 -0.00862123
v 0.02500000 -0.00343684 -0.00787407
v 0.02500000 -0.00231134 -0.00731895
v 0.02500000 -0.00110481 -0.00697372
v 0.02500000 0.00014397 -0.00684947
v 0.02500000 0.00139487 -0.00695020
v 0.02500000 0.00260769 -0.00727266
v 0.02500000 0.00374343 -0.00780650
v 0.02500000 0.00476560 -0.00853456
v 0.02500000 0.00564135 -0.00943343
v 0.02500000 0.00634252 -0.01047423
v 0.02500000 0.00684659 -0.01162350
v 0.02500000 0.00713734 -0.01284430
v 0.02500000 0.00720544 -0.01409740
v 0.02500000 0.00704869 -0.01534252
v 0.01200000 -0.00479317 -0.01110886
v 0.01200000 -0.00416243 -0.01018548
v 0.01200000 -0.00336367 -0.00940289
v 0.01200000 -0.00242758 -0.00879116
v 0.01200000 -0.00139014 -0.00837382
v 0.01200000 -0.00029121 -0.00816689
v 0.01200000 0.00082698 -0.00817832
v 0.01200000 0.00192145 -0.00840768
v 0.01200000 0.00295014 -0.00884616
v 0.01200000 0.00387352 -0.00947689
v 0.01200000 0.00465611 -0.01027565
v 0.01200000 0.00526783 -0.01121174
v 0.01200000 0.00568518 -0.01224919
v 0.01200000 0.00589211 -0.01334812
v 0.01200000 0.00588068 -0.01446630
v 0.01200000 0.00565132 -0.01556077
v 0.01200000 0.00521284 -0.01658946
v 0.01200000 0.00458211 -0.01751284
v 0.01200000 0.00378334 -0.01829543
v 0.01200000 0.00284726 -0.01890716
v 0.01200000 0.00180981 -0.01932450
v 0.01200000 0.00071088 -0.01953144
v 0.01200000 -0.00040730 -0.01952000
v 0.01200000 -0.00150177 -0.01929064
v 0.01200000 -0.00253046 -0.01885216
v 0.01200000 -0.00345385 -0.01822143
v 0.01200000 -0.00423644 -0.01742267
v 0.01200000 -0.00484816 -0.01648658
v 0.01200000 -0.00526551 -0.01544913
v 0.01200000 -0.00547244 -0.01435020
v 0.01200000 -0.00546100 -0.01323202
v 0.01200000 -0.00523164 -0.01213755
v 0.02500000 0.00173579 -0.00804645
v 0.02500000 0.00280638 -0.00844010
v 0.02500000 0.00378313 -0.00902925
v 0.02500000 0.00463073 -0.00979260
v 0.02500000 0.00531855 -0.01070257
v 0.02500000 0.00582173 -0.01172626
v 0.02500000 0.00612207 -0.01282668
v 0.02500000 0.00620874 -0.01396406
v 0.02500000 0.00607859 -0.01509728
v 0.02500000 0.00573632 -0.01618539
v 0.02500000 0.00519432 -0.01718907
v 0.02500000 0.00447216 -0.01807203
v 0.02500000 0.00359595 -0.01880237
v 0.02500000 0.00259736 -0.01935368
v 0.02500000 0.00151248 -0.01970605
v 0.02500000 0.00038051 -0.01984673
v 0.02500000 -0.00075762 -0.01977065
v 0.02500000 -0.00186079 -0.01948055
v 0.02500000 -0.00288911 -0.01898691
v 0.02500000 -0.00380544 -0.01830759
v 0.02500000 -0.00457664 -0.01746712
v 0.02500000 -0.00517484 -0.01649589
v 0.02500000 -0.00557843 -0.01542900
v 0.02500000 -0.00577282 -0.01430502
v 0.02500000 -0.00575098 -0.01316455
v 0.02500000 -0.00551369 -0.01204883
v 0.02500000 -0.00506955 -0.01099818
v 0.02500000 -0.00443459 -0.01005057
v 0.02500000 -0.00363177 -0.00924025
v 0.02500000 -0.00269011 -0.00859651
v 0.02500000 -0.00164363 -0.00814262
v 0.02500000 -0.00053017 -0.00789497
v 0.02500000 0.00061004 -0.00786252
v 0.01200000 0.00620874 -0.01396406
v 0.01200000 0.00607859 -0.01509728
v 0.01200000 0.00573632 -0.01618539
v 0.01200000 0.00519432 -0.01718907
v 0.01200000 0.00447216 -0.01807203
v 0.01200000 0.00359595 -0.01880237
v 0.01200000 0.00259736 -0.01935368
v 0.01200000 0.00151248 -0.01970605
v 0.01200000 0.00038051 -0.01984673
v 0.01200000 -0.00075762 -0.01977065
v 0.01200000 -0.00186079 -0.01948055
v 0.01200000 -0.00288911 -0.01898691
v 0.01200000 -0.00380544 -0.01830759
v 0.01200000 -0.00457664 -0.01746712
v 0.01200000 -0.00517484 -0.01649589
v 0.01200000 -0.00557843 -0.01542900
v 0.01200000 -0.00577282 -0.01430502
v 0.01200000 -0.00575098 -0.01316455
v 0.01200000 -0.00551369 -0.01204883
v 0.01200000 -0.00506955 -0.01099818
v 0.01200000 -0.00443459 -0.01005057
v 0.01200000 -0.00363177 -0.00924025
v 0.01200000 -0.00269011 -0.00859651
v 0.01200000 -0.00164363 -0.00814262
v 0.01200000 -0.00053017 -0.00789497
v 0.01200000 0.00061004 -0.00786252
v 0.01200000 0.00173579 -0.00804645
v 0.01200000 0.00280638 -0.00844010
v 0.01200000 0.00378313 -0.00902925
v 0.01200000 0.00463073 -0.00979260
v 0.01200000 0.00531855 -0.01070257
v 0.01200000 0.00582173 -0.01172626
v 0.01200000 0.00612207 -0.01282668
v 0.02000000 0.00194669 -0.02165834
v 0.02250000 0.00194669 -0.02165834
v 0.02000000 -0.00568469 -0.01925791
v 0.02250000 -0.00568469 -0.01925791
v 0.02000000 -0.00742154 -0.01144872
v 0.02250000 -0.00742154 -0.01144872
v 0.02000000 -0.00152701 -0.00603998
v 0.02250000 -0.00152701 -0.00603998
v 0.02000000 0.00610437 -0.00844041
v 0.02250000 0.00610437 -0.00844041
v 0.02000000 0.00784121 -0.01624960
v 0.02250000 0.00784121 -0.01624960
v 0.02000000 -0.00511412 -0.01108230
v 0.02000000 -0.00551369 -0.01204883
v 0.02000000 -0.00573936 -0.01307006
v 0.02000000 -0.00421106 -0.01790572
v 0.02000000 -0.00343948 -0.01861177
v 0.02000000 -0.00484831 -0.01707641
v 0.02000000 -0.00005597 -0.00785505
v 0.02000000 -0.00109280 -0.00799227
v 0.02000000 -0.00209005 -0.00830745
v 0.02000000 0.00047565 -0.01984327
v 0.02000000 0.00151248 -0.01970605
v 0.02000000 0.00250972 -0.01939087
v 0.02000000 0.00526798 -0.01062191
v 0.02000000 0.00463073 -0.00979260
v 0.02000000 0.00385916 -0.00908655
v 0.02000000 -0.00301741 -0.00879101
v 0.02000000 -0.00384672 -0.00942826
v 0.02000000 -0.00455277 -0.01019984
v 0.02000000 -0.00578427 -0.01411497
v 0.02000000 -0.00564705 -0.01515180
v 0.02000000 -0.00533187 -0.01614905
v 0.02000000 0.00553379 -0.01661602
v 0.02000000 0.00593337 -0.01564949
v 0.02000000 0.00615904 -0.01462825
v 0.02000000 -0.00255702 -0.01917312
v 0.02000000 -0.00159049 -0.01957269
v 0.02000000 -0.00056926 -0.01979836
v 0.02000000 0.00343709 -0.01890731
v 0.02000000 0.00426640 -0.01827005
v 0.02000000 0.00497245 -0.01749848
v 0.02000000 0.00297670 -0.00852520
v 0.02000000 0.00201017 -0.00812563
v 0.02000000 0.00098893 -0.00789996
v 0.02000000 0.00620395 -0.01358335
v 0.02000000 0.00606673 -0.01254652
v 0.02000000 0.00575155 -0.01154927
v 0.02250000 -0.00109280 -0.00799227
v 0.02250000 -0.00005597 -0.00785505
v 0.02250000 0.00615904 -0.01462825
v 0.02250000 0.00593337 -0.01564949
v 0.02250000 0.00553379 -0.01661602
v 0.02250000 -0.00209005 -0.00830745
v 0.02250000 0.00250972 -0.01939087
v 0.02250000 0.00151248 -0.01970605
v 0.02250000 0.00047565 -0.01984327
v 0.02250000 -0.00511412 -0.01108230
v 0.02250000 -0.00551369 -0.01204883
v 0.02250000 -0.00573936 -0.01307006
v 0.02250000 0.00385916 -0.00908655
v 0.02250000 0.00463073 -0.00979260
v 0.02250000 0.00526798 -0.01062191
v 0.02250000 0.00497245 -0.01749848
v 0.02250000 0.00426640 -0.01827005
v 0.02250000 0.00343709 -0.01890731
v 0.02250000 -0.00455277 -0.01019984
v 0.02250000 -0.00384672 -0.00942826
v 0.02250000 -0.00301741 -0.00879101
v 0.02250000 0.00098893 -0.00789996
v 0.02250000 0.00201017 -0.00812563
v 0.02250000 0.00297670 -0.00852520
v 0.02250000 -0.00255702 -0.01917312
v 0.02250000 -0.00159049 -0.01957269
v 0.02250000 -0.00056926 -0.01979836
v 0.02250000 -0.00343948 -0.01861177
v 0.02250000 -0.00421106 -0.01790572
v 0.02250000 -0.00484831 -0.01707641
v 0.02250000 -0.00533187 -0.01614905
v 0.02250000 -0.00564705 -0.01515180
v 0.02250000 -0.00578427 -0.01411497
v 0.02250000 0.00575155 -0.01154927
v 0.02250000 0.00606673 -0.01254652
v 0.02250000 0.00620395 -0.01358335
v -0.00005113 -0.02779016 -0.01569886
v 0.00076351 -0.02779016 -0.01563083
v 0.00000000 -0.02779016 -0.01139916
v 0.00155057 -0.02779016 -0.01540986
v 0.00228158 -0.02779016 -0.01504394
v -0.00236760 -0.02779016 -0.01498865
v -0.00164550 -0.02779016 -0.01537186
v -0.00086393 -0.02779016 -0.01561148
v -0.00393238 -0.02779016 -0.01313881
v -0.00353209 -0.02779016 -0.01385158
v -0.00300414 -0.02779016 -0.01447571
v -0.00424865 -0.02779016 -0.01073664
v -0.00429726 -0.02779016 -0.01155267
v -0.00419055 -0.02779016 -0.01236316
v -0.00321601 -0.02779016 -0.00854482
v -0.00369808 -0.02779016 -0.00920503
v -0.00404649 -0.02779016 -0.00994455
v -0.00116230 -0.02779016 -0.00725923
v -0.00192479 -0.02779016 -0.00755401
v -0.00261770 -0.02779016 -0.00798777
v 0.00126042 -0.02779016 -0.00728804
v 0.00045961 -0.02779016 -0.00712380
v -0.00035781 -0.02779016 -0.00711408
v 0.00328298 -0.02779016 -0.00862210
v 0.00269809 -0.02779016 -0.00805098
v 0.00201568 -0.02779016 -0.00760087
v 0.00426321 -0.02779016 -0.01083786
v 0.00407994 -0.02779016 -0.01004119
v 0.00374921 -0.02779016 -0.00929360
v 0.00388990 -0.02779016 -0.01323183
v 0.00416644 -0.02779016 -0.01246254
v 0.00429239 -0.02779016 -0.01165482
v 0.00293013 -0.02779016 -0.01454628
v 0.00347277 -0.02779016 -0.01393488
v 0.00228158 -0.02659016 -0.01504394
v 0.00293013 -0.02659016 -0.01454628
v 0.00347277 -0.02659016 -0.01393488
v 0.00388990 -0.02659016 -0.01323183
v 0.00416644 -0.02659016 -0.01246254
v 0.00429239 -0.02659016 -0.01165482
v 0.00426321 -0.02659016 -0.01083786
v 0.00407994 -0.02659016 -0.01004119
v 0.00374921 -0.02659016 -0.00929360
v 0.00328298 -0.02659016 -0.00862210
v 0.00269809 -0.02659016 -0.00805098
v 0.00201568 -0.02659016 -0.00760087
v 0.00126042 -0.02659016 -0.00728804
v 0.00045961 -0.02659016 -0.00712380
v -0.00035781 -0.02659016 -0.00711408
v -0.00116230 -0.02659016 -0.00725923
v -0.00192479 -0.02659016 -0.00755401
v -0.00261770 -0.02659016 -0.00798777
v -0.00321601 -0.02659016 -0.00854482
v -0.00369808 -0.02659016 -0.00920503
v -0.00404649 -0.02659016 -0.00994455
v -0.00424865 -0.02659016 -0.01073664
v -0.00429726 -0.02659016 -0.01155267
v -0.00419055 -0.02659016 -0.01236316
v -0.00393238 -0.02659016 -0.01313881
v -0.00353209 -0.02659016 -0.01385158
v -0.00300414 -0.02659016 -0.01447571
v -0.00236760 -0.02659016 -0.01498865
v -0.00164550 -0.02659016 -0.01537186
v -0.00086393 -0.02659016 -0.01561148
v -0.00005113 -0.02659016 -0.01569886
v 0.00076351 -0.02659016 -0.01563083
v 0.00155057 -0.02659016 -0.01540986
v 0.00221377 -0.02659016 -0.01588238
v 0.00297870 -0.02659016 -0.01541504
v 0.00364790 -0.02659016 -0.01481864
v 0.00419985 -0.02659016 -0.01411233
v 0.00461681 -0.02659016 -0.01331882
v 0.00488538 -0.02659016 -0.01246360
v 0.00499693 -0.02659016 -0.01157418
v 0.00494788 -0.02659016 -0.01067913
v 0.00473980 -0.02659016 -0.00980722
v 0.00437938 -0.02659016 -0.00898648
v 0.00387820 -0.02659016 -0.00824329
v 0.00325238 -0.02659016 -0.00760152
v 0.00252201 -0.02659016 -0.00708182
v 0.00171059 -0.02659016 -0.00670088
v 0.00084419 -0.02659016 -0.00647094
v -0.00004934 -0.02659016 -0.00639940
v -0.00094129 -0.02659016 -0.00648856
v -0.00180298 -0.02659016 -0.00673555
v -0.00260673 -0.02659016 -0.00713243
v -0.00332669 -0.02659016 -0.00766645
v -0.00393973 -0.02659016 -0.00832044
v -0.00442614 -0.02659016 -0.00907338
v -0.00477030 -0.02659016 -0.00990108
v -0.00496113 -0.02659016 -0.01077692
v -0.00499251 -0.02659016 -0.01167277
v -0.00486342 -0.02659016 -0.01255981
v -0.00457802 -0.02659016 -0.01340956
v -0.00414548 -0.02659016 -0.01419469
v -0.00357970 -0.02659016 -0.01488997
v -0.00289887 -0.02659016 -0.01547305
v -0.00212486 -0.02659016 -0.01592519
v -0.00128256 -0.02659016 -0.01623187
v -0.00039903 -0.02659016 -0.01638321
v 0.00049732 -0.02659016 -0.01637436
v 0.00137768 -0.02659016 -0.01620561
v -0.00180298 -0.01059016 -0.00673555
v -0.00094129 -0.01059016 -0.00648856
v 0.00000000 -0.01059016 -0.01139916
v -0.00260673 -0.01059016 -0.00713243
v -0.00442614 -0.01059016 -0.00907338
v -0.00393973 -0.01059016 -0.00832044
v -0.00332669 -0.01059016 -0.00766645
v -0.00499251 -0.01059016 -0.01167277
v -0.00496113 -0.01059016 -0.01077692
v -0.00477030 -0.01059016 -0.00990108
v -0.00414548 -0.01059016 -0.01419469
v -0.00457802 -0.01059016 -0.01340956
v -0.00486342 -0.01059016 -0.01255981
v -0.00212486 -0.01059016 -0.01592519
v -0.00289887 -0.01059016 -0.01547305
v -0.00357970 -0.01059016 -0.01488997
v 0.00049732 -0.01059016 -0.01637436
v -0.00039903 -0.01059016 -0.01638321
v -0.00128256 -0.01059016 -0.01623187
v 0.00297870 -0.01059016 -0.01541504
v 0.00221377 -0.01059016 -0.01588238
v 0.00137768 -0.01059016 -0.01620561
v 0.00461681 -0.01059016 -0.01331882
v 0.00419985 -0.01059016 -0.01411233
v 0.00364790 -0.01059016 -0.01481864
v 0.00494788 -0.01059016 -0.01067913
v 0.00499693 -0.01059016 -0.01157418
v 0.00488538 -0.01059016 -0.01246360
v 0.00387820 -0.01059016 -0.00824329
v 0.00437938 -0.01059016 -0.00898648
v 0.00473980 -0.01059016 -0.00980722
v 0.00171059 -0.01059016 -0.00670088
v 0.00252201 -0.01059016 -0.00708182
v 0.00325238 -0.01059016 -0.00760152
v -0.00004934 -0.01059016 -0.00639940
v 0.00084419 -0.01059016 -0.00647094
v 0.01945613 -0.01163981 -0.00110000
v 0.01839361 -0.01135511 -0.00000000
v 0.01945613 -0.01236451 -0.00110000
v 0.01839361 -0.01264921 -0.00000000
v 0.01981848 -0.01299211 -0.00110000
v 0.01904066 -0.01376993 -0.00000000
v 0.02044608 -0.01335446 -0.00110000
v 0.02016138 -0.01441697 -0.00000000
v 0.02117077 -0.01335446 -0.00110000
v 0.02145547 -0.01441697 -0.00000000
v 0.02179837 -0.01299211 -0.00110000
v 0.02257619 -0.01376993 -0.00000000
v 0.02216072 -0.01236451 -0.00110000
v 0.02322324 -0.01264921 -0.00000000
v 0.02216072 -0.01163981 -0.00110000
v 0.02322324 -0.01135511 -0.00000000
v 0.02179838 -0.01101221 -0.00110000
v 0.02257619 -0.01023439 -0.00000000
v 0.02117077 -0.01064986 -0.00110000
v 0.02145547 -0.00958735 -0.00000000
v 0.02044608 -0.01064986 -0.00110000
v 0.02016138 -0.00958735 -0.00000000
v 0.01981848 -0.01101221 -0.00110000
v 0.01904066 -0.01023439 -0.00000000
v 0.01945613 0.01278418 -0.00110000
v 0.01839361 0.01306889 -0.00000000
v 0.01945613 0.01205949 -0.00110000
v 0.01839361 0.01177479 -0.00000000
v 0.01981848 0.01143189 -0.00110000
v 0.01904066 0.01065407 -0.00000000
v 0.02044608 0.01106954 -0.00110000
v 0.02016138 0.01000702 -0.00000000
v 0.02117077 0.01106954 -0.00110000
v 0.02145547 0.01000702 -0.00000000
v 0.02179838 0.01143189 -0.00110000
v 0.02257619 0.01065407 -0.00000000
v 0.02216072 0.01205949 -0.00110000
v 0.02322324 0.01177479 -0.00000000
v 0.02216072 0.01278418 -0.00110000
v 0.02322324 0.01306888 -0.00000000
v 0.02179837 0.01341179 -0.00110000
v 0.02257619 0.01418960 -0.00000000
v 0.02117077 0.01377413 -0.00110000
v 0.02145547 0.01483665 -0.00000000
v 0.02044608 0.01377413 -0.00110000
v 0.02016138 0.01483665 -0.00000000
v 0.01981848 0.01341179 -0.00110000
v 0.01904066 0.01418960 -0.00000000
v -0.02044608 -0.01064986 -0.00110000
v -0.02016138 -0.00958735 -0.00000000
v -0.02117077 -0.01064986 -0.00110000
v -0.02145547 -0.00958735 -0.00000000
v -0.02179838 -0.01101221 -0.00110000
v -0.02257619 -0.01023439 -0.00000000
v -0.02216072 -0.01163981 -0.00110000
v -0.02322324 -0.01135511 -0.00000000
v -0.02216072 -0.01236451 -0.00110000
v -0.02322324 -0.01264921 -0.00000000
v -0.02179837 -0.01299211 -0.00110000
v -0.02257619 -0.01376993 -0.00000000
v -0.02117077 -0.01335446 -0.00110000
v -0.02145547 -0.01441697 -0.00000000
v -0.02044608 -0.01335446 -0.00110000
v -0.02016138 -0.01441697 -0.00000000
v -0.01981848 -0.01299211 -0.00110000
v -0.01904066 -0.01376993 -0.00000000
v -0.01945613 -0.01236451 -0.00110000
v -0.01839361 -0.01264921 -0.00000000
v -0.01945613 -0.01163981 -0.00110000
v -0.01839361 -0.01135511 -0.00000000
v -0.01981848 -0.01101221 -0.00110000
v -0.01904066 -0.01023439 -0.00000000
v -0.02044608 0.01377413 -0.00110000
v -0.02016138 0.01483665 -0.00000000
v -0.02117077 0.01377413 -0.00110000
v -0.02145547 0.01483665 -0.00000000
v -0.02179837 0.01341179 -0.00110000
v -0.02257619 0.01418960 -0.00000000
v -0.02216072 0.01278418 -0.00110000
v -0.02322324 0.01306888 -0.00000000
v -0.02216072 0.01205949 -0.00110000
v -0.02322324 0.01177479 -0.00000000
v -0.02179838 0.01143189 -0.00110000
v -0.02257619 0.01065407 -0.00000000
v -0.02117077 0.01106954 -0.00110000
v -0.02145547 0.01000702 -0.00000000
v -0.02044608 0.01106954 -0.00110000
v -0.02016138 0.01000702 -0.00000000
v -0.01981848 0.01143189 -0.00110000
v -0.01904066 0.01065407 -0.00000000
v -0.01945613 0.01205949 -0.00110000
v -0.01839361 0.01177479 -0.00000000
v -0.01945613 0.01278418 -0.00110000
v -0.01839361 0.01306889 -0.00000000
v -0.01981848 0.01341179 -0.00110000
v -0.01904066 0.01418960 -0.00000000
v 0.02179837 -0.01299211 -0.00380000
v 0.02117077 -0.01335446 -0.00380000
v 0.02044608 -0.01335446 -0.00380000
v 0.01981848 -0.01299211 -0.00380000
v 0.01945613 -0.01236451 -0.00380000
v 0.01945613 -0.01163981 -0.00380000
v 0.01981848 -0.01101221 -0.00380000
v 0.02044608 -0.01064986 -0.00380000
v 0.02117077 -0.01064986 -0.00380000
v 0.02179838 -0.01101221 -0.00380000
v 0.02216072 -0.01163981 -0.00380000
v 0.02216072 -0.01236451 -0.00380000
v -0.01981848 -0.01299211 -0.00380000
v -0.02044608 -0.01335446 -0.00380000
v -0.02117077 -0.01335446 -0.00380000
v -0.02179837 -0.01299211 -0.00380000
v -0.02216072 -0.01236451 -0.00380000
v -0.02216072 -0.01163981 -0.00380000
v -0.02179838 -0.01101221 -0.00380000
v -0.02117077 -0.01064986 -0.00380000
v -0.02044608 -0.01064986 -0.00380000
v -0.01981848 -0.01101221 -0.00380000
v -0.01945613 -0.01163981 -0.00380000
v -0.01945613 -0.01236451 -0.00380000
v 0.02179838 0.01143189 -0.00380000
v 0.02117077 0.01106954 -0.00380000
v 0.02044608 0.01106954 -0.00380000
v 0.01981848 0.01143189 -0.00380000
v 0.01945613 0.01205949 -0.00380000
v 0.01945613 0.01278418 -0.00380000
v 0.01981848 0.01341179 -0.00380000
v 0.02044608 0.01377413 -0.00380000
v 0.02117077 0.01377413 -0.00380000
v 0.02179837 0.01341179 -0.00380000
v 0.02216072 0.01278418 -0.00380000
v 0.02216072 0.01205949 -0.00380000
v -0.01981848 0.01143189 -0.00380000
v -0.02044608 0.01106954 -0.00380000
v -0.02117077 0.01106954 -0.00380000
v -0.02179838 0.01143189 -0.00380000
v -0.02216072 0.01205949 -0.00380000
v -0.02216072 0.01278418 -0.00380000
v -0.02179837 0.01341179 -0.00380000
v -0.02117077 0.01377413 -0.00380000
v -0.02044608 0.01377413 -0.00380000
v -0.01981848 0.01341179 -0.00380000
v -0.01945613 0.01278418 -0.00380000
v -0.01945613 0.01205949 -0.00380000
v -0.01458889 0.02100807 -0.00030000
v -0.01487867 0.02108571 -0.00000000
v -0.01458889 0.02023161 -0.00030000
v -0.01487867 0.02015396 -0.00000000
v -0.01420066 0.01955918 -0.00030000
v -0.01441279 0.01934705 -0.00000000
v -0.01352823 0.01917095 -0.00030000
v -0.01360587 0.01888117 -0.00000000
v -0.01275177 0.01917095 -0.00030000
v -0.01267413 0.01888117 -0.00000000
v -0.01207934 0.01955918 -0.00030000
v -0.01186721 0.01934705 -0.00000000
v -0.01169111 0.02023161 -0.00030000
v -0.01140133 0.02015396 -0.00000000
v -0.01169111 0.02100807 -0.00030000
v -0.01140133 0.02108571 -0.00000000
v -0.01207934 0.02168050 -0.00030000
v -0.01186721 0.02189263 -0.00000000
v -0.01275177 0.02206873 -0.00030000
v -0.01267413 0.02235851 -0.00000000
v -0.01352823 0.02206873 -0.00030000
v -0.01360587 0.02235851 -0.00000000
v -0.01420066 0.02168050 -0.00030000
v -0.01441279 0.02189263 -0.00000000
v 0.00486689 0.02676758 -0.00000000
v 0.00054370 0.02720436 -0.00000000
v -0.00433823 0.02185705 -0.00000000
v -0.00803258 0.02598730 -0.00000000
v -0.00646784 0.02398665 -0.00000000
v -0.00379357 0.02694201 -0.00000000
v -0.02673217 0.00400341 -0.00000000
v -0.02698414 0.00113508 -0.00000000
v -0.02598544 0.00020984 -0.00000000
v -0.01689619 -0.00887942 -0.00000000
v -0.01308098 -0.00997200 -0.00000000
v -0.01156192 -0.01074600 -0.00000000
v -0.00439844 -0.00435684 -0.00000000
v 0.01441279 0.01934705 -0.00000000
v 0.01509821 0.02020070 -0.00000000
v 0.01487867 0.02015396 -0.00000000
v 0.01520329 0.01831227 -0.00000000
v 0.01672235 0.01753827 -0.00000000
v 0.01762865 0.01767025 -0.00000000
v -0.01578210 0.02211704 -0.00000000
v -0.01909188 0.01930172 -0.00000000
v -0.01206356 0.02436497 -0.00000000
v -0.01121886 0.01923563 -0.00000000
v -0.01156192 0.01753827 -0.00000000
v -0.01308098 0.01831227 -0.00000000
v 0.01487867 0.02108571 -0.00000000
v 0.01571656 0.02081905 -0.00000000
v 0.01441279 0.02189263 -0.00000000
v 0.01425942 0.02227619 -0.00000000
v 0.01360587 0.02235851 -0.00000000
v 0.01186721 0.01934705 -0.00000000
v 0.01140133 0.02015396 -0.00000000
v 0.00000000 0.01751881 -0.00000000
v 0.01140133 0.02108571 -0.00000000
v 0.00906402 0.02564296 -0.00000000
v 0.01186721 0.02189263 -0.00000000
v 0.01016882 0.02522174 -0.00000000
v 0.01267413 0.02235851 -0.00000000
v 0.01302640 0.02385963 -0.00000000
v 0.01009261 0.01499336 -0.00000000
v 0.01070359 0.01658499 -0.00000000
v 0.00475102 0.01276779 -0.00000000
v -0.01830765 -0.01963531 -0.00000000
v -0.01488718 -0.02231508 -0.00000000
v -0.01435671 -0.01802668 -0.00000000
v -0.01108115 -0.02441146 -0.00000000
v -0.00698811 -0.02587016 -0.00000000
v -0.00433823 -0.02143737 -0.00000000
v -0.01267283 -0.01775998 -0.00000000
v -0.01124300 -0.01683144 -0.00000000
v -0.01031446 -0.01540161 -0.00000000
v -0.01004776 -0.01371772 -0.00000000
v 0.00417193 -0.01292721 -0.00000000
v -0.01048901 -0.01207094 -0.00000000
v -0.01637516 -0.01049375 -0.00000000
v -0.01758068 -0.01169928 -0.00000000
v -0.01819166 -0.01329092 -0.00000000
v -0.01600350 -0.01758542 -0.00000000
v -0.01732843 -0.01651251 -0.00000000
v -0.02125395 -0.01644157 -0.00000000
v -0.01810243 -0.01499346 -0.00000000
v -0.02138281 -0.01627577 -0.00000000
v -0.01478352 0.01840150 -0.00000000
v -0.01637516 0.01779052 -0.00000000
v -0.01758068 0.01658499 -0.00000000
v -0.01819166 0.01499336 -0.00000000
v -0.01732843 0.01177176 -0.00000000
v -0.01810243 0.01329082 -0.00000000
v -0.01600350 0.01069885 -0.00000000
v -0.01747528 0.00872000 -0.00000000
v -0.01435671 0.01025759 -0.00000000
v -0.01313705 0.00438177 -0.00000000
v -0.00475102 0.01276779 -0.00000000
v -0.01004776 0.01456655 -0.00000000
v -0.00620816 0.01131065 -0.00000000
v -0.01031446 0.01288267 -0.00000000
v -0.00873861 0.00878021 -0.00000000
v -0.01124300 0.01145284 -0.00000000
v -0.01267283 0.01052429 -0.00000000
v 0.01730898 0.00020984 -0.00000000
v 0.00873861 0.00878021 -0.00000000
v 0.01779526 0.01621334 -0.00000000
v 0.01823652 0.01456655 -0.00000000
v 0.01796982 0.01288266 -0.00000000
v 0.01704127 0.01145284 -0.00000000
v 0.01561144 0.01052429 -0.00000000
v 0.01392756 0.01025759 -0.00000000
v 0.01228077 0.01069885 -0.00000000
v 0.01095584 0.01177176 -0.00000000
v 0.01018184 0.01329082 -0.00000000
v 0.00620816 0.01131065 -0.00000000
v 0.02010595 -0.01500346 -0.00000000
v 0.01823652 -0.01371772 -0.00000000
v 0.01796982 -0.01540161 -0.00000000
v 0.01255795 -0.00454119 -0.00000000
v 0.01110082 -0.00599832 -0.00000000
v 0.01779526 -0.01207094 -0.00000000
v 0.01672235 -0.01074600 -0.00000000
v 0.01520329 -0.00997200 -0.00000000
v 0.01350075 -0.00988278 -0.00000000
v 0.01009261 -0.01329092 -0.00000000
v 0.00857037 -0.00852877 -0.00000000
v 0.01070359 -0.01169928 -0.00000000
v 0.01190912 -0.01049375 -0.00000000
v 0.01757551 -0.01753391 -0.00000000
v 0.01704127 -0.01683144 -0.00000000
v 0.01317707 -0.02193235 -0.00000000
v 0.01561144 -0.01775998 -0.00000000
v 0.01392756 -0.01802668 -0.00000000
v 0.01228077 -0.01758542 -0.00000000
v 0.01095584 -0.01651251 -0.00000000
v 0.01018184 -0.01499346 -0.00000000
v 0.02504752 -0.00987092 -0.00000000
v 0.02056623 -0.01728388 -0.00000000
v 0.02259743 -0.01456704 -0.00000000
v 0.02310609 -0.01375828 -0.00000000
v 0.01984515 0.01851748 -0.00000000
v 0.01824700 0.01828860 -0.00000000
v 0.02252492 0.01509702 -0.00000000
v 0.02392804 0.01271779 -0.00000000
v 0.02462130 0.01129098 -0.00000000
v 0.02608000 0.00719795 -0.00000000
v -0.02164721 -0.00412839 -0.00000000
v -0.02260180 -0.01456036 -0.00000000
v -0.02364979 -0.01281657 -0.00000000
v -0.02543312 -0.00885418 -0.00000000
v -0.02577746 0.00824242 -0.00000000
v -0.02415514 0.01227340 -0.00000000
v -0.02190720 0.01599193 -0.00000000
v 0.01477020 0.02281163 -0.00000000
v 0.01665141 0.02146379 -0.00000000
v 0.02686324 0.00292393 -0.00000000
v 0.02695074 -0.00142038 -0.00000000
v 0.02634023 -0.00572247 -0.00000000
v 0.01749372 -0.02035639 -0.00000000
v 0.01396812 -0.02289626 -0.00000000
v -0.00271409 -0.02665340 -0.00000000
v 0.00163022 -0.02674090 -0.00000000
v 0.00593231 -0.02613039 -0.00000000
v 0.01008076 -0.02483768 -0.00000000
v -0.02655774 -0.00465705 -0.00000000
v -0.02699453 -0.00033386 -0.00000000
v -0.01048901 0.01621334 -0.00000000
v -0.00908926 0.01710602 -0.00000000
v 0.00145714 0.00655963 -0.00000000
v 0.00000000 0.00801677 -0.00000000
v 0.00000000 0.00510249 -0.00000000
v -0.00145714 0.00655963 -0.00000000
v -0.00253045 0.00257205 -0.00000000
v -0.00398758 0.00402918 -0.00000000
v -0.00692889 -0.00182639 -0.00000000
v -0.00838602 -0.00036926 -0.00000000
v -0.01478352 -0.00988278 -0.00000000
v -0.00000000 0.00004160 -0.00000000
v 0.00253045 0.00257205 -0.00000000
v 0.00398758 0.00402918 -0.00000000
v 0.01267413 0.01888117 -0.00000000
v 0.01190912 0.01779052 -0.00000000
v 0.01360587 0.01888117 -0.00000000
v 0.01350075 0.01840150 -0.00000000
v 0.01352823 0.02206873 -0.00030000
v 0.01275177 0.02206873 -0.00030000
v 0.01207934 0.02168050 -0.00030000
v 0.01169111 0.02100807 -0.00030000
v 0.01169111 0.02023161 -0.00030000
v 0.01207934 0.01955918 -0.00030000
v 0.01275177 0.01917095 -0.00030000
v 0.01352823 0.01917095 -0.00030000
v 0.01420066 0.01955918 -0.00030000
v 0.01458889 0.02023161 -0.00030000
v 0.01458889 0.02100807 -0.00030000
v 0.01420066 0.02168050 -0.00030000
v 0.01921744 -0.01359315 -0.00380000
v 0.01863509 -0.01258450 -0.00380000
v 0.01863509 -0.01141982 -0.00380000
v 0.01921744 -0.01041117 -0.00380000
v 0.02022608 -0.00982883 -0.00380000
v 0.02139077 -0.00982883 -0.00380000
v 0.02239942 -0.01041117 -0.00380000
v 0.02298176 -0.01141982 -0.00380000
v 0.02298176 -0.01258450 -0.00380000
v 0.02239941 -0.01359315 -0.00380000
v 0.02139077 -0.01417549 -0.00380000
v 0.02022608 -0.01417549 -0.00380000
v -0.02298176 -0.01141982 -0.00380000
v -0.02239942 -0.01041117 -0.00380000
v -0.02139077 -0.00982883 -0.00380000
v -0.02022608 -0.00982883 -0.00380000
v -0.01921744 -0.01041117 -0.00380000
v -0.01863509 -0.01141982 -0.00380000
v -0.01863509 -0.01258450 -0.00380000
v -0.01921744 -0.01359315 -0.00380000
v -0.02022608 -0.01417549 -0.00380000
v -0.02139077 -0.01417549 -0.00380000
v -0.02239941 -0.01359315 -0.00380000
v -0.02298176 -0.01258450 -0.00380000
v 0.01921744 0.01401283 -0.00380000
v 0.02022608 0.01459517 -0.00380000
v 0.02139077 0.01459517 -0.00380000
v 0.02239941 0.01401283 -0.00380000
v 0.02298176 0.01300418 -0.00380000
v 0.02298176 0.01183949 -0.00380000
v 0.02239942 0.01083085 -0.00380000
v 0.02139077 0.01024850 -0.00380000
v 0.02022608 0.01024850 -0.00380000
v 0.01921744 0.01083085 -0.00380000
v 0.01863509 0.01183950 -0.00380000
v 0.01863509 0.01300418 -0.00380000
v -0.02239942 0.01083085 -0.00380000
v -0.02298176 0.01183949 -0.00380000
v -0.02298176 0.01300418 -0.00380000
v -0.02239941 0.01401283 -0.00380000
v -0.02139077 0.01459517 -0.00380000
v -0.02022608 0.01459517 -0.00380000
v -0.01921744 0.01401283 -0.00380000
v -0.01863509 0.01300418 -0.00380000
v -0.01863509 0.01183950 -0.00380000
v -0.01921744 0.01083085 -0.00380000
v -0.02022608 0.01024850 -0.00380000
v -0.02139077 0.01024850 -0.00380000
v -0.01207934 0.01955918 -0.00135000
v -0.01275177 0.01917095 -0.00135000
v -0.01352823 0.01917095 -0.00135000
v -0.01420066 0.01955918 -0.00135000
v -0.01458889 0.02023161 -0.00135000
v -0.01458889 0.02100807 -0.00135000
v -0.01420066 0.02168050 -0.00135000
v -0.01352823 0.02206873 -0.00135000
v -0.01275177 0.02206873 -0.00135000
v -0.01207934 0.02168050 -0.00135000
v -0.01169111 0.02100807 -0.00135000
v -0.01169111 0.02023161 -0.00135000
v 0.01984515 0.01851748 -0.00135000
v 0.01665141 0.02146379 -0.00135000
v 0.02462130 0.01129098 -0.00135000
v 0.02252492 0.01509702 -0.00135000
v 0.02608000 0.00719795 -0.00135000
v 0.02686324 0.00292393 -0.00135000
v 0.02695074 -0.00142038 -0.00135000
v 0.02634023 -0.00572247 -0.00135000
v 0.02504752 -0.00987092 -0.00135000
v 0.02310609 -0.01375828 -0.00135000
v 0.02056623 -0.01728388 -0.00135000
v 0.01749372 -0.02035639 -0.00135000
v 0.01396812 -0.02289626 -0.00135000
v 0.01008076 -0.02483768 -0.00135000
v 0.00593231 -0.02613039 -0.00135000
v 0.00163022 -0.02674090 -0.00135000
v -0.00271409 -0.02665340 -0.00135000
v -0.00698811 -0.02587016 -0.00135000
v -0.01108115 -0.02441146 -0.00135000
v -0.01488718 -0.02231508 -0.00135000
v -0.01830765 -0.01963531 -0.00135000
v -0.02125395 -0.01644157 -0.00135000
v -0.02251768 -0.01468828 -0.00135000
v -0.02364979 -0.01281657 -0.00135000
v -0.02543312 -0.00885418 -0.00135000
v -0.02655774 -0.00465705 -0.00135000
v -0.02699453 -0.00033386 -0.00135000
v -0.02673217 0.00400341 -0.00135000
v -0.02577746 0.00824242 -0.00135000
v -0.02415514 0.01227340 -0.00135000
v -0.02190720 0.01599193 -0.00135000
v -0.01909188 0.01930172 -0.00135000
v -0.01578210 0.02211704 -0.00135000
v -0.01206356 0.02436497 -0.00135000
v -0.00803258 0.02598730 -0.00135000
v -0.00379357 0.02694201 -0.00135000
v 0.00054370 0.02720436 -0.00135000
v 0.00486689 0.02676758 -0.00135000
v 0.00906402 0.02564296 -0.00135000
v 0.01171423 0.02453630 -0.00135000
v 0.01302640 0.02385963 -0.00135000
v 0.01704127 -0.01683144 -0.00135000
v 0.01561144 -0.01775998 -0.00135000
v 0.01392756 -0.01802668 -0.00135000
v 0.01228077 -0.01758542 -0.00135000
v 0.01095584 -0.01651251 -0.00135000
v 0.01018184 -0.01499346 -0.00135000
v 0.01009261 -0.01329092 -0.00135000
v 0.01070359 -0.01169928 -0.00135000
v 0.01190912 -0.01049375 -0.00135000
v 0.01350075 -0.00988278 -0.00135000
v 0.01520329 -0.00997200 -0.00135000
v 0.01672235 -0.01074600 -0.00135000
v 0.01779526 -0.01207094 -0.00135000
v 0.01823652 -0.01371772 -0.00135000
v 0.01796982 -0.01540161 -0.00135000
v 0.01704127 0.01145284 -0.00135000
v 0.01561144 0.01052429 -0.00135000
v 0.01392756 0.01025759 -0.00135000
v 0.01228077 0.01069885 -0.00135000
v 0.01095584 0.01177176 -0.00135000
v 0.01018184 0.01329082 -0.00135000
v 0.01009261 0.01499336 -0.00135000
v 0.01070359 0.01658499 -0.00135000
v 0.01190912 0.01779052 -0.00135000
v 0.01350075 0.01840150 -0.00135000
v 0.01520329 0.01831227 -0.00135000
v 0.01672235 0.01753827 -0.00135000
v 0.01779526 0.01621334 -0.00135000
v 0.01823652 0.01456655 -0.00135000
v 0.01796982 0.01288266 -0.00135000
v -0.01124300 0.01145284 -0.00135000
v -0.01267283 0.01052429 -0.00135000
v -0.01435671 0.01025759 -0.00135000
v -0.01600350 0.01069885 -0.00135000
v -0.01732843 0.01177176 -0.00135000
v -0.01810243 0.01329082 -0.00135000
v -0.01819166 0.01499336 -0.00135000
v -0.01758068 0.01658499 -0.00135000
v -0.01637516 0.01779052 -0.00135000
v -0.01478352 0.01840150 -0.00135000
v -0.01308098 0.01831227 -0.00135000
v -0.01156192 0.01753827 -0.00135000
v -0.01048901 0.01621334 -0.00135000
v -0.01004776 0.01456655 -0.00135000
v -0.01031446 0.01288267 -0.00135000
v -0.01124300 -0.01683144 -0.00135000
v -0.01267283 -0.01775998 -0.00135000
v -0.01435671 -0.01802668 -0.00135000
v -0.01600350 -0.01758542 -0.00135000
v -0.01732843 -0.01651251 -0.00135000
v -0.01810243 -0.01499346 -0.00135000
v -0.01819166 -0.01329092 -0.00135000
v -0.01758068 -0.01169928 -0.00135000
v -0.01637516 -0.01049375 -0.00135000
v -0.01478352 -0.00988278 -0.00135000
v -0.01308098 -0.00997200 -0.00135000
v -0.01156192 -0.01074600 -0.00135000
v -0.01048901 -0.01207094 -0.00135000
v -0.01004776 -0.01371772 -0.00135000
v -0.01031446 -0.01540161 -0.00135000
v 0.01420066 0.01955918 -0.00135000
v 0.01352823 0.01917095 -0.00135000
v 0.01275177 0.01917095 -0.00135000
v 0.01207934 0.01955918 -0.00135000
v 0.01169111 0.02023161 -0.00135000
v 0.01169111 0.02100807 -0.00135000
v 0.01207934 0.02168050 -0.00135000
v 0.01275177 0.02206873 -0.00135000
v 0.01352823 0.02206873 -0.00135000
v 0.01420066 0.02168050 -0.00135000
v 0.01458889 0.02100807 -0.00135000
v 0.01458889 0.02023161 -0.00135000
v 0.01921744 -0.01041117 -0.00135000
v 0.01863509 -0.01141982 -0.00135000
v 0.01863509 -0.01258450 -0.00135000
v 0.01921744 -0.01359315 -0.00135000
v 0.02022608 -0.01417549 -0.00135000
v 0.02139077 -0.01417549 -0.00135000
v 0.02239941 -0.01359315 -0.00135000
v 0.02298176 -0.01258450 -0.00135000
v 0.02298176 -0.01141982 -0.00135000
v 0.02239942 -0.01041117 -0.00135000
v 0.02139077 -0.00982883 -0.00135000
v 0.02022608 -0.00982883 -0.00135000
v -0.02239942 -0.01041117 -0.00135000
v -0.02298176 -0.01141982 -0.00135000
v -0.02298176 -0.01258450 -0.00135000
v -0.02239941 -0.01359315 -0.00135000
v -0.02139077 -0.01417549 -0.00135000
v -0.02022608 -0.01417549 -0.00135000
v -0.01921744 -0.01359315 -0.00135000
v -0.01863509 -0.01258450 -0.00135000
v -0.01863509 -0.01141982 -0.00135000
v -0.01921744 -0.01041117 -0.00135000
v -0.02022608 -0.00982883 -0.00135000
v -0.02139077 -0.00982883 -0.00135000
v 0.01921744 0.01401283 -0.00135000
v 0.01863509 0.01300418 -0.00135000
v 0.01863509 0.01183950 -0.00135000
v 0.01921744 0.01083085 -0.00135000
v 0.02022608 0.01024850 -0.00135000
v 0.02139077 0.01024850 -0.00135000
v 0.02239942 0.01083085 -0.00135000
v 0.02298176 0.01183949 -0.00135000
v 0.02298176 0.01300418 -0.00135000
v 0.02239941 0.01401283 -0.00135000
v 0.02139077 0.01459517 -0.00135000
v 0.02022608 0.01459517 -0.00135000
v -0.02239941 0.01401283 -0.00135000
v -0.02298176 0.01300418 -0.00135000
v -0.02298176 0.01183949 -0.00135000
v -0.02239942 0.01083085 -0.00135000
v -0.02139077 0.01024850 -0.00135000
v -0.02022608 0.01024850 -0.00135000
v -0.01921744 0.01083085 -0.00135000
v -0.01863509 0.01183950 -0.00135000
v -0.01863509 0.01300418 -0.00135000
v -0.01921744 0.01401283 -0.00135000
v -0.02022608 0.01459517 -0.00135000
v -0.02139077 0.01459517 -0.00135000
v -0.00432773 -0.00425077 -0.00135000
v -0.01747528 0.00889678 -0.00135000
v -0.00451501 0.02185705 -0.00135000
v -0.00675068 0.02409272 -0.00135000
v 0.00000000 0.01734204 -0.00135000
v -0.01267600 0.01816740 -0.00135000
v -0.01151938 0.01932402 -0.00135000
v -0.02616222 0.00020984 -0.00135000
v -0.02164721 -0.00430517 -0.00135000
v -0.01687851 -0.00907387 -0.00135000
v -0.00451501 -0.02143737 -0.00135000
v 0.00417193 -0.01275043 -0.00135000
v 0.01317707 -0.02175557 -0.00135000
v 0.01750480 -0.01742784 -0.00135000
v 0.02021202 -0.01472062 -0.00135000
v 0.01713220 0.00020984 -0.00135000
v 0.01236350 -0.00455886 -0.00135000
v 0.01750491 0.01758186 -0.00135000
v 0.00863254 0.00870950 -0.00135000
v 0.01532765 0.02081905 -0.00135000
v 0.01417103 0.02197567 -0.00135000
v 0.01120688 -0.00571548 -0.00135000
v 0.00849966 -0.00842270 -0.00135000
v 0.00592532 0.01141672 -0.00135000
v 0.00476870 0.01257334 -0.00135000
v -0.00592532 0.01141672 -0.00135000
v -0.00863254 0.00870950 -0.00135000
v -0.01296027 0.00438177 -0.00135000
v -0.00476870 0.01257334 -0.00135000
v -0.00703495 -0.00154355 -0.00135000
v -0.01572189 -0.01023049 -0.00135000
v 0.01479769 0.02028909 -0.00135000
v 0.01803487 0.01811183 -0.00135000
v -0.00928371 0.01708835 -0.00135000
v -0.00270722 0.00278418 -0.00135000
v 0.00000000 0.00007696 -0.00135000
v 0.00000000 0.00549140 -0.00135000
v 0.00270722 0.00278418 -0.00135000
v 0.00115662 0.00664802 -0.00135000
v 0.00386384 0.00394080 -0.00135000
v -0.00819157 -0.00038693 -0.00135000
v -0.00386384 0.00394080 -0.00135000
v -0.00115662 0.00664802 -0.00135000
v 0.00000000 0.00780464 -0.00135000
v -0.00435808 0.00631370 -0.03134916
v -0.00530330 0.00551314 -0.03134916
v -0.00193370 0.00884034 -0.03134916
v 0.00182220 0.01201319 -0.03134916
v 0.00136926 0.01122869 -0.03134916
v 0.00077515 0.01154920 -0.03134916
v -0.01096016 -0.01075032 -0.03134916
v -0.01312423 -0.00803666 -0.03134916
v -0.00977071 -0.00596380 -0.03134916
v -0.01381423 0.00345987 -0.03134916
v -0.01463019 0.00532916 -0.03134916
v -0.01312423 0.00845634 -0.03134916
v -0.01493391 0.00436056 -0.03134916
v -0.01389341 0.00338068 -0.03134916
v -0.01540254 0.00194529 -0.03134916
v -0.01080060 0.00028787 -0.03134916
v -0.01549053 -0.00033198 -0.03134916
v -0.01341150 -0.00232302 -0.03134916
v -0.01325428 -0.00248024 -0.03134916
v -0.01540254 -0.00152561 -0.03134916
v -0.01463019 -0.00490949 -0.03134916
v -0.00601757 -0.00971695 -0.03134916
v -0.00824650 -0.01291439 -0.03134916
v -0.00511933 -0.01442035 -0.03134916
v -0.00269008 -0.01304444 -0.03134916
v -0.00173545 -0.01519270 -0.03134916
v -0.00007918 -0.01043355 -0.03134916
v 0.00173545 -0.01519270 -0.03134916
v 0.00432361 -0.01001740 -0.03134916
v 0.00387068 -0.00923290 -0.03134916
v 0.00348357 -0.00687080 -0.03134916
v 0.00308617 -0.00877996 -0.03134916
v 0.00218031 -0.00877996 -0.03134916
v 0.00139580 -0.00923290 -0.03134916
v -0.00000000 -0.01035437 -0.03134916
v 0.00094287 -0.01001740 -0.03134916
v 0.00094287 -0.01092327 -0.03134916
v 0.00139580 -0.01170777 -0.03134916
v 0.00427816 -0.01468806 -0.03134916
v 0.00218031 -0.01216070 -0.03134916
v 0.00308617 -0.01216070 -0.03134916
v 0.00511933 -0.01442035 -0.03134916
v 0.00387068 -0.01170777 -0.03134916
v 0.00824650 -0.01291439 -0.03134916
v 0.00432361 -0.01092327 -0.03134916
v 0.00900607 -0.01240526 -0.03134916
v 0.01133936 0.00098499 -0.03134916
v 0.01499318 -0.00372139 -0.03134916
v 0.01077941 0.00042504 -0.03134916
v 0.01493391 -0.00394088 -0.03134916
v 0.01064339 0.00028902 -0.03134916
v 0.01463019 -0.00490949 -0.03134916
v 0.00863051 -0.00172386 -0.03134916
v 0.01312423 -0.00803666 -0.03134916
v 0.00530330 -0.00509346 -0.03134916
v 0.01096016 -0.01075032 -0.03134916
v 0.01540254 0.00194529 -0.03134916
v 0.01540254 -0.00152561 -0.03134916
v 0.01520298 -0.00280998 -0.03134916
v 0.01191761 0.00160564 -0.03134916
v 0.01237054 0.00239015 -0.03134916
v 0.01463019 0.00532916 -0.03134916
v 0.01312423 0.00845634 -0.03134916
v 0.01022724 0.00453345 -0.03134916
v 0.00944273 0.00408052 -0.03134916
v 0.01237054 0.00329601 -0.03134916
v 0.01191761 0.00408052 -0.03134916
v 0.01113310 0.00453345 -0.03134916
v 0.00838561 0.00952075 -0.03134916
v 0.00824650 0.01333406 -0.03134916
v 0.00917012 0.00906781 -0.03134916
v 0.01096016 0.01116999 -0.03134916
v 0.00962305 0.00828331 -0.03134916
v 0.00962305 0.00737744 -0.03134916
v 0.00917012 0.00659294 -0.03134916
v 0.00624231 0.00828331 -0.03134916
v 0.00425872 0.00806563 -0.03134916
v 0.00669524 0.00906781 -0.03134916
v 0.00747975 0.00952075 -0.03134916
v 0.00870812 0.00361623 -0.03134916
v 0.00801186 0.00431249 -0.03134916
v 0.00838561 0.00614001 -0.03134916
v 0.00624231 0.00737744 -0.03134916
v 0.00669524 0.00659294 -0.03134916
v 0.00747975 0.00614001 -0.03134916
v 0.00260670 0.00908539 -0.03134916
v 0.00351257 0.00908539 -0.03134916
v 0.00429707 0.00953832 -0.03134916
v 0.00475000 0.01032282 -0.03134916
v 0.00475000 0.01122869 -0.03134916
v 0.00429707 0.01201319 -0.03134916
v 0.00511933 0.01484003 -0.03134916
v 0.00351257 0.01246613 -0.03134916
v 0.00427816 0.01510774 -0.03134916
v 0.00260670 0.01246613 -0.03134916
v -0.00247487 0.01479922 -0.03134916
v -0.00173545 0.01561238 -0.03134916
v 0.00173545 0.01561238 -0.03134916
v -0.00301982 0.01541282 -0.03134916
v -0.00303483 0.01423927 -0.03134916
v -0.00393122 0.01520302 -0.03134916
v -0.00317084 0.01410325 -0.03134916
v -0.00415072 0.01514374 -0.03134916
v -0.00511933 0.01484003 -0.03134916
v -0.00518372 0.01209037 -0.03134916
v -0.00824650 0.01333406 -0.03134916
v 0.00898980 0.00329601 -0.03134916
v 0.00898980 0.00239014 -0.03134916
v 0.00814817 0.00305627 -0.03134916
v 0.01113310 0.00115271 -0.03134916
v 0.01022724 0.00115271 -0.03134916
v 0.00944273 0.00160564 -0.03134916
v 0.00801215 0.00292026 -0.03134916
v 0.00021520 0.01098924 -0.03134916
v 0.00136926 0.01032282 -0.03134916
v 0.00182220 0.00953832 -0.03134916
v 0.00369877 0.00750568 -0.03134916
v -0.00593017 0.00859545 -0.03134916
v -0.00638310 0.00937995 -0.03134916
v -0.00716760 0.00983289 -0.03134916
v -0.00807347 0.00983289 -0.03134916
v -0.01096016 0.01116999 -0.03134916
v -0.00885797 0.00937995 -0.03134916
v -0.00931091 0.00859545 -0.03134916
v -0.00931091 0.00768958 -0.03134916
v -0.01033067 0.00694343 -0.03134916
v -0.00885797 0.00690508 -0.03134916
v -0.00723786 0.00385062 -0.03134916
v -0.00807347 0.00645215 -0.03134916
v -0.00716761 0.00645215 -0.03134916
v -0.00638310 0.00690508 -0.03134916
v -0.00209092 0.00899756 -0.03134916
v -0.00593017 0.00768958 -0.03134916
v -0.00429707 -0.00911864 -0.03134916
v -0.00475000 -0.00990315 -0.03134916
v -0.00532131 -0.01041321 -0.03134916
v -0.00475000 -0.01080901 -0.03134916
v -0.00429707 -0.01159352 -0.03134916
v -0.00340668 -0.00710605 -0.03134916
v -0.00351257 -0.00866571 -0.03134916
v -0.00351257 -0.01204645 -0.03134916
v -0.00136926 -0.00990315 -0.03134916
v -0.00182220 -0.00911864 -0.03134916
v -0.00271042 -0.00780231 -0.03134916
v -0.00260670 -0.00866571 -0.03134916
v -0.00260670 -0.01204645 -0.03134916
v -0.00182220 -0.01159352 -0.03134916
v -0.00136926 -0.01080901 -0.03134916
v 0.00673793 -0.00308414 -0.03134916
v 0.00744240 -0.00071786 -0.03134916
v 0.00734038 0.00174895 -0.03134916
v 0.00644290 0.00404898 -0.03134916
v 0.00731589 0.00361652 -0.03134916
v 0.00484724 0.00593297 -0.03134916
v 0.00356275 0.00736966 -0.03134916
v 0.00272631 0.00719677 -0.03134916
v 0.00007918 0.01085322 -0.03134916
v 0.00030994 0.00770343 -0.03134916
v -0.00214002 0.00739804 -0.03134916
v -0.00698693 -0.00251647 -0.03134916
v -0.00708064 -0.00327373 -0.03134916
v -0.00749359 -0.00010010 -0.03134916
v -0.01056420 0.00020984 -0.03134916
v -0.00718821 0.00234986 -0.03134916
v -0.00708064 0.00369340 -0.03134916
v -0.00610387 0.00456791 -0.03134916
v -0.00263123 -0.00772313 -0.03134916
v -0.00332749 -0.00702687 -0.03134916
v -0.00153911 -0.00713054 -0.03134916
v 0.00092769 -0.00723257 -0.03134916
v 0.00329397 -0.00652809 -0.03134916
v 0.00745191 0.00375253 -0.03134916
v -0.00715982 -0.00335291 -0.03134916
v -0.00572313 -0.00463741 -0.03134916
v -0.00383914 -0.00623307 -0.03134916
v -0.01237054 -0.00197047 -0.03134916
v -0.01237054 -0.00287634 -0.03134916
v -0.00898980 -0.00287634 -0.03134916
v -0.00898980 -0.00197047 -0.03134916
v -0.00944273 -0.00118597 -0.03134916
v -0.01064339 0.00013066 -0.03134916
v -0.01022724 -0.00073303 -0.03134916
v -0.01113310 -0.00073303 -0.03134916
v -0.01191761 -0.00118597 -0.03134916
v -0.01191761 -0.00366084 -0.03134916
v -0.01113310 -0.00411377 -0.03134916
v -0.01022724 -0.00411377 -0.03134916
v -0.00944273 -0.00366084 -0.03134916
v -0.00007804 0.01101044 -0.03134916
v 0.00005798 0.01114646 -0.03134916
v 0.00061794 0.01170641 -0.03134916
v -0.00932848 0.00203203 -0.03134916
v -0.00887555 0.00281654 -0.03134916
v -0.00887555 0.00372240 -0.03134916
v -0.00932848 0.00450691 -0.03134916
v -0.01011299 0.00157910 -0.03134916
v -0.01072142 0.00036706 -0.03134916
v -0.01011299 0.00495984 -0.03134916
v -0.01101885 0.00495984 -0.03134916
v -0.01180336 0.00450691 -0.03134916
v -0.01225629 0.00372240 -0.03134916
v -0.01225629 0.00281654 -0.03134916
v -0.01180336 0.00203203 -0.03134916
v -0.01101885 0.00157910 -0.03134916
v 0.00100000 -0.02777230 -0.01864916
v 0.00100000 -0.02777230 -0.02264916
v 0.00296620 -0.02763261 -0.02264916
v -0.00178770 -0.02773304 -0.01644839
v -0.00178186 -0.02773341 -0.02264916
v -0.00100000 -0.02777230 -0.02264916
v -0.00100000 -0.02777230 -0.01864916
v -0.00092388 -0.02777492 -0.01826648
v -0.00070711 -0.02778123 -0.01794205
v 0.00096567 -0.02777350 -0.01838939
v 0.00296898 -0.02763231 -0.01587080
v 0.00086603 -0.02777676 -0.01814916
v 0.00222085 -0.02770195 -0.01627722
v 0.00050000 -0.02778570 -0.01778314
v 0.00140421 -0.02775493 -0.01656566
v 0.00025857 -0.02778897 -0.01768317
v 0.00049605 -0.02778577 -0.01672661
v -0.00000000 -0.02779016 -0.01764916
v -0.00000000 -0.02779016 -0.01674916
v -0.00038268 -0.02778755 -0.01772528
v -0.00063364 -0.02778299 -0.01671231
v -0.00152434 -0.02774864 -0.01653223
v -0.02769147 -0.00393536 -0.02264916
v -0.02781385 -0.00301345 -0.02148750
v -0.02791004 -0.00203291 -0.02189261
v -0.02795254 -0.00141970 -0.02206581
v -0.02799376 -0.00038109 -0.02223065
v -0.02799369 0.00080415 -0.02264916
v -0.02800000 0.00020984 -0.02225533
v -0.02799634 0.00066272 -0.02224084
v -0.02741865 -0.00546620 -0.00814611
v -0.02726613 -0.00615868 -0.00908660
v -0.02659261 -0.00855561 -0.00019916
v -0.02712958 -0.00671734 -0.01011723
v -0.02709600 -0.00684755 -0.01041655
v -0.02699424 -0.00722729 -0.01154612
v -0.02693101 -0.00745310 -0.01271183
v -0.02691679 -0.00750290 -0.01322210
v -0.02691570 -0.00750669 -0.01441873
v -0.02659261 -0.00855561 -0.02264916
v -0.02695880 -0.00735476 -0.01559687
v -0.02699551 -0.00722269 -0.01616960
v -0.02709700 -0.00684373 -0.01729098
v -0.02722698 -0.00632405 -0.01833982
v -0.02730368 -0.00599571 -0.01885904
v -0.02745406 -0.00529241 -0.01974994
v -0.02760362 -0.00448488 -0.02052391
v -0.02769103 -0.00393829 -0.02093936
v -0.02799369 0.00080415 -0.00019916
v -0.02799462 0.00075871 -0.00546428
v -0.02799369 -0.00038447 -0.00019916
v -0.02799549 -0.00029255 -0.00546082
v -0.02769147 -0.00393536 -0.00019916
v -0.02795769 -0.00132880 -0.00561175
v -0.02794519 -0.00154120 -0.00566221
v -0.02786271 -0.00255952 -0.00600263
v -0.02774998 -0.00352363 -0.00649116
v -0.02773308 -0.00364713 -0.00656698
v -0.02768995 -0.00394548 -0.00676394
v -0.02749059 -0.00510688 -0.00019916
v -0.02759222 -0.00455140 -0.00723038
v -0.02744051 -0.00535956 -0.00802326
v -0.02767975 0.00443257 -0.00681127
v -0.02749059 0.00552656 -0.00019916
v -0.02753706 0.00528035 -0.00750778
v -0.02748970 0.00553114 -0.00775548
v -0.02780498 0.00350878 -0.00624918
v -0.02787197 0.00288436 -0.00596373
v -0.02769147 0.00435503 -0.00019916
v -0.02795015 0.00187987 -0.00564216
v -0.02799368 0.00080470 -0.00546800
v -0.02724974 0.00664812 -0.01849979
v -0.02721949 0.00677485 -0.01828598
v -0.02619663 0.01009601 -0.02264916
v -0.02708941 0.00729248 -0.01721994
v -0.02699015 0.00766180 -0.01609511
v -0.02696243 0.00776148 -0.01566160
v -0.02691680 0.00792256 -0.01447648
v -0.02691556 0.00792688 -0.01328775
v -0.02693079 0.00787355 -0.01271795
v -0.02619663 0.01009601 -0.00019916
v -0.02699417 0.00764722 -0.01154708
v -0.02709487 0.00727156 -0.01042707
v -0.02715792 0.00702508 -0.00988185
v -0.02729742 0.00644286 -0.00887967
v -0.02744860 0.00573923 -0.00797843
v -0.02659261 0.00897529 -0.00019916
v -0.02799369 0.00080437 -0.02223035
v -0.02798762 0.00104226 -0.02220628
v -0.02749059 0.00552656 -0.02264916
v -0.02793727 0.00208305 -0.02200397
v -0.02785190 0.00308587 -0.02165007
v -0.02783522 0.00324305 -0.02157920
v -0.02771362 0.00420424 -0.02104309
v -0.02757205 0.00508655 -0.02036776
v -0.02755451 0.00518468 -0.02027950
v -0.02748787 0.00554059 -0.01993307
v -0.02739977 0.00597635 -0.01944401
v 0.02726312 0.00659125 -0.01859131
v 0.02737177 0.00610782 -0.01927981
v 0.02724017 0.00668850 -0.02264916
v 0.02752381 0.00535181 -0.02012216
v 0.02761297 0.00484922 -0.02056951
v 0.02774743 0.00396216 -0.02119580
v 0.02785975 0.00300881 -0.02168322
v 0.02794325 0.00199170 -0.02264916
v 0.02715786 0.00702532 -0.00988234
v 0.02575345 0.01119892 -0.00019916
v 0.02719021 0.00689506 -0.00962921
v 0.02694067 0.00783877 -0.00019916
v 0.02723670 0.00670307 -0.00928951
v 0.02724017 0.00668850 -0.00019916
v 0.02733504 0.00627577 -0.00864143
v 0.02704016 0.00747823 -0.01098140
v 0.02695732 0.00777969 -0.01212838
v 0.02693516 0.00785818 -0.01260164
v 0.02691063 0.00794407 -0.01379510
v 0.02693084 0.00787340 -0.01498156
v 0.02575345 0.01119892 -0.02264916
v 0.02695657 0.00778236 -0.01555606
v 0.02703923 0.00748172 -0.01670648
v 0.02715532 0.00703542 -0.01779548
v 0.02722540 0.00675031 -0.01832851
v 0.02723991 0.00668959 -0.01843137
v 0.02778859 0.00364409 -0.00632052
v 0.02765687 0.00457989 -0.00691852
v 0.02750937 0.00542852 -0.00765149
v 0.02749001 0.00552956 -0.00775384
v 0.02794325 -0.00157202 -0.00019916
v 0.02784244 -0.00275636 -0.00019916
v 0.02794859 -0.00148609 -0.00564847
v 0.02797721 -0.00091972 -0.00553353
v 0.02799988 0.00012869 -0.00544345
v 0.02794325 0.00199170 -0.00019916
v 0.02798350 0.00117095 -0.00550844
v 0.02797054 0.00149401 -0.00556019
v 0.02794293 0.00199666 -0.00567139
v 0.02784244 0.00317604 -0.00019916
v 0.02790409 0.00252535 -0.00583019
v 0.02780472 0.00351095 -0.00625029
v 0.02722076 -0.00634989 -0.00940313
v 0.02694067 -0.00741909 -0.00019916
v 0.02709194 -0.00686314 -0.01045455
v 0.02703743 -0.00706872 -0.01101192
v 0.02736789 -0.00570613 -0.00844165
v 0.02742799 -0.00542092 -0.00809335
v 0.02757798 -0.00463322 -0.00730096
v 0.02771818 -0.00375279 -0.00663446
v 0.02776044 -0.00344498 -0.00644454
v 0.02724017 -0.00626882 -0.00019916
v 0.02784173 -0.00276305 -0.00609140
v 0.02786968 -0.00248843 -0.00597333
v 0.02691062 -0.00752440 -0.01390150
v 0.02526385 -0.01186235 -0.02264916
v 0.02693478 -0.00743983 -0.01508708
v 0.02694067 -0.00741909 -0.02264916
v 0.02691460 -0.00751056 -0.01334491
v 0.02526385 -0.01186235 -0.00019916
v 0.02575345 -0.01077925 -0.00019916
v 0.02693551 -0.00743726 -0.01259269
v 0.02695569 -0.00736583 -0.01215874
v 0.02762159 -0.00437798 -0.02061126
v 0.02746964 -0.00521409 -0.01983498
v 0.02763784 -0.00427900 -0.02068939
v 0.02731663 -0.00593846 -0.01894165
v 0.02728926 -0.00605883 -0.01876547
v 0.02714853 -0.00664271 -0.01774002
v 0.02703369 -0.00708258 -0.01664420
v 0.02700206 -0.00719888 -0.01625754
v 0.02791561 0.00238215 -0.02191550
v 0.02794298 0.00199593 -0.02202712
v 0.02797642 0.00135865 -0.02216166
v 0.02799979 0.00031909 -0.02225449
v 0.02799803 -0.00012261 -0.02224752
v 0.02784244 -0.00275636 -0.02264916
v 0.02796596 -0.00117038 -0.02211980
v 0.02789710 -0.00218849 -0.02183921
v 0.02788002 -0.00237944 -0.02176824
v 0.02784159 -0.00276433 -0.02160634
v 0.02777096 -0.00336421 -0.02130033
v 0.00540529 -0.02726347 -0.01123160
v 0.00535598 -0.02727313 -0.01213903
v 0.00762893 -0.02673083 -0.02264916
v 0.00441923 -0.02743922 -0.00831548
v 0.00488714 -0.02736036 -0.00910843
v 0.00762893 -0.02673083 -0.00019916
v 0.00519991 -0.02730308 -0.00992957
v 0.00537677 -0.02726907 -0.01082555
v 0.00515471 -0.02731159 -0.01301713
v 0.00480169 -0.02737537 -0.01386040
v 0.00432592 -0.02745397 -0.01460973
v 0.00303091 -0.02762564 -0.01582995
v 0.00370716 -0.02754367 -0.01529433
v -0.00059431 -0.02778385 -0.00019916
v -0.00178186 -0.02773341 -0.00019916
v -0.00140421 -0.02775493 -0.00623266
v -0.00049605 -0.02778577 -0.00607171
v -0.00000000 -0.02779016 -0.00604916
v 0.00296620 -0.02763261 -0.00019916
v 0.00063364 -0.02778299 -0.00608601
v 0.00152434 -0.02774864 -0.00626609
v 0.00238404 -0.02768848 -0.00659708
v 0.00297305 -0.02763188 -0.00693017
v 0.00414520 -0.02748163 -0.00019916
v 0.00315365 -0.02761200 -0.00705302
v 0.00385823 -0.02752307 -0.00765032
v -0.00540529 -0.02726347 -0.01156672
v -0.00535598 -0.02727313 -0.01065929
v -0.00647866 -0.02703033 -0.00019916
v -0.00647866 -0.02703033 -0.02264916
v -0.00238404 -0.02768848 -0.01620124
v -0.00315365 -0.02761200 -0.01574530
v -0.00385823 -0.02752307 -0.01514800
v -0.00441923 -0.02743922 -0.01448284
v -0.00488714 -0.02736036 -0.01368989
v -0.00519991 -0.02730308 -0.01286875
v -0.00537677 -0.02726907 -0.01197277
v -0.00515471 -0.02731159 -0.00978119
v -0.00480169 -0.02737537 -0.00893792
v -0.00432592 -0.02745397 -0.00818859
v -0.00370716 -0.02754367 -0.00750399
v -0.00303091 -0.02762564 -0.00696837
v -0.00531672 -0.02728075 -0.00019916
v -0.00222085 -0.02770195 -0.00652110
v -0.00178753 -0.02773304 -0.00634987
v 0.01712380 -0.02194361 -0.00019916
v 0.01616815 -0.02265041 -0.02264916
v 0.01979899 -0.01958915 -0.02264916
v 0.01616815 -0.02265041 -0.00019916
v 0.01313354 -0.02451889 -0.00019916
v 0.01207219 -0.02505401 -0.02264916
v 0.00876545 -0.02638277 -0.00019916
v 0.01207219 -0.02505401 -0.00019916
v -0.00988617 -0.02598679 -0.00019916
v -0.01098908 -0.02554361 -0.02264916
v -0.01098908 -0.02554361 -0.00019916
v -0.01417122 -0.02393921 -0.00019916
v -0.01518337 -0.02331601 -0.02264916
v -0.01894086 -0.02041161 -0.00019916
v -0.01894086 -0.02041161 -0.02264916
v -0.01804859 -0.02119690 -0.00019916
v -0.01518337 -0.02331601 -0.00019916
v -0.01979899 -0.01958915 -0.00019916
v -0.02140673 -0.01783875 -0.00019916
v -0.02215345 -0.01691396 -0.02264916
v -0.02215345 -0.01691396 -0.00019916
v -0.02414905 -0.01396139 -0.00019916
v -0.02472873 -0.01292370 -0.02264916
v -0.02619663 -0.00967634 -0.00019916
v -0.02472873 -0.01292370 -0.00019916
v -0.02472873 0.01334338 -0.00019916
v -0.02414905 0.01438106 -0.02264916
v -0.02414905 0.01438106 -0.00019916
v -0.02215345 0.01733364 -0.00019916
v -0.02140673 0.01825843 -0.02264916
v -0.02140673 0.01825843 -0.00019916
v -0.01894086 0.02083128 -0.00019916
v -0.01804859 0.02161657 -0.02264916
v -0.01804859 0.02161657 -0.00019916
v -0.01518337 0.02373568 -0.00019916
v -0.01417122 0.02435888 -0.02264916
v -0.01417122 0.02435888 -0.00019916
v -0.01098908 0.02596329 -0.00019916
v -0.00988617 0.02640647 -0.02264916
v -0.00988617 0.02640647 -0.00019916
v -0.00647866 0.02745001 -0.00019916
v -0.00531672 0.02770043 -0.02264916
v -0.00531672 0.02770043 -0.00019916
v -0.00178186 0.02815308 -0.00019916
v -0.00059431 0.02820353 -0.02264916
v -0.00059431 0.02820353 -0.00019916
v 0.00296620 0.02805228 -0.00019916
v 0.00414520 0.02790130 -0.02264916
v 0.00414520 0.02790130 -0.00019916
v 0.00762893 0.02715050 -0.00019916
v 0.00876545 0.02680245 -0.02264916
v 0.00876545 0.02680245 -0.00019916
v 0.01207219 0.02547369 -0.00019916
v 0.01313354 0.02493857 -0.02264916
v 0.01313354 0.02493857 -0.00019916
v 0.01616815 0.02307008 -0.00019916
v 0.01712380 0.02236329 -0.02264916
v 0.01712380 0.02236329 -0.00019916
v 0.01979899 0.02000883 -0.00019916
v 0.02062144 0.01915069 -0.02264916
v 0.02062144 0.01915069 -0.00019916
v 0.02286024 0.01637799 -0.00019916
v 0.02352584 0.01539321 -0.02264916
v 0.02526385 0.01228203 -0.00019916
v 0.02352584 0.01539321 -0.00019916
v 0.02352584 -0.01497353 -0.00019916
v 0.02286024 -0.01595831 -0.02264916
v 0.02286024 -0.01595831 -0.00019916
v 0.02062144 -0.01873102 -0.00019916
v 0.01979899 -0.01958915 -0.00019916
v 0.00988943 0.02222339 -0.00569916
v 0.01014214 0.02101825 -0.00569916
v 0.01014214 0.02523257 -0.00569916
v -0.01014214 0.02101825 -0.00569916
v -0.00988943 0.02222339 -0.00569916
v -0.01014214 0.02523257 -0.00569916
v -0.00917389 0.02322550 -0.00569916
v -0.00845240 0.02585271 -0.00569916
v -0.00811606 0.02385576 -0.00569916
v -0.00399715 0.02691232 -0.00569916
v -0.00411412 0.02486899 -0.00569916
v 0.00057309 0.02720376 -0.00569916
v -0.00000000 0.02520984 -0.00569916
v 0.00512684 0.02671862 -0.00569916
v 0.00411412 0.02486899 -0.00569916
v 0.00953310 0.02547088 -0.00569916
v 0.00811606 0.02385576 -0.00569916
v 0.00917389 0.02322550 -0.00569916
v 0.02527585 0.00970359 -0.00469916
v 0.02527585 0.00970359 -0.00569916
v 0.02650878 0.00533667 -0.00569916
v 0.01827157 -0.01966853 -0.00469916
v 0.01827157 -0.01966853 -0.00539916
v 0.01826440 -0.01967513 -0.00539916
v -0.02527585 -0.00928392 -0.00469916
v -0.02527585 -0.00928392 -0.00569916
v -0.02597850 -0.00714663 -0.00569916
v -0.01014214 0.02523257 -0.00469916
v -0.00845240 0.02585271 0.00030084
v -0.01266448 0.02405540 0.00030084
v -0.01266448 0.02405540 -0.00469916
v -0.01651224 0.02157209 -0.00469916
v -0.01651224 0.02157209 0.00030084
v -0.01988496 0.01847424 -0.00469916
v -0.01988496 0.01847424 0.00030084
v -0.02268563 0.01485094 -0.00469916
v -0.02268563 0.01485094 0.00030084
v -0.02483368 0.01080645 -0.00469916
v -0.02483368 0.01080645 0.00030084
v -0.02527585 0.00970359 -0.00469916
v -0.02626731 0.00645712 0.00030084
v -0.02527585 0.00970359 -0.00569916
v -0.02597850 -0.00714663 0.00030084
v -0.02436157 -0.01143120 0.00030084
v -0.02436157 -0.01143120 -0.00469916
v -0.02204381 -0.01538088 -0.00469916
v -0.02204381 -0.01538088 0.00030084
v -0.01909188 -0.01888205 -0.00469916
v -0.01909188 -0.01888205 0.00030084
v -0.01827157 -0.01966853 -0.00469916
v -0.01559072 -0.02183397 0.00030084
v -0.01827157 -0.01966853 -0.00539916
v 0.02564287 -0.00824256 0.00030084
v 0.02527585 -0.00928392 -0.00469916
v 0.02384556 -0.01245465 0.00030084
v 0.02384556 -0.01245465 -0.00469916
v 0.02136226 -0.01630240 0.00030084
v 0.02136226 -0.01630240 -0.00469916
v 0.01909188 -0.01888205 0.00030084
v 0.01826440 -0.01967513 0.00030084
v 0.01464111 -0.02247580 0.00030084
v 0.01464111 -0.02247580 -0.00539916
v 0.01059662 -0.02462384 0.00030084
v 0.01059662 -0.02462384 -0.00539916
v 0.00624728 -0.02605747 0.00030084
v 0.00624728 -0.02605747 -0.00539916
v 0.00171822 -0.02673543 0.00030084
v 0.00171822 -0.02673543 -0.00539916
v -0.00286027 -0.02663823 0.00030084
v -0.00286027 -0.02663823 -0.00539916
v -0.00735647 -0.02576866 0.00030084
v -0.00735647 -0.02576866 -0.00539916
v -0.01164104 -0.02415174 0.00030084
v -0.01164104 -0.02415174 -0.00539916
v -0.01559072 -0.02183397 -0.00539916
v 0.00953310 0.02547088 0.00030084
v 0.01014214 0.02523257 -0.00469916
v 0.01366511 0.02349642 0.00030084
v 0.01366511 0.02349642 -0.00469916
v 0.01740400 0.02085205 0.00030084
v 0.01740400 0.02085205 -0.00469916
v 0.02064221 0.01761384 0.00030084
v 0.02064221 0.01761384 -0.00469916
v 0.02328658 0.01387495 0.00030084
v 0.02328658 0.01387495 -0.00469916
v 0.02526104 0.00974294 0.00030084
v 0.02526104 0.00974294 -0.00469916
v 0.02650878 0.00533667 0.00030084
v 0.02527585 -0.00928392 -0.00569916
v 0.02564287 -0.00824256 -0.00569916
v 0.02670249 -0.00378731 -0.00569916
v 0.02670249 -0.00378731 0.00030084
v 0.02699392 0.00078292 -0.00569916
v 0.02699392 0.00078292 0.00030084
v 0.00512684 0.02671862 0.00030084
v 0.00057309 0.02720376 0.00030084
v -0.00399715 0.02691232 0.00030084
v -0.02684807 -0.00265043 0.00030084
v -0.02684807 -0.00265043 -0.00569916
v -0.02694527 0.00192806 0.00030084
v -0.02694527 0.00192806 -0.00569916
v -0.02626731 0.00645712 -0.00569916
v 0.01282102 0.01057644 -0.02934916
v 0.01414214 0.01035197 -0.02934916
v 0.01414214 0.01035197 -0.00469916
v 0.01016729 0.01479983 -0.00469916
v 0.01014214 0.01435197 -0.00469916
v 0.01036660 0.01303086 0.00030084
v 0.01016729 0.01479983 0.00030084
v 0.01075524 0.01648010 0.00030084
v 0.01075524 0.01648010 -0.00469916
v 0.01201401 0.01773887 0.00030084
v 0.01201401 0.01773887 -0.00469916
v 0.01369428 0.01832682 0.00030084
v 0.01369428 0.01832682 -0.00469916
v 0.01546325 0.01812751 0.00030084
v 0.01546325 0.01812751 -0.00469916
v 0.01697056 0.01718040 0.00030084
v 0.01697056 0.01718040 -0.00469916
v 0.01791767 0.01567309 0.00030084
v 0.01791767 0.01567309 -0.00469916
v 0.01811698 0.01390412 0.00030084
v 0.01811698 0.01390412 -0.00469916
v 0.01752903 0.01222385 0.00030084
v 0.01752903 0.01222385 -0.00469916
v 0.01627026 0.01096508 0.00030084
v 0.01627026 0.01096508 -0.00469916
v 0.01458999 0.01037712 0.00030084
v 0.01458999 0.01037712 -0.00469916
v 0.01282102 0.01057644 0.00030084
v 0.01131371 0.01152355 0.00030084
v 0.01131371 0.01152355 -0.02934916
v 0.01036660 0.01303086 -0.02934916
v 0.01014214 0.01435197 -0.02934916
v -0.01414214 0.01035197 -0.00469916
v -0.01414214 0.01035197 -0.02934916
v -0.01369428 0.01037712 -0.02934916
v -0.01546325 0.01057644 -0.00469916
v -0.01369428 0.01037712 0.00030084
v -0.01036660 0.01567309 0.00030084
v -0.01131371 0.01718040 -0.00469916
v -0.01131371 0.01718040 0.00030084
v -0.01282102 0.01812751 -0.00469916
v -0.01282102 0.01812751 0.00030084
v -0.01458999 0.01832682 -0.00469916
v -0.01458999 0.01832682 0.00030084
v -0.01627026 0.01773887 -0.00469916
v -0.01627026 0.01773887 0.00030084
v -0.01752903 0.01648010 -0.00469916
v -0.01752903 0.01648010 0.00030084
v -0.01811698 0.01479983 -0.00469916
v -0.01811698 0.01479983 0.00030084
v -0.01791767 0.01303086 -0.00469916
v -0.01791767 0.01303086 0.00030084
v -0.01697056 0.01152355 -0.00469916
v -0.01697056 0.01152355 0.00030084
v -0.01546325 0.01057644 0.00030084
v -0.01016729 0.01390412 -0.02934916
v -0.01014214 0.01435197 -0.02934916
v -0.01014214 0.01435197 -0.00469916
v -0.01201401 0.01096508 -0.02934916
v -0.01201401 0.01096508 0.00030084
v -0.01075524 0.01222384 -0.02934916
v -0.01075524 0.01222384 0.00030084
v -0.01016729 0.01390412 0.00030084
v -0.01036660 0.01567309 -0.00469916
v 0.02200000 -0.00979832 -0.00569916
v 0.02150000 -0.00993230 -0.00569916
v 0.02433971 -0.00993230 -0.00569916
v 0.02250000 0.00935197 -0.00569916
v 0.02150000 0.01035197 -0.00569916
v 0.02200000 0.01021800 -0.00569916
v 0.02433971 0.01035197 -0.00569916
v 0.02236602 0.00985197 -0.00569916
v 0.02473265 0.01027154 -0.00569916
v 0.02506238 0.01004316 -0.00569916
v 0.02506238 -0.00962349 -0.00569916
v 0.02473265 -0.00985186 -0.00569916
v 0.02250000 -0.00893230 -0.00569916
v 0.02236602 -0.00943230 -0.00569916
v -0.02506238 0.01004316 -0.00569916
v -0.02250000 0.00935197 -0.00569916
v -0.02150000 0.01035197 -0.00569916
v -0.02433971 0.01035197 -0.00569916
v -0.02200000 0.01021800 -0.00569916
v -0.02236602 0.00985197 -0.00569916
v -0.02250000 -0.00893230 -0.00569916
v -0.02150000 -0.00993230 -0.00569916
v -0.02200000 -0.00979832 -0.00569916
v -0.02433971 -0.00993230 -0.00569916
v -0.02236602 -0.00943230 -0.00569916
v -0.02473265 -0.00985186 -0.00569916
v -0.02506238 -0.00962349 -0.00569916
v -0.02473265 0.01027154 -0.00569916
v -0.01014214 -0.01407443 -0.00539916
v -0.01014214 -0.01393230 -0.00539916
v -0.01016729 -0.01438016 -0.00539916
v 0.01014214 -0.01393230 -0.00539916
v 0.01014214 -0.01407443 -0.00539916
v 0.01036660 -0.01525341 -0.00539916
v 0.01014214 -0.02059858 -0.00539916
v 0.01131371 -0.01676072 -0.00539916
v -0.01014214 -0.02059858 -0.00539916
v 0.00988943 -0.02180371 -0.00539916
v 0.01282102 -0.01770783 -0.00539916
v 0.01414214 -0.01793230 -0.00539916
v 0.01759485 -0.01793230 -0.00539916
v -0.01075524 -0.01606042 -0.00539916
v -0.01201401 -0.01731919 -0.00539916
v -0.00988943 -0.02180371 -0.00539916
v -0.01369428 -0.01790715 -0.00539916
v -0.01414214 -0.01793230 -0.00539916
v -0.01759485 -0.01793230 -0.00539916
v 0.01853496 -0.01927316 -0.00539916
v 0.01858617 -0.01880085 -0.00539916
v 0.01841365 -0.01835822 -0.00539916
v 0.01805632 -0.01804514 -0.00539916
v 0.00917389 -0.02280582 -0.00539916
v 0.00811606 -0.02343608 -0.00539916
v 0.00411412 -0.02444932 -0.00539916
v -0.00000000 -0.02479016 -0.00539916
v -0.00411412 -0.02444932 -0.00539916
v -0.00811606 -0.02343608 -0.00539916
v -0.00917389 -0.02280582 -0.00539916
v -0.01841365 -0.01835822 -0.00539916
v -0.01858617 -0.01880085 -0.00539916
v -0.01805632 -0.01804514 -0.00539916
v -0.01853496 -0.01927316 -0.00539916
v 0.01414214 -0.00993230 -0.00469916
v 0.01414214 -0.00993230 -0.02934916
v 0.01369428 -0.00995745 -0.02934916
v 0.01414214 -0.01793230 -0.00469916
v 0.01016729 -0.01348444 -0.02934916
v 0.01014214 -0.01393230 -0.02934916
v 0.01546325 -0.01015676 -0.00469916
v 0.01369428 -0.00995745 0.00030084
v 0.01546325 -0.01015676 0.00030084
v 0.01697056 -0.01110387 0.00030084
v 0.01697056 -0.01110387 -0.00469916
v 0.01791767 -0.01261118 0.00030084
v 0.01791767 -0.01261118 -0.00469916
v 0.01811698 -0.01438016 0.00030084
v 0.01811698 -0.01438016 -0.00469916
v 0.01752903 -0.01606042 0.00030084
v 0.01752903 -0.01606042 -0.00469916
v 0.01697056 -0.01676073 0.00030084
v 0.01627026 -0.01731919 -0.00469916
v 0.01627026 -0.01731919 0.00030084
v 0.01458999 -0.01790715 0.00030084
v 0.01036660 -0.01525341 0.00030084
v 0.01131371 -0.01676072 0.00030084
v 0.01282102 -0.01770783 0.00030084
v 0.01458999 -0.01790715 -0.00469916
v 0.01201401 -0.01054540 -0.02934916
v 0.01201401 -0.01054540 0.00030084
v 0.01075524 -0.01180417 -0.02934916
v 0.01075524 -0.01180417 0.00030084
v 0.01016729 -0.01348444 0.00030084
v -0.01014214 -0.01523403 -0.02934916
v -0.01014214 -0.01393230 -0.02934916
v -0.01014214 -0.02059857 -0.00539916
v -0.01014214 -0.02059858 -0.02934916
v -0.01014214 -0.02049650 -0.02934916
v -0.01014214 -0.01787850 -0.02934916
v 0.01014214 -0.02059858 -0.02934916
v -0.02250000 0.00323484 -0.00860971
v -0.02250000 0.00484441 -0.00996030
v -0.02250000 0.00589498 -0.01591838
v -0.02250000 0.00935197 -0.02934916
v -0.02250000 0.00625984 -0.01384916
v -0.02250000 0.00589498 -0.01177994
v -0.02250000 0.00484441 -0.01773803
v -0.02250000 0.00323484 -0.01908861
v -0.02250000 0.00676548 -0.02934916
v -0.02250000 0.00126041 -0.01980725
v -0.02250000 -0.00442473 -0.01773803
v -0.02250000 -0.00893230 -0.02934916
v -0.02250000 -0.00281516 -0.01908861
v -0.02250000 -0.00552064 -0.02934916
v -0.02250000 -0.00084073 -0.01980725
v -0.02250000 -0.00522590 -0.02934916
v -0.02250000 0.00429351 -0.02934916
v -0.02250000 -0.00547530 -0.01591838
v -0.02250000 -0.00584016 -0.01384916
v -0.02250000 -0.00547530 -0.01177994
v -0.02250000 -0.00442473 -0.00996030
v -0.02250000 -0.00281516 -0.00860971
v -0.02250000 -0.00084073 -0.00789107
v -0.02250000 0.00126041 -0.00789107
v -0.02433971 0.01035197 -0.00469916
v -0.02150000 0.01035197 -0.02934916
v -0.02433971 -0.00993230 -0.00469916
v -0.01414214 -0.00993230 -0.00469916
v -0.01414214 -0.00993230 -0.02934916
v -0.01808834 -0.00993230 -0.02934916
v -0.02070634 -0.00993230 -0.02934916
v -0.02102078 -0.00993230 -0.02934916
v -0.02150000 -0.00993230 -0.02934916
v 0.02433971 -0.00993230 -0.00469916
v 0.02150000 -0.00993230 -0.02934916
v 0.02113674 -0.00993230 -0.02934916
v 0.02086470 -0.00993230 -0.02934916
v 0.01683894 -0.00993230 -0.02934916
v 0.02433971 0.01035197 -0.00469916
v 0.02150000 0.01035197 -0.02934916
v 0.02086470 0.01035197 -0.02934916
v 0.02070634 0.01035197 -0.02934916
v 0.01544387 0.01035197 -0.02934916
v 0.02250000 0.00323484 -0.01908861
v 0.02250000 0.00484441 -0.01773803
v 0.02250000 0.00935197 -0.02934916
v 0.02250000 -0.00442473 -0.01773803
v 0.02250000 -0.00281516 -0.01908861
v 0.02250000 -0.00893230 -0.02934916
v 0.02250000 -0.00084073 -0.01980725
v 0.02250000 0.00126041 -0.01980725
v 0.02250000 -0.00442473 -0.00996030
v 0.02250000 -0.00547530 -0.01177994
v 0.02250000 -0.00584016 -0.01384916
v 0.02250000 -0.00547530 -0.01591838
v 0.02250000 0.00589498 -0.01591838
v 0.02250000 0.00625984 -0.01384916
v 0.02250000 0.00589498 -0.01177994
v 0.02250000 0.00484441 -0.00996030
v 0.02250000 0.00323484 -0.00860971
v 0.02250000 0.00126041 -0.00789107
v 0.02250000 -0.00084073 -0.00789107
v 0.02250000 -0.00281516 -0.00860971
v -0.01014214 0.02101825 -0.02934916
v 0.01014214 0.02101825 -0.02934916
v -0.02236602 -0.00943230 -0.02934916
v -0.02200000 -0.00979832 -0.02934916
v -0.02200000 0.01021800 -0.02934916
v -0.02236602 0.00985197 -0.02934916
v 0.02236602 0.00985197 -0.02934916
v 0.02200000 0.01021800 -0.02934916
v 0.02200000 -0.00979832 -0.02934916
v 0.02236602 -0.00943230 -0.02934916
v -0.01036660 -0.01261118 -0.02934916
v -0.01036660 -0.01261118 0.00030084
v -0.01546325 -0.01770783 -0.00469916
v -0.01414214 -0.01793230 -0.00469916
v -0.01369428 -0.01790715 0.00030084
v -0.01016729 -0.01438016 0.00030084
v -0.01075524 -0.01606042 0.00030084
v -0.01201401 -0.01731919 0.00030084
v -0.01458999 -0.00995745 0.00030084
v -0.01627026 -0.01054540 -0.00469916
v -0.01627026 -0.01054540 0.00030084
v -0.01752903 -0.01180417 -0.00469916
v -0.01752903 -0.01180417 0.00030084
v -0.01811698 -0.01348444 -0.00469916
v -0.01811698 -0.01348444 0.00030084
v -0.01791767 -0.01525341 -0.00469916
v -0.01791767 -0.01525341 0.00030084
v -0.01697056 -0.01676073 -0.00469916
v -0.01697056 -0.01676073 0.00030084
v -0.01546325 -0.01770783 0.00030084
v -0.01282102 -0.01015676 -0.02934916
v -0.01131371 -0.01110387 -0.02934916
v -0.01131371 -0.01110387 0.00030084
v -0.01282102 -0.01015676 0.00030084
v -0.01458999 -0.00995745 -0.00469916
v -0.00811606 0.02385576 -0.02934916
v -0.00411412 0.02486899 -0.02934916
v -0.00000000 0.02520984 -0.02934916
v 0.00411412 0.02486899 -0.02934916
v 0.00811606 0.02385576 -0.02934916
v -0.01014214 0.02101825 -0.02934916
v -0.01012899 0.02129884 -0.02934916
v -0.00989275 0.02221579 -0.02934916
v -0.00988943 0.02222339 -0.02934916
v -0.00917389 0.02322550 -0.02934916
v 0.00917389 0.02322550 -0.02934916
v 0.00988943 0.02222339 -0.02934916
v -0.00495310 -0.02429459 -0.01041462
v -0.00505000 -0.02427480 -0.01139916
v -0.00495231 -0.02429475 -0.01238766
v -0.00811606 -0.02343608 -0.02934916
v -0.00466559 -0.02435095 -0.01333171
v -0.00411412 -0.02444932 -0.02934916
v -0.00411412 -0.02444932 -0.01432773
v -0.00357089 -0.02453382 -0.01497005
v -0.00000000 -0.02479016 -0.00634916
v -0.00098509 -0.02477075 -0.00644617
v -0.00193255 -0.02471535 -0.00673357
v -0.00280403 -0.02463241 -0.00719917
v -0.00357089 -0.02453382 -0.00782827
v -0.00411412 -0.02444932 -0.00847059
v -0.00466559 -0.02435095 -0.00946661
v 0.00411412 -0.02444932 -0.00847059
v 0.00357089 -0.02453382 -0.00782827
v 0.00280372 -0.02463245 -0.00719896
v 0.00193255 -0.02471535 -0.00673357
v 0.00098383 -0.02477079 -0.00644592
v 0.00466559 -0.02435095 -0.00946661
v 0.00495331 -0.02429454 -0.01041569
v -0.00253403 -0.02466141 -0.01576737
v -0.00193255 -0.02471535 -0.01606475
v -0.00352576 -0.02454029 -0.02934916
v -0.00098603 -0.02477071 -0.01635196
v -0.00000000 -0.02479016 -0.02934916
v -0.00000000 -0.02479016 -0.01644916
v 0.00411412 -0.02444932 -0.02934916
v 0.00098823 -0.02477062 -0.01635152
v 0.00193255 -0.02471535 -0.01606475
v 0.00280796 -0.02463197 -0.01559652
v 0.00357089 -0.02453382 -0.01497005
v 0.00411412 -0.02444932 -0.01432773
v 0.00583323 -0.02410011 -0.02934916
v 0.00466559 -0.02435095 -0.01333171
v 0.00811606 -0.02343608 -0.02934916
v 0.00495229 -0.02429475 -0.01238778
v 0.00505000 -0.02427480 -0.01139916
v -0.00917389 -0.02280582 -0.02934916
v -0.00988943 -0.02180371 -0.02934916
v -0.01014214 -0.02059857 -0.02934916
v 0.00988943 -0.02180371 -0.02934916
v 0.00917389 -0.02280582 -0.02934916
v -0.02485807 -0.00584016 -0.01384916
v -0.02485807 -0.00547530 -0.01177994
v -0.02485807 -0.00442473 -0.00996030
v -0.02485807 -0.00281516 -0.00860971
v -0.02485807 -0.00084073 -0.00789107
v -0.02485807 0.00126041 -0.00789107
v -0.02485807 0.00323484 -0.00860971
v -0.02485807 0.00484441 -0.00996030
v -0.02485807 0.00589498 -0.01177994
v -0.02485807 0.00625984 -0.01384916
v -0.02485807 0.00589498 -0.01591838
v -0.02485807 0.00484441 -0.01773803
v -0.02485807 0.00323484 -0.01908861
v -0.02485807 0.00126041 -0.01980725
v -0.02485807 -0.00084073 -0.01980725
v -0.02485807 -0.00281516 -0.01908861
v -0.02485807 -0.00442473 -0.01773803
v -0.02485807 -0.00547530 -0.01591838
v -0.00059170 -0.02748307 -0.01641438
v -0.00222624 -0.02738957 -0.01593197
v -0.00193271 -0.02741438 -0.01606468
v -0.00142345 -0.02744908 -0.01624439
v -0.00000000 -0.02749016 -0.01644916
v 0.00046322 -0.02748581 -0.01642787
v 0.00131127 -0.02745531 -0.01627595
v 0.00193264 -0.02741439 -0.01606471
v 0.00207385 -0.02740289 -0.01600368
v 0.00283030 -0.02732740 -0.01558149
v 0.00346179 -0.02724631 -0.01507591
v 0.00357088 -0.02723062 -0.01497006
v 0.00403960 -0.02715757 -0.01442970
v 0.00448388 -0.02707982 -0.01372238
v 0.00466552 -0.02704562 -0.01333189
v 0.00481353 -0.02701672 -0.01292640
v 0.00500148 -0.02697867 -0.01209754
v 0.00485574 -0.02700830 -0.01001197
v 0.00502089 -0.02697465 -0.01085772
v 0.00504752 -0.02696912 -0.01124100
v 0.00505000 -0.02696860 -0.01139919
v 0.00466553 -0.02704562 -0.00946647
v 0.00456366 -0.02706497 -0.00923688
v 0.00412673 -0.02714298 -0.00848839
v 0.00360286 -0.02722593 -0.00786053
v 0.00059170 -0.02748307 -0.00638394
v 0.00294492 -0.02731390 -0.00729673
v 0.00222624 -0.02738957 -0.00686635
v 0.00193271 -0.02741438 -0.00673364
v 0.00142345 -0.02744908 -0.00655393
v -0.00000000 -0.02749016 -0.00634916
v -0.00046322 -0.02748581 -0.00637045
v -0.00131127 -0.02745531 -0.00652237
v -0.00193264 -0.02741439 -0.00673361
v -0.00207385 -0.02740289 -0.00679464
v -0.00283030 -0.02732740 -0.00721683
v -0.00346179 -0.02724631 -0.00772241
v -0.00357088 -0.02723062 -0.00782826
v -0.00403960 -0.02715757 -0.00836862
v -0.00448388 -0.02707982 -0.00907594
v -0.00466552 -0.02704562 -0.00946643
v -0.00481353 -0.02701672 -0.00987192
v -0.00500148 -0.02697867 -0.01070078
v -0.00485574 -0.02700830 -0.01278635
v -0.00502089 -0.02697465 -0.01194060
v -0.00504752 -0.02696912 -0.01155732
v -0.00505000 -0.02696860 -0.01139913
v -0.00466553 -0.02704562 -0.01333185
v -0.00456366 -0.02706497 -0.01356144
v -0.00412673 -0.02714298 -0.01430993
v -0.00360286 -0.02722593 -0.01493779
v -0.00294492 -0.02731390 -0.01550159
v -0.02102447 -0.01751646 0.00030084
v -0.02371781 -0.01370833 0.00030084
v -0.02572883 -0.00949980 0.00030084
v -0.02699969 -0.00501194 0.00030084
v -0.02749380 -0.00037386 0.00030084
v -0.02719698 0.00428101 0.00030084
v -0.02611774 0.00881876 0.00030084
v -0.02428715 0.01310885 0.00030084
v -0.02175785 0.01702786 0.00030084
v -0.01860263 0.02046304 0.00030084
v -0.01491224 0.02331558 0.00030084
v -0.01079285 0.02550340 0.00030084
v -0.00636297 0.02696358 0.00030084
v -0.00175004 0.02765410 0.00030084
v 0.00291323 0.02755510 0.00030084
v 0.00749270 0.02666942 0.00030084
v 0.01185662 0.02502255 0.00030084
v 0.01587944 0.02266186 0.00030084
v 0.01944544 0.01965527 0.00030084
v 0.02245203 0.01608928 0.00030084
v 0.02481271 0.01206645 0.00030084
v 0.02645958 0.00770254 0.00030084
v 0.02734526 0.00312307 0.00030084
v 0.02744426 -0.00154020 0.00030084
v 0.02675374 -0.00615313 0.00030084
v 0.02529356 -0.01058301 0.00030084
v 0.02310574 -0.01470240 0.00030084
v 0.02025320 -0.01839279 0.00030084
v 0.01681802 -0.02154802 0.00030084
v 0.01289901 -0.02407731 0.00030084
v 0.00860893 -0.02590790 0.00030084
v 0.00407117 -0.02698714 0.00030084
v -0.00058370 -0.02728397 0.00030084
v -0.00522178 -0.02678985 0.00030084
v -0.00970964 -0.02551900 0.00030084
v -0.01391817 -0.02350798 0.00030084
v -0.01772630 -0.02081463 0.00030084
v -0.01944544 -0.01923560 0.00030084
v -0.01381423 0.00345987 -0.02934916
v -0.01389341 0.00338068 -0.02934916
v -0.01080060 0.00028787 -0.02934916
v -0.00498511 -0.02303553 -0.02934916
v 0.01141854 0.00090581 -0.02934916
v -0.00572313 -0.00463741 -0.02934916
v -0.00332749 -0.00702687 -0.02934916
v -0.00383914 -0.00623307 -0.02934916
v -0.00698693 -0.00251647 -0.02934916
v -0.00708064 -0.00327373 -0.02934916
v 0.00329397 -0.00652809 -0.02934916
v 0.00348357 -0.00687080 -0.02934916
v 0.00530330 -0.00509346 -0.02934916
v 0.00356275 -0.00694998 -0.02934916
v 0.00870969 -0.00180304 -0.02934916
v 0.01064339 0.00028902 -0.02934916
v 0.00734038 0.00174895 -0.02934916
v 0.00863051 -0.00172386 -0.02934916
v 0.00744240 -0.00071786 -0.02934916
v 0.00673793 -0.00308414 -0.02934916
v 0.00731589 0.00361652 -0.02934916
v 0.00356275 0.00736966 -0.02934916
v 0.00484724 0.00593297 -0.02934916
v -0.00708064 0.00369340 -0.02934916
v -0.00718821 0.00234986 -0.02934916
v -0.00610387 0.00456791 -0.02934916
v 0.00030994 0.00770343 -0.02934916
v -0.00193370 0.00884034 -0.02934916
v -0.00214002 0.00739804 -0.02934916
v -0.00435808 0.00631370 -0.02934916
v -0.00749359 -0.00010010 -0.02934916
v -0.01056420 0.00020984 -0.02934916
v -0.00153911 -0.00713054 -0.02934916
v -0.00263123 -0.00772313 -0.02934916
v 0.00092769 -0.00723257 -0.02934916
v -0.00000000 -0.01035437 -0.02934916
v -0.00655730 -0.01164919 -0.02934916
v -0.00725356 -0.01095293 -0.02934916
v -0.01100670 -0.00719979 -0.02934916
v -0.01449027 -0.00371622 -0.02934916
v -0.01955456 -0.00846608 -0.02934916
v -0.01939734 -0.00862330 -0.02934916
v -0.01464748 -0.00355901 -0.02934916
v -0.01774029 -0.00046620 -0.02934916
v -0.01650431 0.00076979 -0.02934916
v -0.01033067 0.00694343 -0.02934916
v -0.00931091 0.00768958 -0.02934916
v -0.00931091 0.00859545 -0.02934916
v -0.00209092 0.00899756 -0.02934916
v -0.00317084 0.01410325 -0.02934916
v -0.00518372 0.01209037 -0.02934916
v -0.00807347 0.00983289 -0.02934916
v -0.00885797 0.00937995 -0.02934916
v -0.00247487 0.01479922 -0.02934916
v 0.00061794 0.01170641 -0.02934916
v 0.00077515 0.01154920 -0.02934916
v 0.00260670 0.01246613 -0.02934916
v 0.00182220 0.01201319 -0.02934916
v 0.00136926 0.01122869 -0.02934916
v 0.00136926 0.01032282 -0.02934916
v 0.00475000 0.01032282 -0.02934916
v 0.00425872 0.00806563 -0.02934916
v 0.00429707 0.00953832 -0.02934916
v 0.00351257 0.00908539 -0.02934916
v 0.00351257 0.01246613 -0.02934916
v 0.00429707 0.01201319 -0.02934916
v 0.00475000 0.01122869 -0.02934916
v 0.00624231 0.00737744 -0.02934916
v 0.00669524 0.00659294 -0.02934916
v 0.00801186 0.00431249 -0.02934916
v 0.00747975 0.00614001 -0.02934916
v 0.00838561 0.00614001 -0.02934916
v 0.00962305 0.00737744 -0.02934916
v 0.00917012 0.00659294 -0.02934916
v 0.00624231 0.00828331 -0.02934916
v 0.00669524 0.00906781 -0.02934916
v 0.00747975 0.00952075 -0.02934916
v 0.00838561 0.00952075 -0.02934916
v 0.00962305 0.00828331 -0.02934916
v 0.00917012 0.00906781 -0.02934916
v 0.00898980 0.00239014 -0.02934916
v 0.00898980 0.00329601 -0.02934916
v 0.00870812 0.00361623 -0.02934916
v 0.00944273 0.00408052 -0.02934916
v 0.01022724 0.00453345 -0.02934916
v 0.01113310 0.00453345 -0.02934916
v 0.01191761 0.00408052 -0.02934916
v 0.01237054 0.00329601 -0.02934916
v 0.01518739 -0.00286304 -0.02934916
v 0.01247853 -0.00557189 -0.02934916
v 0.01449141 -0.00355901 -0.02934916
v 0.01462743 -0.00342299 -0.02934916
v 0.00733159 -0.01071883 -0.02934916
v 0.00115795 -0.01689247 -0.02934916
v 0.00376884 -0.01428158 -0.02934916
v 0.00384803 -0.01420239 -0.02934916
v 0.00032352 -0.02108276 -0.02934916
v 0.00088388 -0.02140628 -0.02934916
v -0.00007803 -0.01812846 -0.02934916
v 0.00120741 -0.02196664 -0.02934916
v 0.00120741 -0.02261369 -0.02934916
v 0.00088388 -0.02317405 -0.02934916
v 0.00032352 -0.02349757 -0.02934916
v -0.00032352 -0.02349757 -0.02934916
v -0.00088388 -0.02317405 -0.02934916
v -0.00120741 -0.02261369 -0.02934916
v -0.00120741 -0.02196664 -0.02934916
v -0.00088388 -0.02140628 -0.02934916
v -0.00032352 -0.02108276 -0.02934916
v -0.00136926 -0.00990315 -0.02934916
v -0.00007918 -0.01043355 -0.02934916
v -0.00182220 -0.00911864 -0.02934916
v -0.00271042 -0.00780231 -0.02934916
v -0.00260670 -0.00866571 -0.02934916
v -0.00136926 -0.01080901 -0.02934916
v -0.00182220 -0.01159352 -0.02934916
v -0.00269008 -0.01304444 -0.02934916
v -0.00260670 -0.01204645 -0.02934916
v -0.00351257 -0.01204645 -0.02934916
v -0.00351257 -0.00866571 -0.02934916
v -0.00340668 -0.00710605 -0.02934916
v -0.00429707 -0.00911864 -0.02934916
v -0.00601757 -0.00971695 -0.02934916
v -0.00475000 -0.00990315 -0.02934916
v -0.00532131 -0.01041321 -0.02934916
v -0.00475000 -0.01080901 -0.02934916
v -0.00429707 -0.01159352 -0.02934916
v -0.00392606 -0.01428043 -0.02934916
v -0.00883314 -0.01918750 -0.02934916
v -0.00716760 0.00983289 -0.02934916
v -0.00638310 0.00937995 -0.02934916
v -0.00593017 0.00859545 -0.02934916
v -0.00593017 0.00768958 -0.02934916
v -0.00638310 0.00690508 -0.02934916
v -0.00716761 0.00645215 -0.02934916
v -0.00723786 0.00385062 -0.02934916
v -0.00807347 0.00645215 -0.02934916
v -0.00885797 0.00690508 -0.02934916
v 0.00021520 0.01098924 -0.02934916
v 0.00182220 0.00953832 -0.02934916
v 0.00369877 0.00750568 -0.02934916
v 0.00260670 0.00908539 -0.02934916
v 0.00814817 0.00305627 -0.02934916
v 0.00944273 0.00160564 -0.02934916
v 0.01237054 0.00239015 -0.02934916
v 0.01191761 0.00160564 -0.02934916
v 0.01133936 0.00098499 -0.02934916
v 0.01113310 0.00115271 -0.02934916
v 0.01077941 0.00042504 -0.02934916
v 0.00644290 0.00404898 -0.02934916
v 0.00801215 0.00292026 -0.02934916
v 0.01022724 0.00115271 -0.02934916
v -0.00932848 0.00203203 -0.02934916
v -0.01011299 0.00157910 -0.02934916
v -0.01072142 0.00036706 -0.02934916
v -0.01101885 0.00157910 -0.02934916
v -0.01180336 0.00203203 -0.02934916
v -0.01101885 0.00495984 -0.02934916
v -0.01180336 0.00450691 -0.02934916
v -0.01225629 0.00372240 -0.02934916
v -0.01225629 0.00281654 -0.02934916
v -0.01011299 0.00495984 -0.02934916
v -0.00932848 0.00450691 -0.02934916
v -0.00887555 0.00372240 -0.02934916
v -0.00887555 0.00281654 -0.02934916
v -0.01325428 -0.00248024 -0.02934916
v -0.01341150 -0.00232302 -0.02934916
v 0.00005798 0.01114646 -0.02934916
v -0.00303483 0.01423927 -0.02934916
v -0.00007804 0.01101044 -0.02934916
v 0.00007918 0.01085322 -0.02934916
v 0.00272631 0.00719677 -0.02934916
v -0.01191761 -0.00118597 -0.02934916
v -0.01113310 -0.00073303 -0.02934916
v -0.01064339 0.00013066 -0.02934916
v -0.01022724 -0.00073303 -0.02934916
v -0.00944273 -0.00118597 -0.02934916
v -0.01022724 -0.00411377 -0.02934916
v -0.01113310 -0.00411377 -0.02934916
v -0.00977071 -0.00596380 -0.02934916
v -0.01191761 -0.00366084 -0.02934916
v -0.01237054 -0.00287634 -0.02934916
v -0.01237054 -0.00197047 -0.02934916
v -0.00715982 -0.00335291 -0.02934916
v -0.00898980 -0.00197047 -0.02934916
v -0.00898980 -0.00287634 -0.02934916
v -0.00944273 -0.00366084 -0.02934916
v 0.00745191 0.00375253 -0.02934916
v 0.01072257 0.00020984 -0.02934916
v 0.01085859 0.00034586 -0.02934916
v -0.00875395 -0.01926668 -0.02934916
v -0.00384688 -0.01435961 -0.02934916
v -0.00261089 -0.01312362 -0.02934916
v -0.00000000 -0.01051273 -0.02934916
v 0.00007918 -0.01043355 -0.02934916
v 0.00308617 -0.01216070 -0.02934916
v 0.00218031 -0.01216070 -0.02934916
v 0.00139580 -0.01170777 -0.02934916
v 0.00094287 -0.01092327 -0.02934916
v 0.00094287 -0.01001740 -0.02934916
v 0.00139580 -0.00923290 -0.02934916
v 0.00218031 -0.00877996 -0.02934916
v 0.00308617 -0.00877996 -0.02934916
v 0.00387068 -0.00923290 -0.02934916
v 0.00432361 -0.01001740 -0.02934916
v 0.00432361 -0.01092327 -0.02934916
v 0.00387068 -0.01170777 -0.02934916
v -0.01820800 0.01841784 -0.03104916
v -0.01476959 0.02130300 -0.02264916
v -0.01476959 0.02130300 -0.03104916
v -0.01088242 0.02354726 -0.02264916
v -0.01088242 0.02354726 -0.03104916
v -0.00666459 0.02508243 -0.02264916
v -0.00666459 0.02508243 -0.03104916
v -0.00224426 0.02586185 -0.02264916
v -0.00224426 0.02586185 -0.03104916
v 0.00224426 0.02586185 -0.02264916
v 0.00224426 0.02586185 -0.03104916
v 0.00666459 0.02508243 -0.02264916
v 0.00666459 0.02508243 -0.03104916
v 0.01088242 0.02354726 -0.02264916
v 0.01088242 0.02354726 -0.03104916
v 0.01476959 0.02130300 -0.02264916
v 0.01476959 0.02130300 -0.03104916
v 0.01820800 0.01841784 -0.02264916
v 0.01820800 0.01841784 -0.03104916
v 0.02109317 0.01497943 -0.02264916
v 0.02109317 0.01497943 -0.03104916
v 0.02333743 0.01109226 -0.02264916
v 0.02333743 0.01109226 -0.03104916
v 0.02487259 0.00687443 -0.02264916
v 0.02487259 0.00687443 -0.03104916
v 0.02565201 0.00245410 -0.02264916
v 0.02565201 0.00245410 -0.03104916
v 0.02565201 -0.00203442 -0.02264916
v 0.02565201 -0.00203442 -0.03104916
v 0.02487259 -0.00645475 -0.02264916
v 0.02487259 -0.00645475 -0.03104916
v 0.02333743 -0.01067258 -0.02264916
v 0.02333743 -0.01067258 -0.03104916
v 0.02109317 -0.01455976 -0.02264916
v 0.02109317 -0.01455976 -0.03104916
v 0.01820800 -0.01799816 -0.02264916
v 0.01820800 -0.01799816 -0.03104916
v 0.01476959 -0.02088333 -0.02264916
v 0.01476959 -0.02088333 -0.03104916
v 0.01088242 -0.02312759 -0.02264916
v 0.01088242 -0.02312759 -0.03104916
v 0.00666459 -0.02466275 -0.02264916
v 0.00666459 -0.02466275 -0.03104916
v 0.00224426 -0.02544218 -0.02264916
v 0.00224426 -0.02544218 -0.03104916
v -0.00224426 -0.02544218 -0.02264916
v -0.00224426 -0.02544218 -0.03104916
v -0.00666459 -0.02466275 -0.02264916
v -0.00666459 -0.02466275 -0.03104916
v -0.01088242 -0.02312759 -0.02264916
v -0.01088242 -0.02312759 -0.03104916
v -0.01476959 -0.02088333 -0.02264916
v -0.01476959 -0.02088333 -0.03104916
v -0.01820800 -0.01799816 -0.02264916
v -0.01820800 -0.01799816 -0.03104916
v -0.02109317 -0.01455976 -0.02264916
v -0.02109317 -0.01455976 -0.03104916
v -0.02333743 -0.01067258 -0.02264916
v -0.02333743 -0.01067258 -0.03104916
v -0.02487259 -0.00645475 -0.02264916
v -0.02487259 -0.00645475 -0.03104916
v -0.02565201 -0.00203442 -0.02264916
v -0.02565201 -0.00203442 -0.03104916
v -0.02565201 0.00245410 -0.02264916
v -0.02565201 0.00245410 -0.03104916
v -0.02487259 0.00687443 -0.02264916
v -0.02487259 0.00687443 -0.03104916
v -0.02333743 0.01109226 -0.02264916
v -0.02333743 0.01109226 -0.03104916
v -0.02109317 0.01497943 -0.02264916
v -0.02109317 0.01497943 -0.03104916
v -0.01820800 0.01841784 -0.02264916
v 0.02485807 -0.00584016 -0.01384916
v 0.02485807 -0.00547530 -0.01177994
v 0.02485807 -0.00442473 -0.00996030
v 0.02485807 -0.00281516 -0.00860971
v 0.02485807 -0.00084073 -0.00789107
v 0.02485807 0.00126041 -0.00789107
v 0.02485807 0.00323484 -0.00860971
v 0.02485807 0.00484441 -0.00996030
v 0.02485807 0.00589498 -0.01177994
v 0.02485807 0.00625984 -0.01384916
v 0.02485807 0.00589498 -0.01591838
v 0.02485807 0.00484441 -0.01773803
v 0.02485807 0.00323484 -0.01908861
v 0.02485807 0.00126041 -0.01980725
v 0.02485807 -0.00084073 -0.01980725
v 0.02485807 -0.00281516 -0.01908861
v 0.02485807 -0.00442473 -0.01773803
v 0.02485807 -0.00547530 -0.01591838
v 0.00100000 -0.02729016 -0.02264916
v -0.00100000 -0.02729016 -0.02264916
v -0.00221811 -0.02514332 -0.03134916
v -0.00088388 -0.02317405 -0.03134916
v -0.00032352 -0.02349757 -0.03134916
v 0.00221811 -0.02514332 -0.03134916
v 0.01799587 -0.01778603 -0.03134916
v 0.00120741 -0.02196664 -0.03134916
v 0.00088388 -0.02140628 -0.03134916
v 0.00091588 -0.01726618 -0.03134916
v -0.00273760 -0.01707471 -0.03134916
v 0.00032352 -0.02108276 -0.03134916
v -0.00627144 -0.01612782 -0.03134916
v -0.00953118 -0.01446690 -0.03134916
v -0.00032352 -0.02108276 -0.03134916
v -0.00088388 -0.02140628 -0.03134916
v -0.01459752 -0.02063758 -0.03134916
v -0.01799587 -0.01778603 -0.03134916
v -0.00120741 -0.02196664 -0.03134916
v 0.01459752 -0.02063758 -0.03134916
v 0.01075563 -0.02285570 -0.03134916
v 0.00120741 -0.02261369 -0.03134916
v 0.00658694 -0.02437297 -0.03134916
v 0.00088388 -0.02317405 -0.03134916
v 0.00032352 -0.02349757 -0.03134916
v 0.01633766 0.00648128 -0.03134916
v 0.02458281 0.00679678 -0.03134916
v 0.01728455 0.00294744 -0.03134916
v 0.02535316 0.00242795 -0.03134916
v 0.01747602 -0.00070604 -0.03134916
v 0.02535316 -0.00200828 -0.03134916
v 0.01690370 -0.00431950 -0.03134916
v 0.02458281 -0.00637711 -0.03134916
v 0.01559261 -0.00773500 -0.03134916
v 0.02306553 -0.01054580 -0.03134916
v 0.01360005 -0.01080327 -0.03134916
v 0.02084742 -0.01438768 -0.03134916
v 0.01101311 -0.01339022 -0.03134916
v 0.00794483 -0.01538278 -0.03134916
v 0.00452933 -0.01669386 -0.03134916
v -0.01633766 -0.00606160 -0.03134916
v -0.01467673 -0.00932134 -0.03134916
v -0.02084742 -0.01438768 -0.03134916
v -0.00120741 -0.02261369 -0.03134916
v -0.00658694 -0.02437297 -0.03134916
v -0.01075563 -0.02285570 -0.03134916
v 0.00273760 0.01749438 -0.03134916
v 0.00658694 0.02479265 -0.03134916
v 0.00627144 0.01654750 -0.03134916
v 0.01075563 0.02327537 -0.03134916
v 0.00953118 0.01488657 -0.03134916
v 0.01459752 0.02105726 -0.03134916
v 0.01237437 0.01258421 -0.03134916
v 0.01799587 0.01820571 -0.03134916
v 0.01467673 0.00974102 -0.03134916
v 0.02084742 0.01480736 -0.03134916
v 0.02306553 0.01096547 -0.03134916
v -0.01237437 -0.01216453 -0.03134916
v -0.02306553 -0.01054580 -0.03134916
v -0.02458281 -0.00637711 -0.03134916
v -0.01728455 -0.00252776 -0.03134916
v -0.02535316 -0.00200828 -0.03134916
v -0.01747602 0.00112572 -0.03134916
v -0.02535316 0.00242795 -0.03134916
v -0.01690370 0.00473917 -0.03134916
v -0.02458281 0.00679678 -0.03134916
v -0.01559261 0.00815467 -0.03134916
v -0.02306553 0.01096547 -0.03134916
v -0.01360005 0.01122295 -0.03134916
v -0.02084742 0.01480736 -0.03134916
v -0.01237437 0.01258421 -0.03134916
v -0.01799587 0.01820571 -0.03134916
v -0.01101311 0.01380989 -0.03134916
v -0.01459752 0.02105726 -0.03134916
v -0.00794483 0.01580245 -0.03134916
v -0.01075563 0.02327537 -0.03134916
v -0.00452933 0.01711354 -0.03134916
v -0.00658694 0.02479265 -0.03134916
v -0.00091588 0.01768585 -0.03134916
v -0.00221811 0.02556299 -0.03134916
v 0.00221811 0.02556299 -0.03134916
v 0.02500000 0.00598836 -0.01174595
v 0.02500000 0.00492053 -0.00989642
v 0.02500000 0.00328453 -0.00852364
v 0.02500000 0.00127767 -0.00779320
v 0.02500000 -0.00085799 -0.00779320
v 0.02500000 -0.00286485 -0.00852364
v 0.02500000 -0.00450086 -0.00989642
v 0.02500000 -0.00556869 -0.01174595
v 0.02500000 -0.00593954 -0.01384916
v 0.02500000 -0.00556869 -0.01595237
v 0.02500000 -0.00450086 -0.01780190
v 0.02500000 -0.00286485 -0.01917468
v 0.02500000 -0.00085799 -0.01990511
v 0.02500000 0.00127767 -0.01990511
v 0.02500000 0.00328453 -0.01917468
v 0.02500000 0.00492053 -0.01780190
v 0.02500000 0.00598836 -0.01595237
v 0.02500000 0.00635921 -0.01384916
v 0.02714309 0.00632639 -0.01844372
v 0.02657185 0.00607521 -0.01811060
v 0.02725057 0.00586474 -0.01911239
v 0.02657185 0.00512013 -0.01918316
v 0.02657185 0.00312213 -0.02048852
v 0.02748919 0.00466092 -0.02036658
v 0.02657185 0.00447128 -0.01971453
v 0.02745816 0.00483610 -0.02021658
v 0.02740099 0.00514193 -0.01993128
v 0.02657185 0.00245021 -0.02074432
v 0.02773333 0.00289692 -0.02145153
v 0.02762221 0.00381113 -0.02097646
v 0.02657185 0.00080854 -0.02107440
v 0.02778859 0.00229561 -0.02167804
v 0.02775242 0.00270580 -0.02153045
v 0.02787012 -0.00010944 -0.02200197
v 0.02787207 0.00020983 -0.02200959
v 0.02657185 0.00020984 -0.02109916
v 0.02787186 0.00031476 -0.02200876
v 0.02784875 0.00131305 -0.02191819
v 0.02783840 -0.00111556 -0.02187733
v 0.02657185 -0.00156993 -0.02087731
v 0.02777027 -0.00209284 -0.02160364
v 0.02775338 -0.00227606 -0.02153443
v 0.02657185 -0.00203054 -0.02074432
v 0.02764549 -0.00322057 -0.02107831
v 0.02657185 -0.00375553 -0.01991862
v 0.02751380 -0.00409709 -0.02048327
v 0.02749771 -0.00419187 -0.02040721
v 0.02657185 -0.00405161 -0.01971453
v 0.02745815 -0.00441646 -0.02021654
v 0.02734739 -0.00499195 -0.01965200
v 0.02657185 -0.00551143 -0.01830220
v 0.02719603 -0.00568416 -0.01878389
v 0.02657185 -0.00565554 -0.01811060
v 0.02712762 -0.00597011 -0.01833970
v 0.02716895 -0.00579910 -0.01861281
v 0.02657185 -0.00668532 -0.01608953
v 0.02657185 -0.00704016 -0.01384916
v 0.02679437 -0.00719579 -0.01389982
v 0.02681827 -0.00711535 -0.01504741
v 0.02688482 -0.00688603 -0.01618083
v 0.02657185 -0.00664734 -0.01620323
v 0.02691612 -0.00677530 -0.01655542
v 0.02702972 -0.00635616 -0.01761769
v 0.02657185 -0.00664734 -0.01149509
v 0.02688301 -0.00689237 -0.01154095
v 0.02657185 -0.00668532 -0.01160879
v 0.02683895 -0.00704493 -0.01221281
v 0.02679830 -0.00718263 -0.01336110
v 0.02657185 -0.00565554 -0.00958772
v 0.02697374 -0.00656625 -0.01056182
v 0.02691982 -0.00676210 -0.01110200
v 0.02657185 -0.00551143 -0.00939612
v 0.02712759 -0.00597023 -0.00935882
v 0.02710119 -0.00607688 -0.00954202
v 0.02657185 -0.00375553 -0.00777970
v 0.02745457 -0.00443622 -0.00749928
v 0.02657185 -0.00405161 -0.00798379
v 0.02730619 -0.00518969 -0.00826994
v 0.02724673 -0.00546224 -0.00860842
v 0.02775242 -0.00228609 -0.00616785
v 0.02774315 -0.00238064 -0.00620607
v 0.02657185 -0.00203054 -0.00695400
v 0.02763508 -0.00329800 -0.00666537
v 0.02759327 -0.00359301 -0.00685038
v 0.02782122 -0.00141867 -0.00588922
v 0.02657185 -0.00156993 -0.00682101
v 0.02784952 -0.00087489 -0.00577708
v 0.02657185 0.00020984 -0.00659916
v 0.02787196 0.00013191 -0.00568919
v 0.02775239 0.00270609 -0.00616798
v 0.02777719 0.00243304 -0.00606648
v 0.02657185 0.00245021 -0.00695400
v 0.02784292 0.00144303 -0.00580310
v 0.02657185 0.00080854 -0.00662392
v 0.02785575 0.00113282 -0.00575260
v 0.02787207 0.00020992 -0.00568874
v 0.02767889 0.00337854 -0.00647607
v 0.02657185 0.00312213 -0.00720980
v 0.02766293 0.00350621 -0.00654452
v 0.02753262 0.00440301 -0.00712702
v 0.02657185 0.00447128 -0.00798379
v 0.02745814 0.00483618 -0.00748182
v 0.02738670 0.00521532 -0.00784030
v 0.02657185 0.00512013 -0.00851516
v 0.02736755 0.00531196 -0.00793985
v 0.02657185 0.00607521 -0.00958772
v 0.02712762 0.00638980 -0.00935865
v 0.02721424 0.00602518 -0.00880250
v 0.02657185 0.00710500 -0.01160879
v 0.02692252 0.00717209 -0.01107244
v 0.02657185 0.00658602 -0.01039854
v 0.02703895 0.00674049 -0.01000696
v 0.02707096 0.00661627 -0.00976140
v 0.02657185 0.00736096 -0.01265585
v 0.02684057 0.00745908 -0.01218342
v 0.02688301 0.00731205 -0.01154095
v 0.02657185 0.00736096 -0.01504247
v 0.02657185 0.00710500 -0.01608953
v 0.02688301 0.00731204 -0.01615737
v 0.02683983 0.00746162 -0.01550147
v 0.02681436 0.00754824 -0.01494526
v 0.02657185 0.00745984 -0.01384916
v 0.02679437 0.00761546 -0.01379684
v 0.02681864 0.00753376 -0.01264162
v 0.02712757 0.00639000 -0.01833935
v 0.02710577 0.00647818 -0.01818864
v 0.02657185 0.00658602 -0.01729978
v 0.02703644 0.00675012 -0.01767148
v 0.02692159 0.00717542 -0.01661576
v 0.02500000 0.00736096 -0.01504247
v 0.02500000 0.00745984 -0.01384916
v 0.02500000 0.00736096 -0.01265585
v 0.02500000 0.00658602 -0.01039854
v 0.02500000 0.00512013 -0.00851516
v 0.02500000 0.00312213 -0.00720980
v 0.02500000 0.00080854 -0.00662392
v 0.02500000 -0.00156993 -0.00682101
v 0.02500000 -0.00375554 -0.00777970
v 0.02500000 -0.00551143 -0.00939612
v 0.02500000 -0.00664734 -0.01149509
v 0.02500000 -0.00704016 -0.01384916
v 0.02500000 -0.00664734 -0.01620323
v 0.02500000 -0.00551143 -0.01830220
v 0.02500000 -0.00375554 -0.01991862
v 0.02500000 -0.00156993 -0.02087731
v 0.02500000 0.00080854 -0.02107440
v 0.02500000 0.00312213 -0.02048852
v 0.02500000 0.00512013 -0.01918316
v 0.02500000 0.00658602 -0.01729978
v -0.02500000 0.00598836 -0.01595237
v -0.02500000 0.00492053 -0.01780190
v -0.02500000 0.00328453 -0.01917468
v -0.02500000 0.00127767 -0.01990511
v -0.02500000 -0.00085799 -0.01990511
v -0.02500000 -0.00286485 -0.01917468
v -0.02500000 -0.00450086 -0.01780190
v -0.02500000 -0.00556869 -0.01595237
v -0.02500000 -0.00593954 -0.01384916
v -0.02500000 -0.00556869 -0.01174595
v -0.02500000 -0.00450086 -0.00989642
v -0.02500000 -0.00286485 -0.00852364
v -0.02500000 -0.00085799 -0.00779320
v -0.02500000 0.00127767 -0.00779320
v -0.02500000 0.00328453 -0.00852364
v -0.02500000 0.00492053 -0.00989642
v -0.02500000 0.00598836 -0.01174595
v -0.02500000 0.00635921 -0.01384916
v -0.02657185 -0.00270245 -0.02048852
v -0.02657185 -0.00203054 -0.02074432
v -0.02775238 -0.00228644 -0.02153033
v -0.02687304 0.00734687 -0.01602349
v -0.02688299 0.00731214 -0.01615701
v -0.02657185 0.00710500 -0.01608953
v -0.02657185 0.00706701 -0.01620323
v -0.02785983 0.00100925 -0.02196172
v -0.02657185 0.00020984 -0.02109916
v -0.02657185 0.00198961 -0.02087731
v -0.02770906 0.00312162 -0.02135011
v -0.02772556 0.00297085 -0.02141920
v -0.02657185 0.00245021 -0.02074432
v -0.02775240 0.00270595 -0.02153039
v -0.02781002 0.00200853 -0.02176433
v -0.02758876 0.00404313 -0.02082770
v -0.02657185 0.00417521 -0.01991862
v -0.02745816 0.00483610 -0.02021658
v -0.02657185 0.00447128 -0.01971453
v -0.02744870 0.00488811 -0.02017023
v -0.02712986 0.00638067 -0.01835487
v -0.02727827 0.00573911 -0.01927194
v -0.02743136 0.00498202 -0.02008435
v -0.02657185 0.00593111 -0.01830220
v -0.02657185 0.00607521 -0.01811060
v -0.02709992 0.00650160 -0.01814736
v -0.02697124 0.00699514 -0.01711341
v -0.02679925 0.00759911 -0.01330577
v -0.02679432 0.00761561 -0.01384915
v -0.02657185 0.00745984 -0.01384916
v -0.02680047 0.00759500 -0.01445634
v -0.02684562 0.00744175 -0.01560366
v -0.02681432 0.00754838 -0.01275421
v -0.02657185 0.00710500 -0.01160879
v -0.02687702 0.00733300 -0.01162046
v -0.02657185 0.00706701 -0.01149509
v -0.02697664 0.00697521 -0.01053518
v -0.02657185 0.00607521 -0.00958772
v -0.02703901 0.00674026 -0.01000648
v -0.02745814 0.00483617 -0.00748181
v -0.02741410 0.00507357 -0.00770052
v -0.02657185 0.00447128 -0.00798379
v -0.02732658 0.00551246 -0.00815822
v -0.02657185 0.00593111 -0.00939612
v -0.02717702 0.00618474 -0.00903388
v -0.02712762 0.00638978 -0.00935861
v -0.02755525 0.00426189 -0.00702260
v -0.02657185 0.00417521 -0.00777970
v -0.02767914 0.00337647 -0.00647499
v -0.02657185 0.00245021 -0.00695400
v -0.02774542 0.00277753 -0.00619671
v -0.02657185 0.00020984 -0.00659916
v -0.02786675 0.00073695 -0.00570951
v -0.02657185 0.00198961 -0.00682101
v -0.02782276 0.00181348 -0.00588308
v -0.02775242 0.00270574 -0.00616784
v -0.02781785 -0.00147157 -0.00590264
v -0.02783022 -0.00126766 -0.00585341
v -0.02657185 -0.00038886 -0.00662392
v -0.02786761 -0.00027263 -0.00570614
v -0.02787207 0.00020985 -0.00568874
v -0.02775241 -0.00228617 -0.00616788
v -0.02657185 -0.00203054 -0.00695400
v -0.02773625 -0.00244884 -0.00623464
v -0.02657185 -0.00270245 -0.00720980
v -0.02762473 -0.00337339 -0.00671079
v -0.02760801 -0.00349175 -0.00678465
v -0.02657185 -0.00405161 -0.00798379
v -0.02746866 -0.00435790 -0.00743060
v -0.02712760 -0.00597020 -0.00935877
v -0.02714607 -0.00589440 -0.00923479
v -0.02657185 -0.00565554 -0.00958772
v -0.02729696 -0.00523297 -0.00832122
v -0.02657185 -0.00470045 -0.00851516
v -0.02731858 -0.00513103 -0.00820181
v -0.02745816 -0.00441640 -0.00748173
v -0.02701098 -0.00642730 -0.01023476
v -0.02657185 -0.00616635 -0.01039854
v -0.02697776 -0.00655140 -0.01052498
v -0.02657185 -0.00668532 -0.01160879
v -0.02687709 -0.00691308 -0.01161953
v -0.02681454 -0.00712797 -0.01274829
v -0.02657185 -0.00694128 -0.01265585
v -0.02680047 -0.00717534 -0.01324223
v -0.02679432 -0.00719594 -0.01384917
v -0.02657185 -0.00704016 -0.01384916
v -0.02679940 -0.00717895 -0.01440045
v -0.02684203 -0.00703441 -0.01554098
v -0.02657185 -0.00694128 -0.01504247
v -0.02687834 -0.00690871 -0.01609564
v -0.02657185 -0.00668532 -0.01608953
v -0.02697874 -0.00654776 -0.01718227
v -0.02657185 -0.00616635 -0.01729978
v -0.02710733 -0.00605222 -0.01819961
v -0.02657185 -0.00565554 -0.01811060
v -0.02712758 -0.00597029 -0.01833940
v -0.02657185 -0.00405161 -0.01971453
v -0.02745816 -0.00441643 -0.02021657
v -0.02657185 -0.00470045 -0.01918316
v -0.02733198 -0.00506684 -0.01956931
v -0.02718322 -0.00573883 -0.01870367
v -0.02768792 -0.00288425 -0.02126073
v -0.02756641 -0.00377075 -0.02072667
v -0.02747994 -0.00429422 -0.02032219
v -0.02657185 -0.00038886 -0.02107440
v -0.02782512 -0.00135493 -0.02182466
v -0.02778307 -0.00194353 -0.02165572
v -0.02786845 0.00064476 -0.02199545
v -0.02787207 0.00020984 -0.02200959
v -0.02786590 -0.00035765 -0.02198550
v -0.02500000 -0.00616635 -0.01729978
v -0.02500000 -0.00694128 -0.01504247
v -0.02500000 -0.00694128 -0.01265585
v -0.02500000 -0.00616635 -0.01039854
v -0.02500000 -0.00470045 -0.00851516
v -0.02500000 -0.00270245 -0.00720980
v -0.02500000 -0.00038886 -0.00662392
v -0.02500000 0.00198961 -0.00682101
v -0.02500000 0.00417521 -0.00777970
v -0.02500000 0.00593111 -0.00939612
v -0.02500000 0.00706701 -0.01149509
v -0.02500000 0.00745984 -0.01384916
v -0.02500000 0.00706701 -0.01620323
v -0.02500000 0.00593111 -0.01830220
v -0.02500000 0.00417521 -0.01991862
v -0.02500000 0.00198961 -0.02087731
v -0.02500000 -0.00038886 -0.02107440
v -0.02500000 -0.00270245 -0.02048852
v -0.02500000 -0.00470045 -0.01918316
v 0.02718470 0.00655514 -0.01822197
v 0.02722663 0.00665054 -0.01827100
v 0.02715822 0.00693040 -0.01774414
v 0.02692394 0.00754717 -0.01217105
v 0.02690241 0.00762267 -0.01263269
v 0.02687857 0.00770525 -0.01379645
v 0.02689821 0.00763730 -0.01495337
v 0.02692322 0.00754974 -0.01551373
v 0.02700355 0.00726036 -0.01663654
v 0.02715044 0.00669483 -0.00973012
v 0.02711895 0.00682049 -0.00997767
v 0.02700446 0.00725700 -0.01105158
v 0.02704496 0.00736820 -0.01666847
v 0.02696440 0.00766288 -0.01553299
v 0.02693932 0.00775208 -0.01496618
v 0.02691963 0.00782130 -0.01379584
v 0.02694353 0.00773717 -0.01261858
v 0.02696513 0.00766026 -0.01215164
v 0.02704588 0.00736477 -0.01101953
v 0.02716070 0.00692049 -0.00993392
v 0.02719228 0.00679264 -0.00968375
v 0.02733373 0.00618444 -0.00870696
v 0.02746144 0.00527723 -0.00779285
v 0.02744256 0.00537504 -0.00789326
v 0.02729149 0.00609681 -0.00876328
v 0.02774977 0.00341792 -0.00641657
v 0.02773401 0.00354716 -0.00648563
v 0.02760538 0.00445501 -0.00707332
v 0.02748524 0.00545088 -0.00782843
v 0.02750418 0.00535151 -0.00772707
v 0.02764854 0.00451645 -0.00700090
v 0.02777755 0.00359492 -0.00640803
v 0.02779335 0.00346377 -0.00633838
v 0.02789074 0.00249260 -0.00592163
v 0.02795588 0.00147597 -0.00565368
v 0.02792450 0.00114430 -0.00568658
v 0.02791183 0.00145837 -0.00573754
v 0.02784687 0.00246069 -0.00600330
v 0.02789037 -0.00143893 -0.00582444
v 0.02791835 -0.00088839 -0.00571128
v 0.02794052 0.00013094 -0.00562260
v 0.02796859 0.00115747 -0.00560232
v 0.02798466 0.00012983 -0.00553782
v 0.02796242 -0.00090386 -0.00562722
v 0.02793436 -0.00146221 -0.00574130
v 0.02785701 -0.00245013 -0.00606365
v 0.02774997 -0.00339250 -0.00653102
v 0.02732350 -0.00553217 -0.00856756
v 0.02738208 -0.00525635 -0.00822619
v 0.02752838 -0.00449376 -0.00744886
v 0.02766524 -0.00364021 -0.00679423
v 0.02770652 -0.00334156 -0.00660756
v 0.02781324 -0.00241285 -0.00614414
v 0.02700180 -0.00684711 -0.01108138
v 0.02705481 -0.00664906 -0.01053696
v 0.02718018 -0.00615405 -0.00950895
v 0.02770857 -0.00369564 -0.00671932
v 0.02757131 -0.00456229 -0.00737986
v 0.02742459 -0.00533705 -0.00816457
v 0.02736584 -0.00561740 -0.00850928
v 0.02722211 -0.00624977 -0.00946026
v 0.02709637 -0.00675345 -0.01049924
v 0.02704321 -0.00695507 -0.01104966
v 0.02696354 -0.00724629 -0.01218159
v 0.02692350 -0.00738807 -0.01335179
v 0.02710987 -0.00643656 -0.01764638
v 0.02699817 -0.00686046 -0.01657573
v 0.02696741 -0.00697243 -0.01619825
v 0.02690204 -0.00720427 -0.01505627
v 0.02687857 -0.00728559 -0.01390020
v 0.02688243 -0.00727228 -0.01335750
v 0.02692236 -0.00713309 -0.01220067
v 0.02742269 -0.00505623 -0.01969766
v 0.02727355 -0.00575672 -0.01882217
v 0.02724689 -0.00587302 -0.01864965
v 0.02691963 -0.00740163 -0.01390079
v 0.02694317 -0.00731879 -0.01507028
v 0.02700872 -0.00708267 -0.01622528
v 0.02703957 -0.00696866 -0.01660699
v 0.02715159 -0.00653719 -0.01768934
v 0.02728900 -0.00596394 -0.01870310
v 0.02731575 -0.00584569 -0.01887736
v 0.02746532 -0.00513369 -0.01976147
v 0.02761399 -0.00431111 -0.02053039
v 0.02762991 -0.00421369 -0.02060782
v 0.02776027 -0.00331295 -0.02121346
v 0.02786714 -0.00234272 -0.02167759
v 0.02793871 -0.00011341 -0.02206850
v 0.02790735 -0.00113206 -0.02194273
v 0.02784004 -0.00212148 -0.02166657
v 0.02782335 -0.00230698 -0.02159673
v 0.02771679 -0.00326317 -0.02113652
v 0.02758680 -0.00415049 -0.02053620
v 0.02757093 -0.00424642 -0.02045947
v 0.02788388 -0.00215454 -0.02174800
v 0.02795139 -0.00115098 -0.02202644
v 0.02798284 -0.00011796 -0.02215322
v 0.02798456 0.00031756 -0.02216013
v 0.02790202 0.00235145 -0.02182370
v 0.02796165 0.00134252 -0.02206800
v 0.02785813 0.00232155 -0.02174164
v 0.02791758 0.00132678 -0.02198396
v 0.02794043 0.00031606 -0.02207535
v 0.02711648 0.00683023 -0.01770060
v 0.02784727 0.00296903 -0.02159324
v 0.02780354 0.00293033 -0.02151309
v 0.02773722 0.00390821 -0.02110981
v 0.02769381 0.00385584 -0.02103377
v 0.02760556 0.00478154 -0.02048902
v 0.02756253 0.00471608 -0.02041847
v 0.02751831 0.00527604 -0.02004585
v 0.02736963 0.00601940 -0.01921193
v 0.02747553 0.00520295 -0.01997937
v 0.02732728 0.00593446 -0.01915343
v -0.02755340 -0.00435002 -0.02037369
v -0.02763873 -0.00382013 -0.02078175
v -0.02775869 -0.00292269 -0.02132057
v -0.02785268 -0.00197031 -0.02171911
v -0.02740750 -0.00513202 -0.01961426
v -0.02726094 -0.00581204 -0.01874127
v -0.02688351 -0.00726856 -0.01440451
v -0.02692537 -0.00712244 -0.01555354
v -0.02696105 -0.00699536 -0.01611241
v -0.02705973 -0.00663036 -0.01720749
v -0.02718623 -0.00612911 -0.01823304
v -0.02709144 -0.00650852 -0.01020730
v -0.02705877 -0.00663404 -0.01049984
v -0.02695982 -0.00699978 -0.01160289
v -0.02689838 -0.00721703 -0.01274015
v -0.02688457 -0.00726491 -0.01323775
v -0.02739429 -0.00519699 -0.00815748
v -0.02737298 -0.00530015 -0.00827792
v -0.02722436 -0.00596945 -0.00919919
v -0.02772317 -0.00359159 -0.00665242
v -0.02780643 -0.00248190 -0.00617297
v -0.02769629 -0.00341788 -0.00665338
v -0.02767979 -0.00353771 -0.00672791
v -0.02754228 -0.00441449 -0.00737957
v -0.02788705 -0.00149248 -0.00583797
v -0.02789927 -0.00128605 -0.00578830
v -0.02793623 -0.00027863 -0.00563970
v -0.02773971 -0.00346997 -0.00657724
v -0.02785017 -0.00252018 -0.00609272
v -0.02793103 -0.00151653 -0.00575494
v -0.02794329 -0.00130716 -0.00570486
v -0.02798035 -0.00028551 -0.00555505
v -0.02797950 0.00075102 -0.00555849
v -0.02793589 0.00185636 -0.00573504
v -0.02789190 0.00183343 -0.00581824
v -0.02793538 0.00074351 -0.00564310
v -0.02762772 0.00431216 -0.00696797
v -0.02775002 0.00341582 -0.00641548
v -0.02781548 0.00280946 -0.00613470
v -0.02785925 0.00284641 -0.00605413
v -0.02779360 0.00346164 -0.00633728
v -0.02767094 0.00437141 -0.00689460
v -0.02744475 0.00565707 -0.00805080
v -0.02753128 0.00520576 -0.00758475
v -0.02725484 0.00625826 -0.00899660
v -0.02740218 0.00557796 -0.00811352
v -0.02748846 0.00513375 -0.00765185
v -0.02688337 0.00768873 -0.01330176
v -0.02689816 0.00763744 -0.01274612
v -0.02695975 0.00741970 -0.01160382
v -0.02705767 0.00705789 -0.01051011
v -0.02711901 0.00682026 -0.00997719
v -0.02695584 0.00743373 -0.01603971
v -0.02692891 0.00752965 -0.01561669
v -0.02688457 0.00768457 -0.01446082
v -0.02729698 0.00634860 -0.00894263
v -0.02716076 0.00692026 -0.00993344
v -0.02709924 0.00716209 -0.01047210
v -0.02700104 0.00753044 -0.01157796
v -0.02693928 0.00775222 -0.01273332
v -0.02692444 0.00780446 -0.01329540
v -0.02692564 0.00780023 -0.01446793
v -0.02697011 0.00764242 -0.01563713
v -0.02699712 0.00754473 -0.01606495
v -0.02709391 0.00718261 -0.01717554
v -0.02722086 0.00667463 -0.01822896
v -0.02725041 0.00655019 -0.01844035
v -0.02739700 0.00589018 -0.01937444
v -0.02754834 0.00511163 -0.02020169
v -0.02705236 0.00707806 -0.01713808
v -0.02717894 0.00657883 -0.01818036
v -0.02720840 0.00645649 -0.01838958
v -0.02735457 0.00580733 -0.01931435
v -0.02750548 0.00504109 -0.02013377
v -0.02752259 0.00494604 -0.02022040
v -0.02766079 0.00409071 -0.02088368
v -0.02777957 0.00315781 -0.02141076
v -0.02779587 0.00300518 -0.02148047
v -0.02756551 0.00501509 -0.02028913
v -0.02770410 0.00414660 -0.02095841
v -0.02782323 0.00319984 -0.02149004
v -0.02783958 0.00304497 -0.02156035
v -0.02792326 0.00205664 -0.02191149
v -0.02798118 0.00065637 -0.02214658
v -0.02797263 0.00103059 -0.02211228
v -0.02793706 0.00065018 -0.02206192
v -0.02792853 0.00101919 -0.02202789
v -0.02787931 0.00203090 -0.02182871
v -0.02797866 -0.00037280 -0.02213647
v -0.02793823 -0.00139676 -0.02197286
v -0.02789656 -0.00200120 -0.02180099
v -0.02780229 -0.00296743 -0.02139909
v -0.02768198 -0.00387829 -0.02085558
v -0.02759640 -0.00441632 -0.02044383
v -0.02745008 -0.00521070 -0.01967726
v -0.02730309 -0.00590193 -0.01879564
v -0.02722817 -0.00622440 -0.01828219
v -0.02710131 -0.00673442 -0.01724571
v -0.02700234 -0.00710601 -0.01613848
v -0.02696656 -0.00723545 -0.01557326
v -0.02692458 -0.00738429 -0.01441097
v -0.02692564 -0.00738057 -0.01323064
v -0.02693949 -0.00733179 -0.01272728
v -0.02700111 -0.00711052 -0.01157701
v -0.02710034 -0.00673816 -0.01046171
v -0.02713310 -0.00661042 -0.01016601
v -0.02726641 -0.00606200 -0.00914728
v -0.02741546 -0.00538157 -0.00821679
v -0.02743684 -0.00527672 -0.00809519
v -0.02758525 -0.00448178 -0.00730994
v -0.02793454 -0.00036472 -0.02205188
v -0.02789423 -0.00137440 -0.02188958
v 0.01237437 -0.01216453 0.00030084
v 0.01349509 -0.01151748 0.00030084
v 0.01478918 -0.01151748 0.00030084
v 0.01590990 -0.01216453 0.00030084
v 0.01655695 -0.01328525 0.00030084
v 0.01655695 -0.01457935 0.00030084
v 0.01590990 -0.01570006 0.00030084
v 0.01172732 -0.01328525 0.00030084
v 0.01172732 -0.01457935 0.00030084
v 0.01237437 -0.01570006 0.00030084
v 0.01349509 -0.01634711 0.00030084
v 0.01478918 -0.01634711 0.00030084
v -0.01237437 0.01258421 0.00030084
v -0.01172732 0.01370493 0.00030084
v -0.01172732 0.01499902 0.00030084
v -0.01237437 0.01611974 0.00030084
v -0.01349509 0.01676679 0.00030084
v -0.01478918 0.01676679 0.00030084
v -0.01590990 0.01611974 0.00030084
v -0.01655695 0.01499902 0.00030084
v -0.01655695 0.01370493 0.00030084
v -0.01590990 0.01258421 0.00030084
v -0.01478918 0.01193716 0.00030084
v -0.01349509 0.01193716 0.00030084
v -0.01590990 -0.01216453 0.00030084
v -0.01655695 -0.01328525 0.00030084
v -0.01655695 -0.01457935 0.00030084
v -0.01590990 -0.01570006 0.00030084
v -0.01478918 -0.01634711 0.00030084
v -0.01349509 -0.01634711 0.00030084
v -0.01237437 -0.01570006 0.00030084
v -0.01172732 -0.01457935 0.00030084
v -0.01172732 -0.01328525 0.00030084
v -0.01237437 -0.01216453 0.00030084
v -0.01349509 -0.01151748 0.00030084
v -0.01478918 -0.01151748 0.00030084
v 0.01590990 0.01258421 0.00030084
v 0.01655695 0.01370493 0.00030084
v 0.01655695 0.01499902 0.00030084
v 0.01590990 0.01611974 0.00030084
v 0.01478918 0.01676679 0.00030084
v 0.01349509 0.01676679 0.00030084
v 0.01237437 0.01611974 0.00030084
v 0.01172732 0.01499902 0.00030084
v 0.01172732 0.01370493 0.00030084
v 0.01237437 0.01258421 0.00030084
v 0.01349509 0.01193716 0.00030084
v 0.01478918 0.01193716 0.00030084
v -0.01414214 -0.01393230 -0.02120131
v -0.01478918 -0.01634711 -0.01969916
v -0.01349509 -0.01634711 -0.01969916
v -0.01590990 -0.01570006 -0.01969916
v -0.01172732 -0.01457935 -0.01969916
v -0.01172732 -0.01328525 -0.01969916
v -0.01237437 -0.01570006 -0.01969916
v -0.01349509 -0.01151748 -0.01969916
v -0.01478918 -0.01151748 -0.01969916
v -0.01237437 -0.01216453 -0.01969916
v -0.01655695 -0.01328525 -0.01969916
v -0.01655695 -0.01457935 -0.01969916
v -0.01590990 -0.01216453 -0.01969916
v 0.01414214 -0.01393230 -0.02120131
v 0.01349509 -0.01634711 -0.01969916
v 0.01478918 -0.01634711 -0.01969916
v 0.01237437 -0.01570006 -0.01969916
v 0.01655695 -0.01457935 -0.01969916
v 0.01655695 -0.01328525 -0.01969916
v 0.01590990 -0.01570006 -0.01969916
v 0.01478918 -0.01151748 -0.01969916
v 0.01349509 -0.01151748 -0.01969916
v 0.01590990 -0.01216453 -0.01969916
v 0.01172732 -0.01328525 -0.01969916
v 0.01172732 -0.01457935 -0.01969916
v 0.01237437 -0.01216453 -0.01969916
v 0.01414214 0.01435197 -0.02120131
v 0.01349509 0.01193716 -0.01969916
v 0.01478918 0.01193716 -0.01969916
v 0.01237437 0.01258421 -0.01969916
v 0.01655695 0.01370493 -0.01969916
v 0.01655695 0.01499902 -0.01969916
v 0.01590990 0.01258421 -0.01969916
v 0.01478918 0.01676679 -0.01969916
v 0.01349509 0.01676679 -0.01969916
v 0.01590990 0.01611974 -0.01969916
v 0.01172732 0.01499902 -0.01969916
v 0.01172732 0.01370493 -0.01969916
v 0.01237437 0.01611974 -0.01969916
v -0.01414214 0.01435197 -0.02120131
v -0.01478918 0.01193716 -0.01969916
v -0.01349509 0.01193716 -0.01969916
v -0.01590990 0.01258421 -0.01969916
v -0.01172732 0.01370493 -0.01969916
v -0.01172732 0.01499902 -0.01969916
v -0.01237437 0.01258421 -0.01969916
v -0.01349509 0.01676679 -0.01969916
v -0.01478918 0.01676679 -0.01969916
v -0.01237437 0.01611974 -0.01969916
v -0.01655695 0.01499902 -0.01969916
v -0.01655695 0.01370493 -0.01969916
v -0.01590990 0.01611974 -0.01969916
v 0.01759485 -0.01793230 -0.00469916
v 0.02008364 -0.01272695 -0.00469916
v 0.01981835 -0.01226745 -0.00469916
v 0.02473265 -0.00985186 -0.00469916
v 0.02179850 -0.01173687 -0.00469916
v 0.02179850 -0.01226745 -0.00469916
v 0.01981835 -0.01173687 -0.00469916
v 0.02107371 -0.01299223 -0.00469916
v 0.02054314 -0.01299223 -0.00469916
v 0.01853496 -0.01927316 -0.00469916
v 0.01858617 -0.01880085 -0.00469916
v 0.01841365 -0.01835822 -0.00469916
v 0.02008364 -0.01127738 -0.00469916
v 0.02054314 -0.01101209 -0.00469916
v 0.02107371 -0.01101209 -0.00469916
v 0.02153321 -0.01127738 -0.00469916
v 0.02506238 -0.00962349 -0.00469916
v 0.01805632 -0.01804514 -0.00469916
v 0.02153321 -0.01272695 -0.00469916
v -0.01759485 -0.01793230 -0.00469916
v -0.01981835 -0.01173687 -0.00469916
v -0.01981835 -0.01226745 -0.00469916
v -0.02153321 -0.01272695 -0.00469916
v -0.02179850 -0.01226745 -0.00469916
v -0.02179850 -0.01173687 -0.00469916
v -0.02008364 -0.01272695 -0.00469916
v -0.02054314 -0.01299223 -0.00469916
v -0.02107371 -0.01299223 -0.00469916
v -0.02473265 -0.00985186 -0.00469916
v -0.02506238 -0.00962349 -0.00469916
v -0.01853496 -0.01927316 -0.00469916
v -0.01858617 -0.01880085 -0.00469916
v -0.01841365 -0.01835822 -0.00469916
v -0.01805632 -0.01804514 -0.00469916
v -0.02153321 -0.01127738 -0.00469916
v -0.02107371 -0.01101209 -0.00469916
v -0.02054314 -0.01101209 -0.00469916
v -0.02008364 -0.01127738 -0.00469916
v 0.01225612 0.02150372 -0.00469916
v 0.01281648 0.02182725 -0.00469916
v 0.01193259 0.02029631 -0.00469916
v 0.01193259 0.02094336 -0.00469916
v 0.01346352 0.02182725 -0.00469916
v 0.01402388 0.02150372 -0.00469916
v 0.01434741 0.02094336 -0.00469916
v 0.02153321 0.01314662 -0.00469916
v 0.02179850 0.01268713 -0.00469916
v 0.02179850 0.01215655 -0.00469916
v 0.02506238 0.01004316 -0.00469916
v 0.02473265 0.01027154 -0.00469916
v 0.02153321 0.01169705 -0.00469916
v 0.02107371 0.01143176 -0.00469916
v 0.02054314 0.01143176 -0.00469916
v 0.02008364 0.01169705 -0.00469916
v 0.01981835 0.01215655 -0.00469916
v 0.01402388 0.01973595 -0.00469916
v 0.01346352 0.01941243 -0.00469916
v 0.01281648 0.01941243 -0.00469916
v 0.01225612 0.01973595 -0.00469916
v 0.01434741 0.02029631 -0.00469916
v 0.02107371 0.01341191 -0.00469916
v 0.02054314 0.01341191 -0.00469916
v 0.02008364 0.01314662 -0.00469916
v 0.01981835 0.01268713 -0.00469916
v -0.01434741 0.02029631 -0.00469916
v -0.01434741 0.02094336 -0.00469916
v -0.01402388 0.02150372 -0.00469916
v -0.02008364 0.01169705 -0.00469916
v -0.02054314 0.01143176 -0.00469916
v -0.02506238 0.01004316 -0.00469916
v -0.02473265 0.01027154 -0.00469916
v -0.01225612 0.02150372 -0.00469916
v -0.01281648 0.02182725 -0.00469916
v -0.01346352 0.02182725 -0.00469916
v -0.02107371 0.01143176 -0.00469916
v -0.02153321 0.01169705 -0.00469916
v -0.02179850 0.01215655 -0.00469916
v -0.02179850 0.01268713 -0.00469916
v -0.02153321 0.01314662 -0.00469916
v -0.01225612 0.01973595 -0.00469916
v -0.01193259 0.02029631 -0.00469916
v -0.01193259 0.02094336 -0.00469916
v -0.01981835 0.01215655 -0.00469916
v -0.01981835 0.01268713 -0.00469916
v -0.02008364 0.01314662 -0.00469916
v -0.02054314 0.01341191 -0.00469916
v -0.02107371 0.01341191 -0.00469916
v -0.01402388 0.01973595 -0.00469916
v -0.01346352 0.01941243 -0.00469916
v -0.01281648 0.01941243 -0.00469916
v -0.02054313 0.01143176 -0.00961573
v -0.02050752 0.01144200 -0.00961649
v -0.02080842 0.01256498 -0.01031504
v -0.02008364 0.01169705 -0.00963562
v -0.02001532 0.01177252 -0.00964138
v -0.01981835 0.01215655 -0.00967151
v -0.01979161 0.01229257 -0.00968253
v -0.01981835 0.01268713 -0.00971564
v -0.01986297 0.01281773 -0.00972700
v -0.02008364 0.01314662 -0.00975665
v -0.02015875 0.01321465 -0.00976299
v -0.02054311 0.01341190 -0.00978177
v -0.02057909 0.01342085 -0.00978264
v -0.02103808 0.01342078 -0.00978263
v -0.02107371 0.01341191 -0.00978177
v -0.02145810 0.01321465 -0.00976299
v -0.02153326 0.01314657 -0.00975665
v -0.02175367 0.01281825 -0.00972705
v -0.02182524 0.01229252 -0.00968253
v -0.02179850 0.01215655 -0.00967151
v -0.02160152 0.01177251 -0.00964138
v -0.02179850 0.01268712 -0.00971564
v -0.02080837 0.01139684 -0.00961315
v -0.02110933 0.01144200 -0.00961649
v -0.02107371 0.01143176 -0.00961573
v -0.02153562 0.01169948 -0.00963580
v -0.02107374 -0.01299223 -0.00978177
v -0.02103776 -0.01300118 -0.00978264
v -0.02080842 -0.01214530 -0.01031504
v -0.02057877 -0.01300110 -0.00978263
v -0.02054314 -0.01299223 -0.00978177
v -0.02015875 -0.01279497 -0.00976299
v -0.02008359 -0.01272690 -0.00975665
v -0.01986318 -0.01239858 -0.00972705
v -0.01981835 -0.01226744 -0.00971564
v -0.01979161 -0.01187285 -0.00968253
v -0.01981835 -0.01173687 -0.00967151
v -0.02001532 -0.01135284 -0.00964138
v -0.02107372 -0.01101209 -0.00961573
v -0.02110933 -0.01102232 -0.00961649
v -0.02153321 -0.01127738 -0.00963562
v -0.02160153 -0.01135284 -0.00964138
v -0.02179850 -0.01173687 -0.00967151
v -0.02182524 -0.01187290 -0.00968253
v -0.02175388 -0.01239807 -0.00972700
v -0.02153586 -0.01272428 -0.00975641
v -0.02145810 -0.01279497 -0.00976299
v -0.02179850 -0.01226745 -0.00971564
v -0.02050752 -0.01102232 -0.00961649
v -0.02054314 -0.01101209 -0.00961573
v -0.02008364 -0.01127738 -0.00963562
v -0.02080827 -0.01097716 -0.00961315
v 0.02107372 0.01143176 -0.00961573
v 0.02110933 0.01144200 -0.00961649
v 0.02080842 0.01256498 -0.01031504
v 0.02153321 0.01169705 -0.00963562
v 0.02160153 0.01177252 -0.00964138
v 0.02179850 0.01215655 -0.00967151
v 0.02182524 0.01229257 -0.00968253
v 0.02179850 0.01268713 -0.00971564
v 0.02175388 0.01281773 -0.00972700
v 0.02153321 0.01314662 -0.00975665
v 0.02145810 0.01321465 -0.00976299
v 0.02107374 0.01341190 -0.00978177
v 0.02103776 0.01342085 -0.00978264
v 0.02057877 0.01342078 -0.00978263
v 0.02054314 0.01341191 -0.00978177
v 0.02015875 0.01321465 -0.00976299
v 0.02008359 0.01314657 -0.00975665
v 0.01986318 0.01281825 -0.00972705
v 0.01979161 0.01229252 -0.00968253
v 0.01981835 0.01215655 -0.00967151
v 0.02001533 0.01177251 -0.00964138
v 0.01981835 0.01268712 -0.00971564
v 0.02080848 0.01139684 -0.00961315
v 0.02050752 0.01144200 -0.00961649
v 0.02054314 0.01143176 -0.00961573
v 0.02008123 0.01169948 -0.00963580
v 0.02054311 -0.01299223 -0.00978177
v 0.02057909 -0.01300118 -0.00978264
v 0.02080842 -0.01214530 -0.01031504
v 0.02103808 -0.01300110 -0.00978263
v 0.02107371 -0.01299223 -0.00978177
v 0.02145810 -0.01279497 -0.00976299
v 0.02153326 -0.01272690 -0.00975665
v 0.02175367 -0.01239858 -0.00972705
v 0.02179850 -0.01226744 -0.00971564
v 0.02182524 -0.01187285 -0.00968253
v 0.02179850 -0.01173687 -0.00967151
v 0.02160153 -0.01135284 -0.00964138
v 0.02054313 -0.01101209 -0.00961573
v 0.02050752 -0.01102232 -0.00961649
v 0.02008364 -0.01127738 -0.00963562
v 0.02001532 -0.01135284 -0.00964138
v 0.01981835 -0.01173687 -0.00967151
v 0.01979161 -0.01187290 -0.00968253
v 0.01986297 -0.01239806 -0.00972700
v 0.02008099 -0.01272428 -0.00975641
v 0.02015875 -0.01279497 -0.00976299
v 0.01981835 -0.01226745 -0.00971564
v 0.02110933 -0.01102232 -0.00961649
v 0.02107371 -0.01101209 -0.00961573
v 0.02153321 -0.01127738 -0.00963562
v 0.02080858 -0.01097716 -0.00961315
v 0.01314000 0.02061984 -0.01245024
v 0.01281648 0.01941243 -0.01169916
v 0.01346352 0.01941243 -0.01169916
v 0.01225612 0.01973595 -0.01169916
v 0.01434741 0.02029631 -0.01169916
v 0.01434741 0.02094336 -0.01169916
v 0.01402388 0.01973595 -0.01169916
v 0.01346352 0.02182725 -0.01169916
v 0.01281648 0.02182725 -0.01169916
v 0.01402388 0.02150372 -0.01169916
v 0.01193259 0.02094336 -0.01169916
v 0.01193259 0.02029631 -0.01169916
v 0.01225612 0.02150372 -0.01169916
v -0.01314000 0.02061984 -0.01245024
v -0.01346352 0.01941243 -0.01169916
v -0.01281648 0.01941243 -0.01169916
v -0.01402388 0.01973595 -0.01169916
v -0.01193259 0.02029631 -0.01169916
v -0.01193259 0.02094336 -0.01169916
v -0.01225612 0.01973595 -0.01169916
v -0.01281648 0.02182725 -0.01169916
v -0.01346352 0.02182725 -0.01169916
v -0.01225612 0.02150372 -0.01169916
v -0.01434741 0.02094336 -0.01169916
v -0.01434741 0.02029631 -0.01169916
v -0.01402388 0.02150372 -0.01169916
v -0.00132271 -0.02757088 -0.00650141
v -0.00233058 -0.02766904 -0.01609579
v -0.00228158 -0.02760502 -0.01600716
v -0.00301660 -0.02753197 -0.01556702
v -0.00224485 -0.02750663 -0.01594949
v -0.00296825 -0.02743275 -0.01551532
v -0.00061966 -0.02776039 -0.01659811
v -0.00000000 -0.02776733 -0.01663436
v -0.00060677 -0.02769543 -0.01650136
v -0.00000000 -0.02770229 -0.01653703
v -0.00059695 -0.02759803 -0.01643683
v -0.00000000 -0.02760497 -0.01647200
v -0.00143582 -0.02756479 -0.01626502
v -0.00145939 -0.02766254 -0.01632712
v -0.00149051 -0.02772717 -0.01642105
v -0.00362950 -0.02734695 -0.01494741
v -0.00415509 -0.02726616 -0.01431604
v -0.00459268 -0.02719029 -0.01356466
v -0.00488473 -0.02713526 -0.01278777
v -0.00504968 -0.02710260 -0.01194101
v -0.00507627 -0.02709723 -0.01155743
v -0.00503030 -0.02710650 -0.01070023
v -0.00484255 -0.02714343 -0.00987024
v -0.00451283 -0.02720473 -0.00907220
v -0.00348782 -0.02736681 -0.00771187
v -0.00406773 -0.02728037 -0.00836192
v -0.00285295 -0.02744591 -0.00720244
v -0.00209134 -0.02751965 -0.00677643
v -0.00368830 -0.02744720 -0.01499146
v -0.00422202 -0.02736743 -0.01435183
v -0.00466623 -0.02729256 -0.01359092
v -0.00496261 -0.02723829 -0.01280446
v -0.00512997 -0.02720610 -0.01194748
v -0.00515694 -0.02720081 -0.01155932
v -0.00511031 -0.02720994 -0.01069188
v -0.00491981 -0.02724634 -0.00985184
v -0.00458518 -0.02730680 -0.00904392
v -0.00413332 -0.02738145 -0.00832457
v -0.00354440 -0.02746681 -0.00766596
v -0.00289946 -0.02754499 -0.00714964
v -0.00212559 -0.02761789 -0.00671775
v -0.00308200 -0.02759520 -0.01564814
v -0.00376917 -0.02750946 -0.01506239
v -0.00431562 -0.02742875 -0.01441094
v -0.00477080 -0.02735296 -0.01363540
v -0.00507472 -0.02729798 -0.01283326
v -0.00524642 -0.02726536 -0.01195879
v -0.00527410 -0.02726000 -0.01156263
v -0.00522624 -0.02726926 -0.01067730
v -0.00503081 -0.02730614 -0.00982018
v -0.00468772 -0.02736737 -0.00899625
v -0.00422478 -0.02744294 -0.00826317
v -0.00362191 -0.02752931 -0.00759250
v -0.00296221 -0.02760836 -0.00706711
v -0.00217117 -0.02768205 -0.00662789
v -0.00137308 -0.02773325 -0.00634441
v -0.00134443 -0.02766857 -0.00643886
v -0.00048511 -0.02776308 -0.00618615
v -0.00047502 -0.02769809 -0.00628312
v -0.00046733 -0.02760071 -0.00634785
v -0.00000000 -0.02776733 -0.00616397
v -0.00000000 -0.02770229 -0.00626129
v -0.00000000 -0.02760497 -0.00632632
v 0.00059695 -0.02759803 -0.00636149
v 0.00060677 -0.02769543 -0.00629696
v 0.00061966 -0.02776039 -0.00620021
v 0.00224485 -0.02750663 -0.00684883
v 0.00143582 -0.02756479 -0.00653330
v 0.00149051 -0.02772717 -0.00637727
v 0.00233058 -0.02766904 -0.00670253
v 0.00296825 -0.02743275 -0.00728299
v 0.00362950 -0.02734695 -0.00785091
v 0.00415509 -0.02726616 -0.00848228
v 0.00459268 -0.02719029 -0.00923366
v 0.00488473 -0.02713526 -0.01001055
v 0.00504968 -0.02710260 -0.01085731
v 0.00507627 -0.02709723 -0.01124089
v 0.00503030 -0.02710650 -0.01209809
v 0.00484254 -0.02714343 -0.01292808
v 0.00451283 -0.02720473 -0.01372612
v 0.00348782 -0.02736681 -0.01508645
v 0.00406773 -0.02728037 -0.01443640
v 0.00308200 -0.02759520 -0.00715018
v 0.00376917 -0.02750946 -0.00773593
v 0.00431562 -0.02742875 -0.00838738
v 0.00477080 -0.02735296 -0.00916292
v 0.00507472 -0.02729798 -0.00996506
v 0.00524642 -0.02726536 -0.01083953
v 0.00527410 -0.02726000 -0.01123569
v 0.00522624 -0.02726926 -0.01212102
v 0.00503081 -0.02730614 -0.01297814
v 0.00468772 -0.02736737 -0.01380207
v 0.00422478 -0.02744294 -0.01453515
v 0.00362191 -0.02752931 -0.01520582
v 0.00296221 -0.02760836 -0.01573121
v 0.00285295 -0.02744591 -0.01559588
v 0.00209134 -0.02751965 -0.01602189
v 0.00132271 -0.02757088 -0.01629691
v 0.00046733 -0.02760071 -0.01645047
v 0.00145939 -0.02766254 -0.00647120
v 0.00228158 -0.02760502 -0.00679116
v 0.00301660 -0.02753197 -0.00723130
v 0.00368830 -0.02744720 -0.00780686
v 0.00422202 -0.02736743 -0.00844648
v 0.00466623 -0.02729256 -0.00920740
v 0.00496261 -0.02723829 -0.00999386
v 0.00512997 -0.02720610 -0.01085084
v 0.00515694 -0.02720081 -0.01123900
v 0.00511031 -0.02720994 -0.01210644
v 0.00491981 -0.02724634 -0.01294648
v 0.00458518 -0.02730680 -0.01375440
v 0.00413332 -0.02738145 -0.01447375
v 0.00354440 -0.02746681 -0.01513236
v 0.00289946 -0.02754499 -0.01564868
v 0.00212559 -0.02761789 -0.01608057
v 0.00134443 -0.02766857 -0.01635946
v 0.00047502 -0.02769809 -0.01651520
v 0.00217117 -0.02768205 -0.01617043
v 0.00137308 -0.02773325 -0.01645391
v 0.00048511 -0.02776308 -0.01661217
v 0.00100000 -0.02729016 -0.01864916
v -0.00100000 -0.02729016 -0.01864916
v -0.00038268 -0.02729016 -0.01772528
v -0.00070711 -0.02729016 -0.01794205
v 0.00086603 -0.02729016 -0.01814916
v 0.00050000 -0.02729016 -0.01778314
v -0.00000000 -0.02729016 -0.01764916
v -0.00092388 -0.02729016 -0.01826648
v -0.01101311 0.01380989 -0.03284916
v -0.00794483 0.01580245 -0.03284916
v -0.00452933 0.01711354 -0.03284916
v -0.00091588 0.01768585 -0.03284916
v 0.00273760 0.01749438 -0.03284916
v 0.00627144 0.01654750 -0.03284916
v 0.00953118 0.01488657 -0.03284916
v 0.01237437 0.01258421 -0.03284916
v 0.01467673 0.00974102 -0.03284916
v 0.01633766 0.00648128 -0.03284916
v 0.01728455 0.00294744 -0.03284916
v 0.01747602 -0.00070604 -0.03284916
v 0.01690370 -0.00431950 -0.03284916
v 0.01559261 -0.00773500 -0.03284916
v 0.01360005 -0.01080327 -0.03284916
v 0.01101311 -0.01339022 -0.03284916
v 0.00794483 -0.01538278 -0.03284916
v 0.00452933 -0.01669386 -0.03284916
v 0.00091588 -0.01726618 -0.03284916
v -0.00273760 -0.01707471 -0.03284916
v -0.00627144 -0.01612782 -0.03284916
v -0.00953118 -0.01446690 -0.03284916
v -0.01237437 -0.01216453 -0.03284916
v -0.01467673 -0.00932134 -0.03284916
v -0.01633766 -0.00606160 -0.03284916
v -0.01728455 -0.00252776 -0.03284916
v -0.01747602 0.00112572 -0.03284916
v -0.01690370 0.00473917 -0.03284916
v -0.01559261 0.00815467 -0.03284916
v -0.01360005 0.01122295 -0.03284916
v 0.00824650 -0.01291439 -0.03284916
v 0.00511933 -0.01442035 -0.03284916
v 0.01096016 -0.01075032 -0.03284916
v 0.01312423 -0.00803666 -0.03284916
v 0.01463019 -0.00490949 -0.03284916
v 0.01540254 -0.00152561 -0.03284916
v 0.01540254 0.00194529 -0.03284916
v 0.01463019 0.00532916 -0.03284916
v 0.01312423 0.00845634 -0.03284916
v 0.01096016 0.01116999 -0.03284916
v 0.00824650 0.01333406 -0.03284916
v 0.00511933 0.01484003 -0.03284916
v 0.00173545 0.01561238 -0.03284916
v -0.00173545 0.01561238 -0.03284916
v -0.00511933 0.01484003 -0.03284916
v -0.00824650 0.01333406 -0.03284916
v -0.01096016 0.01116999 -0.03284916
v -0.01312423 0.00845634 -0.03284916
v -0.01463019 0.00532916 -0.03284916
v -0.01540254 0.00194529 -0.03284916
v -0.01540254 -0.00152561 -0.03284916
v -0.01463019 -0.00490949 -0.03284916
v -0.01312423 -0.00803666 -0.03284916
v -0.01096016 -0.01075032 -0.03284916
v -0.00824650 -0.01291439 -0.03284916
v -0.00511933 -0.01442035 -0.03284916
v -0.00173545 -0.01519270 -0.03284916
v 0.00173545 -0.01519270 -0.03284916
v 0.01131371 -0.01110387 -0.03334916
v 0.01069845 -0.01300164 -0.03334916
v 0.00851251 -0.01333775 -0.03334916
v 0.00771784 -0.01493727 -0.03334916
v 0.00528446 -0.01489230 -0.03334916
v 0.00439992 -0.01621090 -0.03334916
v 0.00179143 -0.01568956 -0.03334916
v 0.00088971 -0.01676686 -0.03334916
v -0.00179143 -0.01568956 -0.03334916
v -0.00265939 -0.01658086 -0.03334916
v -0.00528446 -0.01489230 -0.03334916
v -0.00609226 -0.01566103 -0.03334916
v -0.00851251 -0.01333775 -0.03334916
v -0.00925886 -0.01404756 -0.03334916
v -0.01131371 -0.01110387 -0.03334916
v -0.01202082 -0.01181098 -0.03334916
v -0.01354759 -0.00830267 -0.03334916
v -0.01425740 -0.00904903 -0.03334916
v -0.01510213 -0.00507463 -0.03334916
v -0.01587087 -0.00588242 -0.03334916
v -0.01589940 -0.00158159 -0.03334916
v -0.01679070 -0.00244955 -0.03334916
v -0.01589940 0.00200127 -0.03334916
v -0.01697670 0.00109955 -0.03334916
v -0.01510213 0.00549430 -0.03334916
v -0.01642074 0.00460976 -0.03334916
v -0.01354759 0.00872235 -0.03334916
v -0.01514711 0.00792768 -0.03334916
v -0.01131371 0.01152355 -0.03334916
v -0.01321148 0.01090829 -0.03334916
v -0.01069845 0.01342132 -0.03334916
v -0.00851251 0.01375743 -0.03334916
v -0.00771784 0.01535695 -0.03334916
v -0.00528446 0.01531197 -0.03334916
v -0.00439992 0.01663058 -0.03334916
v -0.00179143 0.01610923 -0.03334916
v -0.00088971 0.01718654 -0.03334916
v 0.00179143 0.01610923 -0.03334916
v 0.00265939 0.01700054 -0.03334916
v 0.00528446 0.01531197 -0.03334916
v 0.00609226 0.01608071 -0.03334916
v 0.00851251 0.01375743 -0.03334916
v 0.00925886 0.01446724 -0.03334916
v 0.01131371 0.01152355 -0.03334916
v 0.01202082 0.01223065 -0.03334916
v 0.01354759 0.00872235 -0.03334916
v 0.01425740 0.00946870 -0.03334916
v 0.01510213 0.00549430 -0.03334916
v 0.01587087 0.00630209 -0.03334916
v 0.01589940 0.00200127 -0.03334916
v 0.01679070 0.00286922 -0.03334916
v 0.01589940 -0.00158159 -0.03334916
v 0.01697670 -0.00067987 -0.03334916
v 0.01510213 -0.00507463 -0.03334916
v 0.01642074 -0.00419009 -0.03334916
v 0.01354759 -0.00830267 -0.03334916
v 0.01514711 -0.00750800 -0.03334916
v 0.01321148 -0.01048861 -0.03334916
v -0.02800000 0.00020984 -0.00964916
v -0.02800000 0.00114443 -0.00975446
v -0.02800000 0.00020984 -0.01384916
v -0.02800000 -0.00240882 -0.01056547
v -0.02800000 -0.00161247 -0.01006509
v -0.02800000 -0.00072475 -0.00975446
v -0.02800000 -0.00388486 -0.01291457
v -0.02800000 -0.00357423 -0.01202685
v -0.02800000 -0.00307385 -0.01123050
v -0.02800000 -0.00357423 -0.01567147
v -0.02800000 -0.00388486 -0.01478375
v -0.02800000 -0.00399016 -0.01384916
v -0.02800000 -0.00161247 -0.01763323
v -0.02800000 -0.00240882 -0.01713285
v -0.02800000 -0.00307385 -0.01646782
v -0.02800000 0.00114443 -0.01794386
v -0.02800000 0.00020984 -0.01804916
v -0.02800000 -0.00072475 -0.01794386
v -0.02800000 0.00349353 -0.01646782
v -0.02800000 0.00282850 -0.01713285
v -0.02800000 0.00203215 -0.01763323
v -0.02800000 0.00440984 -0.01384916
v -0.02800000 0.00430454 -0.01478375
v -0.02800000 0.00399391 -0.01567147
v -0.02800000 0.00349353 -0.01123050
v -0.02800000 0.00399391 -0.01202685
v -0.02800000 0.00430454 -0.01291457
v -0.02800000 0.00203215 -0.01006509
v -0.02800000 0.00282850 -0.01056547
v -0.02770000 0.00020984 -0.00934916
v -0.02770000 -0.00079151 -0.00946198
v -0.02770000 -0.00174264 -0.00979480
v -0.02770000 -0.00259587 -0.01033092
v -0.02770000 -0.00330840 -0.01104346
v -0.02770000 -0.00384452 -0.01189668
v -0.02770000 -0.00417734 -0.01284782
v -0.02770000 -0.00429016 -0.01384916
v -0.02770000 -0.00417734 -0.01485050
v -0.02770000 -0.00384452 -0.01580164
v -0.02770000 -0.00330840 -0.01665486
v -0.02770000 -0.00259587 -0.01736740
v -0.02770000 -0.00174264 -0.01790352
v -0.02770000 -0.00079151 -0.01823634
v -0.02770000 0.00020984 -0.01834916
v -0.02770000 0.00121118 -0.01823634
v -0.02770000 0.00216231 -0.01790352
v -0.02770000 0.00301554 -0.01736740
v -0.02770000 0.00372808 -0.01665486
v -0.02770000 0.00426420 -0.01580164
v -0.02770000 0.00459701 -0.01485050
v -0.02770000 0.00470984 -0.01384916
v -0.02770000 0.00459701 -0.01284782
v -0.02770000 0.00426420 -0.01189668
v -0.02770000 0.00372808 -0.01104346
v -0.02770000 0.00301554 -0.01033092
v -0.02770000 0.00216231 -0.00979480
v -0.02770000 0.00121118 -0.00946198
v -0.02650000 0.00020984 -0.00934916
v -0.02650000 -0.00079151 -0.00946198
v -0.02650000 -0.00174264 -0.00979480
v -0.02650000 -0.00259587 -0.01033092
v -0.02650000 -0.00330840 -0.01104346
v -0.02650000 -0.00384452 -0.01189668
v -0.02650000 -0.00417734 -0.01284782
v -0.02650000 -0.00429016 -0.01384916
v -0.02650000 -0.00417734 -0.01485050
v -0.02650000 -0.00384452 -0.01580164
v -0.02650000 -0.00330840 -0.01665486
v -0.02650000 -0.00259587 -0.01736740
v -0.02650000 -0.00174264 -0.01790352
v -0.02650000 -0.00079151 -0.01823634
v -0.02650000 0.00020984 -0.01834916
v -0.02650000 0.00121118 -0.01823634
v -0.02650000 0.00216231 -0.01790352
v -0.02650000 0.00301554 -0.01736740
v -0.02650000 0.00372808 -0.01665486
v -0.02650000 0.00426420 -0.01580164
v -0.02650000 0.00459701 -0.01485050
v -0.02650000 0.00470984 -0.01384916
v -0.02650000 0.00459701 -0.01284782
v -0.02650000 0.00426420 -0.01189668
v -0.02650000 0.00372808 -0.01104346
v -0.02650000 0.00301554 -0.01033092
v -0.02650000 0.00216231 -0.00979480
v -0.02650000 0.00121118 -0.00946198
v -0.02650000 0.00070285 -0.01932702
v -0.02650000 -0.00028318 -0.01932702
v -0.02650000 -0.00125336 -0.01915096
v -0.02650000 -0.00217652 -0.01880449
v -0.02650000 -0.00302298 -0.01829875
v -0.02650000 -0.00376553 -0.01765000
v -0.02650000 -0.00438031 -0.01687909
v -0.02650000 -0.00484756 -0.01601080
v -0.02650000 -0.00515227 -0.01507302
v -0.02650000 0.00479999 -0.01687909
v -0.02650000 0.00418521 -0.01765000
v -0.02650000 0.00344266 -0.01829875
v -0.02650000 0.00259620 -0.01880449
v -0.02650000 0.00167304 -0.01915096
v -0.02650000 0.00544065 -0.01214957
v -0.02650000 0.00566006 -0.01311088
v -0.02650000 0.00570430 -0.01409592
v -0.02650000 0.00557194 -0.01507302
v -0.02650000 0.00526724 -0.01601080
v -0.02650000 0.00214240 -0.00869987
v -0.02650000 0.00303078 -0.00912769
v -0.02650000 0.00382850 -0.00970727
v -0.02650000 0.00450991 -0.01041997
v -0.02650000 0.00505311 -0.01124288
v -0.02650000 -0.00261111 -0.00912769
v -0.02650000 -0.00172272 -0.00869987
v -0.02650000 -0.00077222 -0.00843755
v -0.02650000 0.00020984 -0.00834916
v -0.02650000 0.00119190 -0.00843755
v -0.02650000 -0.00528462 -0.01409592
v -0.02650000 -0.00524039 -0.01311088
v -0.02650000 -0.00502097 -0.01214957
v -0.02650000 -0.00463344 -0.01124288
v -0.02650000 -0.00409024 -0.01041997
v -0.02650000 -0.00340882 -0.00970727
v -0.02550000 0.00020984 -0.02084916
v -0.02550000 -0.00041764 -0.02082098
v -0.02550000 -0.00165242 -0.02059690
v -0.02550000 -0.00282735 -0.02015594
v -0.02550000 -0.00390466 -0.01951228
v -0.02550000 -0.00484973 -0.01868660
v -0.02550000 -0.00563217 -0.01770544
v -0.02550000 -0.00622686 -0.01660034
v -0.02550000 -0.00661466 -0.01540681
v -0.02550000 -0.00678311 -0.01416321
v -0.02550000 -0.00672681 -0.01290953
v -0.02550000 -0.00644756 -0.01168604
v -0.02550000 -0.00595433 -0.01053208
v -0.02550000 -0.00526298 -0.00948473
v -0.02550000 -0.00439573 -0.00857766
v -0.02550000 -0.00338046 -0.00784002
v -0.02550000 -0.00224979 -0.00729552
v -0.02550000 -0.00104006 -0.00696165
v -0.02550000 0.00020984 -0.00684916
v -0.02550000 0.00145974 -0.00696165
v -0.02550000 0.00266946 -0.00729552
v -0.02550000 0.00380013 -0.00784002
v -0.02550000 0.00481541 -0.00857766
v -0.02550000 0.00568266 -0.00948473
v -0.02550000 0.00637401 -0.01053208
v -0.02550000 0.00686723 -0.01168604
v -0.02550000 0.00714649 -0.01290953
v -0.02550000 0.00720279 -0.01416321
v -0.02550000 0.00703433 -0.01540681
v -0.02550000 0.00664653 -0.01660034
v -0.02550000 0.00605185 -0.01770544
v -0.02550000 0.00526940 -0.01868660
v -0.02550000 0.00432434 -0.01951228
v -0.02550000 0.00324702 -0.02015594
v -0.02550000 0.00207210 -0.02059690
v -0.02550000 0.00083731 -0.02082098
v -0.00700000 0.00020984 -0.00814484
v -0.00700000 -0.00090302 -0.00825444
v -0.00700000 0.00020984 -0.01384916
v -0.00700000 0.00132270 -0.00825444
v -0.00700000 0.00424340 -0.00981559
v -0.00700000 0.00337899 -0.00910619
v -0.00700000 0.00239279 -0.00857905
v -0.00700000 0.00580455 -0.01273630
v -0.00700000 0.00547995 -0.01166621
v -0.00700000 0.00495281 -0.01068001
v -0.00700000 0.00547995 -0.01603211
v -0.00700000 0.00580455 -0.01496202
v -0.00700000 0.00591416 -0.01384916
v -0.00700000 0.00337899 -0.01859213
v -0.00700000 0.00424340 -0.01788273
v -0.00700000 0.00495281 -0.01701831
v -0.00700000 0.00020984 -0.01955348
v -0.00700000 0.00132270 -0.01944388
v -0.00700000 0.00239279 -0.01911927
v -0.00700000 -0.00295931 -0.01859213
v -0.00700000 -0.00197311 -0.01911927
v -0.00700000 -0.00090302 -0.01944388
v -0.00700000 -0.00506027 -0.01603211
v -0.00700000 -0.00453313 -0.01701831
v -0.00700000 -0.00382373 -0.01788273
v -0.00700000 -0.00538488 -0.01273630
v -0.00700000 -0.00549448 -0.01384916
v -0.00700000 -0.00538488 -0.01496202
v -0.00700000 -0.00382373 -0.00981559
v -0.00700000 -0.00453313 -0.01068001
v -0.00700000 -0.00506027 -0.01166621
v -0.00700000 -0.00197311 -0.00857905
v -0.00700000 -0.00295931 -0.00910619
v -0.02500000 0.00083731 -0.02082098
v -0.02500000 0.00207210 -0.02059690
v -0.02500000 0.00324702 -0.02015594
v -0.02500000 0.00432434 -0.01951228
v -0.02500000 0.00526940 -0.01868660
v -0.02500000 0.00605185 -0.01770544
v -0.02500000 0.00664653 -0.01660034
v -0.02500000 0.00703433 -0.01540681
v -0.02500000 0.00720279 -0.01416321
v -0.02500000 0.00714649 -0.01290953
v -0.02500000 0.00686723 -0.01168604
v -0.02500000 0.00637401 -0.01053208
v -0.02500000 0.00568266 -0.00948473
v -0.02500000 0.00481541 -0.00857766
v -0.02500000 0.00380013 -0.00784002
v -0.02500000 0.00266946 -0.00729552
v -0.02500000 0.00145974 -0.00696165
v -0.02500000 0.00020984 -0.00684916
v -0.02500000 -0.00104006 -0.00696165
v -0.02500000 -0.00224979 -0.00729552
v -0.02500000 -0.00338046 -0.00784002
v -0.02500000 -0.00439573 -0.00857766
v -0.02500000 -0.00526298 -0.00948473
v -0.02500000 -0.00595433 -0.01053208
v -0.02500000 -0.00644756 -0.01168604
v -0.02500000 -0.00672681 -0.01290953
v -0.02500000 -0.00678311 -0.01416321
v -0.02500000 -0.00661466 -0.01540681
v -0.02500000 -0.00622686 -0.01660034
v -0.02500000 -0.00563217 -0.01770544
v -0.02500000 -0.00484973 -0.01868660
v -0.02500000 -0.00390466 -0.01951228
v -0.02500000 -0.00282735 -0.02015594
v -0.02500000 -0.00165242 -0.02059690
v -0.02500000 -0.00041764 -0.02082098
v -0.01200000 -0.00090302 -0.00825444
v -0.01200000 -0.00197311 -0.00857905
v -0.01200000 -0.00295931 -0.00910619
v -0.01200000 -0.00382373 -0.00981559
v -0.01200000 -0.00453313 -0.01068001
v -0.01200000 -0.00506027 -0.01166621
v -0.01200000 -0.00538488 -0.01273630
v -0.01200000 -0.00549448 -0.01384916
v -0.01200000 -0.00538488 -0.01496202
v -0.01200000 -0.00506027 -0.01603211
v -0.01200000 -0.00453313 -0.01701831
v -0.01200000 -0.00382373 -0.01788273
v -0.01200000 -0.00295931 -0.01859213
v -0.01200000 -0.00197311 -0.01911927
v -0.01200000 -0.00090302 -0.01944388
v -0.01200000 0.00020984 -0.01955348
v -0.01200000 0.00132270 -0.01944388
v -0.01200000 0.00239279 -0.01911927
v -0.01200000 0.00337899 -0.01859213
v -0.01200000 0.00424340 -0.01788273
v -0.01200000 0.00495281 -0.01701831
v -0.01200000 0.00547995 -0.01603211
v -0.01200000 0.00580455 -0.01496202
v -0.01200000 0.00591416 -0.01384916
v -0.01200000 0.00580455 -0.01273630
v -0.01200000 0.00547995 -0.01166621
v -0.01200000 0.00495281 -0.01068001
v -0.01200000 0.00424340 -0.00981559
v -0.01200000 0.00337899 -0.00910619
v -0.01200000 0.00239279 -0.00857905
v -0.01200000 0.00132270 -0.00825444
v -0.01200000 0.00020984 -0.00814484
v -0.02500000 -0.00578337 -0.01356367
v -0.02500000 -0.00572909 -0.01470305
v -0.02500000 -0.00546017 -0.01581157
v -0.02500000 -0.00498631 -0.01684916
v -0.02500000 -0.00432466 -0.01777832
v -0.02500000 -0.00349912 -0.01856548
v -0.02500000 -0.00253952 -0.01918217
v -0.02500000 -0.00148056 -0.01960612
v -0.02500000 -0.00036050 -0.01982199
v -0.02500000 0.00078017 -0.01982199
v -0.02500000 0.00190023 -0.01960612
v -0.02500000 0.00295920 -0.01918217
v -0.02500000 0.00391879 -0.01856548
v -0.02500000 0.00474434 -0.01777832
v -0.02500000 0.00540599 -0.01684916
v -0.02500000 0.00587984 -0.01581157
v -0.02500000 0.00614877 -0.01470305
v -0.02500000 0.00620304 -0.01356367
v -0.02500000 0.00604071 -0.01243461
v -0.02500000 0.00566763 -0.01135667
v -0.02500000 0.00509729 -0.01036882
v -0.02500000 0.00435031 -0.00950676
v -0.02500000 0.00345368 -0.00880164
v -0.02500000 0.00243981 -0.00827895
v -0.02500000 0.00134535 -0.00795759
v -0.02500000 0.00020984 -0.00784916
v -0.02500000 -0.00092567 -0.00795759
v -0.02500000 -0.00202014 -0.00827895
v -0.02500000 -0.00303401 -0.00880164
v -0.02500000 -0.00393064 -0.00950676
v -0.02500000 -0.00467762 -0.01036882
v -0.02500000 -0.00524795 -0.01135667
v -0.02500000 -0.00562103 -0.01243461
v -0.01200000 -0.00148056 -0.01960612
v -0.01200000 -0.00036050 -0.01982199
v -0.01200000 0.00078017 -0.01982199
v -0.01200000 0.00190023 -0.01960612
v -0.01200000 0.00295920 -0.01918217
v -0.01200000 0.00391879 -0.01856548
v -0.01200000 0.00474434 -0.01777832
v -0.01200000 0.00540599 -0.01684916
v -0.01200000 0.00587984 -0.01581157
v -0.01200000 0.00614877 -0.01470305
v -0.01200000 0.00620304 -0.01356367
v -0.01200000 0.00604071 -0.01243461
v -0.01200000 0.00566763 -0.01135667
v -0.01200000 0.00509729 -0.01036882
v -0.01200000 0.00435031 -0.00950676
v -0.01200000 0.00345368 -0.00880164
v -0.01200000 0.00243981 -0.00827895
v -0.01200000 0.00134535 -0.00795759
v -0.01200000 0.00020984 -0.00784916
v -0.01200000 -0.00092567 -0.00795759
v -0.01200000 -0.00202014 -0.00827895
v -0.01200000 -0.00303401 -0.00880164
v -0.01200000 -0.00393064 -0.00950676
v -0.01200000 -0.00467762 -0.01036882
v -0.01200000 -0.00524795 -0.01135667
v -0.01200000 -0.00562103 -0.01243461
v -0.01200000 -0.00578337 -0.01356367
v -0.01200000 -0.00572909 -0.01470305
v -0.01200000 -0.00546017 -0.01581157
v -0.01200000 -0.00498631 -0.01684916
v -0.01200000 -0.00432466 -0.01777832
v -0.01200000 -0.00349912 -0.01856548
v -0.01200000 -0.00253952 -0.01918217
v -0.02000000 0.00713804 -0.01784916
v -0.02250000 0.00713804 -0.01784916
v -0.02000000 0.00713804 -0.00984916
v -0.02250000 0.00713804 -0.00984916
v -0.02000000 0.00020984 -0.00584916
v -0.02250000 0.00020984 -0.00584916
v -0.02000000 -0.00671837 -0.00984916
v -0.02250000 -0.00671837 -0.00984916
v -0.02000000 -0.00671837 -0.01784916
v -0.02250000 -0.00671837 -0.01784916
v -0.02000000 0.00020984 -0.02184916
v -0.02250000 0.00020984 -0.02184916
v -0.02000000 -0.00083205 -0.00794031
v -0.02000000 0.00020984 -0.00784916
v -0.02000000 0.00125173 -0.00794031
v -0.02000000 0.00540599 -0.01084916
v -0.02000000 0.00584799 -0.01179704
v -0.02000000 0.00480610 -0.00999243
v -0.02000000 -0.00542832 -0.01179704
v -0.02000000 -0.00498631 -0.01084916
v -0.02000000 -0.00438643 -0.00999243
v -0.02000000 0.00584799 -0.01590128
v -0.02000000 0.00540599 -0.01684916
v -0.02000000 0.00480610 -0.01770589
v -0.02000000 -0.00438643 -0.01770589
v -0.02000000 -0.00498631 -0.01684916
v -0.02000000 -0.00542832 -0.01590128
v -0.02000000 -0.00364689 -0.00925289
v -0.02000000 -0.00279016 -0.00865301
v -0.02000000 -0.00184228 -0.00821100
v -0.02000000 0.00226196 -0.00821100
v -0.02000000 0.00320984 -0.00865301
v -0.02000000 0.00406656 -0.00925289
v -0.02000000 0.00125173 -0.01975801
v -0.02000000 0.00020984 -0.01984916
v -0.02000000 -0.00083205 -0.01975801
v -0.02000000 0.00611868 -0.01280727
v -0.02000000 0.00620984 -0.01384916
v -0.02000000 0.00611868 -0.01489105
v -0.02000000 0.00406656 -0.01844543
v -0.02000000 0.00320984 -0.01904531
v -0.02000000 0.00226196 -0.01948732
v -0.02000000 -0.00569901 -0.01489105
v -0.02000000 -0.00579016 -0.01384916
v -0.02000000 -0.00569901 -0.01280727
v -0.02000000 -0.00184228 -0.01948732
v -0.02000000 -0.00279016 -0.01904531
v -0.02000000 -0.00364689 -0.01844543
v -0.02250000 -0.00498631 -0.01084916
v -0.02250000 -0.00542832 -0.01179704
v -0.02250000 -0.00083205 -0.01975801
v -0.02250000 0.00020984 -0.01984916
v -0.02250000 0.00125173 -0.01975801
v -0.02250000 -0.00438643 -0.00999243
v -0.02250000 0.00480610 -0.01770589
v -0.02250000 0.00540599 -0.01684916
v -0.02250000 0.00584799 -0.01590128
v -0.02250000 -0.00083205 -0.00794031
v -0.02250000 0.00020984 -0.00784916
v -0.02250000 0.00125173 -0.00794031
v -0.02250000 -0.00542832 -0.01590128
v -0.02250000 -0.00498631 -0.01684916
v -0.02250000 -0.00438643 -0.01770589
v -0.02250000 0.00226196 -0.01948732
v -0.02250000 0.00320984 -0.01904531
v -0.02250000 0.00406656 -0.01844543
v -0.02250000 -0.00184228 -0.00821100
v -0.02250000 -0.00279016 -0.00865301
v -0.02250000 -0.00364689 -0.00925289
v -0.02250000 -0.00569901 -0.01280727
v -0.02250000 -0.00579016 -0.01384916
v -0.02250000 -0.00569901 -0.01489105
v -0.02250000 0.00611868 -0.01280727
v -0.02250000 0.00620984 -0.01384916
v -0.02250000 0.00611868 -0.01489105
v -0.02250000 0.00584799 -0.01179704
v -0.02250000 0.00540599 -0.01084916
v -0.02250000 0.00480610 -0.00999243
v -0.02250000 0.00406656 -0.00925289
v -0.02250000 0.00320984 -0.00865301
v -0.02250000 0.00226196 -0.00821100
v -0.02250000 -0.00364689 -0.01844543
v -0.02250000 -0.00279016 -0.01904531
v -0.02250000 -0.00184228 -0.01948732
v -0.02280058 -0.00317916 -0.00569916
v -0.02280058 -0.00452916 -0.00569916
v -0.02495058 -0.00317916 -0.00569916
v -0.02495058 -0.00452916 -0.00569916
v -0.02280058 -0.00452916 -0.00469916
v -0.02495058 -0.00452916 -0.00469916
v -0.02495058 -0.00317916 -0.00469916
v -0.02280058 -0.00317916 -0.00469916
v 0.02066142 0.00433284 -0.00569916
v 0.02201143 0.00433284 -0.00569916
v 0.02066142 0.00218284 -0.00569916
v 0.02201143 0.00218284 -0.00569916
v 0.02201143 0.00433284 -0.00469916
v 0.02201143 0.00218284 -0.00469916
v 0.02066142 0.00218284 -0.00469916
v 0.02066142 0.00433284 -0.00469916
v 0.00727943 -0.02208316 -0.00280000
v 0.00592942 -0.02208316 -0.00280000
v 0.00727943 -0.02423316 -0.00280000
v 0.00592942 -0.02423316 -0.00280000
v 0.00592942 -0.02208316 -0.00380000
v 0.00592942 -0.02423316 -0.00380000
v 0.00727943 -0.02423316 -0.00380000
v 0.00727943 -0.02208316 -0.00380000
v -0.00793758 0.01581684 -0.00280000
v -0.00793758 0.01406684 -0.00280000
v -0.00263757 0.01581684 -0.00280000
v -0.00263757 0.01406684 -0.00280000
v -0.00793758 0.01406684 -0.00380000
v -0.00263757 0.01406684 -0.00380000
v -0.00263757 0.01581684 -0.00380000
v -0.00793758 0.01581684 -0.00380000
v 0.00464643 0.00284184 -0.00280000
v 0.00464643 0.00164184 -0.00280000
v 0.00784642 0.00284184 -0.00280000
v 0.00784642 0.00164184 -0.00280000
v 0.00464643 0.00164184 -0.00380000
v 0.00784642 0.00164184 -0.00380000
v 0.00784642 0.00284184 -0.00380000
v 0.00464643 0.00284184 -0.00380000
v -0.01740358 0.00985584 -0.00769916
v -0.01175258 0.00985584 -0.00769916
v -0.01740358 0.00395584 -0.00769916
v -0.01175258 0.00395584 -0.00769916
v -0.01175258 0.00985584 -0.00469916
v -0.01175258 0.00395584 -0.00469916
v -0.01740358 0.00395584 -0.00469916
v -0.01740358 0.00985584 -0.00469916
v 0.01402443 -0.00354616 -0.00569916
v 0.01402443 -0.00194616 -0.00569916
v 0.01562443 -0.00354616 -0.00569916
v 0.01562443 -0.00194616 -0.00569916
v 0.01402443 -0.00194616 -0.00469916
v 0.01562443 -0.00194616 -0.00469916
v 0.01562443 -0.00354616 -0.00469916
v 0.01402443 -0.00354616 -0.00469916
v -0.00224758 -0.00617816 -0.00280000
v -0.00224758 -0.00457816 -0.00280000
v -0.00384758 -0.00617816 -0.00280000
v -0.00384758 -0.00457816 -0.00280000
v -0.00224758 -0.00457816 -0.00380000
v -0.00384758 -0.00457816 -0.00380000
v -0.00384758 -0.00617816 -0.00380000
v -0.00224758 -0.00617816 -0.00380000
v -0.02495058 -0.00148116 -0.00569916
v -0.02495058 -0.00013116 -0.00569916
v -0.02280058 -0.00148116 -0.00569916
v -0.02280058 -0.00013116 -0.00569916
v -0.02495058 -0.00013116 -0.00469916
v -0.02280058 -0.00013116 -0.00469916
v -0.02280058 -0.00148116 -0.00469916
v -0.02495058 -0.00148116 -0.00469916
v -0.01507758 0.00236084 -0.00280000
v -0.01507758 0.00009084 -0.00280000
v -0.01133757 0.00236084 -0.00280000
v -0.01133757 0.00009084 -0.00280000
v -0.01507758 0.00009084 -0.00380000
v -0.01133757 0.00009084 -0.00380000
v -0.01133757 0.00236084 -0.00380000
v -0.01507758 0.00236084 -0.00380000
v 0.00080042 -0.00490816 -0.00280000
v 0.00080042 -0.00330816 -0.00280000
v -0.00079957 -0.00490816 -0.00280000
v -0.00079957 -0.00330816 -0.00280000
v 0.00080042 -0.00330816 -0.00380000
v -0.00079957 -0.00330816 -0.00380000
v -0.00079957 -0.00490816 -0.00380000
v 0.00080042 -0.00490816 -0.00380000
v 0.00435642 -0.00821016 -0.00280000
v 0.00435642 -0.00661016 -0.00280000
v 0.00275643 -0.00821016 -0.00280000
v 0.00275643 -0.00661016 -0.00280000
v 0.00435642 -0.00661016 -0.00380000
v 0.00275643 -0.00661016 -0.00380000
v 0.00275643 -0.00821016 -0.00380000
v 0.00435642 -0.00821016 -0.00380000
v 0.00829543 0.01081884 -0.00569916
v 0.00694543 0.01081884 -0.00569916
v 0.00829543 0.01296884 -0.00569916
v 0.00694543 0.01296884 -0.00569916
v 0.00694543 0.01081884 -0.00469916
v 0.00694543 0.01296884 -0.00469916
v 0.00829543 0.01296884 -0.00469916
v 0.00829543 0.01081884 -0.00469916
v -0.00736557 0.00998084 -0.00280000
v -0.00736557 0.00771084 -0.00280000
v -0.00362558 0.00998084 -0.00280000
v -0.00362558 0.00771084 -0.00280000
v -0.00736557 0.00771084 -0.00380000
v -0.00362558 0.00771084 -0.00380000
v -0.00362558 0.00998084 -0.00380000
v -0.00736557 0.00998084 -0.00380000
v 0.00981943 0.00738084 -0.00280000
v 0.00846943 0.00738084 -0.00280000
v 0.00981943 0.00523084 -0.00280000
v 0.00846943 0.00523084 -0.00280000
v 0.00846943 0.00738084 -0.00380000
v 0.00846943 0.00523084 -0.00380000
v 0.00981943 0.00523084 -0.00380000
v 0.00981943 0.00738084 -0.00380000
v 0.01605642 -0.00354616 -0.00569916
v 0.01605642 -0.00194616 -0.00569916
v 0.01765643 -0.00354616 -0.00569916
v 0.01765643 -0.00194616 -0.00569916
v 0.01605642 -0.00194616 -0.00469916
v 0.01765643 -0.00194616 -0.00469916
v 0.01765643 -0.00354616 -0.00469916
v 0.01605642 -0.00354616 -0.00469916
v -0.00170958 0.00143584 -0.00569916
v 0.00171043 0.00143584 -0.00569916
v -0.00170958 -0.00406416 -0.00569916
v 0.00171043 -0.00406416 -0.00569916
v 0.00171043 0.00143584 -0.00469916
v 0.00171043 -0.00406416 -0.00469916
v -0.00170958 -0.00406416 -0.00469916
v -0.00170958 0.00143584 -0.00469916
v 0.00234842 -0.02206016 -0.00280000
v 0.00374842 -0.02206016 -0.00280000
v 0.00234842 -0.01756016 -0.00280000
v 0.00374842 -0.01756016 -0.00280000
v 0.00374842 -0.02206016 -0.00380000
v 0.00374842 -0.01756016 -0.00380000
v 0.00234842 -0.01756016 -0.00380000
v 0.00234842 -0.02206016 -0.00380000
v -0.02004997 -0.00695116 -0.00569916
v -0.02004997 -0.00880816 -0.00569916
v -0.02525317 -0.00695116 -0.00569916
v -0.02525317 -0.00880816 -0.00569916
v -0.02004997 -0.00880816 -0.00469916
v -0.02525317 -0.00880816 -0.00469916
v -0.02525317 -0.00695116 -0.00469916
v -0.02004997 -0.00695116 -0.00469916
v 0.00880343 -0.00989116 -0.00280000
v 0.00745342 -0.00989116 -0.00280000
v 0.00880343 -0.01204116 -0.00280000
v 0.00745342 -0.01204116 -0.00280000
v 0.00745342 -0.00989116 -0.00380000
v 0.00745342 -0.01204116 -0.00380000
v 0.00880343 -0.01204116 -0.00380000
v 0.00880343 -0.00989116 -0.00380000
v -0.01276357 -0.00966816 -0.00280000
v -0.01276357 -0.00636816 -0.00280000
v -0.02076358 -0.00966816 -0.00280000
v -0.02076358 -0.00636816 -0.00280000
v -0.01276357 -0.00636816 -0.00380000
v -0.02076358 -0.00636816 -0.00380000
v -0.02076358 -0.00966816 -0.00380000
v -0.01276357 -0.00966816 -0.00380000
v 0.00152243 0.01590178 -0.00280000
v 0.00152243 0.00890190 -0.00280000
v 0.00714743 0.01590178 -0.00280000
v 0.00714743 0.00890190 -0.00280000
v 0.00152243 0.00890190 -0.00380000
v 0.00714743 0.00890190 -0.00380000
v 0.00714743 0.01590178 -0.00380000
v 0.00152243 0.01590178 -0.00380000
v 0.00372343 0.01081884 -0.00569916
v 0.00237343 0.01081884 -0.00569916
v 0.00372343 0.01296884 -0.00569916
v 0.00237343 0.01296884 -0.00569916
v 0.00237343 0.01081884 -0.00469916
v 0.00237343 0.01296884 -0.00469916
v 0.00372343 0.01296884 -0.00469916
v 0.00372343 0.01081884 -0.00469916
v 0.02495142 -0.00351316 -0.00280000
v 0.02495142 -0.00216316 -0.00280000
v 0.02280143 -0.00351316 -0.00280000
v 0.02280143 -0.00216316 -0.00280000
v 0.02495142 -0.00216316 -0.00380000
v 0.02280143 -0.00216316 -0.00380000
v 0.02280143 -0.00351316 -0.00380000
v 0.02495142 -0.00351316 -0.00380000
v 0.01725839 -0.00404616 -0.00769916
v 0.01725839 -0.00969716 -0.00769916
v 0.01035845 -0.00404616 -0.00769916
v 0.01035845 -0.00969716 -0.00769916
v 0.01725839 -0.00969716 -0.00469916
v 0.01035845 -0.00969716 -0.00469916
v 0.01035845 -0.00404616 -0.00469916
v 0.01725839 -0.00404616 -0.00469916
v 0.00338943 0.00890484 -0.00569916
v 0.00473943 0.00890484 -0.00569916
v 0.00338943 0.00675484 -0.00569916
v 0.00473943 0.00675484 -0.00569916
v 0.00473943 0.00890484 -0.00469916
v 0.00473943 0.00675484 -0.00469916
v 0.00338943 0.00675484 -0.00469916
v 0.00338943 0.00890484 -0.00469916
v 0.01023963 -0.00428296 -0.00280000
v 0.02024123 -0.00428296 -0.00280000
v 0.01023963 0.00571864 -0.00280000
v 0.02024123 0.00571864 -0.00280000
v 0.02024123 -0.00428296 -0.00380000
v 0.02024123 0.00571864 -0.00380000
v 0.01023963 0.00571864 -0.00380000
v 0.01023963 -0.00428296 -0.00380000
v -0.02547558 -0.00428016 -0.00280000
v -0.02187558 -0.00428016 -0.00280000
v -0.02547558 -0.00038016 -0.00280000
v -0.02187558 -0.00038016 -0.00280000
v -0.02187558 -0.00428016 -0.00380000
v -0.02187558 -0.00038016 -0.00380000
v -0.02547558 -0.00038016 -0.00380000
v -0.02547558 -0.00428016 -0.00380000
v -0.00502058 -0.00503716 -0.00280000
v -0.00502058 -0.00368716 -0.00280000
v -0.00717058 -0.00503716 -0.00280000
v -0.00717058 -0.00368716 -0.00280000
v -0.00502058 -0.00368716 -0.00380000
v -0.00717058 -0.00368716 -0.00380000
v -0.00717058 -0.00503716 -0.00380000
v -0.00502058 -0.00503716 -0.00380000
v -0.01262357 0.00917184 -0.00280000
v -0.01582358 0.00917184 -0.00280000
v -0.01262357 0.00547184 -0.00280000
v -0.01582358 0.00547184 -0.00280000
v -0.01582358 0.00917184 -0.00380000
v -0.01582358 0.00547184 -0.00380000
v -0.01262357 0.00547184 -0.00380000
v -0.01262357 0.00917184 -0.00380000
v 0.00384843 -0.00617816 -0.00280000
v 0.00384843 -0.00457816 -0.00280000
v 0.00224842 -0.00617816 -0.00280000
v 0.00224842 -0.00457816 -0.00280000
v 0.00384843 -0.00457816 -0.00380000
v 0.00224842 -0.00457816 -0.00380000
v 0.00224842 -0.00617816 -0.00380000
v 0.00384843 -0.00617816 -0.00380000
v -0.01946085 -0.01703135 -0.00469916
v -0.01889965 -0.01579223 -0.00469916
v -0.01893503 -0.01760724 -0.00469916
v -0.02524406 0.00643204 -0.00469916
v -0.02391904 0.01040097 -0.00469916
v -0.01889965 0.01056191 -0.00469916
v 0.02417408 -0.00936276 -0.00469916
v 0.02383645 -0.01017494 -0.00469916
v 0.01890050 -0.01014223 -0.00469916
v 0.01576897 -0.01000581 -0.00469916
v 0.01651650 -0.01014223 -0.00469916
v 0.01714777 -0.01092710 -0.00469916
v -0.01021523 0.01272557 -0.00469916
v 0.00000042 0.01056191 -0.00469916
v -0.01113651 0.01134677 -0.00469916
v -0.01076565 0.01056191 -0.00469916
v -0.01251531 0.01042549 -0.00469916
v -0.01576812 -0.01000581 -0.00469916
v -0.01576812 0.01042549 -0.00469916
v -0.01414172 0.01010198 -0.00469916
v -0.01839171 0.01435198 -0.00469916
v -0.01806820 0.01272557 -0.00469916
v -0.01714692 0.01134677 -0.00469916
v -0.01889965 -0.01014223 -0.00469916
v -0.01076565 0.01886091 -0.00469916
v -0.01414172 0.01860198 -0.00469916
v -0.01805137 0.01892167 -0.00469916
v -0.01576812 0.01827846 -0.00469916
v -0.01714692 0.01735718 -0.00469916
v -0.01806820 0.01597838 -0.00469916
v -0.01889965 0.01621191 -0.00469916
v -0.01946085 0.01745103 -0.00469916
v -0.02045487 0.01625916 -0.00469916
v -0.00989171 0.01435198 -0.00469916
v 0.00000042 0.01621191 -0.00469916
v -0.01021523 0.01597838 -0.00469916
v 0.00000042 0.01886091 -0.00469916
v -0.01113651 0.01735718 -0.00469916
v -0.01251531 0.01827846 -0.00469916
v 0.01576897 0.01042549 -0.00469916
v 0.01714777 0.01134677 -0.00469916
v 0.01651650 0.01056191 -0.00469916
v 0.01890050 0.01056191 -0.00469916
v 0.01414257 -0.00968230 -0.00469916
v 0.01251616 -0.01000581 -0.00469916
v 0.01251616 0.01042549 -0.00469916
v 0.01113736 0.01134677 -0.00469916
v 0.01021608 0.01272557 -0.00469916
v 0.00989257 0.01435198 -0.00469916
v 0.01651650 0.01886091 -0.00469916
v 0.01714777 0.01735718 -0.00469916
v 0.01576897 0.01827846 -0.00469916
v 0.01414257 0.01860198 -0.00469916
v 0.01251616 0.01827846 -0.00469916
v 0.01113736 0.01735718 -0.00469916
v 0.01021608 0.01597838 -0.00469916
v -0.01113651 -0.01693751 -0.00469916
v -0.01021523 -0.01555871 -0.00469916
v 0.00000042 -0.01579223 -0.00469916
v -0.00989171 -0.01393230 -0.00469916
v 0.00000042 -0.01014223 -0.00469916
v -0.01021523 -0.01230590 -0.00469916
v -0.01076565 -0.01014223 -0.00469916
v -0.01113651 -0.01092710 -0.00469916
v -0.01251531 -0.01000581 -0.00469916
v -0.01251531 -0.01785879 -0.00469916
v -0.00921930 -0.02410058 -0.00469916
v -0.00520024 -0.02526472 -0.00469916
v -0.00104649 -0.02576908 -0.00469916
v -0.01414172 -0.01818230 -0.00469916
v -0.01299958 -0.02230682 -0.00469916
v -0.01576812 -0.01785879 -0.00469916
v -0.01644316 -0.01992989 -0.00469916
v -0.01714692 -0.01693751 -0.00469916
v -0.01806820 -0.01555871 -0.00469916
v -0.01839171 -0.01393230 -0.00469916
v -0.01714692 -0.01092710 -0.00469916
v -0.01806820 -0.01230590 -0.00469916
v 0.01839256 -0.01393230 -0.00469916
v 0.01806905 -0.01230590 -0.00469916
v 0.01714777 -0.01693751 -0.00469916
v 0.01801126 -0.01854143 -0.00469916
v 0.01576897 -0.01785879 -0.00469916
v 0.01477011 -0.02118774 -0.00469916
v 0.01414257 -0.01818230 -0.00469916
v 0.01021608 -0.01555871 -0.00469916
v 0.01113736 -0.01693751 -0.00469916
v 0.00313438 -0.02560060 -0.00469916
v 0.01251616 -0.01785879 -0.00469916
v 0.01114643 -0.02327987 -0.00469916
v 0.00723408 -0.02476363 -0.00469916
v 0.01113736 -0.01092710 -0.00469916
v 0.01021608 -0.01230590 -0.00469916
v 0.00989257 -0.01393230 -0.00469916
v 0.02466237 -0.00802353 -0.00469916
v 0.02466237 0.00844321 -0.00469916
v 0.02417408 0.00978243 -0.00469916
v 0.02566373 -0.00396086 -0.00469916
v 0.02566373 0.00438053 -0.00469916
v 0.02600043 0.00020984 -0.00469916
v 0.02150843 0.01120940 -0.00469916
v 0.02202086 0.01172184 -0.00469916
v 0.02383645 0.01059462 -0.00469916
v 0.02302228 0.01229264 -0.00469916
v 0.01940843 0.01242184 -0.00469916
v 0.01890050 0.01621191 -0.00469916
v 0.01959599 0.01172184 -0.00469916
v 0.02010842 0.01120940 -0.00469916
v 0.02080842 0.01102184 -0.00469916
v 0.02150843 0.01363427 -0.00469916
v 0.02078594 0.01582914 -0.00469916
v 0.02202086 0.01312184 -0.00469916
v 0.02220842 0.01242184 -0.00469916
v 0.01895548 0.01800607 -0.00469916
v 0.02047394 0.01623592 -0.00469916
v 0.02080842 0.01382184 -0.00469916
v 0.02010842 0.01363427 -0.00469916
v 0.01959599 0.01312184 -0.00469916
v 0.01314043 0.01911984 -0.00469916
v 0.01389043 0.01932080 -0.00469916
v 0.01443946 0.01986984 -0.00469916
v 0.01477011 0.02160742 -0.00469916
v 0.01801126 0.01896110 -0.00469916
v 0.01464043 0.02061984 -0.00469916
v 0.01239043 0.01932080 -0.00469916
v 0.01806905 0.01272557 -0.00469916
v 0.01839256 0.01435198 -0.00469916
v 0.01806905 0.01597838 -0.00469916
v 0.01810785 0.01886784 -0.00469916
v 0.01443946 0.02136984 -0.00469916
v 0.01389043 0.02191888 -0.00469916
v 0.01114643 0.02369955 -0.00469916
v -0.00104649 0.02618875 -0.00469916
v 0.00313438 0.02602027 -0.00469916
v 0.01314043 0.02211984 -0.00469916
v 0.01239043 0.02191888 -0.00469916
v 0.00723408 0.02518331 -0.00469916
v 0.01184139 0.02136984 -0.00469916
v 0.01164042 0.02061984 -0.00469916
v 0.01184139 0.01986984 -0.00469916
v -0.01163958 0.02061984 -0.00469916
v -0.01184054 0.02136984 -0.00469916
v -0.00921930 0.02452026 -0.00469916
v -0.01238957 0.02191888 -0.00469916
v -0.01299958 0.02272650 -0.00469916
v -0.01313958 0.02211984 -0.00469916
v -0.01388957 0.02191888 -0.00469916
v -0.01644316 0.02034957 -0.00469916
v -0.01388957 0.01932080 -0.00469916
v -0.01313958 0.01911984 -0.00469916
v -0.01238957 0.01932080 -0.00469916
v -0.01184054 0.01986984 -0.00469916
v -0.01443861 0.02136984 -0.00469916
v -0.01463958 0.02061984 -0.00469916
v -0.01443861 0.01986984 -0.00469916
v -0.00520024 0.02568439 -0.00469916
v -0.01959514 0.01172184 -0.00469916
v -0.01940757 0.01242184 -0.00469916
v -0.02197452 0.01410595 -0.00469916
v -0.02202001 0.01312184 -0.00469916
v -0.02220757 0.01242184 -0.00469916
v -0.02202001 0.01172184 -0.00469916
v -0.01959514 0.01312184 -0.00469916
v -0.02010757 0.01363427 -0.00469916
v -0.02080758 0.01382184 -0.00469916
v -0.02150758 0.01363427 -0.00469916
v -0.02150758 0.01120940 -0.00469916
v -0.02080758 0.01102184 -0.00469916
v -0.02010757 0.01120940 -0.00469916
v -0.02391904 -0.00998129 -0.00469916
v -0.02524406 -0.00601237 -0.00469916
v -0.02591527 -0.00188229 -0.00469916
v -0.02591527 0.00230197 -0.00469916
v -0.01940757 -0.01200216 -0.00469916
v -0.01959514 -0.01130216 -0.00469916
v -0.02010757 -0.01078973 -0.00469916
v -0.02080758 -0.01060216 -0.00469916
v -0.02150758 -0.01078973 -0.00469916
v -0.02202001 -0.01130216 -0.00469916
v -0.01959514 -0.01270216 -0.00469916
v -0.02220757 -0.01200216 -0.00469916
v -0.02202001 -0.01270216 -0.00469916
v -0.02197452 -0.01368627 -0.00469916
v -0.02150758 -0.01321460 -0.00469916
v -0.02080758 -0.01340216 -0.00469916
v -0.02010757 -0.01321460 -0.00469916
v 0.01806905 -0.01555871 -0.00469916
v 0.01890050 -0.01579223 -0.00469916
v 0.02047394 -0.01581625 -0.00469916
v 0.02078594 -0.01540946 -0.00469916
v 0.02202086 -0.01130216 -0.00469916
v 0.02150843 -0.01078973 -0.00469916
v 0.02080842 -0.01060216 -0.00469916
v 0.02010842 -0.01078973 -0.00469916
v 0.01959599 -0.01130216 -0.00469916
v 0.02220842 -0.01200216 -0.00469916
v 0.02302228 -0.01187296 -0.00469916
v 0.02202086 -0.01270216 -0.00469916
v 0.02150843 -0.01321460 -0.00469916
v 0.01940843 -0.01200216 -0.00469916
v 0.01959599 -0.01270216 -0.00469916
v 0.02010842 -0.01321460 -0.00469916
v 0.02080842 -0.01340216 -0.00469916
v -0.01414172 -0.00968230 -0.00469916
v 0.01414257 0.01010198 -0.00469916
v -0.01163958 0.02061984 -0.00380000
v -0.01184054 0.01986984 -0.00380000
v -0.01238957 0.01932080 -0.00380000
v -0.01313958 0.01911984 -0.00380000
v -0.01388957 0.01932080 -0.00380000
v -0.01443861 0.01986984 -0.00380000
v -0.01463958 0.02061984 -0.00380000
v -0.01443861 0.02136984 -0.00380000
v -0.01388957 0.02191888 -0.00380000
v -0.01313958 0.02211984 -0.00380000
v -0.01238957 0.02191888 -0.00380000
v -0.01184054 0.02136984 -0.00380000
v -0.00989171 0.01435198 -0.00380000
v -0.01021523 0.01272557 -0.00380000
v -0.01113651 0.01134677 -0.00380000
v -0.01251531 0.01042549 -0.00380000
v -0.01414172 0.01010198 -0.00380000
v -0.01576812 0.01042549 -0.00380000
v -0.01714692 0.01134677 -0.00380000
v -0.01806820 0.01272557 -0.00380000
v -0.01839171 0.01435198 -0.00380000
v -0.01806820 0.01597838 -0.00380000
v -0.01714692 0.01735718 -0.00380000
v -0.01576812 0.01827846 -0.00380000
v -0.01414172 0.01860198 -0.00380000
v -0.01251531 0.01827846 -0.00380000
v -0.01113651 0.01735718 -0.00380000
v -0.01021523 0.01597838 -0.00380000
v 0.01839256 0.01435198 -0.00380000
v 0.01806905 0.01272557 -0.00380000
v 0.01714777 0.01134677 -0.00380000
v 0.01576897 0.01042549 -0.00380000
v 0.01414257 0.01010198 -0.00380000
v 0.01251616 0.01042549 -0.00380000
v 0.01113736 0.01134677 -0.00380000
v 0.01021608 0.01272557 -0.00380000
v 0.00989257 0.01435198 -0.00380000
v 0.01021608 0.01597838 -0.00380000
v 0.01113736 0.01735718 -0.00380000
v 0.01251616 0.01827846 -0.00380000
v 0.01414257 0.01860198 -0.00380000
v 0.01576897 0.01827846 -0.00380000
v 0.01714777 0.01735718 -0.00380000
v 0.01806905 0.01597838 -0.00380000
v -0.01940757 -0.01200216 -0.00380000
v -0.01959514 -0.01270216 -0.00380000
v -0.02010757 -0.01321460 -0.00380000
v -0.02080758 -0.01340216 -0.00380000
v -0.02150758 -0.01321460 -0.00380000
v -0.02202001 -0.01270216 -0.00380000
v -0.02220757 -0.01200216 -0.00380000
v -0.02202001 -0.01130216 -0.00380000
v -0.02150758 -0.01078973 -0.00380000
v -0.02080758 -0.01060216 -0.00380000
v -0.02010757 -0.01078973 -0.00380000
v -0.01959514 -0.01130216 -0.00380000
v -0.00989171 -0.01393230 -0.00380000
v -0.01021523 -0.01555871 -0.00380000
v -0.01113651 -0.01693751 -0.00380000
v -0.01251531 -0.01785879 -0.00380000
v -0.01414172 -0.01818230 -0.00380000
v -0.01576812 -0.01785879 -0.00380000
v -0.01714692 -0.01693751 -0.00380000
v -0.01806820 -0.01555871 -0.00380000
v -0.01839171 -0.01393230 -0.00380000
v -0.01806820 -0.01230590 -0.00380000
v -0.01714692 -0.01092710 -0.00380000
v -0.01576812 -0.01000581 -0.00380000
v -0.01414172 -0.00968230 -0.00380000
v -0.01251531 -0.01000581 -0.00380000
v -0.01113651 -0.01092710 -0.00380000
v -0.01021523 -0.01230590 -0.00380000
v 0.02302228 0.01229264 -0.00380000
v 0.02383645 0.01059462 -0.00380000
v 0.02417408 0.00978243 -0.00380000
v 0.02078594 0.01582914 -0.00380000
v 0.02047394 0.01623592 -0.00380000
v 0.01895548 0.01800607 -0.00380000
v 0.01810785 0.01886784 -0.00380000
v 0.01801126 0.01896110 -0.00380000
v 0.01477011 0.02160742 -0.00380000
v 0.01114643 0.02369955 -0.00380000
v 0.00723408 0.02518331 -0.00380000
v 0.00313438 0.02602027 -0.00380000
v -0.00104649 0.02618875 -0.00380000
v -0.00520024 0.02568439 -0.00380000
v -0.00921930 0.02452026 -0.00380000
v -0.01299958 0.02272650 -0.00380000
v -0.01644316 0.02034957 -0.00380000
v -0.01805137 0.01892167 -0.00380000
v -0.01946085 0.01745103 -0.00380000
v -0.02045487 0.01625916 -0.00380000
v -0.02197452 0.01410595 -0.00380000
v -0.02391904 0.01040097 -0.00380000
v -0.02524406 0.00643204 -0.00380000
v -0.02591527 0.00230197 -0.00380000
v -0.02591527 -0.00188229 -0.00380000
v -0.02524406 -0.00601237 -0.00380000
v -0.02391904 -0.00998129 -0.00380000
v -0.02197452 -0.01368627 -0.00380000
v -0.01946085 -0.01703135 -0.00380000
v -0.01893503 -0.01760724 -0.00380000
v -0.01644316 -0.01992989 -0.00380000
v -0.01299958 -0.02230682 -0.00380000
v -0.00921930 -0.02410058 -0.00380000
v -0.00520024 -0.02526472 -0.00380000
v -0.00104649 -0.02576908 -0.00380000
v 0.00313438 -0.02560060 -0.00380000
v 0.00723408 -0.02476363 -0.00380000
v 0.01114643 -0.02327987 -0.00380000
v 0.01477011 -0.02118774 -0.00380000
v 0.01801126 -0.01854143 -0.00380000
v 0.02047394 -0.01581625 -0.00380000
v 0.02078594 -0.01540946 -0.00380000
v 0.02302228 -0.01187296 -0.00380000
v 0.02383645 -0.01017494 -0.00380000
v 0.02417408 -0.00936276 -0.00380000
v 0.02466237 -0.00802353 -0.00380000
v 0.02466237 0.00844321 -0.00380000
v 0.02566373 0.00438053 -0.00380000
v 0.02600043 0.00020984 -0.00380000
v 0.02566373 -0.00396086 -0.00380000
v 0.01839256 -0.01393230 -0.00380000
v 0.01806905 -0.01555871 -0.00380000
v 0.01714777 -0.01693751 -0.00380000
v 0.01576897 -0.01785879 -0.00380000
v 0.01414257 -0.01818230 -0.00380000
v 0.01251616 -0.01785879 -0.00380000
v 0.01113736 -0.01693751 -0.00380000
v 0.01021608 -0.01555871 -0.00380000
v 0.00989257 -0.01393230 -0.00380000
v 0.01021608 -0.01230590 -0.00380000
v 0.01113736 -0.01092710 -0.00380000
v 0.01251616 -0.01000581 -0.00380000
v 0.01414257 -0.00968230 -0.00380000
v 0.01576897 -0.01000581 -0.00380000
v 0.01714777 -0.01092710 -0.00380000
v 0.01806905 -0.01230590 -0.00380000
v 0.02220842 -0.01200216 -0.00380000
v 0.02202086 -0.01270216 -0.00380000
v 0.02150843 -0.01321460 -0.00380000
v 0.02080842 -0.01340216 -0.00380000
v 0.02010842 -0.01321460 -0.00380000
v 0.01959599 -0.01270216 -0.00380000
v 0.01940843 -0.01200216 -0.00380000
v 0.01959599 -0.01130216 -0.00380000
v 0.02010842 -0.01078973 -0.00380000
v 0.02080842 -0.01060216 -0.00380000
v 0.02150843 -0.01078973 -0.00380000
v 0.02202086 -0.01130216 -0.00380000
v -0.01940757 0.01242184 -0.00380000
v -0.01959514 0.01172184 -0.00380000
v -0.02010757 0.01120940 -0.00380000
v -0.02080758 0.01102184 -0.00380000
v -0.02150758 0.01120940 -0.00380000
v -0.02202001 0.01172184 -0.00380000
v -0.02220757 0.01242184 -0.00380000
v -0.02202001 0.01312184 -0.00380000
v -0.02150758 0.01363427 -0.00380000
v -0.02080758 0.01382184 -0.00380000
v -0.02010757 0.01363427 -0.00380000
v -0.01959514 0.01312184 -0.00380000
v 0.02220842 0.01242184 -0.00380000
v 0.02202086 0.01172184 -0.00380000
v 0.02150843 0.01120940 -0.00380000
v 0.02080842 0.01102184 -0.00380000
v 0.02010842 0.01120940 -0.00380000
v 0.01959599 0.01172184 -0.00380000
v 0.01940843 0.01242184 -0.00380000
v 0.01959599 0.01312184 -0.00380000
v 0.02010842 0.01363427 -0.00380000
v 0.02080842 0.01382184 -0.00380000
v 0.02150843 0.01363427 -0.00380000
v 0.02202086 0.01312184 -0.00380000
v 0.01464043 0.02061984 -0.00380000
v 0.01443946 0.01986984 -0.00380000
v 0.01389043 0.01932080 -0.00380000
v 0.01314043 0.01911984 -0.00380000
v 0.01239043 0.01932080 -0.00380000
v 0.01184139 0.01986984 -0.00380000
v 0.01164042 0.02061984 -0.00380000
v 0.01184139 0.02136984 -0.00380000
v 0.01239043 0.02191888 -0.00380000
v 0.01314043 0.02211984 -0.00380000
v 0.01389043 0.02191888 -0.00380000
v 0.01443946 0.02136984 -0.00380000
v -0.01076565 0.01056191 -0.00380000
v -0.01076565 -0.01014223 -0.00380000
v 0.00000042 -0.01014223 -0.00380000
v 0.01651650 -0.01014223 -0.00380000
v 0.01651650 0.01886091 -0.00380000
v -0.01889965 0.01621191 -0.00380000
v -0.01889965 -0.01579223 -0.00380000
v 0.01890050 0.01056191 -0.00380000
v 0.01651650 0.01056191 -0.00380000
v 0.01890050 0.01621191 -0.00380000
v 0.00000042 0.01621191 -0.00380000
v 0.00000042 0.01056191 -0.00380000
v -0.01076565 0.01886091 -0.00380000
v 0.00000042 0.01886091 -0.00380000
v -0.01889965 0.01056191 -0.00380000
v 0.00000042 -0.01579223 -0.00380000
v -0.01889965 -0.01014223 -0.00380000
v 0.01890050 -0.01014223 -0.00380000
v 0.01890050 -0.01579223 -0.00380000
v -0.00754358 0.00825584 -0.00280000
v -0.01114358 0.00825584 -0.00280000
v -0.00754358 0.00435584 -0.00280000
v -0.01114358 0.00435584 -0.00280000
v -0.01114358 0.00825584 -0.00380000
v -0.01114358 0.00435584 -0.00380000
v -0.00754358 0.00435584 -0.00380000
v -0.00754358 0.00825584 -0.00380000
v -0.00464558 -0.00343816 -0.00280000
v -0.00464558 -0.00223816 -0.00280000
v -0.00784557 -0.00343816 -0.00280000
v -0.00784557 -0.00223816 -0.00280000
v -0.00464558 -0.00223816 -0.00380000
v -0.00784557 -0.00223816 -0.00380000
v -0.00784557 -0.00343816 -0.00380000
v -0.00464558 -0.00343816 -0.00380000
v 0.02280143 0.00393284 -0.00280000
v 0.02280143 0.00258284 -0.00280000
v 0.02495142 0.00393284 -0.00280000
v 0.02495142 0.00258284 -0.00280000
v 0.02280143 0.00258284 -0.00380000
v 0.02495142 0.00258284 -0.00380000
v 0.02495142 0.00393284 -0.00380000
v 0.02280143 0.00393284 -0.00380000
v -0.01101357 -0.00678316 -0.00280000
v -0.01101357 -0.00905316 -0.00280000
v -0.00727357 -0.00678316 -0.00280000
v -0.00727357 -0.00905316 -0.00280000
v -0.01101357 -0.00905316 -0.00380000
v -0.00727357 -0.00905316 -0.00380000
v -0.00727357 -0.00678316 -0.00380000
v -0.01101357 -0.00678316 -0.00380000
v -0.00275558 -0.00871816 -0.00280000
v -0.00275558 -0.00711816 -0.00280000
v -0.00435557 -0.00871816 -0.00280000
v -0.00435557 -0.00711816 -0.00280000
v -0.00275558 -0.00711816 -0.00380000
v -0.00435557 -0.00711816 -0.00380000
v -0.00435557 -0.00871816 -0.00380000
v -0.00275558 -0.00871816 -0.00380000
v 0.00846943 -0.00289716 -0.00280000
v 0.00981943 -0.00289716 -0.00280000
v 0.00846943 -0.00074716 -0.00280000
v 0.00981943 -0.00074716 -0.00280000
v 0.00981943 -0.00289716 -0.00380000
v 0.00981943 -0.00074716 -0.00380000
v 0.00846943 -0.00074716 -0.00380000
v 0.00846943 -0.00289716 -0.00380000
v -0.02280058 -0.00165516 -0.00569916
v -0.02280058 -0.00300516 -0.00569916
v -0.02495058 -0.00165516 -0.00569916
v -0.02495058 -0.00300516 -0.00569916
v -0.02280058 -0.00300516 -0.00469916
v -0.02495058 -0.00300516 -0.00469916
v -0.02495058 -0.00165516 -0.00469916
v -0.02280058 -0.00165516 -0.00469916
v -0.00727858 -0.02169316 -0.00280000
v -0.00592858 -0.02169316 -0.00280000
v -0.00727858 -0.01954316 -0.00280000
v -0.00592858 -0.01954316 -0.00280000
v -0.00592858 -0.02169316 -0.00380000
v -0.00592858 -0.01954316 -0.00380000
v -0.00727858 -0.01954316 -0.00380000
v -0.00727858 -0.02169316 -0.00380000
v 0.02207482 -0.00199176 -0.00280000
v 0.02637642 -0.00199176 -0.00280000
v 0.02207482 0.00241144 -0.00280000
v 0.02637642 0.00241144 -0.00280000
v 0.02637642 -0.00199176 -0.00380000
v 0.02637642 0.00241144 -0.00380000
v 0.02207482 0.00241144 -0.00380000
v 0.02207482 -0.00199176 -0.00380000
v 0.00542143 0.00890484 -0.00569916
v 0.00677142 0.00890484 -0.00569916
v 0.00542143 0.00675484 -0.00569916
v 0.00677142 0.00675484 -0.00569916
v 0.00677142 0.00890484 -0.00469916
v 0.00677142 0.00675484 -0.00469916
v 0.00542143 0.00675484 -0.00469916
v 0.00542143 0.00890484 -0.00469916
v 0.00321542 0.00484084 -0.00280000
v 0.00186543 0.00484084 -0.00280000
v 0.00321542 0.00269084 -0.00280000
v 0.00186543 0.00269084 -0.00280000
v 0.00186543 0.00484084 -0.00380000
v 0.00186543 0.00269084 -0.00380000
v 0.00321542 0.00269084 -0.00380000
v 0.00321542 0.00484084 -0.00380000
v -0.02053557 0.00144184 -0.00280000
v -0.02053557 0.00304184 -0.00280000
v -0.02213557 0.00144184 -0.00280000
v -0.02213557 0.00304184 -0.00280000
v -0.02053557 0.00304184 -0.00380000
v -0.02213557 0.00304184 -0.00380000
v -0.02213557 0.00144184 -0.00380000
v -0.02053557 0.00144184 -0.00380000
v 0.01885542 -0.00605316 -0.00280000
v 0.01885542 -0.00470316 -0.00280000
v 0.01670543 -0.00605316 -0.00280000
v 0.01670543 -0.00470316 -0.00280000
v 0.01885542 -0.00470316 -0.00380000
v 0.01670543 -0.00470316 -0.00380000
v 0.01670543 -0.00605316 -0.00380000
v 0.01885542 -0.00605316 -0.00380000
v 0.00665342 -0.01933256 -0.00569916
v 0.00851043 -0.01933256 -0.00569916
v 0.00665342 -0.02453576 -0.00569916
v 0.00851043 -0.02453576 -0.00569916
v 0.00851043 -0.01933256 -0.00469916
v 0.00851043 -0.02453576 -0.00469916
v 0.00665342 -0.02453576 -0.00469916
v 0.00665342 -0.01933256 -0.00469916
v -0.00015657 -0.02525316 -0.00280000
v -0.00015657 -0.02207916 -0.00280000
v -0.00390657 -0.02525316 -0.00280000
v -0.00390657 -0.02207916 -0.00280000
v -0.00015657 -0.02207916 -0.00380000
v -0.00390657 -0.02207916 -0.00380000
v -0.00390657 -0.02525316 -0.00380000
v -0.00015657 -0.02525316 -0.00380000
v -0.02280058 0.00444084 -0.00569916
v -0.02280058 0.00309084 -0.00569916
v -0.02495058 0.00444084 -0.00569916
v -0.02495058 0.00309084 -0.00569916
v -0.02280058 0.00309084 -0.00469916
v -0.02495058 0.00309084 -0.00469916
v -0.02495058 0.00444084 -0.00469916
v -0.02280058 0.00444084 -0.00469916
v 0.00694543 -0.01751116 -0.00569916
v 0.00829543 -0.01751116 -0.00569916
v 0.00694543 -0.01966116 -0.00569916
v 0.00829543 -0.01966116 -0.00569916
v 0.00829543 -0.01751116 -0.00469916
v 0.00829543 -0.01966116 -0.00469916
v 0.00694543 -0.01966116 -0.00469916
v 0.00694543 -0.01751116 -0.00469916
v -0.02037857 -0.00656116 -0.00569916
v -0.02037857 -0.00521116 -0.00569916
v -0.01822858 -0.00656116 -0.00569916
v -0.01822858 -0.00521116 -0.00569916
v -0.02037857 -0.00521116 -0.00469916
v -0.01822858 -0.00521116 -0.00469916
v -0.01822858 -0.00656116 -0.00469916
v -0.02037857 -0.00656116 -0.00469916
v 0.00313042 -0.01382216 -0.00280000
v 0.00313042 -0.01522216 -0.00280000
v 0.00763042 -0.01382216 -0.00280000
v 0.00763042 -0.01522216 -0.00280000
v 0.00313042 -0.01522216 -0.00380000
v 0.00763042 -0.01522216 -0.00380000
v 0.00763042 -0.01382216 -0.00380000
v 0.00313042 -0.01382216 -0.00380000
v 0.00773643 0.01949084 -0.00280000
v 0.00953642 0.01949084 -0.00280000
v 0.00773643 0.02360084 -0.00280000
v 0.00953642 0.02360084 -0.00280000
v 0.00953642 0.01949084 -0.00380000
v 0.00953642 0.02360084 -0.00380000
v 0.00773643 0.02360084 -0.00380000
v 0.00773643 0.01949084 -0.00380000
v 0.00857743 0.00901284 -0.00280000
v 0.00857743 0.00766284 -0.00280000
v 0.01072743 0.00901284 -0.00280000
v 0.01072743 0.00766284 -0.00280000
v 0.00857743 0.00766284 -0.00380000
v 0.01072743 0.00766284 -0.00380000
v 0.01072743 0.00901284 -0.00380000
v 0.00857743 0.00901284 -0.00380000
v 0.00200042 0.00330504 -0.00280000
v 0.00200042 0.00930664 -0.00280000
v -0.00159957 0.00330504 -0.00280000
v -0.00159957 0.00930664 -0.00280000
v 0.00200042 0.00930664 -0.00380000
v -0.00159957 0.00930664 -0.00380000
v -0.00159957 0.00330504 -0.00380000
v 0.00200042 0.00330504 -0.00380000
v 0.00996043 -0.00354616 -0.00569916
v 0.00996043 -0.00194616 -0.00569916
v 0.01156043 -0.00354616 -0.00569916
v 0.01156043 -0.00194616 -0.00569916
v 0.00996043 -0.00194616 -0.00469916
v 0.01156043 -0.00194616 -0.00469916
v 0.01156043 -0.00354616 -0.00469916
v 0.00996043 -0.00354616 -0.00469916
v -0.00577958 -0.02510816 -0.00280000
v -0.00437957 -0.02510816 -0.00280000
v -0.00577958 -0.02060816 -0.00280000
v -0.00437957 -0.02060816 -0.00280000
v -0.00437957 -0.02510816 -0.00380000
v -0.00437957 -0.02060816 -0.00380000
v -0.00577958 -0.02060816 -0.00380000
v -0.00577958 -0.02510816 -0.00380000
v 0.02066142 -0.00340516 -0.00280000
v 0.02201143 -0.00340516 -0.00280000
v 0.02066142 -0.00125516 -0.00280000
v 0.02201143 -0.00125516 -0.00280000
v 0.02201143 -0.00340516 -0.00380000
v 0.02201143 -0.00125516 -0.00380000
v 0.02066142 -0.00125516 -0.00380000
v 0.02066142 -0.00340516 -0.00380000
v 0.01039883 0.00381484 -0.00569916
v 0.01039883 0.00567184 -0.00569916
v 0.01560203 0.00381484 -0.00569916
v 0.01560203 0.00567184 -0.00569916
v 0.01039883 0.00567184 -0.00469916
v 0.01560203 0.00567184 -0.00469916
v 0.01560203 0.00381484 -0.00469916
v 0.01039883 0.00381484 -0.00469916
v -0.02053557 -0.00313016 -0.00280000
v -0.02053557 -0.00153016 -0.00280000
v -0.02213557 -0.00313016 -0.00280000
v -0.02213557 -0.00153016 -0.00280000
v -0.02053557 -0.00153016 -0.00380000
v -0.02213557 -0.00153016 -0.00380000
v -0.02213557 -0.00313016 -0.00380000
v -0.02053557 -0.00313016 -0.00380000
v 0.02280143 0.00545684 -0.00280000
v 0.02280143 0.00410684 -0.00280000
v 0.02495142 0.00545684 -0.00280000
v 0.02495142 0.00410684 -0.00280000
v 0.02280143 0.00410684 -0.00380000
v 0.02495142 0.00410684 -0.00380000
v 0.02495142 0.00545684 -0.00380000
v 0.02280143 0.00545684 -0.00380000
v -0.00724557 -0.00176816 -0.00280000
v -0.00494557 -0.00176816 -0.00280000
v -0.00724557 0.00117184 -0.00280000
v -0.00494557 0.00117184 -0.00280000
v -0.00494557 -0.00176816 -0.00380000
v -0.00494557 0.00117184 -0.00380000
v -0.00724557 0.00117184 -0.00380000
v -0.00724557 -0.00176816 -0.00380000
v -0.00180458 0.00015584 -0.00280000
v -0.00327458 0.00015584 -0.00280000
v -0.00180458 -0.00278416 -0.00280000
v -0.00327458 -0.00278416 -0.00280000
v -0.00327458 0.00015584 -0.00380000
v -0.00327458 -0.00278416 -0.00380000
v -0.00180458 -0.00278416 -0.00380000
v -0.00180458 0.00015584 -0.00380000
v 0.00880343 -0.01903516 -0.00280000
v 0.00745342 -0.01903516 -0.00280000
v 0.00880343 -0.02118516 -0.00280000
v 0.00745342 -0.02118516 -0.00280000
v 0.00745342 -0.01903516 -0.00380000
v 0.00745342 -0.02118516 -0.00380000
v 0.00880343 -0.02118516 -0.00380000
v 0.00880343 -0.01903516 -0.00380000
v -0.00802657 0.02173284 -0.00469916
v 0.00802743 0.02173284 -0.00469916
v -0.00802657 0.02173284 -0.01019916
v 0.00802743 0.02173284 -0.01019916
v 0.00802743 0.01627884 -0.00469916
v -0.00802657 0.01627884 -0.00469916
v -0.00802657 0.01627884 -0.01019916
v 0.00802743 0.01627884 -0.01019916
v -0.00833157 0.01567184 -0.00569916
v -0.00182758 0.01567184 -0.00569916
v -0.00833157 0.00506784 -0.00569916
v -0.00182758 0.00506784 -0.00569916
v -0.00182758 0.01567184 -0.00469916
v -0.00182758 0.00506784 -0.00469916
v -0.00833157 0.00506784 -0.00469916
v -0.00833157 0.01567184 -0.00469916
v -0.02342657 -0.00521116 -0.00280000
v -0.02342657 -0.00656116 -0.00280000
v -0.02127657 -0.00521116 -0.00280000
v -0.02127657 -0.00656116 -0.00280000
v -0.02342657 -0.00656116 -0.00380000
v -0.02127657 -0.00656116 -0.00380000
v -0.02127657 -0.00521116 -0.00380000
v -0.02342657 -0.00521116 -0.00380000
v -0.00173957 -0.01075016 -0.00280000
v -0.00173957 -0.00915016 -0.00280000
v -0.00333958 -0.01075016 -0.00280000
v -0.00333958 -0.00915016 -0.00280000
v -0.00173957 -0.00915016 -0.00380000
v -0.00333958 -0.00915016 -0.00380000
v -0.00333958 -0.01075016 -0.00380000
v -0.00173957 -0.01075016 -0.00380000
v 0.01162542 0.00748884 -0.00280000
v 0.01162542 0.00613884 -0.00280000
v 0.01377543 0.00748884 -0.00280000
v 0.01377543 0.00613884 -0.00280000
v 0.01162542 0.00613884 -0.00380000
v 0.01377543 0.00613884 -0.00380000
v 0.01377543 0.00748884 -0.00380000
v 0.01162542 0.00748884 -0.00380000
v -0.00321458 0.00015084 -0.00280000
v -0.00186458 0.00015084 -0.00280000
v -0.00321458 0.00230084 -0.00280000
v -0.00186458 0.00230084 -0.00280000
v -0.00186458 0.00015084 -0.00380000
v -0.00186458 0.00230084 -0.00380000
v -0.00321458 0.00230084 -0.00380000
v -0.00321458 0.00015084 -0.00380000
v -0.00891658 -0.02056416 -0.00569916
v -0.01038658 -0.02056416 -0.00569916
v -0.00891658 -0.01762416 -0.00569916
v -0.01038658 -0.01762416 -0.00569916
v -0.01038658 -0.02056416 -0.00469916
v -0.01038658 -0.01762416 -0.00469916
v -0.00891658 -0.01762416 -0.00469916
v -0.00891658 -0.02056416 -0.00469916
v -0.00919757 -0.02126016 -0.00280000
v -0.00919757 -0.01896016 -0.00280000
v -0.01213757 -0.02126016 -0.00280000
v -0.01213757 -0.01896016 -0.00280000
v -0.00919757 -0.01896016 -0.00380000
v -0.01213757 -0.01896016 -0.00380000
v -0.01213757 -0.02126016 -0.00380000
v -0.00919757 -0.02126016 -0.00380000
v 0.02066142 0.00687284 -0.00569916
v 0.02201143 0.00687284 -0.00569916
v 0.02066142 0.00472284 -0.00569916
v 0.02201143 0.00472284 -0.00569916
v 0.02201143 0.00687284 -0.00469916
v 0.02201143 0.00472284 -0.00469916
v 0.02066142 0.00472284 -0.00469916
v 0.02066142 0.00687284 -0.00469916
v 0.00502142 0.00444084 -0.00280000
v 0.00502142 0.00309084 -0.00280000
v 0.00717143 0.00444084 -0.00280000
v 0.00717143 0.00309084 -0.00280000
v 0.00502142 0.00309084 -0.00380000
v 0.00717143 0.00309084 -0.00380000
v 0.00717143 0.00444084 -0.00380000
v 0.00502142 0.00444084 -0.00380000
v -0.02004997 -0.00491916 -0.00569916
v -0.02004997 -0.00677616 -0.00569916
v -0.02525317 -0.00491916 -0.00569916
v -0.02525317 -0.00677616 -0.00569916
v -0.02004997 -0.00677616 -0.00469916
v -0.02525317 -0.00677616 -0.00469916
v -0.02525317 -0.00491916 -0.00469916
v -0.02004997 -0.00491916 -0.00469916
v -0.00692153 0.00315181 -0.00569916
v -0.00235919 0.00315181 -0.00569916
v -0.00692153 -0.00374813 -0.00569916
v -0.00235919 -0.00374813 -0.00569916
v -0.00235919 0.00315181 -0.00469916
v -0.00235919 -0.00374813 -0.00469916
v -0.00692153 -0.00374813 -0.00469916
v -0.00692153 0.00315181 -0.00469916
v -0.00717058 0.00444084 -0.00280000
v -0.00717058 0.00309084 -0.00280000
v -0.00502058 0.00444084 -0.00280000
v -0.00502058 0.00309084 -0.00280000
v -0.00717058 0.00309084 -0.00380000
v -0.00502058 0.00309084 -0.00380000
v -0.00502058 0.00444084 -0.00380000
v -0.00717058 0.00444084 -0.00380000
v -0.00753757 0.01157784 -0.00280000
v -0.00753757 0.01017784 -0.00280000
v -0.00303758 0.01157784 -0.00280000
v -0.00303758 0.01017784 -0.00280000
v -0.00753757 0.01017784 -0.00380000
v -0.00303758 0.01017784 -0.00380000
v -0.00303758 0.01157784 -0.00380000
v -0.00753757 0.01157784 -0.00380000
v 0.01388342 -0.01903516 -0.00280000
v 0.01253343 -0.01903516 -0.00280000
v 0.01388342 -0.02118516 -0.00280000
v 0.01253343 -0.02118516 -0.00280000
v 0.01253343 -0.01903516 -0.00380000
v 0.01253343 -0.02118516 -0.00380000
v 0.01388342 -0.02118516 -0.00380000
v 0.01388342 -0.01903516 -0.00380000
v -0.00846858 0.00128484 -0.00280000
v -0.00981858 0.00128484 -0.00280000
v -0.00846858 -0.00086516 -0.00280000
v -0.00981858 -0.00086516 -0.00280000
v -0.00981858 0.00128484 -0.00380000
v -0.00981858 -0.00086516 -0.00380000
v -0.00846858 -0.00086516 -0.00380000
v -0.00846858 0.00128484 -0.00380000
v 0.00694543 0.00523084 -0.00280000
v 0.00829543 0.00523084 -0.00280000
v 0.00694543 0.00738084 -0.00280000
v 0.00829543 0.00738084 -0.00280000
v 0.00829543 0.00523084 -0.00380000
v 0.00829543 0.00738084 -0.00380000
v 0.00694543 0.00738084 -0.00380000
v 0.00694543 0.00523084 -0.00380000
v -0.00858657 -0.01933256 -0.00569916
v -0.00672957 -0.01933256 -0.00569916
v -0.00858657 -0.02453576 -0.00569916
v -0.00672957 -0.02453576 -0.00569916
v -0.00672957 -0.01933256 -0.00469916
v -0.00672957 -0.02453576 -0.00469916
v -0.00858657 -0.02453576 -0.00469916
v -0.00858657 -0.01933256 -0.00469916
v 0.00028142 -0.02158016 -0.00280000
v 0.00175142 -0.02158016 -0.00280000
v 0.00028142 -0.01864016 -0.00280000
v 0.00175142 -0.01864016 -0.00280000
v 0.00175142 -0.02158016 -0.00380000
v 0.00175142 -0.01864016 -0.00380000
v 0.00028142 -0.01864016 -0.00380000
v 0.00028142 -0.02158016 -0.00380000
v -0.00717058 0.00291684 -0.00280000
v -0.00717058 0.00156684 -0.00280000
v -0.00502058 0.00291684 -0.00280000
v -0.00502058 0.00156684 -0.00280000
v -0.00717058 0.00156684 -0.00380000
v -0.00502058 0.00156684 -0.00380000
v -0.00502058 0.00291684 -0.00380000
v -0.00717058 0.00291684 -0.00380000
v 0.00338943 0.00015084 -0.00280000
v 0.00473943 0.00015084 -0.00280000
v 0.00338943 0.00230084 -0.00280000
v 0.00473943 0.00230084 -0.00280000
v 0.00473943 0.00015084 -0.00380000
v 0.00473943 0.00230084 -0.00380000
v 0.00338943 0.00230084 -0.00380000
v 0.00338943 0.00015084 -0.00380000
v 0.00705343 -0.01384716 -0.00280000
v 0.00705343 -0.01519716 -0.00280000
v 0.00920342 -0.01384716 -0.00280000
v 0.00920342 -0.01519716 -0.00280000
v 0.00705343 -0.01519716 -0.00380000
v 0.00920342 -0.01519716 -0.00380000
v 0.00920342 -0.01384716 -0.00380000
v 0.00705343 -0.01384716 -0.00380000
v -0.00745257 -0.01903516 -0.00280000
v -0.00880257 -0.01903516 -0.00280000
v -0.00745257 -0.02118516 -0.00280000
v -0.00880257 -0.02118516 -0.00280000
v -0.00880257 -0.01903516 -0.00380000
v -0.00880257 -0.02118516 -0.00380000
v -0.00745257 -0.02118516 -0.00380000
v -0.00745257 -0.01903516 -0.00380000
v 0.00705343 -0.01232316 -0.00280000
v 0.00705343 -0.01367316 -0.00280000
v 0.00920342 -0.01232316 -0.00280000
v 0.00920342 -0.01367316 -0.00280000
v 0.00705343 -0.01367316 -0.00380000
v 0.00920342 -0.01367316 -0.00380000
v 0.00920342 -0.01232316 -0.00380000
v 0.00705343 -0.01232316 -0.00380000
v 0.00186543 0.00015084 -0.00280000
v 0.00321542 0.00015084 -0.00280000
v 0.00186543 0.00230084 -0.00280000
v 0.00321542 0.00230084 -0.00280000
v 0.00321542 0.00015084 -0.00380000
v 0.00321542 0.00230084 -0.00380000
v 0.00186543 0.00230084 -0.00380000
v 0.00186543 0.00015084 -0.00380000
v 0.01106543 0.00922784 -0.00280000
v 0.01106543 0.00744784 -0.00280000
v 0.01433543 0.00922784 -0.00280000
v 0.01433543 0.00744784 -0.00280000
v 0.01106543 0.00744784 -0.00380000
v 0.01433543 0.00744784 -0.00380000
v 0.01433543 0.00922784 -0.00380000
v 0.01106543 0.00922784 -0.00380000
v -0.00374758 -0.02206016 -0.00280000
v -0.00234758 -0.02206016 -0.00280000
v -0.00374758 -0.01756016 -0.00280000
v -0.00234758 -0.01756016 -0.00280000
v -0.00234758 -0.02206016 -0.00380000
v -0.00234758 -0.01756016 -0.00380000
v -0.00374758 -0.01756016 -0.00380000
v -0.00374758 -0.02206016 -0.00380000
v -0.00846858 0.00382484 -0.00280000
v -0.00981858 0.00382484 -0.00280000
v -0.00846858 0.00167484 -0.00280000
v -0.00981858 0.00167484 -0.00280000
v -0.00981858 0.00382484 -0.00380000
v -0.00981858 0.00167484 -0.00380000
v -0.00846858 0.00167484 -0.00380000
v -0.00846858 0.00382484 -0.00380000
v 0.01642342 0.00890484 -0.00280000
v 0.01507343 0.00890484 -0.00280000
v 0.01642342 0.00675484 -0.00280000
v 0.01507343 0.00675484 -0.00280000
v 0.01507343 0.00890484 -0.00380000
v 0.01507343 0.00675484 -0.00380000
v 0.01642342 0.00675484 -0.00380000
v 0.01642342 0.00890484 -0.00380000
v 0.02201143 0.00128484 -0.00280000
v 0.02066142 0.00128484 -0.00280000
v 0.02201143 -0.00086516 -0.00280000
v 0.02066142 -0.00086516 -0.00280000
v 0.02066142 0.00128484 -0.00380000
v 0.02066142 -0.00086516 -0.00380000
v 0.02201143 -0.00086516 -0.00380000
v 0.02201143 0.00128484 -0.00380000
v 0.00953642 0.01852084 -0.00280000
v 0.00773643 0.01852084 -0.00280000
v 0.00953642 0.01441084 -0.00280000
v 0.00773643 0.01441084 -0.00280000
v 0.00773643 0.01852084 -0.00380000
v 0.00773643 0.01441084 -0.00380000
v 0.00953642 0.01441084 -0.00380000
v 0.00953642 0.01852084 -0.00380000
v 0.02241142 0.00410684 -0.00280000
v 0.02241142 0.00545684 -0.00280000
v 0.02026143 0.00410684 -0.00280000
v 0.02026143 0.00545684 -0.00280000
v 0.02241142 0.00545684 -0.00380000
v 0.02026143 0.00545684 -0.00380000
v 0.02026143 0.00410684 -0.00380000
v 0.02241142 0.00410684 -0.00380000
v 0.00181643 -0.01837016 -0.00280000
v 0.00181643 -0.01677016 -0.00280000
v 0.00021642 -0.01837016 -0.00280000
v 0.00021642 -0.01677016 -0.00280000
v 0.00181643 -0.01677016 -0.00380000
v 0.00021642 -0.01677016 -0.00380000
v 0.00021642 -0.01837016 -0.00380000
v 0.00181643 -0.01837016 -0.00380000
v 0.00615543 0.01053684 -0.00569916
v 0.00615543 0.00918684 -0.00569916
v 0.00400542 0.01053684 -0.00569916
v 0.00400542 0.00918684 -0.00569916
v 0.00615543 0.00918684 -0.00469916
v 0.00400542 0.00918684 -0.00469916
v 0.00400542 0.01053684 -0.00469916
v 0.00615543 0.01053684 -0.00469916
v 0.00857743 0.00207484 -0.00569916
v 0.00857743 0.00342484 -0.00569916
v 0.01072743 0.00207484 -0.00569916
v 0.01072743 0.00342484 -0.00569916
v 0.00857743 0.00342484 -0.00469916
v 0.01072743 0.00342484 -0.00469916
v 0.01072743 0.00207484 -0.00469916
v 0.00857743 0.00207484 -0.00469916
v -0.00745257 -0.02157516 -0.00280000
v -0.00880257 -0.02157516 -0.00280000
v -0.00745257 -0.02372516 -0.00280000
v -0.00880257 -0.02372516 -0.00280000
v -0.00880257 -0.02157516 -0.00380000
v -0.00880257 -0.02372516 -0.00380000
v -0.00745257 -0.02372516 -0.00380000
v -0.00745257 -0.02157516 -0.00380000
v 0.00717143 -0.00351316 -0.00280000
v 0.00717143 -0.00216316 -0.00280000
v 0.00502142 -0.00351316 -0.00280000
v 0.00502142 -0.00216316 -0.00280000
v 0.00717143 -0.00216316 -0.00380000
v 0.00502142 -0.00216316 -0.00380000
v 0.00502142 -0.00351316 -0.00380000
v 0.00717143 -0.00351316 -0.00380000
v -0.02037857 -0.00859316 -0.00569916
v -0.02037857 -0.00724316 -0.00569916
v -0.01822858 -0.00859316 -0.00569916
v -0.01822858 -0.00724316 -0.00569916
v -0.02037857 -0.00724316 -0.00469916
v -0.01822858 -0.00724316 -0.00469916
v -0.01822858 -0.00859316 -0.00469916
v -0.02037857 -0.00859316 -0.00469916
v 0.00615942 0.01205084 -0.00569916
v 0.00298543 0.01205084 -0.00569916
v 0.00615942 0.01580084 -0.00569916
v 0.00298543 0.01580084 -0.00569916
v 0.00298543 0.01205084 -0.00469916
v 0.00298543 0.01580084 -0.00469916
v 0.00615942 0.01580084 -0.00469916
v 0.00615942 0.01205084 -0.00469916
v -0.00727858 -0.02423316 -0.00280000
v -0.00592858 -0.02423316 -0.00280000
v -0.00727858 -0.02208316 -0.00280000
v -0.00592858 -0.02208316 -0.00280000
v -0.00592858 -0.02423316 -0.00380000
v -0.00592858 -0.02208316 -0.00380000
v -0.00727858 -0.02208316 -0.00380000
v -0.00727858 -0.02423316 -0.00380000
v -0.00756057 0.00867884 -0.00280000
v -0.00756057 0.01002884 -0.00280000
v -0.00971058 0.00867884 -0.00280000
v -0.00971058 0.01002884 -0.00280000
v -0.00756057 0.01002884 -0.00380000
v -0.00971058 0.01002884 -0.00380000
v -0.00971058 0.00867884 -0.00380000
v -0.00756057 0.00867884 -0.00380000
v -0.01276357 -0.00611216 -0.00280000
v -0.01276357 -0.00281216 -0.00280000
v -0.02076358 -0.00611216 -0.00280000
v -0.02076358 -0.00281216 -0.00280000
v -0.01276357 -0.00281216 -0.00380000
v -0.02076358 -0.00281216 -0.00380000
v -0.02076358 -0.00611216 -0.00380000
v -0.01276357 -0.00611216 -0.00380000
v 0.00897742 -0.01204116 -0.00280000
v 0.01032742 -0.01204116 -0.00280000
v 0.00897742 -0.00989116 -0.00280000
v 0.01032742 -0.00989116 -0.00280000
v 0.01032742 -0.01204116 -0.00380000
v 0.01032742 -0.00989116 -0.00380000
v 0.00897742 -0.00989116 -0.00380000
v 0.00897742 -0.01204116 -0.00380000
v -0.00175058 -0.02158016 -0.00280000
v -0.00028057 -0.02158016 -0.00280000
v -0.00175058 -0.01864016 -0.00280000
v -0.00028057 -0.01864016 -0.00280000
v -0.00028057 -0.02158016 -0.00380000
v -0.00028057 -0.01864016 -0.00380000
v -0.00175058 -0.01864016 -0.00380000
v -0.00175058 -0.02158016 -0.00380000
v 0.00724642 0.00117184 -0.00280000
v 0.00494643 0.00117184 -0.00280000
v 0.00724642 -0.00176816 -0.00280000
v 0.00494643 -0.00176816 -0.00280000
v 0.00494643 0.00117184 -0.00380000
v 0.00494643 -0.00176816 -0.00380000
v 0.00724642 -0.00176816 -0.00380000
v 0.00724642 0.00117184 -0.00380000
v -0.00321458 0.00523084 -0.00280000
v -0.00186458 0.00523084 -0.00280000
v -0.00321458 0.00738084 -0.00280000
v -0.00186458 0.00738084 -0.00280000
v -0.00186458 0.00523084 -0.00380000
v -0.00186458 0.00738084 -0.00380000
v -0.00321458 0.00738084 -0.00380000
v -0.00321458 0.00523084 -0.00380000
v 0.00162742 0.00270424 -0.00569916
v -0.00162658 0.00270424 -0.00569916
v 0.00162742 0.01080744 -0.00569916
v -0.00162658 0.01080744 -0.00569916
v -0.00162658 0.00270424 -0.00469916
v -0.00162658 0.01080744 -0.00469916
v 0.00162742 0.01080744 -0.00469916
v 0.00162742 0.00270424 -0.00469916
v 0.00857743 0.00410684 -0.00569916
v 0.00857743 0.00545684 -0.00569916
v 0.01072743 0.00410684 -0.00569916
v 0.01072743 0.00545684 -0.00569916
v 0.00857743 0.00545684 -0.00469916
v 0.01072743 0.00545684 -0.00469916
v 0.01072743 0.00410684 -0.00469916
v 0.00857743 0.00410684 -0.00469916
v 0.00920342 -0.01722916 -0.00280000
v 0.00920342 -0.01587916 -0.00280000
v 0.00705343 -0.01722916 -0.00280000
v 0.00705343 -0.01587916 -0.00280000
v 0.00920342 -0.01587916 -0.00380000
v 0.00705343 -0.01587916 -0.00380000
v 0.00705343 -0.01722916 -0.00380000
v 0.00920342 -0.01722916 -0.00380000
v 0.00411843 -0.00981616 -0.00280000
v 0.00411843 -0.01211616 -0.00280000
v 0.00705842 -0.00981616 -0.00280000
v 0.00705842 -0.01211616 -0.00280000
v 0.00411843 -0.01211616 -0.00380000
v 0.00705842 -0.01211616 -0.00380000
v 0.00705842 -0.00981616 -0.00380000
v 0.00411843 -0.00981616 -0.00380000
v 0.01794742 0.00890484 -0.00280000
v 0.01659743 0.00890484 -0.00280000
v 0.01794742 0.00675484 -0.00280000
v 0.01659743 0.00675484 -0.00280000
v 0.01659743 0.00890484 -0.00380000
v 0.01659743 0.00675484 -0.00380000
v 0.01794742 0.00675484 -0.00380000
v 0.01794742 0.00890484 -0.00380000
v 0.00689642 0.02023784 -0.00280000
v 0.00689642 0.02183784 -0.00280000
v 0.00529643 0.02023784 -0.00280000
v 0.00529643 0.02183784 -0.00280000
v 0.00689642 0.02183784 -0.00380000
v 0.00529643 0.02183784 -0.00380000
v 0.00529643 0.02023784 -0.00380000
v 0.00689642 0.02023784 -0.00380000
v 0.02277843 -0.00607816 -0.00280000
v 0.02277843 -0.00467816 -0.00280000
v 0.01827843 -0.00607816 -0.00280000
v 0.01827843 -0.00467816 -0.00280000
v 0.02277843 -0.00467816 -0.00380000
v 0.01827843 -0.00467816 -0.00380000
v 0.01827843 -0.00607816 -0.00380000
v 0.02277843 -0.00607816 -0.00380000
v -0.00107458 -0.00165516 -0.00280000
v -0.00107458 -0.00300516 -0.00280000
v 0.00107543 -0.00165516 -0.00280000
v 0.00107543 -0.00300516 -0.00280000
v -0.00107458 -0.00300516 -0.00380000
v 0.00107543 -0.00300516 -0.00380000
v 0.00107543 -0.00165516 -0.00380000
v -0.00107458 -0.00165516 -0.00380000
v -0.02547558 0.00029184 -0.00280000
v -0.02187558 0.00029184 -0.00280000
v -0.02547558 0.00419184 -0.00280000
v -0.02187558 0.00419184 -0.00280000
v -0.02187558 0.00029184 -0.00380000
v -0.02187558 0.00419184 -0.00380000
v -0.02547558 0.00419184 -0.00380000
v -0.02547558 0.00029184 -0.00380000
v 0.00975846 -0.00455221 -0.00280000
v 0.00975846 -0.00911454 -0.00280000
v 0.01665840 -0.00455221 -0.00280000
v 0.01665840 -0.00911454 -0.00280000
v 0.00975846 -0.00911454 -0.00380000
v 0.01665840 -0.00911454 -0.00380000
v 0.01665840 -0.00455221 -0.00380000
v 0.00975846 -0.00455221 -0.00380000
v -0.01235858 0.00523084 -0.00280000
v -0.01100858 0.00523084 -0.00280000
v -0.01235858 0.00738084 -0.00280000
v -0.01100858 0.00738084 -0.00280000
v -0.01100858 0.00523084 -0.00380000
v -0.01100858 0.00738084 -0.00380000
v -0.01235858 0.00738084 -0.00380000
v -0.01235858 0.00523084 -0.00380000
v -0.02342657 -0.00724316 -0.00280000
v -0.02342657 -0.00859316 -0.00280000
v -0.02127657 -0.00724316 -0.00280000
v -0.02127657 -0.00859316 -0.00280000
v -0.02342657 -0.00859316 -0.00380000
v -0.02127657 -0.00859316 -0.00380000
v -0.02127657 -0.00724316 -0.00380000
v -0.02342657 -0.00724316 -0.00380000
v -0.01507758 0.00490084 -0.00280000
v -0.01507758 0.00263084 -0.00280000
v -0.01133757 0.00490084 -0.00280000
v -0.01133757 0.00263084 -0.00280000
v -0.01507758 0.00263084 -0.00380000
v -0.01133757 0.00263084 -0.00380000
v -0.01133757 0.00490084 -0.00380000
v -0.01507758 0.00490084 -0.00380000
v -0.00727858 0.00523084 -0.00280000
v -0.00592858 0.00523084 -0.00280000
v -0.00727858 0.00738084 -0.00280000
v -0.00592858 0.00738084 -0.00280000
v -0.00592858 0.00523084 -0.00380000
v -0.00592858 0.00738084 -0.00380000
v -0.00727858 0.00738084 -0.00380000
v -0.00727858 0.00523084 -0.00380000
v 0.01199243 -0.00354616 -0.00569916
v 0.01199243 -0.00194616 -0.00569916
v 0.01359242 -0.00354616 -0.00569916
v 0.01359242 -0.00194616 -0.00569916
v 0.01199243 -0.00194616 -0.00469916
v 0.01359242 -0.00194616 -0.00469916
v 0.01359242 -0.00354616 -0.00469916
v 0.01199243 -0.00354616 -0.00469916
v 0.00130842 0.02074584 -0.00280000
v 0.00130842 0.02234584 -0.00280000
v -0.00029158 0.02074584 -0.00280000
v -0.00029158 0.02234584 -0.00280000
v 0.00130842 0.02234584 -0.00380000
v -0.00029158 0.02234584 -0.00380000
v -0.00029158 0.02074584 -0.00380000
v 0.00130842 0.02074584 -0.00380000
v -0.00745757 0.01404484 -0.00280000
v -0.00745757 0.01177484 -0.00280000
v -0.00371758 0.01404484 -0.00280000
v -0.00371758 0.01177484 -0.00280000
v -0.00745757 0.01177484 -0.00380000
v -0.00371758 0.01177484 -0.00380000
v -0.00371758 0.01404484 -0.00380000
v -0.00745757 0.01404484 -0.00380000
v -0.02280058 0.00139284 -0.00569916
v -0.02280058 0.00004284 -0.00569916
v -0.02495058 0.00139284 -0.00569916
v -0.02495058 0.00004284 -0.00569916
v -0.02280058 0.00004284 -0.00469916
v -0.02495058 0.00004284 -0.00469916
v -0.02495058 0.00139284 -0.00469916
v -0.02280058 0.00139284 -0.00469916
v -0.01134257 -0.00086516 -0.00280000
v -0.00999257 -0.00086516 -0.00280000
v -0.01134257 0.00128484 -0.00280000
v -0.00999257 0.00128484 -0.00280000
v -0.00999257 -0.00086516 -0.00380000
v -0.00999257 0.00128484 -0.00380000
v -0.01134257 0.00128484 -0.00380000
v -0.01134257 -0.00086516 -0.00380000
v -0.01100858 -0.00684316 -0.00280000
v -0.01235858 -0.00684316 -0.00280000
v -0.01100858 -0.00899316 -0.00280000
v -0.01235858 -0.00899316 -0.00280000
v -0.01235858 -0.00684316 -0.00380000
v -0.01235858 -0.00899316 -0.00380000
v -0.01100858 -0.00899316 -0.00380000
v -0.01100858 -0.00684316 -0.00380000
v 0.00321542 0.00738084 -0.00280000
v 0.00186543 0.00738084 -0.00280000
v 0.00321542 0.00523084 -0.00280000
v 0.00186543 0.00523084 -0.00280000
v 0.00186543 0.00738084 -0.00380000
v 0.00186543 0.00523084 -0.00380000
v 0.00321542 0.00523084 -0.00380000
v 0.00321542 0.00738084 -0.00380000
v 0.00689642 0.01617384 -0.00280000
v 0.00689642 0.01777384 -0.00280000
v 0.00529643 0.01617384 -0.00280000
v 0.00529643 0.01777384 -0.00280000
v 0.00689642 0.01777384 -0.00380000
v 0.00529643 0.01777384 -0.00380000
v 0.00529643 0.01617384 -0.00380000
v 0.00689642 0.01617384 -0.00380000
v 0.00158742 0.00259284 -0.00280000
v -0.00158658 0.00259284 -0.00280000
v 0.00158742 -0.00115716 -0.00280000
v -0.00158658 -0.00115716 -0.00280000
v -0.00158658 0.00259284 -0.00380000
v -0.00158658 -0.00115716 -0.00380000
v 0.00158742 -0.00115716 -0.00380000
v 0.00158742 0.00259284 -0.00380000
v -0.02280058 0.00291684 -0.00569916
v -0.02280058 0.00156684 -0.00569916
v -0.02495058 0.00291684 -0.00569916
v -0.02495058 0.00156684 -0.00569916
v -0.02280058 0.00156684 -0.00469916
v -0.02495058 0.00156684 -0.00469916
v -0.02495058 0.00291684 -0.00469916
v -0.02280058 0.00291684 -0.00469916
v -0.01101357 -0.00322716 -0.00280000
v -0.01101357 -0.00549716 -0.00280000
v -0.00727357 -0.00322716 -0.00280000
v -0.00727357 -0.00549716 -0.00280000
v -0.01101357 -0.00549716 -0.00380000
v -0.00727357 -0.00549716 -0.00380000
v -0.00727357 -0.00322716 -0.00380000
v -0.01101357 -0.00322716 -0.00380000
v 0.00502142 -0.00368716 -0.00280000
v 0.00502142 -0.00503716 -0.00280000
v 0.00717143 -0.00368716 -0.00280000
v 0.00717143 -0.00503716 -0.00280000
v 0.00502142 -0.00503716 -0.00380000
v 0.00717143 -0.00503716 -0.00380000
v 0.00717143 -0.00368716 -0.00380000
v 0.00502142 -0.00368716 -0.00380000
v 0.00361042 0.00745584 -0.00280000
v 0.00361042 0.00515584 -0.00280000
v 0.00655041 0.00745584 -0.00280000
v 0.00655041 0.00515584 -0.00280000
v 0.00361042 0.00515584 -0.00380000
v 0.00655041 0.00515584 -0.00380000
v 0.00655041 0.00745584 -0.00380000
v 0.00361042 0.00745584 -0.00380000
v -0.00377158 0.02074584 -0.00280000
v -0.00377158 0.02234584 -0.00280000
v -0.00537157 0.02074584 -0.00280000
v -0.00537157 0.02234584 -0.00280000
v -0.00377158 0.02234584 -0.00380000
v -0.00537157 0.02234584 -0.00380000
v -0.00537157 0.02074584 -0.00380000
v -0.00377158 0.02074584 -0.00380000
v 0.00974442 -0.00596016 -0.00280000
v 0.00854442 -0.00596016 -0.00280000
v 0.00974442 -0.00916016 -0.00280000
v 0.00854442 -0.00916016 -0.00280000
v 0.00854442 -0.00596016 -0.00380000
v 0.00854442 -0.00916016 -0.00380000
v 0.00974442 -0.00916016 -0.00380000
v 0.00974442 -0.00596016 -0.00380000
v 0.00015742 -0.02207916 -0.00280000
v 0.00015742 -0.02525316 -0.00280000
v 0.00390742 -0.02207916 -0.00280000
v 0.00390742 -0.02525316 -0.00280000
v 0.00015742 -0.02525316 -0.00380000
v 0.00390742 -0.02525316 -0.00380000
v 0.00390742 -0.02207916 -0.00380000
v 0.00015742 -0.02207916 -0.00380000
v -0.01100858 -0.00328716 -0.00280000
v -0.01235858 -0.00328716 -0.00280000
v -0.01100858 -0.00543716 -0.00280000
v -0.01235858 -0.00543716 -0.00280000
v -0.01235858 -0.00328716 -0.00380000
v -0.01235858 -0.00543716 -0.00380000
v -0.01100858 -0.00543716 -0.00380000
v -0.01100858 -0.00328716 -0.00380000
v -0.00829457 -0.01751116 -0.00569916
v -0.00694457 -0.01751116 -0.00569916
v -0.00829457 -0.01966116 -0.00569916
v -0.00694457 -0.01966116 -0.00569916
v -0.00694457 -0.01751116 -0.00469916
v -0.00694457 -0.01966116 -0.00469916
v -0.00829457 -0.01966116 -0.00469916
v -0.00829457 -0.01751116 -0.00469916
v -0.01545557 0.00296584 -0.00280000
v -0.01545557 0.00456584 -0.00280000
v -0.01705557 0.00296584 -0.00280000
v -0.01705557 0.00456584 -0.00280000
v -0.01545557 0.00456584 -0.00380000
v -0.01705557 0.00456584 -0.00380000
v -0.01705557 0.00296584 -0.00380000
v -0.01545557 0.00296584 -0.00380000
v 0.02467643 0.00550584 -0.00280000
v 0.02467643 0.00710584 -0.00280000
v 0.02307642 0.00550584 -0.00280000
v 0.02307642 0.00710584 -0.00280000
v 0.02467643 0.00710584 -0.00380000
v 0.02307642 0.00710584 -0.00380000
v 0.02307642 0.00550584 -0.00380000
v 0.02467643 0.00550584 -0.00380000
v 0.00745342 -0.02372516 -0.00280000
v 0.00880343 -0.02372516 -0.00280000
v 0.00745342 -0.02157516 -0.00280000
v 0.00880343 -0.02157516 -0.00280000
v 0.00880343 -0.02372516 -0.00380000
v 0.00880343 -0.02157516 -0.00380000
v 0.00745342 -0.02157516 -0.00380000
v 0.00745342 -0.02372516 -0.00380000
v 0.01039883 0.00178284 -0.00569916
v 0.01039883 0.00363984 -0.00569916
v 0.01560203 0.00178284 -0.00569916
v 0.01560203 0.00363984 -0.00569916
v 0.01039883 0.00363984 -0.00469916
v 0.01560203 0.00363984 -0.00469916
v 0.01560203 0.00178284 -0.00469916
v 0.01039883 0.00178284 -0.00469916
v 0.02197042 0.00489284 -0.00569916
v 0.02375042 0.00489284 -0.00569916
v 0.02197042 0.00162284 -0.00569916
v 0.02375042 0.00162284 -0.00569916
v 0.02375042 0.00489284 -0.00469916
v 0.02375042 0.00162284 -0.00469916
v 0.02197042 0.00162284 -0.00469916
v 0.02197042 0.00489284 -0.00469916
v 0.00727943 -0.01954316 -0.00280000
v 0.00592942 -0.01954316 -0.00280000
v 0.00727943 -0.02169316 -0.00280000
v 0.00592942 -0.02169316 -0.00280000
v 0.00592942 -0.01954316 -0.00380000
v 0.00592942 -0.02169316 -0.00380000
v 0.00727943 -0.02169316 -0.00380000
v 0.00727943 -0.01954316 -0.00380000
v 0.00451343 -0.01232316 -0.00280000
v 0.00451343 -0.01367316 -0.00280000
v 0.00666342 -0.01232316 -0.00280000
v 0.00666342 -0.01367316 -0.00280000
v 0.00451343 -0.01367316 -0.00380000
v 0.00666342 -0.01367316 -0.00380000
v 0.00666342 -0.01232316 -0.00380000
v 0.00451343 -0.01232316 -0.00380000
v 0.00692237 -0.00374813 -0.00569916
v 0.00236005 -0.00374813 -0.00569916
v 0.00692237 0.00315181 -0.00569916
v 0.00236005 0.00315181 -0.00569916
v 0.00236005 -0.00374813 -0.00469916
v 0.00236005 0.00315181 -0.00469916
v 0.00692237 0.00315181 -0.00469916
v 0.00692237 -0.00374813 -0.00469916
v -0.00338857 0.00230084 -0.00280000
v -0.00473858 0.00230084 -0.00280000
v -0.00338857 0.00015084 -0.00280000
v -0.00473858 0.00015084 -0.00280000
v -0.00473858 0.00230084 -0.00380000
v -0.00473858 0.00015084 -0.00380000
v -0.00338857 0.00015084 -0.00380000
v -0.00338857 0.00230084 -0.00380000
v 0.01787242 -0.00596016 -0.00280000
v 0.01667242 -0.00596016 -0.00280000
v 0.01787242 -0.00916016 -0.00280000
v 0.01667242 -0.00916016 -0.00280000
v 0.01667242 -0.00596016 -0.00380000
v 0.01667242 -0.00916016 -0.00380000
v 0.01787242 -0.00916016 -0.00380000
v 0.01787242 -0.00596016 -0.00380000
v -0.00021558 -0.01837016 -0.00280000
v -0.00021558 -0.01677016 -0.00280000
v -0.00181557 -0.01837016 -0.00280000
v -0.00181557 -0.01677016 -0.00280000
v -0.00021558 -0.01677016 -0.00380000
v -0.00181557 -0.01677016 -0.00380000
v -0.00181557 -0.01837016 -0.00380000
v -0.00021558 -0.01837016 -0.00380000
v 0.00578042 -0.02120816 -0.00280000
v 0.00438042 -0.02120816 -0.00280000
v 0.00578042 -0.02570816 -0.00280000
v 0.00438042 -0.02570816 -0.00280000
v 0.00438042 -0.02120816 -0.00380000
v 0.00438042 -0.02570816 -0.00380000
v 0.00578042 -0.02570816 -0.00380000
v 0.00578042 -0.02120816 -0.00380000
v 0.00919843 -0.01896016 -0.00280000
v 0.00919843 -0.02126016 -0.00280000
v 0.01213843 -0.01896016 -0.00280000
v 0.01213843 -0.02126016 -0.00280000
v 0.00919843 -0.02126016 -0.00380000
v 0.01213843 -0.02126016 -0.00380000
v 0.01213843 -0.01896016 -0.00380000
v 0.00919843 -0.01896016 -0.00380000
v 0.00542143 0.01793084 -0.00280000
v 0.00677142 0.01793084 -0.00280000
v 0.00542143 0.02008084 -0.00280000
v 0.00677142 0.02008084 -0.00280000
v 0.00677142 0.01793084 -0.00380000
v 0.00677142 0.02008084 -0.00380000
v 0.00542143 0.02008084 -0.00380000
v 0.00542143 0.01793084 -0.00380000
v 0.00400143 -0.01944516 -0.00280000
v 0.00717542 -0.01944516 -0.00280000
v 0.00400143 -0.01569516 -0.00280000
v 0.00717542 -0.01569516 -0.00280000
v 0.00717542 -0.01944516 -0.00380000
v 0.00717542 -0.01569516 -0.00380000
v 0.00400143 -0.01569516 -0.00380000
v 0.00400143 -0.01944516 -0.00380000
v 0.00542143 0.01296884 -0.00569916
v 0.00677142 0.01296884 -0.00569916
v 0.00542143 0.01081884 -0.00569916
v 0.00677142 0.01081884 -0.00569916
v 0.00677142 0.01296884 -0.00469916
v 0.00677142 0.01081884 -0.00469916
v 0.00542143 0.01081884 -0.00469916
v 0.00542143 0.01296884 -0.00469916
v -0.01388257 -0.02118516 -0.00280000
v -0.01253257 -0.02118516 -0.00280000
v -0.01388257 -0.01903516 -0.00280000
v -0.01253257 -0.01903516 -0.00280000
v -0.01253257 -0.02118516 -0.00380000
v -0.01253257 -0.01903516 -0.00380000
v -0.01388257 -0.01903516 -0.00380000
v -0.01388257 -0.02118516 -0.00380000
v 0.00327543 0.00015584 -0.00280000
v 0.00180542 0.00015584 -0.00280000
v 0.00327543 -0.00278416 -0.00280000
v 0.00180542 -0.00278416 -0.00280000
v 0.00180542 0.00015584 -0.00380000
v 0.00180542 -0.00278416 -0.00380000
v 0.00327543 -0.00278416 -0.00380000
v 0.00327543 0.00015584 -0.00380000
v -0.00390157 0.02268084 -0.00280000
v -0.00390157 0.02041084 -0.00280000
v -0.00016158 0.02268084 -0.00280000
v -0.00016158 0.02041084 -0.00280000
v -0.00390157 0.02041084 -0.00380000
v -0.00016158 0.02041084 -0.00380000
v -0.00016158 0.02268084 -0.00380000
v -0.00390157 0.02268084 -0.00380000
v 0.00162742 0.00930824 -0.00569916
v -0.00162658 0.00930824 -0.00569916
v 0.00162742 0.01741144 -0.00569916
v -0.00162658 0.01741144 -0.00569916
v -0.00162658 0.00930824 -0.00469916
v -0.00162658 0.01741144 -0.00469916
v 0.00162742 0.01741144 -0.00469916
v 0.00162742 0.00930824 -0.00469916
v 0.01938643 0.00700584 -0.00280000
v 0.01938643 0.00560584 -0.00280000
v 0.02388643 0.00700584 -0.00280000
v 0.02388643 0.00560584 -0.00280000
v 0.01938643 0.00560584 -0.00380000
v 0.02388643 0.00560584 -0.00380000
v 0.02388643 0.00700584 -0.00380000
v 0.01938643 0.00700584 -0.00380000
v 0.00690043 -0.00440316 -0.00569916
v 0.00690043 -0.02665716 -0.00569916
v -0.00689958 -0.00440316 -0.00569916
v -0.00689958 -0.02665716 -0.00569916
v 0.00690043 -0.02665716 -0.00469916
v -0.00689958 -0.02665716 -0.00469916
v -0.00689958 -0.00440316 -0.00469916
v 0.00690043 -0.00440316 -0.00469916
usemtl material_7
f 1 2 3
f 4 5 3
f 3 5 6
f 3 6 1
f 7 8 3
f 3 8 9
f 3 9 4
f 10 11 3
f 3 11 12
f 3 12 7
f 13 14 3
f 3 14 15
f 3 15 10
f 16 17 3
f 3 17 18
f 3 18 13
f 19 20 3
f 3 20 21
f 3 21 16
f 22 23 3
f 3 23 24
f 3 24 19
f 25 26 3
f 3 26 27
f 3 27 22
f 2 28 3
f 3 28 29
f 3 29 25
f 30 6 31
f 31 6 5
f 31 5 32
f 32 5 4
f 32 4 33
f 33 4 9
f 33 9 34
f 34 9 8
f 34 8 35
f 35 8 7
f 35 7 36
f 36 7 12
f 36 12 37
f 37 12 11
f 37 11 38
f 38 11 10
f 38 10 39
f 39 10 15
f 39 15 40
f 40 15 14
f 40 14 41
f 41 14 13
f 41 13 42
f 42 13 18
f 42 18 43
f 43 18 17
f 43 17 44
f 44 17 16
f 44 16 45
f 45 16 21
f 45 21 46
f 46 21 20
f 46 20 47
f 47 20 19
f 47 19 48
f 48 19 24
f 48 24 49
f 49 24 23
f 49 23 50
f 50 23 22
f 50 22 51
f 51 22 27
f 51 27 52
f 52 27 26
f 52 26 53
f 53 26 25
f 53 25 54
f 54 25 29
f 54 29 55
f 55 29 28
f 55 28 56
f 56 28 2
f 56 2 57
f 57 2 1
f 57 1 30
f 30 1 6
f 58 31 59
f 59 31 32
f 59 32 60
f 60 32 33
f 60 33 61
f 61 33 34
f 61 34 62
f 62 34 35
f 62 35 63
f 63 35 36
f 63 36 64
f 64 36 37
f 64 37 65
f 65 37 38
f 65 38 66
f 66 38 39
f 66 39 67
f 67 39 40
f 67 40 68
f 68 40 41
f 68 41 69
f 69 41 42
f 69 42 70
f 70 42 43
f 70 43 71
f 71 43 44
f 71 44 72
f 72 44 45
f 72 45 73
f 73 45 46
f 73 46 74
f 74 46 47
f 74 47 75
f 75 47 48
f 75 48 76
f 76 48 49
f 76 49 77
f 77 49 50
f 77 50 78
f 78 50 51
f 78 51 79
f 79 51 52
f 79 52 80
f 80 52 53
f 80 53 81
f 81 53 54
f 81 54 82
f 82 54 55
f 82 55 83
f 83 55 56
f 83 56 84
f 84 56 57
f 84 57 85
f 85 57 30
f 85 30 58
f 58 30 31
f 73 86 72
f 72 86 87
f 72 87 71
f 71 87 88
f 71 88 70
f 70 88 89
f 70 89 69
f 69 89 90
f 69 90 68
f 90 91 68
f 68 91 92
f 68 92 67
f 67 92 93
f 67 93 66
f 66 93 94
f 66 94 65
f 77 95 76
f 76 95 96
f 76 96 75
f 75 96 97
f 75 97 74
f 74 97 98
f 74 98 73
f 73 98 99
f 73 99 86
f 81 100 80
f 80 100 101
f 80 101 79
f 79 101 102
f 79 102 78
f 78 102 103
f 78 103 77
f 77 103 104
f 77 104 95
f 85 105 84
f 84 105 106
f 84 106 83
f 83 106 107
f 83 107 82
f 82 107 108
f 82 108 81
f 81 108 109
f 81 109 100
f 61 110 60
f 60 110 111
f 60 111 59
f 59 111 112
f 59 112 58
f 58 112 113
f 58 113 85
f 85 113 114
f 85 114 105
f 94 115 65
f 65 115 116
f 65 116 64
f 64 116 117
f 64 117 63
f 63 117 118
f 63 118 62
f 62 118 119
f 62 119 61
f 61 119 120
f 61 120 110
f 121 122 87
f 87 122 123
f 87 123 88
f 88 123 124
f 88 124 89
f 89 124 125
f 89 125 90
f 90 125 126
f 90 126 91
f 91 126 127
f 91 127 92
f 92 127 128
f 92 128 93
f 93 128 129
f 93 129 94
f 94 129 130
f 94 130 115
f 115 130 131
f 115 131 116
f 116 131 132
f 116 132 117
f 117 132 133
f 117 133 118
f 118 133 134
f 118 134 119
f 119 134 135
f 119 135 120
f 120 135 136
f 120 136 110
f 110 136 137
f 110 137 111
f 111 137 138
f 111 138 112
f 112 138 139
f 112 139 113
f 113 139 140
f 113 140 114
f 114 140 141
f 114 141 105
f 105 141 142
f 105 142 106
f 106 142 143
f 106 143 107
f 107 143 144
f 107 144 108
f 108 144 145
f 108 145 109
f 109 145 146
f 109 146 100
f 100 146 147
f 100 147 101
f 101 147 148
f 101 148 102
f 102 148 149
f 102 149 103
f 103 149 150
f 103 150 104
f 104 150 151
f 104 151 95
f 95 151 152
f 95 152 96
f 96 152 153
f 96 153 97
f 97 153 154
f 97 154 98
f 98 154 155
f 98 155 99
f 99 155 156
f 99 156 86
f 86 156 121
f 86 121 87
f 157 158 159
f 157 159 160
f 161 162 159
f 159 162 163
f 159 163 160
f 164 165 159
f 159 165 166
f 159 166 161
f 167 168 159
f 159 168 169
f 159 169 164
f 170 171 159
f 159 171 172
f 159 172 167
f 173 174 159
f 159 174 175
f 159 175 170
f 176 177 159
f 159 177 178
f 159 178 173
f 179 180 159
f 159 180 181
f 159 181 176
f 182 183 159
f 159 183 184
f 159 184 179
f 185 186 159
f 159 186 187
f 159 187 182
f 158 188 159
f 159 188 189
f 159 189 185
f 121 156 190
f 190 156 155
f 190 155 191
f 191 155 154
f 191 154 192
f 192 154 153
f 192 153 193
f 193 153 152
f 193 152 194
f 194 152 151
f 194 151 195
f 195 151 150
f 195 150 196
f 196 150 149
f 196 149 197
f 197 149 148
f 197 148 198
f 198 148 147
f 198 147 199
f 199 147 146
f 199 146 200
f 200 146 145
f 200 145 201
f 201 145 144
f 201 144 202
f 202 144 143
f 202 143 203
f 203 143 142
f 203 142 204
f 204 142 141
f 204 141 205
f 205 141 140
f 205 140 206
f 206 140 139
f 206 139 207
f 207 139 138
f 207 138 208
f 208 138 137
f 208 137 209
f 209 137 136
f 209 136 210
f 210 136 135
f 210 135 211
f 211 135 134
f 211 134 212
f 212 134 133
f 212 133 213
f 213 133 132
f 213 132 214
f 214 132 131
f 214 131 215
f 215 131 130
f 215 130 216
f 216 130 129
f 216 129 217
f 217 129 128
f 217 128 218
f 218 128 127
f 218 127 219
f 219 127 126
f 219 126 220
f 220 126 125
f 220 125 221
f 221 125 124
f 221 124 222
f 222 124 123
f 222 123 223
f 223 123 122
f 223 122 224
f 224 122 121
f 224 121 190
f 157 225 158
f 158 225 226
f 158 226 188
f 188 226 227
f 188 227 189
f 189 227 228
f 189 228 185
f 185 228 229
f 185 229 186
f 186 229 230
f 186 230 187
f 187 230 231
f 187 231 182
f 182 231 232
f 182 232 183
f 183 232 233
f 183 233 184
f 184 233 234
f 184 234 179
f 179 234 235
f 179 235 180
f 180 235 236
f 180 236 181
f 181 236 237
f 181 237 176
f 176 237 238
f 176 238 177
f 177 238 239
f 177 239 178
f 178 239 240
f 178 240 173
f 173 240 241
f 173 241 174
f 174 241 242
f 174 242 175
f 175 242 243
f 175 243 170
f 170 243 244
f 170 244 171
f 171 244 245
f 171 245 172
f 172 245 246
f 172 246 167
f 167 246 247
f 167 247 168
f 168 247 248
f 168 248 169
f 169 248 249
f 169 249 164
f 164 249 250
f 164 250 165
f 165 250 251
f 165 251 166
f 166 251 252
f 166 252 161
f 161 252 253
f 161 253 162
f 162 253 254
f 162 254 163
f 163 254 255
f 163 255 160
f 160 255 256
f 160 256 157
f 157 256 225
f 257 216 258
f 258 216 217
f 258 217 259
f 259 217 218
f 259 218 260
f 260 218 219
f 260 219 261
f 261 219 220
f 261 220 262
f 262 220 221
f 262 221 263
f 263 221 222
f 263 222 264
f 264 222 223
f 264 223 265
f 265 223 224
f 265 224 266
f 266 224 190
f 266 190 267
f 267 190 191
f 267 191 268
f 268 191 192
f 268 192 269
f 269 192 193
f 269 193 270
f 270 193 194
f 270 194 271
f 271 194 195
f 271 195 272
f 272 195 196
f 272 196 273
f 273 196 197
f 273 197 274
f 197 198 274
f 274 198 199
f 274 199 275
f 275 199 200
f 275 200 276
f 276 200 201
f 276 201 277
f 277 201 202
f 277 202 278
f 278 202 203
f 278 203 279
f 279 203 204
f 279 204 280
f 280 204 205
f 280 205 281
f 281 205 206
f 281 206 282
f 282 206 207
f 282 207 283
f 283 207 208
f 283 208 284
f 284 208 209
f 284 209 285
f 285 209 210
f 285 210 286
f 286 210 211
f 286 211 287
f 287 211 212
f 287 212 288
f 288 212 213
f 288 213 289
f 289 213 214
f 289 214 257
f 257 214 215
f 257 215 216
f 290 291 240
f 240 291 292
f 240 292 241
f 241 292 293
f 241 293 242
f 242 293 294
f 242 294 243
f 243 294 295
f 243 295 244
f 244 295 296
f 244 296 245
f 245 296 297
f 245 297 246
f 246 297 298
f 246 298 247
f 247 298 299
f 247 299 248
f 248 299 300
f 248 300 249
f 249 300 301
f 249 301 250
f 250 301 302
f 250 302 251
f 251 302 303
f 251 303 252
f 252 303 304
f 252 304 253
f 253 304 305
f 253 305 254
f 254 305 306
f 254 306 255
f 255 306 307
f 255 307 256
f 256 307 308
f 256 308 225
f 225 308 309
f 225 309 226
f 226 309 310
f 226 310 227
f 227 310 311
f 227 311 228
f 228 311 312
f 228 312 229
f 229 312 313
f 229 313 230
f 230 313 314
f 230 314 231
f 231 314 315
f 231 315 232
f 232 315 316
f 232 316 233
f 233 316 317
f 233 317 234
f 234 317 318
f 234 318 235
f 235 318 319
f 235 319 236
f 236 319 320
f 236 320 237
f 237 320 321
f 237 321 238
f 238 321 322
f 238 322 239
f 239 322 290
f 239 290 240
f 308 283 309
f 309 283 284
f 309 284 310
f 310 284 285
f 310 285 311
f 311 285 286
f 311 286 312
f 312 286 287
f 312 287 313
f 313 287 288
f 313 288 314
f 314 288 289
f 314 289 315
f 315 289 257
f 315 257 316
f 316 257 258
f 316 258 317
f 317 258 259
f 317 259 318
f 318 259 260
f 318 260 319
f 319 260 261
f 319 261 320
f 320 261 262
f 320 262 321
f 321 262 263
f 321 263 322
f 322 263 264
f 322 264 290
f 290 264 265
f 290 265 291
f 291 265 266
f 291 266 292
f 292 266 267
f 292 267 293
f 293 267 268
f 293 268 294
f 294 268 269
f 294 269 295
f 295 269 270
f 295 270 296
f 296 270 271
f 296 271 297
f 297 271 272
f 297 272 298
f 298 272 273
f 298 273 299
f 299 273 274
f 299 274 300
f 300 274 275
f 300 275 301
f 301 275 276
f 301 276 302
f 302 276 277
f 302 277 303
f 303 277 278
f 303 278 304
f 304 278 279
f 304 279 305
f 305 279 280
f 305 280 306
f 306 280 281
f 306 281 307
f 307 281 282
f 307 282 308
f 308 282 283
f 323 324 325
f 325 324 326
f 325 326 327
f 327 326 328
f 327 328 329
f 329 328 330
f 329 330 331
f 331 330 332
f 331 332 333
f 333 332 334
f 333 334 323
f 323 334 324
f 335 336 327
f 327 336 337
f 338 339 325
f 338 325 340
f 341 342 329
f 329 342 343
f 344 345 323
f 323 345 346
f 347 348 331
f 331 348 349
f 343 350 329
f 329 350 351
f 329 351 327
f 327 351 352
f 327 352 335
f 337 353 327
f 327 353 354
f 327 354 325
f 325 354 355
f 325 355 340
f 356 357 333
f 333 357 358
f 339 359 325
f 325 359 360
f 325 360 323
f 323 360 361
f 323 361 344
f 346 362 323
f 323 362 363
f 323 363 333
f 333 363 364
f 333 364 356
f 349 365 331
f 331 365 366
f 331 366 329
f 329 366 367
f 329 367 341
f 358 368 333
f 333 368 369
f 333 369 331
f 331 369 370
f 331 370 347
f 371 372 330
f 373 374 334
f 334 374 375
f 371 330 376
f 377 378 324
f 324 378 379
f 380 328 381
f 381 328 382
f 383 384 332
f 332 384 385
f 375 386 334
f 334 386 387
f 334 387 324
f 324 387 388
f 324 388 377
f 380 389 328
f 328 389 390
f 328 390 330
f 330 390 391
f 330 391 376
f 372 392 330
f 330 392 393
f 330 393 332
f 332 393 394
f 332 394 383
f 395 326 396
f 396 326 324
f 396 324 397
f 397 324 379
f 395 398 326
f 326 398 399
f 326 399 400
f 400 401 326
f 326 401 402
f 326 402 328
f 328 402 403
f 328 403 382
f 385 404 332
f 332 404 405
f 332 405 334
f 334 405 406
f 334 406 373
f 357 374 358
f 358 374 373
f 358 373 368
f 368 373 406
f 368 406 369
f 369 406 405
f 369 405 370
f 370 405 404
f 370 404 347
f 347 404 385
f 347 385 348
f 348 385 384
f 348 384 349
f 349 384 383
f 349 383 365
f 365 383 394
f 365 394 366
f 366 394 393
f 366 393 367
f 367 393 392
f 367 392 341
f 341 392 372
f 341 372 342
f 342 372 371
f 342 371 343
f 343 371 376
f 343 376 350
f 350 376 391
f 350 391 351
f 351 391 390
f 351 390 352
f 352 390 389
f 352 389 335
f 335 389 380
f 335 380 336
f 336 380 381
f 336 381 337
f 337 381 382
f 337 382 353
f 353 382 403
f 353 403 354
f 354 403 402
f 354 402 355
f 355 402 401
f 355 401 340
f 340 401 400
f 340 400 338
f 338 400 399
f 338 399 339
f 339 399 398
f 339 398 359
f 359 398 395
f 359 395 360
f 360 395 396
f 360 396 361
f 361 396 397
f 361 397 344
f 344 397 379
f 344 379 345
f 345 379 378
f 345 378 346
f 346 378 377
f 346 377 362
f 362 377 388
f 362 388 363
f 363 388 387
f 363 387 364
f 364 387 386
f 364 386 356
f 356 386 375
f 356 375 357
f 357 375 374
f 407 408 409
f 409 408 410
f 409 410 411
f 412 413 409
f 409 413 414
f 409 414 407
f 415 416 409
f 409 416 417
f 409 417 412
f 418 419 409
f 409 419 420
f 409 420 415
f 421 422 409
f 409 422 423
f 409 423 418
f 424 425 409
f 409 425 426
f 409 426 421
f 427 428 409
f 409 428 429
f 409 429 424
f 430 431 409
f 409 431 432
f 409 432 427
f 433 434 409
f 409 434 435
f 409 435 430
f 436 437 409
f 409 437 438
f 409 438 433
f 411 439 409
f 409 439 440
f 409 440 436
f 410 441 411
f 411 441 442
f 411 442 439
f 439 442 443
f 439 443 440
f 440 443 444
f 440 444 436
f 436 444 445
f 436 445 437
f 437 445 446
f 437 446 438
f 438 446 447
f 438 447 433
f 433 447 448
f 433 448 434
f 434 448 449
f 434 449 435
f 435 449 450
f 435 450 430
f 430 450 451
f 430 451 431
f 431 451 452
f 431 452 432
f 432 452 453
f 432 453 427
f 427 453 454
f 427 454 428
f 428 454 455
f 428 455 429
f 429 455 456
f 429 456 424
f 424 456 457
f 424 457 425
f 425 457 458
f 425 458 426
f 426 458 459
f 426 459 421
f 421 459 460
f 421 460 422
f 422 460 461
f 422 461 423
f 423 461 462
f 423 462 418
f 418 462 463
f 418 463 419
f 419 463 464
f 419 464 420
f 420 464 465
f 420 465 415
f 415 465 466
f 415 466 416
f 416 466 467
f 416 467 417
f 417 467 468
f 417 468 412
f 412 468 469
f 412 469 413
f 413 469 470
f 413 470 414
f 414 470 471
f 414 471 407
f 407 471 472
f 407 472 408
f 408 472 473
f 408 473 410
f 410 473 441
f 473 474 441
f 441 474 475
f 441 475 442
f 442 475 476
f 442 476 443
f 443 476 477
f 443 477 444
f 444 477 478
f 444 478 445
f 445 478 479
f 445 479 446
f 446 479 480
f 446 480 447
f 447 480 481
f 447 481 448
f 448 481 482
f 448 482 449
f 449 482 483
f 449 483 450
f 450 483 484
f 450 484 451
f 451 484 485
f 451 485 452
f 452 485 486
f 452 486 453
f 453 486 487
f 453 487 454
f 454 487 488
f 454 488 455
f 455 488 489
f 455 489 456
f 456 489 490
f 456 490 457
f 490 491 457
f 457 491 492
f 457 492 458
f 458 492 493
f 458 493 459
f 459 493 494
f 459 494 460
f 460 494 495
f 460 495 461
f 461 495 496
f 461 496 462
f 462 496 497
f 462 497 463
f 463 497 498
f 463 498 464
f 464 498 499
f 464 499 465
f 465 499 500
f 465 500 466
f 466 500 501
f 466 501 467
f 467 501 502
f 467 502 468
f 468 502 503
f 468 503 469
f 469 503 504
f 469 504 470
f 470 504 505
f 470 505 471
f 471 505 506
f 471 506 472
f 472 506 507
f 472 507 473
f 473 507 508
f 473 508 474
f 509 510 511
f 509 511 512
f 513 514 511
f 511 514 515
f 511 515 512
f 516 517 511
f 511 517 518
f 511 518 513
f 519 520 511
f 511 520 521
f 511 521 516
f 522 523 511
f 511 523 524
f 511 524 519
f 525 526 511
f 511 526 527
f 511 527 522
f 528 529 511
f 511 529 530
f 511 530 525
f 531 532 511
f 511 532 533
f 511 533 528
f 534 535 511
f 511 535 536
f 511 536 531
f 537 538 511
f 511 538 539
f 511 539 534
f 540 541 511
f 511 541 542
f 511 542 537
f 510 543 511
f 511 543 544
f 511 544 540
f 509 490 510
f 510 490 489
f 510 489 543
f 543 489 488
f 543 488 544
f 544 488 487
f 544 487 540
f 540 487 486
f 540 486 541
f 541 486 485
f 541 485 542
f 542 485 484
f 542 484 537
f 537 484 483
f 537 483 538
f 538 483 482
f 538 482 539
f 539 482 481
f 539 481 534
f 534 481 480
f 534 480 535
f 535 480 479
f 535 479 536
f 536 479 478
f 536 478 531
f 531 478 477
f 531 477 532
f 532 477 476
f 532 476 533
f 533 476 475
f 533 475 528
f 528 475 474
f 528 474 529
f 529 474 508
f 529 508 530
f 530 508 507
f 530 507 525
f 525 507 506
f 525 506 526
f 526 506 505
f 526 505 527
f 527 505 504
f 527 504 522
f 522 504 503
f 522 503 523
f 523 503 502
f 523 502 524
f 524 502 501
f 524 501 519
f 519 501 500
f 519 500 520
f 520 500 499
f 520 499 521
f 521 499 498
f 521 498 516
f 516 498 497
f 516 497 517
f 517 497 496
f 517 496 518
f 518 496 495
f 518 495 513
f 513 495 494
f 513 494 514
f 514 494 493
f 514 493 515
f 515 493 492
f 515 492 512
f 512 492 491
f 512 491 509
f 509 491 490
f 545 546 547
f 547 546 548
f 547 548 549
f 549 548 550
f 549 550 551
f 551 550 552
f 551 552 553
f 553 552 554
f 553 554 555
f 555 554 556
f 555 556 557
f 557 556 558
f 557 558 559
f 559 558 560
f 559 560 561
f 561 560 562
f 561 562 563
f 563 562 564
f 563 564 565
f 565 564 566
f 565 566 567
f 567 566 568
f 567 568 545
f 545 568 546
f 569 570 571
f 571 570 572
f 571 572 573
f 573 572 574
f 573 574 575
f 575 574 576
f 575 576 577
f 577 576 578
f 577 578 579
f 579 578 580
f 579 580 581
f 581 580 582
f 581 582 583
f 583 582 584
f 583 584 585
f 585 584 586
f 585 586 587
f 587 586 588
f 587 588 589
f 589 588 590
f 589 590 591
f 591 590 592
f 591 592 569
f 569 592 570
f 593 594 595
f 595 594 596
f 595 596 597
f 597 596 598
f 597 598 599
f 599 598 600
f 599 600 601
f 601 600 602
f 601 602 603
f 603 602 604
f 603 604 605
f 605 604 606
f 605 606 607
f 607 606 608
f 607 608 609
f 609 608 610
f 609 610 611
f 611 610 612
f 611 612 613
f 613 612 614
f 613 614 615
f 615 614 616
f 615 616 593
f 593 616 594
f 617 618 619
f 619 618 620
f 619 620 621
f 621 620 622
f 621 622 623
f 623 622 624
f 623 624 625
f 625 624 626
f 625 626 627
f 627 626 628
f 627 628 629
f 629 628 630
f 629 630 631
f 631 630 632
f 631 632 633
f 633 632 634
f 633 634 635
f 635 634 636
f 635 636 637
f 637 636 638
f 637 638 639
f 639 638 640
f 639 640 617
f 617 640 618
f 555 641 553
f 553 641 642
f 553 642 551
f 551 642 643
f 551 643 549
f 549 643 644
f 549 644 547
f 547 644 645
f 547 645 545
f 545 645 646
f 545 646 567
f 567 646 647
f 567 647 565
f 565 647 648
f 565 648 563
f 563 648 649
f 563 649 561
f 561 649 650
f 561 650 559
f 559 650 651
f 559 651 557
f 557 651 652
f 557 652 555
f 555 652 641
f 609 653 607
f 607 653 654
f 607 654 605
f 605 654 655
f 605 655 603
f 603 655 656
f 603 656 601
f 601 656 657
f 601 657 599
f 599 657 658
f 599 658 597
f 597 658 659
f 597 659 595
f 595 659 660
f 595 660 593
f 593 660 661
f 593 661 615
f 615 661 662
f 615 662 613
f 613 662 663
f 613 663 611
f 611 663 664
f 611 664 609
f 609 664 653
f 579 665 577
f 577 665 666
f 577 666 575
f 575 666 667
f 575 667 573
f 573 667 668
f 573 668 571
f 571 668 669
f 571 669 569
f 569 669 670
f 569 670 591
f 591 670 671
f 591 671 589
f 589 671 672
f 589 672 587
f 587 672 673
f 587 673 585
f 585 673 674
f 585 674 583
f 583 674 675
f 583 675 581
f 581 675 676
f 581 676 579
f 579 676 665
f 633 677 631
f 631 677 678
f 631 678 629
f 629 678 679
f 629 679 627
f 627 679 680
f 627 680 625
f 625 680 681
f 625 681 623
f 623 681 682
f 623 682 621
f 621 682 683
f 621 683 619
f 619 683 684
f 619 684 617
f 617 684 685
f 617 685 639
f 639 685 686
f 639 686 637
f 637 686 687
f 637 687 635
f 635 687 688
f 635 688 633
f 633 688 677
f 689 690 691
f 691 690 692
f 691 692 693
f 693 692 694
f 693 694 695
f 695 694 696
f 695 696 697
f 697 696 698
f 697 698 699
f 699 698 700
f 699 700 701
f 701 700 702
f 701 702 703
f 703 702 704
f 703 704 705
f 705 704 706
f 705 706 707
f 707 706 708
f 707 708 709
f 709 708 710
f 709 710 711
f 711 710 712
f 711 712 689
f 689 712 690
f 713 714 715
f 716 717 718
f 719 720 721
f 594 616 722
f 723 724 725
f 726 727 728
f 729 730 731
f 732 733 692
f 692 690 732
f 732 690 712
f 732 712 734
f 717 702 735
f 735 702 700
f 735 700 736
f 736 700 698
f 736 698 737
f 712 710 734
f 734 710 708
f 734 708 716
f 716 708 706
f 716 706 717
f 717 706 704
f 717 704 702
f 728 727 738
f 738 727 739
f 738 739 740
f 740 739 741
f 740 741 742
f 743 744 745
f 745 744 746
f 745 746 747
f 747 746 748
f 747 748 749
f 749 748 750
f 749 750 751
f 752 753 754
f 755 756 757
f 758 759 760
f 757 756 761
f 761 756 758
f 761 758 762
f 762 758 760
f 762 760 763
f 763 760 764
f 764 760 765
f 764 765 766
f 767 614 768
f 768 614 612
f 768 612 769
f 757 770 755
f 755 770 771
f 755 771 772
f 772 771 773
f 772 773 774
f 774 773 769
f 774 769 610
f 610 769 612
f 698 696 737
f 737 696 694
f 737 694 775
f 775 694 692
f 775 692 776
f 776 692 733
f 776 733 777
f 777 733 778
f 634 779 636
f 636 779 780
f 781 782 783
f 783 782 784
f 785 786 787
f 787 786 788
f 787 788 789
f 789 788 790
f 789 790 784
f 784 790 791
f 784 791 783
f 580 578 792
f 576 574 793
f 590 794 592
f 592 794 795
f 592 795 570
f 570 795 796
f 570 796 572
f 572 796 797
f 572 797 574
f 574 797 798
f 574 798 793
f 793 798 799
f 793 799 800
f 801 802 803
f 804 805 806
f 568 807 808
f 805 550 548
f 805 548 809
f 809 548 546
f 809 546 810
f 810 546 568
f 810 568 811
f 811 568 808
f 811 808 812
f 765 813 814
f 814 813 815
f 814 815 808
f 808 815 816
f 808 816 812
f 804 806 817
f 817 806 818
f 817 818 819
f 819 818 820
f 819 820 821
f 821 822 819
f 819 822 823
f 819 823 765
f 765 823 824
f 765 824 813
f 807 568 792
f 792 568 566
f 792 566 564
f 550 805 552
f 552 805 804
f 552 804 554
f 564 562 825
f 825 562 560
f 825 560 558
f 554 826 556
f 556 826 827
f 556 827 558
f 558 827 828
f 558 828 825
f 829 830 831
f 831 830 586
f 831 586 832
f 832 586 584
f 832 584 833
f 833 584 582
f 833 582 834
f 730 794 731
f 731 794 590
f 731 590 830
f 830 590 588
f 830 588 586
f 598 596 835
f 610 608 774
f 774 608 606
f 774 606 836
f 836 606 604
f 836 604 837
f 837 604 602
f 837 602 838
f 838 602 600
f 628 626 839
f 839 626 840
f 626 624 840
f 840 624 622
f 840 622 841
f 841 622 620
f 841 620 733
f 733 620 618
f 733 618 778
f 778 618 640
f 778 640 780
f 780 640 638
f 780 638 636
f 632 782 634
f 634 782 781
f 634 781 779
f 750 742 751
f 751 742 741
f 751 741 842
f 842 741 739
f 842 739 843
f 582 580 834
f 834 580 792
f 834 792 844
f 844 792 845
f 564 825 792
f 792 825 846
f 792 846 845
f 554 804 826
f 826 804 817
f 826 817 847
f 847 817 819
f 847 819 848
f 759 849 760
f 760 849 850
f 760 850 765
f 765 850 851
f 765 851 819
f 819 851 852
f 819 852 848
f 600 598 838
f 838 598 835
f 838 835 853
f 853 835 721
f 853 721 854
f 854 721 720
f 628 839 630
f 630 839 719
f 630 719 632
f 632 719 721
f 632 721 782
f 782 721 835
f 782 835 784
f 736 855 735
f 735 855 856
f 735 856 717
f 717 856 715
f 717 715 718
f 718 715 714
f 855 786 856
f 856 786 785
f 856 785 715
f 715 785 745
f 715 745 713
f 713 745 747
f 802 752 803
f 803 752 754
f 803 754 857
f 857 754 858
f 857 858 859
f 859 858 860
f 859 860 861
f 861 860 862
f 861 862 863
f 863 862 864
f 863 864 865
f 865 864 722
f 865 722 767
f 767 722 616
f 767 616 614
f 865 723 863
f 863 723 725
f 863 725 861
f 861 725 866
f 861 866 859
f 859 866 867
f 859 867 857
f 857 867 868
f 857 868 803
f 803 868 793
f 803 793 801
f 801 793 800
f 724 766 725
f 725 766 765
f 725 765 866
f 866 765 814
f 866 814 867
f 867 814 808
f 867 808 868
f 868 808 807
f 868 807 793
f 793 807 792
f 793 792 576
f 576 792 578
f 596 594 835
f 835 594 722
f 835 722 784
f 784 722 864
f 784 864 789
f 789 864 862
f 789 862 787
f 787 862 860
f 787 860 785
f 785 860 858
f 785 858 745
f 745 858 754
f 745 754 743
f 743 754 753
f 743 753 869
f 869 753 870
f 869 870 871
f 871 870 872
f 871 872 726
f 726 872 729
f 726 729 727
f 727 729 731
f 727 731 739
f 739 731 830
f 739 830 843
f 843 830 829
f 873 742 874
f 874 742 750
f 874 750 875
f 875 750 748
f 875 748 876
f 876 748 746
f 876 746 877
f 877 746 744
f 877 744 878
f 878 744 743
f 878 743 879
f 879 743 869
f 879 869 880
f 880 869 871
f 880 871 881
f 881 871 726
f 881 726 882
f 882 726 728
f 882 728 883
f 883 728 738
f 883 738 884
f 884 738 740
f 884 740 873
f 873 740 742
f 644 885 645
f 645 885 886
f 645 886 646
f 646 886 887
f 646 887 647
f 647 887 888
f 647 888 648
f 648 888 889
f 648 889 649
f 649 889 890
f 649 890 650
f 650 890 891
f 650 891 651
f 651 891 892
f 651 892 652
f 652 892 893
f 652 893 641
f 641 893 894
f 641 894 642
f 642 894 895
f 642 895 643
f 643 895 896
f 643 896 644
f 644 896 885
f 658 897 659
f 659 897 898
f 659 898 660
f 660 898 899
f 660 899 661
f 661 899 900
f 661 900 662
f 662 900 901
f 662 901 663
f 663 901 902
f 663 902 664
f 664 902 903
f 664 903 653
f 653 903 904
f 653 904 654
f 654 904 905
f 654 905 655
f 655 905 906
f 655 906 656
f 656 906 907
f 656 907 657
f 657 907 908
f 657 908 658
f 658 908 897
f 671 909 672
f 672 909 910
f 672 910 673
f 673 910 911
f 673 911 674
f 674 911 912
f 674 912 675
f 675 912 913
f 675 913 676
f 676 913 914
f 676 914 665
f 665 914 915
f 665 915 666
f 666 915 916
f 666 916 667
f 667 916 917
f 667 917 668
f 668 917 918
f 668 918 669
f 669 918 919
f 669 919 670
f 670 919 920
f 670 920 671
f 671 920 909
f 680 921 681
f 681 921 922
f 681 922 682
f 682 922 923
f 682 923 683
f 683 923 924
f 683 924 684
f 684 924 925
f 684 925 685
f 685 925 926
f 685 926 686
f 686 926 927
f 686 927 687
f 687 927 928
f 687 928 688
f 688 928 929
f 688 929 677
f 677 929 930
f 677 930 678
f 678 930 931
f 678 931 679
f 679 931 932
f 679 932 680
f 680 932 921
f 699 933 697
f 697 933 934
f 697 934 695
f 695 934 935
f 695 935 693
f 693 935 936
f 693 936 691
f 691 936 937
f 691 937 689
f 689 937 938
f 689 938 711
f 711 938 939
f 711 939 709
f 709 939 940
f 709 940 707
f 707 940 941
f 707 941 705
f 705 941 942
f 705 942 703
f 703 942 943
f 703 943 701
f 701 943 944
f 701 944 699
f 699 944 933
f 831 945 829
f 829 945 946
f 832 947 831
f 831 947 948
f 831 948 945
f 832 833 947
f 947 833 834
f 947 834 949
f 949 834 844
f 949 844 950
f 950 844 845
f 950 845 951
f 951 845 846
f 951 846 952
f 952 846 825
f 952 825 953
f 953 825 828
f 953 828 954
f 954 828 827
f 954 827 955
f 827 826 955
f 955 826 847
f 955 847 956
f 956 847 848
f 956 848 957
f 957 848 852
f 957 852 958
f 958 852 851
f 958 851 959
f 959 851 850
f 959 850 960
f 960 850 849
f 960 849 961
f 961 849 759
f 961 759 962
f 962 759 758
f 962 758 963
f 963 758 756
f 963 756 964
f 964 756 755
f 964 755 965
f 965 755 772
f 965 772 966
f 966 772 774
f 966 774 967
f 967 774 836
f 967 836 968
f 836 837 968
f 968 837 838
f 968 838 969
f 969 838 853
f 969 853 970
f 970 853 854
f 970 854 971
f 971 854 720
f 971 720 972
f 720 719 972
f 972 719 839
f 972 839 973
f 973 839 840
f 973 840 974
f 974 840 841
f 974 841 975
f 975 841 733
f 975 733 976
f 976 733 732
f 976 732 977
f 977 732 734
f 977 734 978
f 978 734 716
f 978 716 979
f 979 716 718
f 979 718 980
f 980 718 714
f 980 714 981
f 981 714 713
f 981 713 982
f 982 713 747
f 982 747 983
f 983 747 749
f 983 749 984
f 984 749 751
f 984 751 985
f 985 751 842
f 985 842 946
f 946 842 843
f 946 843 829
f 818 986 820
f 820 986 987
f 820 987 821
f 821 987 988
f 821 988 822
f 822 988 989
f 822 989 823
f 823 989 990
f 823 990 824
f 824 990 991
f 824 991 813
f 813 991 992
f 813 992 815
f 815 992 993
f 815 993 816
f 816 993 994
f 816 994 812
f 812 994 995
f 812 995 811
f 811 995 996
f 811 996 810
f 810 996 997
f 810 997 809
f 809 997 998
f 809 998 805
f 805 998 999
f 805 999 806
f 806 999 1000
f 806 1000 818
f 818 1000 986
f 797 1001 798
f 798 1001 1002
f 798 1002 799
f 799 1002 1003
f 799 1003 800
f 800 1003 1004
f 800 1004 801
f 801 1004 1005
f 801 1005 802
f 802 1005 1006
f 802 1006 752
f 752 1006 1007
f 752 1007 753
f 753 1007 1008
f 753 1008 870
f 870 1008 1009
f 870 1009 872
f 872 1009 1010
f 872 1010 729
f 729 1010 1011
f 729 1011 730
f 730 1011 1012
f 730 1012 794
f 794 1012 1013
f 794 1013 795
f 795 1013 1014
f 795 1014 796
f 796 1014 1015
f 796 1015 797
f 797 1015 1001
f 790 1016 791
f 791 1016 1017
f 791 1017 783
f 783 1017 1018
f 783 1018 781
f 781 1018 1019
f 781 1019 779
f 779 1019 1020
f 779 1020 780
f 780 1020 1021
f 780 1021 778
f 778 1021 1022
f 778 1022 777
f 777 1022 1023
f 777 1023 776
f 776 1023 1024
f 776 1024 775
f 775 1024 1025
f 775 1025 737
f 737 1025 1026
f 737 1026 736
f 736 1026 1027
f 736 1027 855
f 855 1027 1028
f 855 1028 786
f 786 1028 1029
f 786 1029 788
f 788 1029 1030
f 788 1030 790
f 790 1030 1016
f 762 1031 761
f 761 1031 1032
f 761 1032 757
f 757 1032 1033
f 757 1033 770
f 770 1033 1034
f 770 1034 771
f 771 1034 1035
f 771 1035 773
f 773 1035 1036
f 773 1036 769
f 769 1036 1037
f 769 1037 768
f 768 1037 1038
f 768 1038 767
f 767 1038 1039
f 767 1039 865
f 865 1039 1040
f 865 1040 723
f 723 1040 1041
f 723 1041 724
f 724 1041 1042
f 724 1042 766
f 766 1042 1043
f 766 1043 764
f 764 1043 1044
f 764 1044 763
f 763 1044 1045
f 763 1045 762
f 762 1045 1031
f 881 1046 880
f 880 1046 1047
f 880 1047 879
f 879 1047 1048
f 879 1048 878
f 878 1048 1049
f 878 1049 877
f 877 1049 1050
f 877 1050 876
f 876 1050 1051
f 876 1051 875
f 875 1051 1052
f 875 1052 874
f 874 1052 1053
f 874 1053 873
f 873 1053 1054
f 873 1054 884
f 884 1054 1055
f 884 1055 883
f 883 1055 1056
f 883 1056 882
f 882 1056 1057
f 882 1057 881
f 881 1057 1046
f 1058 887 1059
f 1059 887 886
f 1059 886 1060
f 1060 886 885
f 1060 885 1061
f 1061 885 896
f 1061 896 1062
f 1062 896 895
f 1062 895 1063
f 1063 895 894
f 1063 894 1064
f 1064 894 893
f 1064 893 1065
f 1065 893 892
f 1065 892 1066
f 1066 892 891
f 1066 891 1067
f 1067 891 890
f 1067 890 1068
f 1068 890 889
f 1068 889 1069
f 1069 889 888
f 1069 888 1058
f 1058 888 887
f 1070 897 1071
f 1071 897 908
f 1071 908 1072
f 1072 908 907
f 1072 907 1073
f 1073 907 906
f 1073 906 1074
f 1074 906 905
f 1074 905 1075
f 1075 905 904
f 1075 904 1076
f 1076 904 903
f 1076 903 1077
f 1077 903 902
f 1077 902 1078
f 1078 902 901
f 1078 901 1079
f 1079 901 900
f 1079 900 1080
f 1080 900 899
f 1080 899 1081
f 1081 899 898
f 1081 898 1070
f 1070 898 897
f 1082 920 1083
f 1083 920 919
f 1083 919 1084
f 1084 919 918
f 1084 918 1085
f 1085 918 917
f 1085 917 1086
f 1086 917 916
f 1086 916 1087
f 1087 916 915
f 1087 915 1088
f 1088 915 914
f 1088 914 1089
f 1089 914 913
f 1089 913 1090
f 1090 913 912
f 1090 912 1091
f 1091 912 911
f 1091 911 1092
f 1092 911 910
f 1092 910 1093
f 1093 910 909
f 1093 909 1082
f 1082 909 920
f 1094 923 1095
f 1095 923 922
f 1095 922 1096
f 1096 922 921
f 1096 921 1097
f 1097 921 932
f 1097 932 1098
f 1098 932 931
f 1098 931 1099
f 1099 931 930
f 1099 930 1100
f 1100 930 929
f 1100 929 1101
f 1101 929 928
f 1101 928 1102
f 1102 928 927
f 1102 927 1103
f 1103 927 926
f 1103 926 1104
f 1104 926 925
f 1104 925 1105
f 1105 925 924
f 1105 924 1094
f 1094 924 923
f 1043 1042 1106
f 1020 1019 1107
f 1047 1046 1010
f 981 1108 1109
f 982 983 1110
f 936 935 1111
f 1111 935 934
f 1111 934 1112
f 1025 1024 976
f 944 943 1109
f 944 1109 933
f 941 978 942
f 942 978 979
f 942 979 943
f 975 976 1104
f 1024 1023 976
f 976 1023 1022
f 976 1022 1104
f 1104 1105 975
f 975 1105 1094
f 975 1094 974
f 1094 1095 974
f 974 1095 1096
f 974 1096 973
f 973 1096 1097
f 973 1097 972
f 970 971 1113
f 1113 971 972
f 1113 972 1107
f 1114 969 970
f 1115 1078 1079
f 969 1071 968
f 968 1071 1072
f 968 1072 967
f 1079 1080 1114
f 1114 1080 1081
f 1114 1081 969
f 969 1081 1070
f 969 1070 1071
f 1072 1073 967
f 967 1073 1074
f 967 1074 966
f 966 1037 1036
f 966 1036 965
f 1036 1035 965
f 965 1035 1034
f 965 1034 964
f 964 1034 1033
f 964 1033 963
f 960 961 1116
f 1116 961 962
f 1116 962 963
f 960 1116 959
f 959 1116 1117
f 959 1117 958
f 1065 953 954
f 958 1118 957
f 957 1118 1119
f 957 1119 956
f 956 1119 1120
f 956 1120 955
f 955 1120 1063
f 955 1063 954
f 954 1063 1064
f 954 1064 1065
f 1065 1066 953
f 953 1066 1067
f 953 1067 1121
f 1067 1068 1121
f 1121 1068 1069
f 1121 1069 1122
f 1122 1069 1058
f 1122 1058 1059
f 1121 949 950
f 950 951 1121
f 1121 951 952
f 1121 952 953
f 1086 1087 1121
f 1013 1012 1123
f 1121 1087 949
f 949 1087 1088
f 949 1088 947
f 1005 1004 1124
f 1124 1004 1003
f 1124 1003 1002
f 1014 1082 1015
f 1015 1082 1083
f 1015 1083 1001
f 1001 1083 1084
f 1001 1084 1002
f 1002 1084 1085
f 1002 1085 1124
f 1088 1089 947
f 947 1089 1090
f 947 1090 948
f 945 1125 946
f 946 1125 1126
f 946 1126 985
f 985 1126 984
f 1110 1051 1050
f 1051 1110 1052
f 1052 1110 983
f 1052 983 1053
f 943 979 1109
f 1109 979 980
f 1109 980 981
f 991 990 1117
f 958 1117 1118
f 1118 1117 990
f 1118 990 989
f 989 988 1118
f 1118 988 987
f 1118 987 1119
f 1119 987 986
f 1119 986 1120
f 1120 986 1000
f 1120 1000 999
f 1127 994 1128
f 1128 994 993
f 1128 993 1117
f 1117 993 992
f 1117 992 991
f 997 996 1127
f 1127 996 995
f 1127 995 994
f 1127 1122 997
f 997 1122 1059
f 997 1059 998
f 998 1059 1060
f 998 1060 999
f 999 1060 1061
f 999 1061 1120
f 1120 1061 1062
f 1120 1062 1063
f 1007 1006 1129
f 1047 1010 1048
f 1048 1010 1009
f 1048 1009 1049
f 1049 1009 1008
f 1049 1008 1130
f 1030 1131 1016
f 1016 1131 1132
f 1016 1132 1017
f 1017 1132 1133
f 1017 1133 1018
f 1097 1098 972
f 972 1098 1099
f 972 1099 1107
f 1107 1099 1100
f 1107 1100 1020
f 1020 1100 1101
f 1020 1101 1021
f 1021 1101 1102
f 1021 1102 1022
f 1022 1102 1103
f 1022 1103 1104
f 1030 1029 1131
f 1131 1029 1028
f 1131 1028 1134
f 1042 1041 1135
f 1135 1041 1040
f 1135 1040 1136
f 1136 1040 1039
f 1033 1032 963
f 963 1032 1031
f 963 1031 1116
f 1116 1031 1045
f 1116 1045 1117
f 1117 1045 1044
f 1043 1106 1044
f 1053 983 1054
f 1054 983 984
f 1054 984 1055
f 1055 984 1126
f 1055 1126 1056
f 1056 1126 1125
f 1056 1125 1057
f 1057 1125 1137
f 1057 1137 1046
f 1046 1137 1011
f 1046 1011 1010
f 1014 1013 1082
f 1082 1013 1123
f 1082 1123 1093
f 1093 1123 1138
f 1093 1138 1092
f 1090 1091 948
f 948 1091 1092
f 948 1092 945
f 945 1092 1138
f 945 1138 1125
f 1125 1138 1123
f 1125 1123 1137
f 1137 1123 1012
f 1137 1012 1011
f 1108 1139 1109
f 1109 1139 1112
f 1109 1112 933
f 933 1112 934
f 941 940 978
f 978 940 939
f 978 939 977
f 977 939 938
f 977 938 976
f 976 938 937
f 976 937 1025
f 1025 937 936
f 1025 936 1026
f 1026 936 1111
f 1026 1111 1027
f 1027 1111 1112
f 1027 1112 1028
f 1028 1112 1139
f 1028 1139 1134
f 1134 1139 1108
f 1134 1108 1110
f 1110 1108 981
f 1110 981 982
f 1042 1135 1106
f 1106 1135 1140
f 1106 1140 1141
f 1141 1140 1142
f 1141 1142 1143
f 1143 1142 1144
f 1143 1144 1145
f 1145 1144 1129
f 1145 1129 1124
f 1124 1129 1006
f 1124 1006 1005
f 1044 1106 1117
f 1117 1106 1141
f 1117 1141 1128
f 1128 1141 1143
f 1128 1143 1127
f 1127 1143 1145
f 1127 1145 1122
f 1122 1145 1124
f 1122 1124 1121
f 1121 1124 1085
f 1121 1085 1086
f 970 1113 1114
f 1114 1113 1107
f 1114 1107 1133
f 1133 1107 1019
f 1133 1019 1018
f 1079 1114 1115
f 1115 1114 1133
f 1115 1133 1146
f 1146 1133 1132
f 1146 1132 1147
f 1147 1132 1131
f 1147 1131 1148
f 1148 1131 1134
f 1148 1134 1149
f 1149 1134 1110
f 1149 1110 1130
f 1130 1110 1050
f 1130 1050 1049
f 1074 1075 966
f 966 1075 1076
f 966 1076 1037
f 1037 1076 1077
f 1037 1077 1038
f 1038 1077 1078
f 1038 1078 1039
f 1039 1078 1115
f 1039 1115 1136
f 1136 1115 1146
f 1136 1146 1135
f 1135 1146 1147
f 1135 1147 1140
f 1140 1147 1148
f 1140 1148 1142
f 1142 1148 1149
f 1142 1149 1144
f 1144 1149 1130
f 1144 1130 1129
f 1129 1130 1008
f 1129 1008 1007
f 1150 1151 1152
f 1153 1154 1155
f 1156 1157 1158
f 1159 1160 1161
f 1162 1163 1164
f 1164 1163 1165
f 1164 1165 1166
f 1167 1168 1169
f 1169 1168 1170
f 1171 1172 1156
f 1173 1174 1175
f 1175 1174 1176
f 1175 1176 1177
f 1178 1179 1180
f 1180 1179 1181
f 1181 1182 1180
f 1180 1182 1183
f 1180 1183 1184
f 1184 1183 1185
f 1185 1186 1184
f 1184 1186 1187
f 1184 1187 1188
f 1187 1189 1188
f 1188 1189 1190
f 1188 1190 1191
f 1191 1190 1192
f 1191 1192 1193
f 1193 1192 1194
f 1193 1194 1195
f 1196 1197 1198
f 1198 1197 1199
f 1198 1199 1200
f 1200 1199 1201
f 1200 1201 1202
f 1202 1201 1203
f 1202 1203 1204
f 1204 1203 1205
f 1204 1205 1180
f 1180 1205 1195
f 1180 1195 1178
f 1178 1195 1194
f 1206 1207 1196
f 1196 1207 1208
f 1196 1208 1197
f 1206 1209 1210
f 1206 1210 1211
f 1212 1213 1214
f 1210 1215 1211
f 1211 1215 1216
f 1211 1216 1212
f 1212 1216 1217
f 1212 1217 1213
f 1218 1219 1220
f 1220 1219 1221
f 1220 1221 1222
f 1222 1221 1212
f 1222 1212 1223
f 1223 1212 1224
f 1225 1226 1227
f 1227 1226 1219
f 1227 1219 1228
f 1228 1219 1218
f 1214 1229 1212
f 1212 1229 1230
f 1212 1230 1224
f 1224 1230 1231
f 1225 1232 1226
f 1226 1232 1233
f 1226 1233 1230
f 1230 1233 1234
f 1230 1234 1231
f 1235 1236 1226
f 1226 1236 1237
f 1226 1237 1219
f 1219 1237 1238
f 1238 1239 1219
f 1219 1239 1240
f 1219 1240 1241
f 1241 1240 1242
f 1241 1242 1243
f 1243 1242 1244
f 1245 1246 1247
f 1246 1245 1248
f 1248 1245 1249
f 1248 1249 1250
f 1250 1249 1251
f 1250 1251 1252
f 1252 1251 1253
f 1253 1251 1254
f 1253 1254 1255
f 1256 1257 1258
f 1209 1206 1259
f 1259 1206 1196
f 1259 1196 1260
f 1260 1196 1198
f 1260 1198 1261
f 1261 1198 1200
f 1261 1200 1262
f 1155 1154 1263
f 1154 1264 1263
f 1263 1264 1265
f 1263 1265 1266
f 1267 1268 1254
f 1254 1268 1269
f 1254 1269 1255
f 1255 1269 1270
f 1255 1270 1271
f 1271 1270 1272
f 1271 1272 1161
f 1273 1274 1275
f 1275 1274 1276
f 1275 1276 1277
f 1277 1276 1278
f 1278 1279 1277
f 1277 1279 1280
f 1277 1280 1281
f 1281 1280 1282
f 1281 1282 1267
f 1283 1284 1285
f 1285 1284 1286
f 1285 1286 1287
f 1287 1172 1285
f 1285 1172 1171
f 1285 1171 1283
f 1283 1171 1288
f 1283 1288 1289
f 1290 1174 1287
f 1287 1174 1173
f 1287 1173 1172
f 1176 1291 1292
f 1176 1292 1293
f 1293 1292 1294
f 1293 1294 1289
f 1290 1295 1174
f 1174 1295 1296
f 1174 1296 1176
f 1176 1296 1297
f 1176 1297 1291
f 1204 1298 1202
f 1202 1298 1299
f 1202 1299 1200
f 1200 1299 1300
f 1200 1300 1262
f 1262 1300 1301
f 1262 1301 1302
f 1302 1301 1303
f 1302 1303 1304
f 1304 1303 1305
f 1304 1305 1306
f 1306 1305 1307
f 1306 1307 1152
f 1152 1307 1308
f 1152 1308 1150
f 1309 1310 1311
f 1311 1310 1312
f 1311 1312 1313
f 1314 1151 1315
f 1188 1177 1184
f 1184 1177 1176
f 1184 1176 1316
f 1316 1176 1293
f 1289 1288 1293
f 1293 1288 1317
f 1293 1317 1316
f 1316 1317 1318
f 1316 1318 1184
f 1184 1318 1319
f 1184 1319 1180
f 1180 1319 1320
f 1180 1320 1204
f 1214 1256 1229
f 1229 1256 1258
f 1229 1258 1230
f 1230 1258 1321
f 1230 1321 1226
f 1226 1321 1266
f 1226 1266 1235
f 1235 1266 1265
f 1156 1158 1171
f 1171 1158 1322
f 1171 1322 1288
f 1288 1322 1323
f 1288 1323 1317
f 1317 1323 1324
f 1317 1324 1318
f 1257 1261 1258
f 1258 1261 1262
f 1258 1262 1321
f 1321 1262 1302
f 1321 1302 1266
f 1266 1302 1304
f 1266 1304 1263
f 1263 1304 1306
f 1325 1326 1168
f 1327 1328 1322
f 1322 1328 1329
f 1322 1329 1330
f 1330 1329 1331
f 1330 1331 1332
f 1325 1168 1333
f 1326 1334 1168
f 1168 1334 1158
f 1168 1158 1170
f 1170 1158 1157
f 1334 1335 1158
f 1158 1335 1336
f 1158 1336 1322
f 1322 1336 1337
f 1322 1337 1327
f 1314 1277 1151
f 1151 1277 1281
f 1151 1281 1152
f 1152 1281 1338
f 1152 1338 1306
f 1306 1338 1339
f 1306 1339 1263
f 1263 1339 1340
f 1263 1340 1155
f 1155 1340 1243
f 1155 1243 1153
f 1153 1243 1244
f 1332 1333 1330
f 1330 1333 1168
f 1330 1168 1165
f 1165 1168 1167
f 1165 1167 1166
f 1166 1167 1169
f 1267 1254 1281
f 1281 1254 1251
f 1281 1251 1338
f 1338 1251 1249
f 1338 1249 1339
f 1339 1249 1245
f 1339 1245 1340
f 1340 1245 1247
f 1340 1247 1243
f 1341 1342 1277
f 1342 1343 1277
f 1277 1343 1344
f 1277 1344 1275
f 1345 1341 1346
f 1346 1341 1277
f 1346 1277 1312
f 1312 1277 1314
f 1312 1314 1313
f 1313 1314 1315
f 1344 1347 1275
f 1275 1347 1348
f 1275 1348 1349
f 1272 1273 1161
f 1161 1273 1275
f 1161 1275 1159
f 1159 1275 1349
f 1159 1349 1350
f 1350 1351 1159
f 1159 1351 1352
f 1159 1352 1346
f 1346 1352 1353
f 1346 1353 1345
f 1309 1323 1310
f 1310 1323 1322
f 1310 1322 1312
f 1312 1322 1330
f 1312 1330 1346
f 1346 1330 1165
f 1346 1165 1159
f 1159 1165 1163
f 1159 1163 1160
f 1160 1163 1162
f 1354 1355 1356
f 1357 1358 1359
f 1359 1360 1357
f 1357 1360 1361
f 1357 1361 1362
f 1363 1364 1365
f 1365 1364 1366
f 1365 1366 1367
f 1367 1366 1368
f 1367 1368 1369
f 1369 1368 1370
f 1369 1370 1371
f 1371 1370 1372
f 1371 1372 1373
f 1373 1372 1374
f 1373 1374 1362
f 1362 1374 1375
f 1362 1375 1357
f 1376 1377 1378
f 1378 1379 1376
f 1376 1379 1380
f 1376 1380 1381
f 1381 1380 1382
f 1381 1382 1383
f 1384 1385 1386
f 1386 1385 1387
f 1387 1388 1386
f 1386 1388 1389
f 1386 1389 1390
f 1391 1392 1393
f 1393 1392 1394
f 1393 1394 1395
f 1395 1396 1393
f 1393 1396 1397
f 1393 1397 1398
f 1398 1399 1393
f 1393 1399 1400
f 1393 1400 1376
f 1376 1400 1401
f 1376 1401 1377
f 1402 1403 1404
f 1404 1403 1405
f 1404 1405 1406
f 1406 1405 1407
f 1407 1408 1406
f 1406 1408 1409
f 1406 1409 1410
f 1410 1411 1406
f 1406 1411 1412
f 1406 1412 1413
f 1413 1412 1414
f 1413 1414 1386
f 1386 1414 1415
f 1386 1415 1384
f 1416 1417 1418
f 1418 1417 1419
f 1416 1420 1417
f 1417 1420 1421
f 1417 1421 1422
f 1422 1421 1423
f 1422 1423 1402
f 1402 1423 1424
f 1402 1424 1403
f 1425 1426 1427
f 1427 1426 1428
f 1427 1428 1429
f 1429 1430 1427
f 1427 1430 1431
f 1427 1431 1432
f 1432 1433 1434
f 1434 1433 1435
f 1434 1435 1436
f 1436 1437 1434
f 1434 1437 1438
f 1434 1438 1439
f 1419 1417 1439
f 1439 1417 1440
f 1439 1440 1434
f 1383 1441 1381
f 1381 1441 1442
f 1381 1442 1443
f 1443 1442 1444
f 1443 1444 1445
f 1445 1446 1443
f 1443 1446 1447
f 1443 1447 1448
f 1448 1449 1443
f 1443 1449 1450
f 1443 1450 1427
f 1427 1450 1451
f 1427 1451 1425
f 1452 1453 1454
f 1454 1453 1455
f 1454 1455 1456
f 1456 1457 1454
f 1454 1457 1458
f 1454 1458 1459
f 1460 1461 1462
f 1462 1461 1463
f 1462 1463 1464
f 1464 1463 1465
f 1464 1465 1466
f 1460 1467 1461
f 1461 1467 1468
f 1461 1468 1469
f 1470 1471 1472
f 1472 1471 1473
f 1472 1473 1474
f 1474 1475 1472
f 1472 1475 1476
f 1472 1476 1454
f 1454 1476 1477
f 1454 1477 1452
f 1478 1479 1465
f 1479 1480 1465
f 1465 1480 1481
f 1465 1481 1466
f 1482 1483 1484
f 1484 1485 1482
f 1482 1485 1486
f 1482 1486 1487
f 1487 1486 1488
f 1488 1489 1487
f 1487 1489 1490
f 1487 1490 1491
f 1491 1490 1492
f 1491 1492 1465
f 1465 1492 1493
f 1465 1493 1478
f 1494 1495 1496
f 1496 1495 1497
f 1494 1498 1495
f 1495 1498 1499
f 1495 1499 1500
f 1500 1501 1495
f 1495 1501 1502
f 1495 1502 1503
f 1503 1502 1504
f 1503 1504 1483
f 1483 1504 1505
f 1483 1505 1484
f 1506 1507 1508
f 1508 1507 1509
f 1506 1510 1511
f 1511 1510 1512
f 1512 1510 1513
f 1512 1513 1495
f 1495 1513 1514
f 1495 1514 1497
f 1515 1516 1509
f 1515 1509 1517
f 1516 1518 1509
f 1509 1518 1519
f 1509 1519 1520
f 1520 1521 1509
f 1509 1521 1522
f 1509 1522 1508
f 1458 1523 1459
f 1459 1523 1524
f 1459 1524 1525
f 1525 1526 1459
f 1459 1526 1527
f 1459 1527 1528
f 1528 1527 1529
f 1528 1529 1530
f 1530 1531 1528
f 1528 1531 1532
f 1528 1532 1509
f 1509 1532 1533
f 1509 1533 1517
f 1534 1535 1536
f 1537 1538 1539
f 1539 1538 1540
f 1539 1540 1541
f 1535 1542 1536
f 1536 1542 1543
f 1536 1543 1544
f 1363 1354 1364
f 1364 1354 1356
f 1364 1356 1545
f 1545 1356 1536
f 1545 1536 1546
f 1546 1536 1544
f 1547 1548 1549
f 1549 1550 1547
f 1547 1550 1551
f 1547 1551 1552
f 1552 1551 1553
f 1552 1553 1554
f 1554 1555 1552
f 1552 1555 1556
f 1552 1556 1557
f 1557 1556 1558
f 1557 1558 1539
f 1539 1558 1559
f 1539 1559 1537
f 1560 1561 1562
f 1358 1357 1563
f 1563 1357 1564
f 1563 1564 1565
f 1565 1566 1563
f 1563 1566 1567
f 1563 1567 1568
f 1568 1569 1563
f 1563 1569 1570
f 1563 1570 1560
f 1561 1571 1562
f 1562 1571 1572
f 1562 1572 1573
f 1573 1574 1562
f 1562 1574 1575
f 1562 1575 1576
f 1576 1575 1577
f 1576 1577 1548
f 1548 1577 1578
f 1548 1578 1549
f 1579 1580 1581
f 1579 1582 1580
f 1580 1582 1583
f 1580 1583 1584
f 1541 1534 1539
f 1539 1534 1536
f 1539 1536 1585
f 1585 1536 1584
f 1585 1584 1586
f 1586 1584 1583
f 1560 1562 1563
f 1563 1562 1587
f 1563 1587 1588
f 1587 1589 1588
f 1588 1589 1590
f 1588 1590 1591
f 1592 1593 1594
f 1594 1593 1591
f 1594 1591 1595
f 1595 1591 1590
f 1592 1596 1593
f 1593 1596 1597
f 1593 1597 1598
f 1597 1599 1598
f 1598 1599 1600
f 1598 1600 1601
f 1390 1391 1386
f 1386 1391 1393
f 1386 1393 1602
f 1602 1393 1601
f 1602 1601 1603
f 1603 1601 1600
f 1432 1434 1427
f 1427 1434 1604
f 1427 1604 1605
f 1604 1606 1605
f 1605 1606 1607
f 1605 1607 1608
f 1607 1609 1608
f 1608 1609 1610
f 1608 1610 1611
f 1610 1612 1611
f 1611 1612 1613
f 1611 1613 1614
f 1613 1615 1614
f 1614 1615 1616
f 1614 1616 1617
f 1616 1618 1617
f 1617 1618 1619
f 1617 1619 1620
f 1619 1621 1620
f 1620 1621 1622
f 1620 1622 1623
f 1622 1624 1623
f 1623 1624 1625
f 1623 1625 1626
f 1625 1627 1626
f 1626 1627 1628
f 1626 1628 1629
f 1628 1630 1629
f 1629 1630 1631
f 1629 1631 1632
f 1631 1633 1632
f 1632 1633 1634
f 1632 1634 1635
f 1634 1636 1635
f 1635 1636 1637
f 1635 1637 1638
f 1637 1639 1638
f 1638 1639 1640
f 1638 1640 1641
f 1469 1470 1461
f 1461 1470 1472
f 1461 1472 1642
f 1642 1472 1641
f 1642 1641 1643
f 1643 1641 1640
f 1506 1511 1507
f 1507 1511 1644
f 1507 1644 1645
f 1644 1646 1645
f 1645 1646 1647
f 1645 1647 1581
f 1581 1647 1648
f 1581 1648 1579
f 1649 1650 1651
f 1652 1653 1654
f 1654 1653 1655
f 1654 1655 1656
f 1656 1655 1657
f 1656 1657 1658
f 1658 1657 1659
f 1658 1659 1660
f 1660 1659 1661
f 1660 1661 1662
f 1662 1661 1663
f 1662 1663 1664
f 1664 1663 1665
f 1664 1665 1651
f 1651 1665 1666
f 1651 1666 1649
f 1667 1668 1669
f 1670 1671 1672
f 1673 1674 1675
f 1676 1654 1656
f 1677 1678 1679
f 1679 1678 1680
f 1680 1678 1681
f 1680 1681 1682
f 1682 1681 1683
f 1682 1683 1684
f 1684 1683 1685
f 1684 1685 1686
f 1686 1685 1687
f 1686 1687 1688
f 1688 1687 1689
f 1688 1689 1690
f 1691 1692 1693
f 1693 1692 1694
f 1694 1692 1695
f 1694 1695 1696
f 1696 1695 1697
f 1696 1697 1698
f 1698 1697 1699
f 1698 1699 1700
f 1701 1702 1703
f 1703 1702 1704
f 1703 1704 1705
f 1705 1704 1706
f 1705 1706 1707
f 1707 1706 1670
f 1707 1670 1708
f 1708 1670 1672
f 1708 1672 1709
f 1709 1672 1710
f 1709 1710 1711
f 1711 1710 1712
f 1711 1712 1713
f 1713 1712 1714
f 1713 1714 1715
f 1715 1714 1716
f 1715 1716 1717
f 1717 1716 1718
f 1717 1718 1719
f 1719 1718 1720
f 1719 1720 1721
f 1721 1720 1722
f 1721 1722 1699
f 1699 1722 1723
f 1699 1723 1700
f 1724 1725 1726
f 1726 1725 1727
f 1726 1727 1728
f 1728 1727 1729
f 1728 1729 1730
f 1730 1729 1731
f 1730 1731 1732
f 1732 1731 1733
f 1732 1733 1734
f 1734 1733 1735
f 1734 1735 1736
f 1737 1702 1738
f 1738 1702 1701
f 1738 1701 1739
f 1739 1701 1740
f 1739 1740 1741
f 1741 1740 1742
f 1741 1742 1669
f 1669 1742 1736
f 1669 1736 1667
f 1667 1736 1735
f 1651 1725 1664
f 1664 1725 1724
f 1664 1724 1662
f 1662 1724 1743
f 1662 1743 1660
f 1660 1743 1744
f 1660 1744 1658
f 1658 1744 1745
f 1658 1745 1656
f 1656 1745 1677
f 1656 1677 1676
f 1676 1677 1679
f 1693 1673 1691
f 1691 1673 1675
f 1691 1675 1746
f 1746 1675 1747
f 1746 1747 1748
f 1748 1747 1749
f 1748 1749 1689
f 1689 1749 1750
f 1689 1750 1690
f 1751 1752 1753
f 1754 1755 1756
f 1756 1757 1754
f 1754 1757 1758
f 1754 1758 1759
f 1759 1758 1760
f 1759 1760 1761
f 1761 1760 1762
f 1761 1762 1763
f 1763 1762 1764
f 1763 1764 1765
f 1765 1764 1766
f 1765 1766 1767
f 1767 1766 1768
f 1767 1768 1769
f 1769 1768 1770
f 1769 1770 1771
f 1771 1770 1772
f 1771 1772 1773
f 1773 1772 1774
f 1773 1774 1775
f 1775 1774 1776
f 1775 1776 1777
f 1777 1776 1753
f 1753 1776 1778
f 1753 1778 1751
f 1751 1778 1779
f 1751 1779 1780
f 1780 1779 1756
f 1780 1756 1781
f 1781 1756 1755
f 1781 1755 1782
f 1783 1784 1785
f 1786 1783 1787
f 1788 1789 1790
f 1790 1789 1791
f 1790 1791 1792
f 1792 1791 1793
f 1792 1793 1794
f 1794 1793 1795
f 1794 1795 1796
f 1796 1795 1797
f 1796 1797 1798
f 1798 1797 1799
f 1798 1799 1800
f 1800 1799 1801
f 1800 1801 1802
f 1802 1801 1803
f 1802 1803 1804
f 1804 1803 1786
f 1804 1786 1805
f 1805 1786 1787
f 1806 1807 1808
f 1783 1785 1787
f 1787 1785 1809
f 1787 1809 1810
f 1810 1809 1811
f 1810 1811 1812
f 1812 1811 1806
f 1812 1806 1813
f 1813 1806 1808
f 1813 1808 1788
f 1788 1808 1814
f 1788 1814 1789
f 1815 1816 1817
f 1669 1668 1818
f 1819 1820 1821
f 1821 1820 1822
f 1821 1822 1823
f 1823 1822 1818
f 1823 1818 1824
f 1824 1818 1668
f 1825 1737 1826
f 1826 1737 1827
f 1826 1827 1817
f 1817 1827 1828
f 1817 1828 1815
f 1737 1738 1827
f 1827 1738 1739
f 1827 1739 1818
f 1818 1739 1741
f 1818 1741 1669
f 1829 1690 1830
f 1831 1832 1833
f 1833 1832 1834
f 1675 1674 1835
f 1836 1837 1838
f 1838 1837 1839
f 1838 1839 1840
f 1840 1839 1835
f 1840 1835 1841
f 1841 1835 1674
f 1834 1832 1830
f 1830 1832 1842
f 1830 1842 1829
f 1690 1750 1830
f 1830 1750 1749
f 1830 1749 1835
f 1835 1749 1747
f 1835 1747 1675
f 1843 1844 1845
f 1846 1847 1848
f 1848 1847 1849
f 1848 1849 1850
f 1843 1845 1851
f 1712 1710 1852
f 1850 1849 1853
f 1853 1849 1852
f 1853 1852 1854
f 1854 1852 1710
f 1854 1710 1855
f 1845 1856 1851
f 1851 1856 1857
f 1851 1857 1858
f 1858 1857 1859
f 1858 1859 1722
f 1722 1859 1860
f 1722 1860 1723
f 1723 1860 1861
f 1710 1672 1855
f 1855 1672 1671
f 1855 1671 1862
f 1862 1863 1855
f 1855 1863 1864
f 1855 1864 1865
f 1852 1866 1712
f 1712 1866 1867
f 1712 1867 1714
f 1714 1867 1868
f 1714 1868 1716
f 1716 1868 1869
f 1716 1869 1718
f 1718 1869 1870
f 1718 1870 1720
f 1720 1870 1871
f 1720 1871 1722
f 1722 1871 1872
f 1722 1872 1858
f 1873 1874 1875
f 1875 1874 1876
f 1875 1876 1861
f 1861 1876 1700
f 1861 1700 1723
f 1877 1878 1879
f 1853 1854 1880
f 1881 1882 1846
f 1883 1877 1884
f 1884 1885 1883
f 1883 1885 1886
f 1883 1886 1887
f 1887 1886 1888
f 1887 1888 1889
f 1889 1888 1890
f 1889 1890 1891
f 1891 1890 1892
f 1891 1892 1893
f 1893 1892 1894
f 1893 1894 1895
f 1895 1894 1896
f 1895 1896 1897
f 1898 1850 1899
f 1899 1850 1853
f 1899 1853 1900
f 1900 1853 1880
f 1900 1880 1897
f 1897 1880 1901
f 1897 1901 1895
f 1877 1879 1884
f 1884 1879 1902
f 1884 1902 1903
f 1903 1902 1904
f 1903 1904 1905
f 1905 1904 1881
f 1905 1881 1906
f 1906 1881 1846
f 1906 1846 1898
f 1898 1846 1848
f 1898 1848 1850
f 1907 1908 1844
f 1909 1910 1843
f 1843 1910 1911
f 1843 1911 1844
f 1844 1911 1912
f 1844 1912 1907
f 1846 1882 1847
f 1847 1882 1913
f 1847 1913 1849
f 1914 1915 1830
f 1916 1917 1918
f 1918 1917 1830
f 1918 1830 1919
f 1919 1830 1915
f 1916 1920 1917
f 1917 1920 1921
f 1917 1921 1922
f 1922 1921 1923
f 1924 1925 1926
f 1926 1925 1927
f 1926 1927 1928
f 1928 1927 1929
f 1928 1929 1923
f 1923 1929 1930
f 1923 1930 1922
f 1924 1931 1925
f 1925 1931 1932
f 1925 1932 1835
f 1835 1932 1933
f 1835 1933 1934
f 1934 1935 1835
f 1835 1935 1936
f 1835 1936 1830
f 1830 1936 1937
f 1830 1937 1914
f 1938 1832 1831
f 1939 1784 1831
f 1831 1784 1783
f 1831 1783 1938
f 1836 1838 1940
f 1940 1941 1836
f 1836 1941 1942
f 1836 1942 1943
f 1943 1944 1836
f 1836 1944 1945
f 1836 1945 1946
f 1877 1947 1816
f 1816 1947 1817
f 1948 1949 1816
f 1816 1949 1950
f 1816 1950 1877
f 1877 1950 1951
f 1877 1951 1878
f 1821 1952 1819
f 1819 1952 1753
f 1953 1819 1954
f 1954 1819 1955
f 1955 1819 1956
f 1956 1819 1753
f 1956 1753 1752
f 1957 1958 1959
f 1960 1961 1962
f 1962 1961 1963
f 1962 1963 1959
f 1959 1963 1964
f 1959 1964 1957
f 1965 1966 1827
f 1827 1966 1967
f 1827 1967 1962
f 1962 1967 1968
f 1962 1968 1960
f 1958 1969 1959
f 1959 1969 1970
f 1959 1970 1818
f 1970 1971 1818
f 1818 1971 1972
f 1818 1972 1973
f 1973 1974 1818
f 1818 1974 1975
f 1818 1975 1827
f 1827 1975 1976
f 1827 1976 1965
f 1654 1676 1652
f 1652 1676 1808
f 1652 1808 1977
f 1977 1808 1807
f 1725 1651 1650
f 1978 1782 1650
f 1650 1782 1755
f 1650 1755 1725
f 1925 1835 1979
f 1979 1835 1839
f 1979 1839 1980
f 1980 1839 1837
f 1980 1837 1946
f 1946 1837 1836
f 1939 1831 1981
f 1981 1831 1833
f 1981 1833 1982
f 1982 1833 1834
f 1982 1834 1917
f 1917 1834 1830
f 1959 1818 1983
f 1983 1818 1822
f 1983 1822 1984
f 1984 1822 1820
f 1984 1820 1953
f 1953 1820 1819
f 1948 1816 1985
f 1985 1816 1815
f 1985 1815 1986
f 1986 1815 1828
f 1986 1828 1962
f 1962 1828 1827
f 1844 1908 1987
f 1845 1844 1988
f 1989 1990 1991
f 1988 1992 1845
f 1845 1992 1993
f 1845 1993 1856
f 1856 1993 1994
f 1856 1994 1857
f 1857 1994 1991
f 1857 1991 1859
f 1859 1991 1990
f 1859 1990 1860
f 1995 1996 1997
f 1997 1996 1998
f 1997 1998 1999
f 1999 1998 2000
f 1999 2000 2001
f 2001 2000 2002
f 2001 2002 2003
f 2003 2002 2004
f 2003 2004 2005
f 2005 2004 1989
f 2005 1989 2006
f 2006 1989 1991
f 2007 1942 1941
f 1844 1987 1988
f 1988 1987 2008
f 1988 2008 2009
f 2009 2008 2007
f 2009 2007 2010
f 2010 2007 1941
f 2010 1941 1995
f 1995 1941 2011
f 1995 2011 1996
f 1657 2012 1659
f 1659 2012 2013
f 1659 2013 1661
f 1661 2013 2014
f 1661 2014 1663
f 1663 2014 2015
f 1663 2015 1665
f 1665 2015 2016
f 1652 2017 2018
f 1652 2018 1653
f 2018 2019 1653
f 1653 2019 2020
f 1653 2020 1655
f 1655 2020 2021
f 1655 2021 1657
f 1657 2021 2012
f 1665 2016 1666
f 1666 2016 2022
f 1666 2022 1649
f 1649 2022 2023
f 1649 2023 1650
f 1650 2023 1978
f 2024 2025 1871
f 1871 2025 2026
f 1871 2026 2027
f 2027 2026 2028
f 2027 2028 2029
f 2029 2028 2030
f 2029 2030 2031
f 1869 2032 2033
f 1869 2033 1870
f 1870 2033 2034
f 1870 2034 2035
f 2035 2036 1870
f 1870 2036 2037
f 1870 2037 1871
f 1871 2037 2038
f 1871 2038 2024
f 1868 2039 2040
f 2040 2041 1868
f 1868 2041 2042
f 1868 2042 1869
f 1869 2042 2043
f 1869 2043 2032
f 2039 1868 2044
f 2044 1868 1867
f 2044 1867 2045
f 2031 2046 2029
f 2029 2046 2047
f 2029 2047 2048
f 2048 2047 2049
f 2048 2049 2050
f 2050 2049 2051
f 2050 2051 2052
f 2051 2053 2052
f 2052 2053 2054
f 2052 2054 2055
f 2055 2056 2052
f 2052 2056 2057
f 2052 2057 2058
f 2058 2057 2059
f 2058 2059 2060
f 2060 2059 2061
f 2060 2061 1867
f 1867 2061 2062
f 1867 2062 2045
f 1871 2027 1872
f 1872 2027 2063
f 1872 2063 1858
f 1858 2063 2064
f 1858 2064 1909
f 1909 2064 2065
f 1849 1913 1852
f 1852 1913 2066
f 1852 2066 1866
f 1866 2066 2067
f 1866 2067 1867
f 1867 2067 2060
f 1932 2068 1933
f 1933 2068 2069
f 1933 2069 1934
f 1934 2069 2070
f 1934 2070 1935
f 1935 2070 2071
f 1935 2071 1936
f 1936 2071 2072
f 1936 2072 1937
f 1937 2072 2073
f 1937 2073 1914
f 1914 2073 2074
f 1914 2074 1915
f 1915 2074 2075
f 1915 2075 1919
f 1919 2075 2076
f 1919 2076 1918
f 1918 2076 2077
f 1918 2077 1916
f 1916 2077 2078
f 1916 2078 1920
f 1920 2078 2079
f 1920 2079 1921
f 1921 2079 2080
f 1921 2080 1923
f 1923 2080 2081
f 1923 2081 1928
f 1928 2081 2082
f 1928 2082 1926
f 1926 2082 2083
f 1926 2083 1924
f 1924 2083 2084
f 1924 2084 1931
f 1931 2084 2085
f 1931 2085 1932
f 1932 2085 2068
f 2051 2049 2086
f 2046 2087 2047
f 2047 2087 2088
f 2047 2088 2049
f 2049 2088 2089
f 2049 2089 2086
f 2086 2090 2051
f 2051 2090 2091
f 2051 2091 2053
f 2053 2091 2092
f 2053 2092 2054
f 2092 2093 2054
f 2054 2093 2094
f 2054 2094 2055
f 2094 2095 2055
f 2055 2095 2096
f 2055 2096 2056
f 2056 2096 2097
f 2056 2097 2057
f 2097 2098 2057
f 2057 2098 2099
f 2057 2099 2059
f 2099 2100 2059
f 2059 2100 2101
f 2059 2101 2061
f 2061 2101 2102
f 2061 2102 2062
f 2103 2044 2104
f 2104 2044 2045
f 2104 2045 2105
f 2105 2045 2062
f 2105 2062 2106
f 2106 2062 2102
f 2103 2107 2044
f 2044 2107 2108
f 2044 2108 2039
f 2039 2108 2109
f 2039 2109 2040
f 2040 2109 2110
f 2040 2110 2041
f 2032 2043 2111
f 2110 2112 2041
f 2041 2112 2113
f 2041 2113 2042
f 2042 2113 2114
f 2042 2114 2043
f 2043 2114 2115
f 2043 2115 2111
f 2111 2116 2032
f 2032 2116 2117
f 2032 2117 2033
f 2033 2117 2118
f 2033 2118 2034
f 2118 2119 2034
f 2034 2119 2120
f 2034 2120 2035
f 2120 2121 2035
f 2035 2121 2122
f 2035 2122 2036
f 2036 2122 2123
f 2036 2123 2037
f 2123 2124 2037
f 2037 2124 2125
f 2037 2125 2038
f 2125 2126 2038
f 2038 2126 2127
f 2038 2127 2024
f 2024 2127 2128
f 2024 2128 2025
f 2129 2028 2130
f 2130 2028 2026
f 2130 2026 2131
f 2131 2026 2025
f 2131 2025 2132
f 2132 2025 2128
f 2129 2133 2028
f 2028 2133 2134
f 2028 2134 2030
f 2030 2134 2135
f 2030 2135 2031
f 2031 2135 2136
f 2031 2136 2046
f 2046 2136 2137
f 2046 2137 2087
f 1697 1695 2138
f 2138 1695 2139
f 2139 1695 1692
f 2139 1692 2140
f 2140 1692 1691
f 2140 1691 2141
f 2141 1691 1746
f 2141 1746 2142
f 2142 1746 1748
f 2142 1748 2143
f 2143 1748 1689
f 2143 1689 2144
f 2144 1689 1687
f 2144 1687 2145
f 2145 1687 1685
f 2145 1685 2146
f 2146 1685 1683
f 2146 1683 2147
f 2147 1683 1681
f 2147 1681 2148
f 2148 1681 1678
f 2148 1678 2149
f 2149 1678 1677
f 2149 1677 2150
f 2150 1677 1745
f 2150 1745 2151
f 2151 1745 1744
f 2151 1744 2152
f 2152 1744 1743
f 2152 1743 2153
f 2153 1743 1724
f 2153 1724 2154
f 2154 1724 1726
f 2154 1726 2155
f 2155 1726 1728
f 2155 1728 2156
f 2156 1728 1730
f 2156 1730 2157
f 2157 1730 1732
f 2157 1732 2158
f 2158 1732 1734
f 2158 1734 2159
f 2159 1734 1736
f 2159 1736 2160
f 2160 1736 1742
f 2160 1742 2161
f 2161 1742 1740
f 2161 1740 2162
f 2162 1740 1701
f 2162 1701 2163
f 2163 1701 1703
f 2163 1703 2164
f 2164 1703 1705
f 2164 1705 2165
f 1705 1707 2165
f 2165 1707 1708
f 2165 1708 2166
f 2166 1708 1709
f 2166 1709 2167
f 2167 1709 1711
f 2167 1711 2168
f 2168 1711 1713
f 2168 1713 2169
f 2169 1713 1715
f 2169 1715 2170
f 2170 1715 1717
f 2170 1717 2171
f 2171 1717 1719
f 2171 1719 2172
f 2172 1719 1721
f 2172 1721 2173
f 2173 1721 1699
f 2173 1699 2174
f 2174 1699 1697
f 2174 1697 2175
f 2175 1697 2138
f 2176 2177 2178
f 2048 2179 2029
f 1953 1954 2180
f 2181 2182 2183
f 2184 2185 2181
f 2186 2187 2188
f 2188 2187 2189
f 2188 2189 2190
f 2191 2192 2193
f 2193 2192 2194
f 2193 2194 2195
f 2196 2197 2198
f 2199 2200 2201
f 2202 2203 2204
f 2204 2203 2205
f 2184 2206 2207
f 2183 2182 2208
f 2208 2182 2209
f 2208 2209 2210
f 2210 2209 2211
f 2210 2211 2186
f 1907 2212 1908
f 1908 2212 2213
f 2007 2008 2214
f 2214 2008 2213
f 2213 2008 1987
f 2213 1987 1908
f 2007 2214 1942
f 1942 2214 2215
f 1942 2215 1943
f 1946 1945 2216
f 2216 1945 1944
f 2216 1944 2217
f 2217 1944 1943
f 1979 1980 1925
f 1925 1980 1946
f 1925 1946 1927
f 1927 1946 2216
f 2218 2219 1929
f 2220 1922 1930
f 1982 1917 1981
f 1981 1917 2177
f 1981 2177 1939
f 1939 2177 2176
f 1939 2176 1784
f 1784 2176 2221
f 1784 2221 1785
f 1785 2221 2222
f 1785 2222 2223
f 2224 2225 2226
f 2226 2225 1807
f 2226 1807 2227
f 2227 1807 1806
f 2227 1806 2228
f 2228 1806 1811
f 2228 1811 2223
f 2223 1811 1809
f 2223 1809 1785
f 2020 2019 2229
f 2229 2019 2018
f 2014 2229 2015
f 2015 2229 2016
f 2021 2020 2012
f 2012 2020 2229
f 2012 2229 2013
f 2013 2229 2014
f 2022 2016 2023
f 2023 2016 2229
f 2023 2229 1978
f 1978 2229 2230
f 1978 2230 2231
f 2232 1978 2233
f 2233 1978 2231
f 2233 2231 2234
f 2234 2231 2235
f 1782 2236 2237
f 2237 2236 2238
f 2237 2238 2239
f 2232 2240 1978
f 1978 2240 2241
f 1978 2241 1782
f 1782 2241 2242
f 1782 2242 2236
f 2243 2237 2244
f 2244 2237 2245
f 2244 2245 2246
f 2246 2245 2247
f 1752 2248 2249
f 2243 2250 2237
f 2237 2250 2251
f 2237 2251 1782
f 1782 2251 2252
f 1782 2252 2253
f 2248 1752 2254
f 2254 1752 1751
f 2254 1751 2255
f 2255 1751 1780
f 2255 1780 2253
f 2253 1780 1781
f 2253 1781 1782
f 2256 2257 2258
f 2258 2257 2259
f 2259 1956 2258
f 2258 1956 1752
f 2258 1752 2245
f 2245 1752 2249
f 2245 2249 2247
f 2259 2260 1956
f 1956 2260 2261
f 1956 2261 1955
f 1955 2261 2262
f 1955 2262 2263
f 1986 1962 2264
f 2264 1962 1959
f 2264 1959 1983
f 1949 1948 2264
f 2264 1948 1985
f 2264 1985 1986
f 2265 1950 2266
f 2266 1950 1949
f 2266 1949 2267
f 2267 1949 2264
f 2268 1904 2265
f 2265 1904 1902
f 2265 1902 1879
f 1879 1878 2265
f 2265 1878 1951
f 2265 1951 1950
f 2269 2066 2270
f 2270 2066 1913
f 2270 1913 2271
f 2271 1913 1882
f 2271 1882 2268
f 2268 1882 1881
f 2268 1881 1904
f 2272 2273 2274
f 2273 2058 2274
f 2274 2058 2060
f 2274 2060 2269
f 2269 2060 2067
f 2269 2067 2066
f 2273 2275 2058
f 2058 2275 2276
f 2058 2276 2052
f 2052 2276 2277
f 2052 2277 2050
f 2277 2278 2050
f 2050 2278 2279
f 2050 2279 2048
f 2048 2279 2280
f 2048 2280 2179
f 2179 2280 2281
f 2281 2282 2179
f 2179 2282 2283
f 2179 2283 2274
f 2274 2283 2284
f 2274 2284 2272
f 1910 2064 2179
f 2029 2179 2027
f 2027 2179 2064
f 2027 2064 2063
f 2285 2286 2287
f 2287 2286 2288
f 2287 2288 2289
f 2285 2290 2286
f 2286 2290 2291
f 2286 2291 2292
f 2292 2291 2293
f 2292 2293 2294
f 2289 2288 2295
f 2295 2288 2296
f 2295 2296 2297
f 2297 2298 2299
f 2299 2298 2300
f 2299 2300 2301
f 2301 2300 2302
f 2294 2302 2292
f 2292 2302 2212
f 2292 2212 2303
f 2303 2212 1907
f 2303 1907 2304
f 2304 1907 1912
f 2227 2305 2226
f 2226 2305 2306
f 2226 2306 2224
f 2224 2306 2307
f 2224 2307 2308
f 2309 2310 2311
f 2311 2310 2312
f 2311 2312 2221
f 2221 2312 2313
f 2221 2313 2222
f 2235 2314 2315
f 2315 2314 2316
f 2315 2316 2317
f 2318 2319 2256
f 2263 2320 1955
f 1955 2320 2321
f 1955 2321 2322
f 2322 2321 2323
f 2322 2323 2324
f 2198 2325 2196
f 2196 2325 2192
f 2196 2192 2326
f 2326 2192 2191
f 2326 2191 2319
f 2319 2191 2324
f 2319 2324 2327
f 2327 2324 2323
f 2328 2329 2330
f 2330 2329 2331
f 2330 2331 2332
f 2333 2221 2334
f 2334 2221 2176
f 2334 2176 2335
f 2335 2176 2336
f 2333 2337 2221
f 2221 2337 2338
f 2221 2338 2311
f 2311 2338 2339
f 2311 2339 2340
f 2341 2178 2342
f 2342 2178 2177
f 2342 2177 2220
f 2220 2177 1917
f 2220 1917 1922
f 2235 2231 2314
f 2314 2231 2230
f 2314 2230 2343
f 2343 2230 2229
f 2343 2229 2344
f 2344 2229 2018
f 2344 2018 1977
f 2345 2203 2346
f 2346 2203 2202
f 2346 2202 2197
f 2197 2202 2347
f 2197 2347 2198
f 2201 2205 2199
f 2199 2205 2203
f 2199 2203 2224
f 2224 2203 2345
f 2224 2345 2225
f 2308 2309 2224
f 2224 2309 2311
f 2224 2311 2199
f 2199 2311 2207
f 2199 2207 2200
f 2200 2207 2206
f 1943 2215 2217
f 2217 2215 2218
f 2217 2218 2216
f 2216 2218 1929
f 2216 1929 1927
f 2348 2349 2350
f 2350 2349 2351
f 2350 2351 2352
f 2353 2354 2355
f 2355 2354 2356
f 2355 2356 2341
f 2341 2356 2357
f 2341 2357 2358
f 2340 2328 2311
f 2311 2328 2330
f 2311 2330 2207
f 2207 2330 2350
f 2207 2350 2359
f 2359 2350 2352
f 2352 2360 2359
f 2359 2360 2361
f 2359 2361 2362
f 2358 2348 2341
f 2341 2348 2350
f 2341 2350 2178
f 2178 2350 2330
f 2178 2330 2176
f 2176 2330 2332
f 2176 2332 2336
f 2297 2296 2298
f 2298 2296 2359
f 2298 2359 2355
f 2355 2359 2362
f 2355 2362 2353
f 2256 2258 2318
f 2318 2258 2245
f 2318 2245 2363
f 2363 2245 2237
f 2363 2237 2316
f 2316 2237 2239
f 2316 2239 2317
f 2319 2318 2326
f 2326 2318 2363
f 2326 2363 2196
f 2196 2363 2316
f 2196 2316 2197
f 2197 2316 2314
f 2197 2314 2346
f 2346 2314 2343
f 2346 2343 2345
f 2345 2343 2344
f 2345 2344 2225
f 2225 2344 1977
f 2225 1977 1807
f 2302 2300 2212
f 2212 2300 2298
f 2212 2298 2213
f 2213 2298 2355
f 2213 2355 2214
f 2214 2355 2341
f 2214 2341 2215
f 2215 2341 2342
f 2215 2342 2218
f 2218 2342 2220
f 2218 2220 2219
f 2219 2220 1930
f 2219 1930 1929
f 2184 2207 2185
f 2185 2207 2359
f 2185 2359 2181
f 2181 2359 2296
f 2181 2296 2182
f 2182 2296 2288
f 2182 2288 2209
f 2209 2288 2286
f 2209 2286 2211
f 2195 2188 2193
f 2193 2188 2190
f 2193 2190 2191
f 2191 2190 2364
f 2191 2364 2324
f 2324 2364 2365
f 2324 2365 2322
f 2322 2365 2180
f 2322 2180 1955
f 1955 2180 1954
f 2304 2366 2303
f 2303 2366 2367
f 2303 2367 2292
f 2292 2367 2368
f 2292 2368 2286
f 2286 2368 2369
f 2286 2369 2211
f 2211 2369 2370
f 2371 2372 2271
f 2373 2374 2370
f 2370 2374 2375
f 2370 2375 2376
f 2377 2378 2189
f 2186 2211 2187
f 2187 2211 2370
f 2187 2370 2189
f 2189 2370 2376
f 2189 2376 2377
f 2378 2379 2189
f 2189 2379 2268
f 2189 2268 2190
f 2190 2268 2265
f 2190 2265 2364
f 2364 2265 2266
f 2364 2266 2365
f 2365 2266 2267
f 2365 2267 2180
f 2180 2267 2264
f 2180 2264 1953
f 1953 2264 1983
f 1953 1983 1984
f 2379 2380 2268
f 2268 2380 2381
f 2268 2381 2271
f 2271 2381 2382
f 2271 2382 2371
f 1912 1911 2304
f 2304 1911 1910
f 2304 1910 2366
f 2366 1910 2179
f 2366 2179 2367
f 2367 2179 2274
f 2367 2274 2368
f 2368 2274 2269
f 2368 2269 2369
f 2369 2269 2270
f 2369 2270 2370
f 2370 2270 2271
f 2370 2271 2373
f 2373 2271 2372
f 2383 2384 2385
f 2385 2384 2386
f 2385 2386 2387
f 2387 2386 2388
f 2387 2388 2389
f 2389 2388 2390
f 2389 2390 2391
f 2391 2390 2392
f 2391 2392 2393
f 2393 2392 2394
f 2393 2394 2395
f 2395 2394 2396
f 2395 2396 2397
f 2397 2396 2398
f 2397 2398 2399
f 2399 2398 2400
f 2399 2400 2401
f 2401 2400 2402
f 2401 2402 2403
f 2403 2402 2404
f 2403 2404 2405
f 2405 2404 2406
f 2405 2406 2407
f 2407 2406 2408
f 2407 2408 2409
f 2409 2408 2410
f 2409 2410 2411
f 2411 2410 2412
f 2411 2412 2413
f 2413 2412 2414
f 2413 2414 2415
f 2415 2414 2416
f 2415 2416 2417
f 2417 2416 2418
f 2417 2418 2419
f 2419 2418 2420
f 2419 2420 2421
f 2421 2420 2422
f 2421 2422 2423
f 2423 2422 2424
f 2423 2424 2425
f 2425 2424 2426
f 2425 2426 2427
f 2427 2426 2428
f 2427 2428 2429
f 2429 2428 2430
f 2429 2430 2431
f 2431 2430 2432
f 2431 2432 2433
f 2433 2432 2434
f 2433 2434 2435
f 2435 2434 2436
f 2435 2436 2437
f 2437 2436 2438
f 2437 2438 2439
f 2439 2438 2440
f 2439 2440 2441
f 2441 2440 2442
f 2441 2442 2443
f 2443 2442 2444
f 2443 2444 2445
f 2445 2444 2446
f 2445 2446 2447
f 2447 2446 2448
f 2447 2448 2449
f 2449 2448 2450
f 2449 2450 2451
f 2451 2450 2452
f 2451 2452 2453
f 2453 2452 2454
f 2453 2454 2383
f 2383 2454 2384
f 2455 1967 2456
f 2456 1967 1966
f 2456 1966 2457
f 2457 1966 1965
f 2457 1965 2458
f 2458 1965 1976
f 2458 1976 2459
f 2459 1976 1975
f 2459 1975 2460
f 2460 1975 1974
f 2460 1974 2461
f 2461 1974 1973
f 2461 1973 2462
f 2462 1973 1972
f 2462 1972 2463
f 2463 1972 1971
f 2463 1971 2464
f 2464 1971 1970
f 2464 1970 2465
f 2465 1970 1969
f 2465 1969 2466
f 2466 1969 1958
f 2466 1958 2467
f 2467 1958 1957
f 2467 1957 2468
f 2468 1957 1964
f 2468 1964 2469
f 2469 1964 1963
f 2469 1963 2470
f 2470 1963 1961
f 2470 1961 2471
f 2471 1961 1960
f 2471 1960 2472
f 2472 1960 1968
f 2472 1968 2455
f 2455 1968 1967
f 1313 1315 2201
f 2201 1315 1151
f 2201 1151 2205
f 2205 1151 1150
f 2205 1150 2204
f 2204 1150 1308
f 2204 1308 2202
f 2202 1308 1307
f 2202 1307 2347
f 2347 1307 1305
f 2347 1305 2198
f 2198 1305 1303
f 2198 1303 2325
f 2325 1303 1301
f 2325 1301 2192
f 2192 1301 1300
f 2192 1300 2194
f 2194 1300 1299
f 2194 1299 2195
f 2195 1299 1298
f 2195 1298 2188
f 2188 1298 1204
f 2188 1204 2186
f 2186 1204 1320
f 2186 1320 2210
f 2210 1320 1319
f 2210 1319 2208
f 2208 1319 1318
f 2208 1318 2183
f 2183 1318 1324
f 2183 1324 2181
f 2181 1324 1323
f 2181 1323 2184
f 2184 1323 1309
f 2184 1309 2206
f 2206 1309 1311
f 2206 1311 2200
f 2200 1311 1313
f 2200 1313 2201
f 2426 2473 2428
f 2428 2473 2474
f 1355 2473 1356
f 1356 2473 2426
f 1356 2426 1536
f 1536 2426 2424
f 1536 2424 1584
f 1584 2424 2422
f 1584 2422 1580
f 1580 2422 2420
f 1580 2420 1581
f 1581 2420 2418
f 1581 2418 1645
f 1645 2418 2416
f 1645 2416 1507
f 1507 2416 2414
f 1507 2414 1509
f 1509 2414 2412
f 1509 2412 1528
f 1528 2412 2410
f 1528 2410 1459
f 1459 2410 2408
f 1459 2408 1454
f 1454 2408 2406
f 1454 2406 1472
f 1472 2406 2404
f 1472 2404 1641
f 1641 2404 2402
f 1641 2402 1638
f 1638 2402 2400
f 1638 2400 1635
f 1635 2400 2398
f 1635 2398 1632
f 1632 2398 2396
f 1632 2396 1629
f 1629 2396 2394
f 1629 2394 1626
f 1626 2394 2392
f 1626 2392 1623
f 1623 2392 2390
f 1623 2390 1620
f 1620 2390 2388
f 1620 2388 1617
f 1617 2388 2386
f 1617 2386 1614
f 1614 2386 2384
f 1614 2384 1611
f 1611 2384 2454
f 2474 1359 1358
f 1358 2432 2474
f 2474 2432 2430
f 2474 2430 2428
f 1358 1563 2432
f 2432 1563 1588
f 2432 1588 2434
f 2434 1588 1591
f 2434 1591 2436
f 2436 1591 1593
f 2436 1593 2438
f 2438 1593 1598
f 2438 1598 2440
f 2440 1598 1601
f 2440 1601 2442
f 2442 1601 1393
f 2442 1393 2444
f 2444 1393 1376
f 2444 1376 2446
f 2446 1376 1381
f 2446 1381 2448
f 2448 1381 1443
f 2448 1443 2450
f 2450 1443 1427
f 2450 1427 2452
f 2452 1427 1605
f 2452 1605 2454
f 2454 1605 1608
f 2454 1608 1611
f 2475 2476 2477
f 2475 2477 2478
f 2479 2480 2481
f 2482 2481 2483
f 2483 2481 2484
f 2483 2484 2485
f 2485 2484 2486
f 2486 2484 2487
f 2486 2487 2488
f 2489 2490 2491
f 2479 2492 2480
f 2480 2492 2493
f 2480 2493 2494
f 2494 2493 2495
f 2494 2495 2496
f 2496 2495 2478
f 2496 2478 2497
f 2497 2478 2477
f 2498 2499 2500
f 2500 2499 2501
f 2500 2501 2502
f 2502 2501 2503
f 2502 2503 2504
f 2504 2503 2505
f 2504 2505 2506
f 2506 2505 2507
f 2506 2507 2508
f 2508 2507 2509
f 2508 2509 2510
f 2510 2509 2479
f 2510 2479 2511
f 2511 2479 2481
f 2511 2481 2512
f 2512 2481 2482
f 2513 2514 2515
f 2476 2475 2516
f 2516 2475 2517
f 2516 2517 2491
f 2491 2517 2518
f 2491 2518 2489
f 2519 2520 2521
f 2521 2520 2522
f 2521 2522 2523
f 2523 2522 2524
f 2523 2524 2525
f 2525 2524 2526
f 2525 2526 2527
f 2527 2526 2528
f 2527 2528 2498
f 2498 2528 2529
f 2498 2529 2499
f 2515 2514 2490
f 2488 2491 2486
f 2486 2491 2490
f 2486 2490 2530
f 2530 2490 2514
f 2515 2531 2513
f 2513 2531 2532
f 2513 2532 2533
f 2533 2532 2534
f 2533 2534 2535
f 2535 2534 2536
f 2535 2536 2537
f 2537 2536 2538
f 2537 2538 2539
f 2539 2538 2540
f 2539 2540 2541
f 2541 2540 2542
f 2541 2542 2543
f 2543 2542 2544
f 2543 2544 2545
f 2545 2544 2546
f 2545 2546 2547
f 2547 2546 2548
f 2547 2548 2549
f 2549 2548 2550
f 2549 2550 2551
f 2551 2550 2552
f 2551 2552 2519
f 2519 2552 2553
f 2519 2553 2520
f 2437 2489 2435
f 2435 2489 2518
f 2435 2518 2433
f 2433 2518 2517
f 2433 2517 2431
f 2431 2517 2475
f 2431 2475 2429
f 2429 2475 2478
f 2429 2478 2427
f 2427 2478 2495
f 2427 2495 2425
f 2425 2495 2493
f 2425 2493 2423
f 2423 2493 2492
f 2423 2492 2421
f 2421 2492 2479
f 2421 2479 2419
f 2419 2479 2509
f 2419 2509 2417
f 2417 2509 2507
f 2417 2507 2415
f 2415 2507 2505
f 2415 2505 2413
f 2413 2505 2503
f 2413 2503 2411
f 2411 2503 2501
f 2411 2501 2409
f 2409 2501 2499
f 2409 2499 2407
f 2407 2499 2529
f 2407 2529 2405
f 2405 2529 2528
f 2405 2528 2403
f 2403 2528 2526
f 2403 2526 2401
f 2401 2526 2524
f 2401 2524 2399
f 2399 2524 2522
f 2399 2522 2397
f 2397 2522 2520
f 2397 2520 2395
f 2395 2520 2553
f 2395 2553 2393
f 2393 2553 2552
f 2393 2552 2391
f 2391 2552 2550
f 2391 2550 2389
f 2389 2550 2548
f 2389 2548 2387
f 2387 2548 2546
f 2387 2546 2385
f 2385 2546 2544
f 2385 2544 2383
f 2383 2544 2542
f 2383 2542 2453
f 2453 2542 2540
f 2453 2540 2451
f 2451 2540 2538
f 2451 2538 2449
f 2449 2538 2536
f 2449 2536 2447
f 2447 2536 2534
f 2447 2534 2445
f 2445 2534 2532
f 2445 2532 2443
f 2443 2532 2531
f 2443 2531 2441
f 2441 2531 2515
f 2441 2515 2439
f 2439 2515 2490
f 2439 2490 2437
f 2437 2490 2489
f 2463 2554 2462
f 2462 2554 2555
f 2462 2555 2461
f 2461 2555 2556
f 2461 2556 2460
f 2460 2556 2557
f 2460 2557 2459
f 2459 2557 2558
f 2459 2558 2458
f 2458 2558 2559
f 2458 2559 2457
f 2457 2559 2560
f 2457 2560 2456
f 2456 2560 2561
f 2456 2561 2455
f 2455 2561 2562
f 2455 2562 2472
f 2472 2562 2563
f 2472 2563 2471
f 2471 2563 2564
f 2471 2564 2470
f 2470 2564 2565
f 2470 2565 2469
f 2469 2565 2566
f 2469 2566 2468
f 2468 2566 2567
f 2468 2567 2467
f 2467 2567 2568
f 2467 2568 2466
f 2466 2568 2569
f 2466 2569 2465
f 2465 2569 2570
f 2465 2570 2464
f 2464 2570 2571
f 2464 2571 2463
f 2463 2571 2554
f 2572 2573 2574
f 2574 2573 2575
f 2576 2577 2578
f 2578 2577 2579
f 2578 2579 2575
f 2575 2579 2580
f 2575 2580 2574
f 2581 2582 2576
f 2576 2582 2583
f 2576 2583 2577
f 2584 2585 2581
f 2581 2585 2586
f 2581 2586 2582
f 2587 2588 2589
f 2589 2588 2590
f 2589 2590 2584
f 2584 2590 2591
f 2584 2591 2585
f 2587 2589 2592
f 2592 2589 2593
f 2592 2593 2594
f 2594 2593 2595
f 2595 2593 2596
f 2595 2596 2597
f 2597 2596 2598
f 2597 2598 2599
f 2599 2598 2600
f 2600 2598 2601
f 2600 2601 2602
f 2602 2601 2603
f 2603 2601 2604
f 2603 2604 2605
f 2606 2607 2604
f 2604 2607 2608
f 2604 2608 2605
f 2609 2610 2611
f 2611 2612 2609
f 2609 2612 2613
f 2609 2613 2614
f 2614 2613 2615
f 2614 2615 2606
f 2606 2615 2616
f 2606 2616 2607
f 2617 2618 2619
f 2619 2618 2620
f 2619 2620 2610
f 2610 2620 2621
f 2610 2621 2611
f 2622 2623 2617
f 2617 2623 2624
f 2617 2624 2618
f 2625 2626 2622
f 2622 2626 2627
f 2622 2627 2623
f 2628 2629 2630
f 2630 2629 2631
f 2630 2631 2625
f 2625 2631 2632
f 2625 2632 2626
f 2633 2634 2635
f 2635 2634 2636
f 2635 2636 2628
f 2628 2636 2637
f 2628 2637 2629
f 2633 2635 2638
f 2638 2635 2639
f 2638 2639 2640
f 2640 2639 2641
f 2640 2641 2642
f 2643 2644 2645
f 2645 2644 2646
f 2645 2646 2647
f 2647 2646 2648
f 2647 2648 2641
f 2641 2648 2649
f 2641 2649 2642
f 2643 2645 2650
f 2650 2645 2651
f 2650 2651 2652
f 2652 2651 2653
f 2653 2651 2654
f 2653 2654 2655
f 2655 2654 2656
f 2656 2654 2657
f 2656 2657 2658
f 2659 2660 2657
f 2657 2660 2661
f 2657 2661 2658
f 2662 2663 2664
f 2664 2663 2665
f 2664 2665 2659
f 2659 2665 2666
f 2659 2666 2660
f 2667 2668 2662
f 2662 2668 2669
f 2662 2669 2663
f 2670 2671 2672
f 2672 2673 2670
f 2670 2673 2674
f 2670 2674 2675
f 2675 2674 2676
f 2675 2676 2667
f 2667 2676 2677
f 2667 2677 2668
f 2572 2678 2573
f 2573 2678 2679
f 2573 2679 2680
f 2680 2679 2681
f 2680 2681 2671
f 2671 2681 2682
f 2671 2682 2672
f 2683 2684 2571
f 2571 2684 2685
f 2571 2685 2554
f 2554 2685 2686
f 2554 2686 2555
f 2555 2686 2687
f 2555 2687 2556
f 2556 2687 2688
f 2556 2688 2557
f 2557 2688 2689
f 2557 2689 2558
f 2558 2689 2690
f 2558 2690 2559
f 2559 2690 2691
f 2559 2691 2560
f 2560 2691 2692
f 2560 2692 2561
f 2561 2692 2693
f 2561 2693 2562
f 2562 2693 2694
f 2562 2694 2563
f 2563 2694 2695
f 2563 2695 2564
f 2564 2695 2696
f 2564 2696 2565
f 2565 2696 2697
f 2565 2697 2566
f 2566 2697 2698
f 2566 2698 2567
f 2567 2698 2699
f 2567 2699 2568
f 2568 2699 2700
f 2568 2700 2569
f 2569 2700 2701
f 2569 2701 2570
f 2570 2701 2702
f 2570 2702 2571
f 2571 2702 2683
f 2694 2693 2619
f 2692 2622 2693
f 2693 2622 2617
f 2693 2617 2619
f 2691 2630 2692
f 2692 2630 2625
f 2692 2625 2622
f 2690 2635 2691
f 2691 2635 2628
f 2691 2628 2630
f 2689 2641 2690
f 2690 2641 2639
f 2690 2639 2635
f 2688 2645 2689
f 2689 2645 2647
f 2689 2647 2641
f 2687 2654 2688
f 2688 2654 2651
f 2688 2651 2645
f 2686 2659 2687
f 2687 2659 2657
f 2687 2657 2654
f 2685 2662 2686
f 2686 2662 2664
f 2686 2664 2659
f 2683 2702 2680
f 2680 2671 2683
f 2683 2671 2670
f 2683 2670 2684
f 2684 2670 2675
f 2684 2675 2685
f 2685 2675 2667
f 2685 2667 2662
f 2700 2578 2701
f 2701 2578 2575
f 2701 2575 2702
f 2702 2575 2573
f 2702 2573 2680
f 2699 2581 2700
f 2700 2581 2576
f 2700 2576 2578
f 2698 2589 2699
f 2699 2589 2584
f 2699 2584 2581
f 2697 2596 2698
f 2698 2596 2593
f 2698 2593 2589
f 2696 2601 2697
f 2697 2601 2598
f 2697 2598 2596
f 2695 2606 2696
f 2696 2606 2604
f 2696 2604 2601
f 2619 2610 2694
f 2694 2610 2609
f 2694 2609 2695
f 2695 2609 2614
f 2695 2614 2606
f 2078 2703 2079
f 2079 2703 2704
f 2079 2704 2080
f 2080 2704 2705
f 2080 2705 2081
f 2081 2705 2706
f 2081 2706 2082
f 2082 2706 2707
f 2082 2707 2083
f 2083 2707 2708
f 2083 2708 2084
f 2084 2708 2709
f 2084 2709 2085
f 2085 2709 2710
f 2085 2710 2068
f 2068 2710 2711
f 2068 2711 2069
f 2069 2711 2712
f 2069 2712 2070
f 2070 2712 2713
f 2070 2713 2071
f 2071 2713 2714
f 2071 2714 2072
f 2072 2714 2715
f 2072 2715 2073
f 2073 2715 2716
f 2073 2716 2074
f 2074 2716 2717
f 2074 2717 2075
f 2075 2717 2718
f 2075 2718 2076
f 2076 2718 2719
f 2076 2719 2077
f 2077 2719 2720
f 2077 2720 2078
f 2078 2720 2703
f 2721 2722 2723
f 2724 2725 2726
f 2726 2725 2727
f 2728 2729 2730
f 2731 2732 2733
f 2733 2732 2734
f 2733 2734 2730
f 2730 2734 2735
f 2730 2735 2728
f 2731 2733 2736
f 2736 2733 2737
f 2736 2737 2738
f 2738 2737 2739
f 2738 2739 2740
f 2741 2742 2739
f 2739 2742 2743
f 2739 2743 2740
f 2739 2744 2741
f 2741 2744 2745
f 2741 2745 2746
f 2727 2725 2745
f 2745 2725 2747
f 2745 2747 2746
f 2748 2749 2750
f 2750 2749 2751
f 2750 2751 2726
f 2726 2751 2752
f 2726 2752 2724
f 2748 2750 2753
f 2753 2750 2754
f 2753 2754 2755
f 2755 2754 2756
f 2755 2756 2757
f 2757 2756 2758
f 2757 2758 2759
f 2760 2761 2762
f 2762 2761 2763
f 2762 2763 2764
f 2764 2763 2765
f 2764 2765 2758
f 2758 2765 2766
f 2758 2766 2759
f 2760 2762 2767
f 2767 2762 2768
f 2767 2768 2769
f 2769 2768 2770
f 2769 2770 2771
f 2772 2773 2774
f 2774 2773 2775
f 2774 2775 2770
f 2770 2775 2776
f 2770 2776 2771
f 2777 2778 2779
f 2779 2778 2780
f 2779 2780 2772
f 2772 2780 2781
f 2772 2781 2773
f 2777 2779 2782
f 2782 2779 2783
f 2782 2783 2784
f 2784 2783 2785
f 2784 2785 2786
f 2786 2785 2787
f 2787 2785 2788
f 2787 2788 2789
f 2790 2791 2792
f 2792 2791 2793
f 2792 2793 2794
f 2794 2793 2795
f 2794 2795 2788
f 2788 2795 2796
f 2788 2796 2789
f 2790 2792 2797
f 2797 2792 2798
f 2797 2798 2799
f 2799 2798 2800
f 2799 2800 2801
f 2801 2800 2802
f 2802 2800 2803
f 2802 2803 2804
f 2804 2803 2805
f 2805 2803 2806
f 2805 2806 2807
f 2807 2806 2808
f 2808 2806 2809
f 2808 2809 2810
f 2810 2809 2811
f 2810 2811 2812
f 2812 2811 2813
f 2812 2813 2814
f 2814 2813 2815
f 2814 2815 2816
f 2817 2818 2819
f 2819 2818 2820
f 2819 2820 2815
f 2815 2820 2821
f 2815 2821 2816
f 2723 2822 2721
f 2721 2822 2823
f 2721 2823 2817
f 2817 2823 2824
f 2817 2824 2818
f 2825 2826 2722
f 2722 2826 2827
f 2722 2827 2723
f 2728 2828 2729
f 2729 2828 2829
f 2729 2829 2825
f 2825 2829 2830
f 2825 2830 2826
f 2831 2832 2711
f 2711 2832 2833
f 2711 2833 2712
f 2712 2833 2834
f 2712 2834 2713
f 2713 2834 2835
f 2713 2835 2714
f 2714 2835 2836
f 2714 2836 2715
f 2715 2836 2837
f 2715 2837 2716
f 2716 2837 2838
f 2716 2838 2717
f 2717 2838 2839
f 2717 2839 2718
f 2718 2839 2840
f 2718 2840 2719
f 2719 2840 2841
f 2719 2841 2720
f 2720 2841 2842
f 2720 2842 2703
f 2703 2842 2843
f 2703 2843 2704
f 2704 2843 2844
f 2704 2844 2705
f 2705 2844 2845
f 2705 2845 2706
f 2706 2845 2846
f 2706 2846 2707
f 2707 2846 2847
f 2707 2847 2708
f 2708 2847 2848
f 2708 2848 2709
f 2709 2848 2849
f 2709 2849 2710
f 2710 2849 2831
f 2710 2831 2711
f 2841 2756 2754
f 2841 2754 2842
f 2756 2841 2758
f 2758 2841 2840
f 2758 2840 2764
f 2764 2840 2762
f 2762 2840 2839
f 2762 2839 2768
f 2768 2839 2770
f 2770 2839 2838
f 2770 2838 2774
f 2774 2838 2772
f 2772 2838 2837
f 2772 2837 2779
f 2779 2837 2783
f 2783 2837 2836
f 2783 2836 2785
f 2785 2836 2788
f 2788 2836 2835
f 2788 2835 2794
f 2794 2835 2792
f 2792 2835 2834
f 2792 2834 2798
f 2798 2834 2800
f 2800 2834 2833
f 2800 2833 2803
f 2832 2831 2813
f 2813 2811 2832
f 2832 2811 2809
f 2832 2809 2833
f 2833 2809 2806
f 2833 2806 2803
f 2848 2817 2849
f 2849 2817 2819
f 2849 2819 2831
f 2831 2819 2815
f 2831 2815 2813
f 2847 2722 2848
f 2848 2722 2721
f 2848 2721 2817
f 2846 2729 2847
f 2847 2729 2825
f 2847 2825 2722
f 2845 2733 2846
f 2846 2733 2730
f 2846 2730 2729
f 2844 2739 2845
f 2845 2739 2737
f 2845 2737 2733
f 2843 2745 2844
f 2844 2745 2744
f 2844 2744 2739
f 2754 2750 2842
f 2842 2750 2726
f 2842 2726 2843
f 2843 2726 2727
f 2843 2727 2745
f 2850 2851 2852
f 2851 1476 1475
f 2853 2677 2854
f 2854 2677 2676
f 2854 2676 2855
f 2855 2676 2674
f 2855 2674 2856
f 2856 2674 2673
f 2856 2673 2857
f 2857 2673 2672
f 2857 2672 2858
f 2859 2665 2860
f 2860 2665 2663
f 2860 2663 2861
f 2861 2663 2669
f 2861 2669 2853
f 2853 2669 2668
f 2853 2668 2677
f 2851 1475 2852
f 2852 1475 1474
f 2852 1474 2862
f 2862 1474 1473
f 2862 1473 2863
f 2863 1473 1471
f 2863 1471 2864
f 2864 1471 1470
f 2864 1470 2865
f 2865 1470 1469
f 2865 1469 2866
f 2866 1469 1468
f 2866 1468 2867
f 2867 1468 1467
f 2867 1467 2868
f 2868 1467 1460
f 2868 1460 2869
f 2869 1460 1462
f 2869 1462 2870
f 2870 1462 1464
f 2870 1464 2871
f 2872 2658 2873
f 2873 2658 2661
f 2873 2661 2874
f 2874 2661 2660
f 2874 2660 2859
f 2859 2660 2666
f 2859 2666 2665
f 2875 2652 2876
f 2876 2652 2653
f 2876 2653 2877
f 2877 2653 2655
f 2877 2655 2872
f 2872 2655 2656
f 2872 2656 2658
f 1464 1466 2871
f 2871 1466 1481
f 2871 1481 2878
f 2878 1481 1480
f 2878 1480 2879
f 2879 1480 1479
f 2879 1479 2880
f 2880 1479 1478
f 2880 1478 2881
f 2881 1478 1493
f 2881 1493 2882
f 2882 1493 1492
f 2882 1492 2883
f 2883 1492 1490
f 2883 1490 2884
f 2885 2646 2886
f 2886 2646 2644
f 2886 2644 2887
f 2887 2644 2643
f 2887 2643 2875
f 2875 2643 2650
f 2875 2650 2652
f 2888 2640 2889
f 2889 2640 2642
f 2889 2642 2890
f 2890 2642 2649
f 2890 2649 2885
f 2885 2649 2648
f 2885 2648 2646
f 1490 1489 2884
f 2884 1489 1488
f 2884 1488 2891
f 2891 1488 1486
f 2891 1486 2892
f 2892 1486 1485
f 2892 1485 2893
f 2893 1485 1484
f 2893 1484 2894
f 2894 1484 1505
f 2894 1505 2895
f 2895 1505 1504
f 2895 1504 2896
f 2897 2631 2898
f 2898 2631 2629
f 2898 2629 2899
f 2899 2629 2637
f 2899 2637 2900
f 2900 2637 2636
f 2900 2636 2901
f 2901 2636 2634
f 2901 2634 2902
f 2902 2634 2633
f 2902 2633 2888
f 2888 2633 2638
f 2888 2638 2640
f 2903 2623 2904
f 2904 2623 2627
f 2904 2627 2905
f 2905 2627 2626
f 2905 2626 2897
f 2897 2626 2632
f 2897 2632 2631
f 1504 1502 2896
f 2896 1502 1501
f 2896 1501 2906
f 2906 1501 1500
f 2906 1500 2907
f 2907 1500 1499
f 2907 1499 2908
f 2908 1499 1498
f 2908 1498 2909
f 2909 1498 1494
f 2909 1494 2910
f 2910 1494 1496
f 2910 1496 2911
f 2911 1496 1497
f 2911 1497 2912
f 2912 1497 1514
f 2912 1514 2913
f 2913 1514 1513
f 2913 1513 2914
f 2915 2615 2916
f 2916 2615 2613
f 2916 2613 2917
f 2917 2613 2612
f 2917 2612 2918
f 2918 2612 2611
f 2918 2611 2919
f 2919 2611 2621
f 2919 2621 2920
f 2920 2621 2620
f 2920 2620 2921
f 2921 2620 2618
f 2921 2618 2903
f 2903 2618 2624
f 2903 2624 2623
f 2922 2605 2923
f 2923 2605 2608
f 2923 2608 2924
f 2924 2608 2607
f 2924 2607 2915
f 2915 2607 2616
f 2915 2616 2615
f 1513 1510 2914
f 2914 1510 1506
f 2914 1506 2925
f 2925 1506 1508
f 2925 1508 2926
f 2926 1508 1522
f 2926 1522 2927
f 2927 1522 1521
f 2927 1521 2928
f 2928 1521 1520
f 2928 1520 2929
f 2929 1520 1519
f 2929 1519 2930
f 2930 1519 1518
f 2930 1518 2931
f 2931 1518 1516
f 2931 1516 2932
f 2932 1516 1515
f 2932 1515 2933
f 2933 1515 1517
f 2933 1517 2934
f 2934 1517 1533
f 2934 1533 2935
f 2935 1533 1532
f 2935 1532 2936
f 2937 2592 2938
f 2938 2592 2594
f 2938 2594 2939
f 2939 2594 2595
f 2939 2595 2940
f 2940 2595 2597
f 2940 2597 2941
f 2941 2597 2599
f 2941 2599 2942
f 2942 2599 2600
f 2942 2600 2943
f 2943 2600 2602
f 2943 2602 2922
f 2922 2602 2603
f 2922 2603 2605
f 1532 1531 2936
f 2936 1531 1530
f 2936 1530 2944
f 2944 1530 1529
f 2944 1529 2945
f 2945 1529 1527
f 2945 1527 2946
f 2946 1527 1526
f 2946 1526 2947
f 2947 1526 1525
f 1524 2948 1525
f 1525 2948 2949
f 1525 2949 2947
f 2950 2591 2951
f 2951 2591 2590
f 2951 2590 2952
f 2952 2590 2588
f 2952 2588 2937
f 2937 2588 2587
f 2937 2587 2592
f 2850 2852 2953
f 2953 2852 2862
f 2953 2862 2858
f 2858 2862 2863
f 2858 2863 2857
f 2857 2863 2864
f 2857 2864 2856
f 2856 2864 2865
f 2856 2865 2855
f 2855 2865 2866
f 2855 2866 2854
f 2854 2866 2867
f 2854 2867 2853
f 2853 2867 2868
f 2853 2868 2861
f 2861 2868 2869
f 2861 2869 2860
f 2860 2869 2870
f 2860 2870 2859
f 2859 2870 2871
f 2859 2871 2874
f 2874 2871 2878
f 2874 2878 2873
f 2873 2878 2879
f 2873 2879 2872
f 2872 2879 2880
f 2872 2880 2877
f 2877 2880 2881
f 2877 2881 2876
f 2876 2881 2882
f 2876 2882 2875
f 2875 2882 2883
f 2875 2883 2887
f 2887 2883 2884
f 2887 2884 2886
f 2886 2884 2891
f 2886 2891 2885
f 2885 2891 2892
f 2885 2892 2890
f 2890 2892 2893
f 2890 2893 2889
f 2889 2893 2894
f 2889 2894 2888
f 2888 2894 2895
f 2888 2895 2902
f 2902 2895 2896
f 2902 2896 2901
f 2901 2896 2906
f 2901 2906 2900
f 2900 2906 2907
f 2900 2907 2899
f 2899 2907 2908
f 2899 2908 2898
f 2898 2908 2909
f 2898 2909 2897
f 2897 2909 2910
f 2897 2910 2905
f 2905 2910 2911
f 2905 2911 2904
f 2904 2911 2912
f 2904 2912 2903
f 2903 2912 2913
f 2903 2913 2921
f 2921 2913 2914
f 2921 2914 2920
f 2920 2914 2925
f 2920 2925 2919
f 2919 2925 2926
f 2919 2926 2918
f 2918 2926 2927
f 2918 2927 2917
f 2917 2927 2928
f 2917 2928 2916
f 2916 2928 2929
f 2916 2929 2915
f 2915 2929 2930
f 2915 2930 2924
f 2924 2930 2931
f 2924 2931 2923
f 2923 2931 2932
f 2923 2932 2922
f 2922 2932 2933
f 2922 2933 2943
f 2943 2933 2934
f 2943 2934 2942
f 2942 2934 2935
f 2942 2935 2941
f 2941 2935 2936
f 2941 2936 2940
f 2940 2936 2944
f 2940 2944 2939
f 2939 2944 2945
f 2939 2945 2938
f 2938 2945 2946
f 2938 2946 2937
f 2937 2946 2947
f 2937 2947 2952
f 2952 2947 2949
f 2952 2949 2951
f 2951 2949 2948
f 2951 2948 2950
f 2950 2948 2954
f 2950 2954 2955
f 2955 2954 2956
f 2955 2956 2957
f 2957 2956 2958
f 2957 2958 2959
f 2959 2583 2957
f 2957 2583 2582
f 2957 2582 2955
f 2955 2582 2586
f 2955 2586 2950
f 2950 2586 2585
f 2950 2585 2591
f 2580 2579 2959
f 2959 2579 2577
f 2959 2577 2583
f 2960 2961 2962
f 2962 2961 2963
f 2958 2960 2959
f 2959 2960 2962
f 2959 2962 2580
f 2580 2962 2963
f 2580 2963 2574
f 2574 2963 2572
f 1453 1452 2851
f 2851 1452 1477
f 2851 1477 1476
f 2672 2682 2858
f 2858 2682 2681
f 2858 2681 2953
f 2953 2681 2679
f 2953 2679 2850
f 2850 2679 2678
f 2678 2572 2850
f 2850 2572 2963
f 2850 2963 2851
f 2851 2963 2961
f 2851 2961 1453
f 1453 2961 2960
f 1453 2960 1455
f 1455 2960 2958
f 1455 2958 1456
f 1456 2958 2956
f 1456 2956 1457
f 1457 2956 2954
f 1457 2954 1458
f 1458 2954 2948
f 1458 2948 1523
f 1523 2948 1524
f 2818 2824 2964
f 2964 2824 2823
f 2964 2823 2965
f 2965 2823 2822
f 2965 2822 2966
f 2966 2822 2723
f 2966 2723 2967
f 2818 2964 2820
f 2820 2964 2968
f 2820 2968 2969
f 2970 2808 2971
f 2971 2808 2810
f 2971 2810 2972
f 2972 2810 2812
f 2972 2812 2973
f 2973 2812 2814
f 2973 2814 2974
f 2974 2814 2816
f 2974 2816 2969
f 2969 2816 2821
f 2969 2821 2820
f 2975 2799 2976
f 2976 2799 2801
f 2976 2801 2977
f 2977 2801 2802
f 2977 2802 2978
f 2978 2802 2804
f 2978 2804 2979
f 2979 2804 2805
f 2979 2805 2970
f 2970 2805 2807
f 2970 2807 2808
f 2980 2793 2981
f 2981 2793 2791
f 2981 2791 2982
f 2982 2791 2790
f 2982 2790 2975
f 2975 2790 2797
f 2975 2797 2799
f 1414 1412 2983
f 2984 2786 2985
f 2985 2786 2787
f 2985 2787 2986
f 2986 2787 2789
f 2986 2789 2987
f 2987 2789 2796
f 2987 2796 2980
f 2980 2796 2795
f 2980 2795 2793
f 2777 2782 2984
f 2984 2782 2784
f 2984 2784 2786
f 2984 2988 2777
f 2777 2988 2989
f 2777 2989 2778
f 2778 2989 2990
f 1412 1411 2983
f 2983 1411 1410
f 2983 1410 2991
f 2991 1410 1409
f 2991 1409 2992
f 2992 1409 1408
f 2992 1408 2993
f 2993 1408 1407
f 2993 1407 2994
f 2994 1407 1405
f 2994 1405 2995
f 2995 1405 1403
f 2995 1403 2996
f 2996 1403 1424
f 2996 1424 2997
f 2998 2773 2999
f 2999 2773 2781
f 2999 2781 2990
f 2990 2781 2780
f 2990 2780 2778
f 3000 2769 3001
f 3001 2769 2771
f 3001 2771 3002
f 3002 2771 2776
f 3002 2776 2998
f 2998 2776 2775
f 2998 2775 2773
f 1424 1423 2997
f 2997 1423 1421
f 2997 1421 3003
f 3003 1421 1420
f 3003 1420 3004
f 3004 1420 1416
f 3004 1416 3005
f 3005 1416 1418
f 1419 3006 1418
f 1418 3006 3007
f 1418 3007 3005
f 3008 2763 3009
f 3009 2763 2761
f 3009 2761 3010
f 3010 2761 2760
f 3010 2760 3000
f 3000 2760 2767
f 3000 2767 2769
f 3011 2753 3012
f 3012 2753 2755
f 3012 2755 3013
f 3013 2755 2757
f 3013 2757 3014
f 3014 2757 2759
f 3014 2759 3015
f 3015 2759 2766
f 3015 2766 3008
f 3008 2766 2765
f 3008 2765 2763
f 3016 2752 3017
f 3017 2752 2751
f 3017 2751 3018
f 3018 2751 2749
f 3018 2749 3011
f 3011 2749 2748
f 3011 2748 2753
f 2747 2725 3016
f 3016 2725 2724
f 3016 2724 2752
f 1419 1439 3006
f 3006 1439 1438
f 3006 1438 3019
f 3019 1438 1437
f 3019 1437 3020
f 3020 1437 1436
f 3020 1436 3021
f 3021 1436 1435
f 3021 1435 3022
f 3022 1435 1433
f 3022 1433 3023
f 3023 1433 1432
f 3023 1432 3024
f 3024 1432 1431
f 3024 1431 3025
f 3025 1431 1430
f 3025 1430 3026
f 3026 1430 1429
f 3026 1429 3027
f 3027 1429 1428
f 3027 1428 3028
f 3028 1428 1426
f 3028 1426 3029
f 3029 1426 1425
f 3029 1425 3030
f 3030 1425 1451
f 3030 1451 3031
f 3031 1451 1450
f 3031 1450 3032
f 3016 3033 2747
f 2747 3033 3034
f 2747 3034 2746
f 2746 3034 3035
f 2746 3035 2741
f 2741 3035 3036
f 2741 3036 2742
f 2742 3036 3037
f 2742 3037 2743
f 2743 3037 3038
f 2736 2738 3038
f 3038 2738 2740
f 3038 2740 2743
f 3038 3039 2736
f 2736 3039 3040
f 2736 3040 2731
f 2731 3040 3041
f 1450 1449 3032
f 3032 1449 1448
f 3032 1448 3042
f 3042 1448 1447
f 3042 1447 3043
f 3043 1447 1446
f 3043 1446 3044
f 3044 1446 1445
f 3044 1445 3045
f 3045 1445 1444
f 3045 1444 3046
f 3046 1444 1442
f 1441 3047 1442
f 1442 3047 3048
f 1442 3048 3046
f 3049 2728 3050
f 3050 2728 2735
f 3050 2735 3051
f 3051 2735 2734
f 3051 2734 3041
f 3041 2734 2732
f 3041 2732 2731
f 1441 1383 3047
f 3047 1383 1382
f 3047 1382 3052
f 1382 1380 3052
f 3052 1380 1379
f 3052 1379 3053
f 3053 1379 1378
f 3053 1378 3054
f 3054 1378 1377
f 3054 1377 3055
f 3055 1377 1401
f 3055 1401 3056
f 3056 1401 1400
f 3056 1400 3057
f 3057 1400 1399
f 3057 1399 3058
f 3058 1399 1398
f 3058 1398 3059
f 3059 1398 1397
f 3059 1397 3060
f 3060 1397 1396
f 3060 1396 3061
f 3061 1396 1395
f 3061 1395 3062
f 3062 1395 1394
f 3062 1394 3063
f 3063 1394 1392
f 3063 1392 3064
f 3064 1392 1391
f 3064 1391 3065
f 3065 1391 1390
f 3065 1390 3066
f 3066 1390 1389
f 3066 1389 3067
f 3067 1389 1388
f 3067 1388 3068
f 3068 1388 1387
f 3068 1387 3069
f 3069 1387 1385
f 3069 1385 3070
f 3070 1385 1384
f 3070 1384 3071
f 3071 1384 1415
f 3071 1415 3072
f 3072 1415 1414
f 3072 1414 3073
f 3073 1414 2983
f 3053 3074 3052
f 3052 3074 3049
f 3052 3049 3047
f 3047 3049 3050
f 3047 3050 3048
f 3048 3050 3051
f 3048 3051 3046
f 3046 3051 3041
f 3046 3041 3045
f 3045 3041 3040
f 3045 3040 3044
f 3044 3040 3039
f 3044 3039 3043
f 3043 3039 3038
f 3043 3038 3042
f 3042 3038 3037
f 3042 3037 3032
f 3032 3037 3036
f 3032 3036 3031
f 3031 3036 3035
f 3031 3035 3030
f 3030 3035 3034
f 3030 3034 3029
f 3029 3034 3033
f 3029 3033 3028
f 3028 3033 3016
f 3028 3016 3027
f 3027 3016 3017
f 3027 3017 3026
f 3026 3017 3018
f 3026 3018 3025
f 3025 3018 3011
f 3025 3011 3024
f 3024 3011 3012
f 3024 3012 3023
f 3023 3012 3013
f 3023 3013 3022
f 3022 3013 3014
f 3022 3014 3021
f 3021 3014 3015
f 3021 3015 3020
f 3020 3015 3008
f 3020 3008 3019
f 3019 3008 3009
f 3019 3009 3006
f 3006 3009 3010
f 3006 3010 3007
f 3007 3010 3000
f 3007 3000 3005
f 3005 3000 3001
f 3005 3001 3004
f 3004 3001 3002
f 3004 3002 3003
f 3003 3002 2998
f 3003 2998 2997
f 2997 2998 2999
f 2997 2999 2996
f 2996 2999 2990
f 2996 2990 2995
f 2995 2990 2989
f 2995 2989 2994
f 2994 2989 2988
f 2994 2988 2993
f 2993 2988 2984
f 2993 2984 2992
f 2992 2984 2985
f 2992 2985 2991
f 2991 2985 2986
f 2991 2986 2983
f 2983 2986 2987
f 2983 2987 3073
f 3073 2987 2980
f 3073 2980 3072
f 3072 2980 2981
f 3072 2981 3071
f 3071 2981 2982
f 3071 2982 3070
f 3070 2982 2975
f 3070 2975 3069
f 3069 2975 2976
f 3069 2976 3068
f 3068 2976 2977
f 3068 2977 3067
f 3067 2977 2978
f 3067 2978 3066
f 3066 2978 2979
f 3066 2979 3065
f 3065 2979 2970
f 3065 2970 3064
f 3064 2970 2971
f 3064 2971 3063
f 3063 2971 2972
f 3063 2972 3062
f 3062 2972 2973
f 3062 2973 3061
f 3061 2973 2974
f 3061 2974 3060
f 3060 2974 2969
f 3060 2969 3059
f 3059 2969 2968
f 3059 2968 3058
f 3058 2968 2964
f 3058 2964 3057
f 3057 2964 2965
f 3057 2965 3056
f 3056 2965 2966
f 3056 2966 3055
f 3055 2966 2967
f 3055 2967 3054
f 3054 2967 3075
f 3054 3075 3053
f 3053 3075 3074
f 2723 2827 2967
f 2967 2827 2826
f 2967 2826 3075
f 3075 2826 2830
f 3075 2830 3074
f 3074 2830 2829
f 3074 2829 3049
f 3049 2829 2828
f 3049 2828 2728
f 2175 2138 1597
f 2155 2156 1637
f 1637 1636 2155
f 2155 1636 1634
f 2155 1634 2154
f 1634 1633 2154
f 2154 1633 1631
f 2154 1631 2153
f 1631 1630 2153
f 2153 1630 1628
f 2153 1628 2152
f 1628 1627 2152
f 2152 1627 1625
f 2152 1625 2151
f 1625 1624 2151
f 2151 1624 1622
f 2151 1622 2150
f 1622 1621 2150
f 2150 1621 1619
f 2150 1619 2149
f 1619 1618 2149
f 2149 1618 1616
f 2149 1616 2148
f 1616 1615 2148
f 2148 1615 1613
f 2148 1613 2147
f 1613 1612 2147
f 2147 1612 1610
f 2147 1610 2146
f 1610 1609 2146
f 2146 1609 1607
f 2146 1607 2145
f 1607 1606 2145
f 2145 1606 1604
f 2145 1604 2144
f 1604 1434 2144
f 2144 1434 1440
f 2144 1440 2143
f 1440 1417 2143
f 2143 1417 1422
f 2143 1422 2142
f 1422 1402 2142
f 2142 1402 1404
f 2142 1404 2141
f 1404 1406 2141
f 2141 1406 1413
f 2141 1413 2140
f 1413 1386 2140
f 2140 1386 1602
f 2140 1602 2139
f 1602 1603 2139
f 2139 1603 1600
f 2139 1600 2138
f 2138 1600 1599
f 2138 1599 1597
f 1597 1596 2175
f 2175 1596 1592
f 2175 1592 2174
f 2174 1592 1594
f 2174 1594 2173
f 1594 1595 2173
f 2173 1595 1590
f 2173 1590 2172
f 1590 1589 2172
f 2172 1589 1587
f 2172 1587 2171
f 1587 1562 2171
f 2171 1562 1576
f 2171 1576 2170
f 1576 1548 2170
f 2170 1548 1547
f 2170 1547 2169
f 1547 1552 2169
f 2169 1552 1557
f 2169 1557 2168
f 1557 1539 2168
f 2168 1539 1585
f 2168 1585 2167
f 1585 1586 2167
f 2167 1586 1583
f 2167 1583 2166
f 1583 1582 2166
f 2166 1582 1579
f 2166 1579 2165
f 1579 1648 2165
f 2165 1648 1647
f 2165 1647 2164
f 1647 1646 2164
f 2164 1646 1644
f 2164 1644 2163
f 1644 1511 2163
f 2163 1511 1512
f 2163 1512 2162
f 1512 1495 2162
f 2162 1495 1503
f 2162 1503 2161
f 1503 1483 2161
f 2161 1483 1482
f 2161 1482 2160
f 1482 1487 2160
f 2160 1487 1491
f 2160 1491 2159
f 1491 1465 2159
f 2159 1465 1463
f 2159 1463 2158
f 1463 1461 2158
f 2158 1461 1642
f 2158 1642 2157
f 1642 1643 2157
f 2157 1643 1640
f 2157 1640 2156
f 2156 1640 1639
f 2156 1639 1637
f 1187 2373 1189
f 1189 2373 2372
f 1189 2372 1190
f 1190 2372 2371
f 1190 2371 1192
f 1192 2371 2382
f 1192 2382 1194
f 1194 2382 2381
f 1194 2381 1178
f 1178 2381 2380
f 1178 2380 1179
f 1179 2380 2379
f 1179 2379 1181
f 1181 2379 2378
f 1181 2378 1182
f 1182 2378 2377
f 1182 2377 1183
f 1183 2377 2376
f 1183 2376 1185
f 1185 2376 2375
f 1185 2375 1186
f 1186 2375 2374
f 1186 2374 1187
f 1187 2374 2373
f 1287 2302 1290
f 1290 2302 2294
f 1290 2294 1295
f 1295 2294 2293
f 1295 2293 1296
f 1296 2293 2291
f 1296 2291 1297
f 1297 2291 2290
f 1297 2290 1291
f 1291 2290 2285
f 1291 2285 1292
f 1292 2285 2287
f 1292 2287 1294
f 1294 2287 2289
f 1294 2289 1289
f 1289 2289 2295
f 1289 2295 1283
f 1283 2295 2297
f 1283 2297 1284
f 1284 2297 2299
f 1284 2299 1286
f 1286 2299 2301
f 1286 2301 1287
f 1287 2301 2302
f 1334 2356 1335
f 1335 2356 2354
f 1335 2354 1336
f 1336 2354 2353
f 1336 2353 1337
f 1337 2353 2362
f 1337 2362 1327
f 1327 2362 2361
f 1327 2361 1328
f 1328 2361 2360
f 1328 2360 1329
f 1329 2360 2352
f 1329 2352 1331
f 1331 2352 2351
f 1331 2351 1332
f 1332 2351 2349
f 1332 2349 1333
f 1333 2349 2348
f 1333 2348 1325
f 1325 2348 2358
f 1325 2358 1326
f 1326 2358 2357
f 1326 2357 1334
f 1334 2357 2356
f 1352 2332 1353
f 1353 2332 2331
f 1353 2331 1345
f 1345 2331 2329
f 1345 2329 1341
f 1341 2329 2328
f 1341 2328 1342
f 1342 2328 2340
f 1342 2340 1343
f 1343 2340 2339
f 1343 2339 1344
f 1344 2339 2338
f 1344 2338 1347
f 1347 2338 2337
f 1347 2337 1348
f 1348 2337 2333
f 1348 2333 1349
f 1349 2333 2334
f 1349 2334 1350
f 1350 2334 2335
f 1350 2335 1351
f 1351 2335 2336
f 1351 2336 1352
f 1352 2336 2332
f 1276 2313 1278
f 1278 2313 2312
f 1278 2312 1279
f 1279 2312 2310
f 1279 2310 1280
f 1280 2310 2309
f 1280 2309 1282
f 1282 2309 2308
f 1282 2308 1267
f 1267 2308 2307
f 1267 2307 1268
f 1268 2307 2306
f 1268 2306 1269
f 1269 2306 2305
f 1269 2305 1270
f 1270 2305 2227
f 1270 2227 1272
f 1272 2227 2228
f 1272 2228 1273
f 1273 2228 2223
f 1273 2223 1274
f 1274 2223 2222
f 1274 2222 1276
f 1276 2222 2313
f 1265 2315 1235
f 1235 2315 2317
f 1235 2317 1236
f 1236 2317 2239
f 1236 2239 1237
f 1237 2239 2238
f 1237 2238 1238
f 1238 2238 2236
f 1238 2236 1239
f 1239 2236 2242
f 1239 2242 1240
f 1240 2242 2241
f 1240 2241 1242
f 1242 2241 2240
f 1242 2240 1244
f 1244 2240 2232
f 1244 2232 1153
f 1153 2232 2233
f 1153 2233 1154
f 1154 2233 2234
f 1154 2234 1264
f 1264 2234 2235
f 1264 2235 1265
f 1265 2235 2315
f 1233 2244 1234
f 1234 2244 2246
f 1234 2246 1231
f 1231 2246 2247
f 1231 2247 1224
f 1224 2247 2249
f 1224 2249 1223
f 1223 2249 2248
f 1223 2248 1222
f 1222 2248 2254
f 1222 2254 1220
f 1220 2254 2255
f 1220 2255 1218
f 1218 2255 2253
f 1218 2253 1228
f 1228 2253 2252
f 1228 2252 1227
f 1227 2252 2251
f 1227 2251 1225
f 1225 2251 2250
f 1225 2250 1232
f 1232 2250 2243
f 1232 2243 1233
f 1233 2243 2244
f 1261 2319 1260
f 1260 2319 2327
f 1260 2327 1259
f 1259 2327 2323
f 1259 2323 1209
f 1209 2323 2321
f 1209 2321 1210
f 1210 2321 2320
f 1210 2320 1215
f 1215 2320 2263
f 1215 2263 1216
f 1216 2263 2262
f 1216 2262 1217
f 1217 2262 2261
f 1217 2261 1213
f 1213 2261 2260
f 1213 2260 1214
f 1214 2260 2259
f 1214 2259 1256
f 1256 2259 2257
f 1256 2257 1257
f 1257 2257 2256
f 1257 2256 1261
f 1261 2256 2319
f 3076 3077 1884
f 1884 3077 1885
f 1885 3077 3078
f 1885 3078 1886
f 1886 3078 3079
f 1886 3079 1888
f 1888 3079 3080
f 1888 3080 1890
f 1890 3080 3081
f 1890 3081 1892
f 1892 3081 3082
f 1892 3082 1894
f 1884 1903 3076
f 3076 1903 1905
f 3076 1905 3083
f 3083 1905 1906
f 3083 1906 3084
f 3084 1906 1898
f 3084 1898 3085
f 3085 1898 1899
f 3085 1899 3086
f 3086 1899 1900
f 3086 1900 3087
f 3087 1900 1897
f 3087 1897 3082
f 3082 1897 1896
f 3082 1896 1894
f 3088 1812 3089
f 3089 1812 1813
f 3089 1813 3090
f 3090 1813 1788
f 3090 1788 3091
f 3091 1788 1790
f 3091 1790 3092
f 3092 1790 1792
f 3092 1792 3093
f 3093 1792 1794
f 3093 1794 3094
f 1794 1796 3094
f 3094 1796 1798
f 3094 1798 3095
f 3095 1798 1800
f 3095 1800 3096
f 3096 1800 1802
f 3096 1802 3097
f 3097 1802 1804
f 3097 1804 3098
f 3098 1804 1805
f 3098 1805 3099
f 3099 1805 1787
f 3099 1787 3088
f 3088 1787 1810
f 3088 1810 1812
f 3100 1999 3101
f 3101 1999 2001
f 3101 2001 3102
f 3102 2001 2003
f 3102 2003 3103
f 3103 2003 2005
f 3103 2005 3104
f 3104 2005 2006
f 3104 2006 3105
f 3105 2006 1991
f 3105 1991 3106
f 1991 1994 3106
f 3106 1994 1993
f 3106 1993 3107
f 3107 1993 1992
f 3107 1992 3108
f 3108 1992 1988
f 3108 1988 3109
f 3109 1988 2009
f 3109 2009 3110
f 3110 2009 2010
f 3110 2010 3111
f 3111 2010 1995
f 3111 1995 3100
f 3100 1995 1997
f 3100 1997 1999
f 3112 1772 3113
f 3113 1772 1770
f 3113 1770 3114
f 3114 1770 1768
f 3114 1768 3115
f 3115 1768 1766
f 3115 1766 3116
f 3116 1766 1764
f 3116 1764 3117
f 3117 1764 1762
f 3117 1762 3118
f 1762 1760 3118
f 3118 1760 1758
f 3118 1758 3119
f 3119 1758 1757
f 3119 1757 3120
f 3120 1757 1756
f 3120 1756 3121
f 3121 1756 1779
f 3121 1779 3122
f 3122 1779 1778
f 3122 1778 3123
f 3123 1778 1776
f 3123 1776 3112
f 3112 1776 1774
f 3112 1774 1772
f 3124 3125 3126
f 3127 3125 3124
f 3124 3128 3129
f 3130 3128 3124
f 3126 3130 3124
f 3124 3131 3132
f 3133 3131 3124
f 3129 3133 3124
f 3124 3134 3135
f 3136 3134 3124
f 3132 3136 3124
f 3135 3127 3124
f 3109 3133 3108
f 3108 3133 3129
f 3108 3129 3107
f 3107 3129 3128
f 3107 3128 3106
f 3106 3128 3130
f 3106 3130 3105
f 3105 3130 3126
f 3105 3126 3104
f 3104 3126 3125
f 3104 3125 3103
f 3103 3125 3127
f 3103 3127 3102
f 3102 3127 3135
f 3102 3135 3101
f 3101 3135 3134
f 3101 3134 3100
f 3100 3134 3136
f 3100 3136 3111
f 3111 3136 3132
f 3111 3132 3110
f 3110 3132 3131
f 3110 3131 3109
f 3109 3131 3133
f 3137 3138 3139
f 3140 3138 3137
f 3137 3141 3142
f 3143 3141 3137
f 3139 3143 3137
f 3137 3144 3145
f 3146 3144 3137
f 3142 3146 3137
f 3137 3147 3148
f 3149 3147 3137
f 3145 3149 3137
f 3148 3140 3137
f 3079 3146 3080
f 3080 3146 3142
f 3080 3142 3081
f 3081 3142 3141
f 3081 3141 3082
f 3082 3141 3143
f 3082 3143 3087
f 3087 3143 3139
f 3087 3139 3086
f 3086 3139 3138
f 3086 3138 3085
f 3085 3138 3140
f 3085 3140 3084
f 3084 3140 3148
f 3084 3148 3083
f 3083 3148 3147
f 3083 3147 3076
f 3076 3147 3149
f 3076 3149 3077
f 3077 3149 3145
f 3077 3145 3078
f 3078 3145 3144
f 3078 3144 3079
f 3079 3144 3146
f 3150 3151 3152
f 3153 3151 3150
f 3150 3154 3155
f 3156 3154 3150
f 3152 3156 3150
f 3150 3157 3158
f 3159 3157 3150
f 3155 3159 3150
f 3150 3160 3161
f 3162 3160 3150
f 3158 3162 3150
f 3161 3153 3150
f 3115 3159 3114
f 3114 3159 3155
f 3114 3155 3113
f 3113 3155 3154
f 3113 3154 3112
f 3112 3154 3156
f 3112 3156 3123
f 3123 3156 3152
f 3123 3152 3122
f 3122 3152 3151
f 3122 3151 3121
f 3121 3151 3153
f 3121 3153 3120
f 3120 3153 3161
f 3120 3161 3119
f 3119 3161 3160
f 3119 3160 3118
f 3118 3160 3162
f 3118 3162 3117
f 3117 3162 3158
f 3117 3158 3116
f 3116 3158 3157
f 3116 3157 3115
f 3115 3157 3159
f 3163 3164 3165
f 3166 3164 3163
f 3163 3167 3168
f 3169 3167 3163
f 3165 3169 3163
f 3163 3170 3171
f 3172 3170 3163
f 3168 3172 3163
f 3163 3173 3174
f 3175 3173 3163
f 3171 3175 3163
f 3174 3166 3163
f 3091 3172 3090
f 3090 3172 3168
f 3090 3168 3089
f 3089 3168 3167
f 3089 3167 3088
f 3088 3167 3169
f 3088 3169 3099
f 3099 3169 3165
f 3099 3165 3098
f 3098 3165 3164
f 3098 3164 3097
f 3097 3164 3166
f 3097 3166 3096
f 3096 3166 3174
f 3096 3174 3095
f 3095 3174 3173
f 3095 3173 3094
f 3094 3173 3175
f 3094 3175 3093
f 3093 3175 3171
f 3093 3171 3092
f 3092 3171 3170
f 3092 3170 3091
f 3091 3170 3172
f 3176 1880 1855
f 1855 1880 1854
f 1901 1880 3176
f 3177 3178 1889
f 3179 3180 3181
f 1889 3178 1887
f 1887 3178 3182
f 1887 3182 1883
f 1706 3183 3184
f 1891 1893 3176
f 3176 1893 1895
f 3176 1895 1901
f 1947 1877 1883
f 1670 1706 3185
f 3185 1706 3184
f 3185 3184 3186
f 3186 3184 3187
f 3182 3188 1883
f 1883 3188 3189
f 1883 3189 1947
f 1947 3189 3190
f 1947 3190 3179
f 3179 3190 3191
f 3179 3191 3180
f 1704 1702 3192
f 1889 1891 3177
f 3177 1891 3176
f 3177 3176 3184
f 3184 3176 3193
f 3184 3193 3187
f 3192 3179 1704
f 1704 3179 3181
f 1704 3181 1706
f 1706 3181 3194
f 1706 3194 3183
f 1861 1860 3195
f 3195 1860 1990
f 1696 3196 3197
f 1694 3198 1693
f 1693 3198 3199
f 1693 3199 3200
f 3197 3201 1696
f 1696 3201 3202
f 1696 3202 1694
f 1694 3202 3203
f 1694 3203 3198
f 2011 1941 1940
f 1940 3204 1693
f 1693 3204 3205
f 1693 3205 1673
f 1698 3206 1696
f 1696 3206 3207
f 1696 3207 3196
f 3196 3207 3208
f 3196 3208 3209
f 3200 3210 1693
f 1693 3210 3211
f 1693 3211 1940
f 1940 3211 3212
f 1940 3212 2011
f 2011 3212 3213
f 1990 1989 3195
f 3195 1989 2004
f 3195 2004 3209
f 3209 2004 2002
f 3209 2002 3196
f 2002 2000 3196
f 3196 2000 1998
f 3196 1998 3213
f 3213 1998 1996
f 3213 1996 2011
f 1674 1673 1841
f 1841 1673 3205
f 1841 3205 1840
f 1840 3205 3204
f 1840 3204 1838
f 1838 3204 1940
f 1817 1947 1826
f 1826 1947 3179
f 1826 3179 1825
f 1825 3179 3192
f 1825 3192 1737
f 1737 3192 1702
f 1671 1670 1862
f 1862 1670 3185
f 1862 3185 1863
f 1863 3185 3186
f 1863 3186 1864
f 1864 3186 3187
f 1864 3187 1865
f 1865 3187 3193
f 1865 3193 1855
f 1855 3193 3176
f 1861 3195 1875
f 1875 3195 3209
f 1875 3209 1873
f 1873 3209 3208
f 1873 3208 1874
f 1874 3208 3207
f 1874 3207 1876
f 1876 3207 3206
f 1876 3206 1700
f 1700 3206 1698
f 1725 3214 3215
f 1759 3216 1754
f 1754 3216 3217
f 1725 3215 1727
f 1755 1754 1725
f 1725 1754 3217
f 1725 3217 3214
f 3215 3218 1727
f 1727 3218 3219
f 1727 3219 1729
f 1729 3219 3220
f 1729 3220 1731
f 1777 1753 1952
f 3221 3222 1733
f 1733 3222 3223
f 1667 1735 3224
f 3224 1735 1733
f 3224 1733 3225
f 3225 1733 3223
f 3225 3223 1952
f 1952 3223 3226
f 3226 3227 1952
f 1952 3227 3228
f 1952 3228 1777
f 1777 3228 3229
f 1777 3229 1775
f 1775 3229 3230
f 1765 3231 1763
f 1763 3231 3232
f 1763 3232 1761
f 1761 3232 3233
f 1761 3233 1759
f 1759 3233 3234
f 1759 3234 3216
f 1765 1767 3231
f 3231 1767 1731
f 3231 1731 3235
f 3235 1731 3220
f 3221 1733 3236
f 3236 1733 1731
f 3236 1731 3237
f 3237 1731 1767
f 3237 1767 3238
f 3238 1767 1769
f 3238 1769 3239
f 3239 1769 1771
f 3239 1771 3230
f 3230 1771 1773
f 3230 1773 1775
f 3240 3241 1680
f 1680 3241 3242
f 1680 3242 1679
f 3243 3244 1786
f 1786 3244 1938
f 1786 1938 1783
f 1814 1808 1676
f 1688 3245 1686
f 1686 3245 3246
f 3247 1676 3248
f 3248 1676 1679
f 3248 1679 3249
f 3249 1679 3242
f 3244 3250 1938
f 1938 3250 3251
f 1938 3251 3246
f 3246 3251 3252
f 3246 3252 1686
f 1686 3252 3253
f 1686 3253 1684
f 1684 3253 3254
f 1684 3254 1682
f 3255 1814 3256
f 3256 1814 1676
f 3256 1676 3257
f 3257 1676 3247
f 3243 1786 3258
f 3258 1786 1803
f 3258 1803 3259
f 3259 1803 1801
f 3259 1801 3260
f 3260 1801 1799
f 3260 1799 3261
f 3261 1799 1797
f 3261 1797 3262
f 3262 1797 1795
f 3262 1795 3254
f 1680 1682 3240
f 3240 1682 3254
f 3240 3254 3263
f 3263 3254 1795
f 3263 1795 3264
f 3264 1795 1793
f 3264 1793 3265
f 3265 1793 1791
f 3265 1791 3255
f 3255 1791 1789
f 3255 1789 1814
f 1832 1938 1842
f 1842 1938 3246
f 1842 3246 1829
f 1829 3246 3245
f 1829 3245 1690
f 1690 3245 1688
f 1668 1667 1824
f 1824 1667 3224
f 1824 3224 1823
f 1823 3224 3225
f 1823 3225 1821
f 1821 3225 1952
f 3266 3267 3268
f 3269 3270 3268
f 3271 3272 3268
f 3273 3274 3268
f 3275 3276 3268
f 3277 3278 3268
f 3268 3278 3279
f 3280 3281 3268
f 3282 3283 3268
f 3268 3284 3285
f 3286 3268 3285
f 3287 3284 3268
f 3283 3287 3268
f 3281 3282 3268
f 3279 3280 3268
f 3276 3277 3268
f 3274 3275 3268
f 3272 3273 3268
f 3270 3271 3268
f 3267 3269 3268
f 3288 3266 3268
f 3268 3289 3290
f 3291 3289 3268
f 3286 3291 3268
f 3290 3288 3268
f 3252 3251 3291
f 3291 3251 3289
f 3289 3251 3250
f 3289 3250 3290
f 3290 3250 3288
f 3288 3250 3244
f 3288 3244 3266
f 3258 3270 3243
f 3243 3270 3269
f 3243 3269 3244
f 3244 3269 3267
f 3244 3267 3266
f 3259 3272 3258
f 3258 3272 3271
f 3258 3271 3270
f 3260 3274 3259
f 3259 3274 3273
f 3259 3273 3272
f 3261 3276 3260
f 3260 3276 3275
f 3260 3275 3274
f 3280 3279 3262
f 3262 3279 3278
f 3262 3278 3261
f 3261 3278 3277
f 3261 3277 3276
f 3280 3262 3281
f 3281 3262 3254
f 3281 3254 3282
f 3282 3254 3283
f 3283 3254 3253
f 3283 3253 3287
f 3291 3286 3252
f 3252 3286 3285
f 3252 3285 3253
f 3253 3285 3284
f 3253 3284 3287
f 3292 3293 3294
f 3294 3293 3295
f 3296 3297 3294
f 3298 3299 3294
f 3300 3301 3294
f 3302 3303 3294
f 3304 3305 3294
f 3306 3307 3294
f 3308 3309 3294
f 3294 3310 3311
f 3312 3294 3311
f 3313 3310 3294
f 3309 3313 3294
f 3307 3308 3294
f 3305 3306 3294
f 3294 3314 3315
f 3316 3314 3294
f 3317 3304 3294
f 3315 3317 3294
f 3303 3316 3294
f 3301 3302 3294
f 3299 3300 3294
f 3297 3298 3294
f 3295 3296 3294
f 3312 3292 3294
f 3303 3302 3196
f 3199 3198 3310
f 3203 3312 3198
f 3198 3312 3311
f 3198 3311 3310
f 3296 3295 3202
f 3202 3295 3293
f 3202 3293 3203
f 3203 3293 3292
f 3203 3292 3312
f 3296 3202 3297
f 3297 3202 3201
f 3297 3201 3298
f 3298 3201 3299
f 3299 3201 3197
f 3299 3197 3300
f 3196 3302 3197
f 3197 3302 3301
f 3197 3301 3300
f 3303 3196 3316
f 3316 3196 3213
f 3316 3213 3314
f 3314 3213 3212
f 3314 3212 3315
f 3211 3304 3212
f 3212 3304 3317
f 3212 3317 3315
f 3200 3307 3210
f 3210 3307 3306
f 3210 3306 3211
f 3211 3306 3305
f 3211 3305 3304
f 3310 3313 3199
f 3199 3313 3309
f 3199 3309 3200
f 3200 3309 3308
f 3200 3308 3307
f 3318 3319 3320
f 3321 3322 3320
f 3323 3324 3320
f 3325 3326 3320
f 3327 3328 3320
f 3329 3330 3320
f 3320 3330 3331
f 3332 3333 3320
f 3334 3335 3320
f 3320 3336 3337
f 3338 3320 3337
f 3339 3336 3320
f 3335 3339 3320
f 3333 3334 3320
f 3331 3332 3320
f 3328 3329 3320
f 3326 3327 3320
f 3324 3325 3320
f 3322 3323 3320
f 3319 3321 3320
f 3340 3318 3320
f 3320 3341 3342
f 3343 3341 3320
f 3338 3343 3320
f 3342 3340 3320
f 3230 3229 3343
f 3343 3229 3341
f 3341 3229 3228
f 3341 3228 3342
f 3342 3228 3340
f 3340 3228 3227
f 3340 3227 3318
f 3223 3322 3226
f 3226 3322 3321
f 3226 3321 3227
f 3227 3321 3319
f 3227 3319 3318
f 3222 3324 3223
f 3223 3324 3323
f 3223 3323 3322
f 3221 3326 3222
f 3222 3326 3325
f 3222 3325 3324
f 3236 3328 3221
f 3221 3328 3327
f 3221 3327 3326
f 3332 3331 3237
f 3237 3331 3330
f 3237 3330 3236
f 3236 3330 3329
f 3236 3329 3328
f 3332 3237 3333
f 3333 3237 3238
f 3333 3238 3334
f 3334 3238 3335
f 3335 3238 3239
f 3335 3239 3339
f 3343 3338 3230
f 3230 3338 3337
f 3230 3337 3239
f 3239 3337 3336
f 3239 3336 3339
f 3344 3345 3346
f 3346 3345 3347
f 3348 3349 3346
f 3350 3351 3346
f 3352 3353 3346
f 3354 3355 3346
f 3356 3357 3346
f 3358 3359 3346
f 3360 3361 3346
f 3346 3362 3363
f 3364 3346 3363
f 3365 3362 3346
f 3361 3365 3346
f 3359 3360 3346
f 3357 3358 3346
f 3346 3366 3367
f 3368 3366 3346
f 3369 3356 3346
f 3367 3369 3346
f 3355 3368 3346
f 3353 3354 3346
f 3351 3352 3346
f 3349 3350 3346
f 3347 3348 3346
f 3364 3344 3346
f 3355 3354 3180
f 3178 3177 3362
f 3184 3364 3177
f 3177 3364 3363
f 3177 3363 3362
f 3348 3347 3183
f 3183 3347 3345
f 3183 3345 3184
f 3184 3345 3344
f 3184 3344 3364
f 3348 3183 3349
f 3349 3183 3194
f 3349 3194 3350
f 3350 3194 3351
f 3351 3194 3181
f 3351 3181 3352
f 3180 3354 3181
f 3181 3354 3353
f 3181 3353 3352
f 3355 3180 3368
f 3368 3180 3191
f 3368 3191 3366
f 3366 3191 3190
f 3366 3190 3367
f 3189 3356 3190
f 3190 3356 3369
f 3190 3369 3367
f 3182 3359 3188
f 3188 3359 3358
f 3188 3358 3189
f 3189 3358 3357
f 3189 3357 3356
f 3362 3365 3178
f 3178 3365 3361
f 3178 3361 3182
f 3182 3361 3360
f 3182 3360 3359
f 3370 3371 3372
f 3373 3371 3370
f 3370 3374 3375
f 3376 3374 3370
f 3372 3376 3370
f 3370 3377 3378
f 3379 3377 3370
f 3375 3379 3370
f 3370 3380 3381
f 3382 3380 3370
f 3378 3382 3370
f 3381 3373 3370
f 3219 3379 3220
f 3220 3379 3375
f 3220 3375 3235
f 3235 3375 3374
f 3235 3374 3231
f 3231 3374 3376
f 3231 3376 3232
f 3232 3376 3372
f 3232 3372 3233
f 3233 3372 3371
f 3233 3371 3234
f 3234 3371 3373
f 3234 3373 3216
f 3216 3373 3381
f 3216 3381 3217
f 3217 3381 3380
f 3217 3380 3214
f 3214 3380 3382
f 3214 3382 3215
f 3215 3382 3378
f 3215 3378 3218
f 3218 3378 3377
f 3218 3377 3219
f 3219 3377 3379
f 3383 3384 3385
f 3386 3384 3383
f 3383 3387 3388
f 3389 3387 3383
f 3385 3389 3383
f 3383 3390 3391
f 3392 3390 3383
f 3388 3392 3383
f 3383 3393 3394
f 3395 3393 3383
f 3391 3395 3383
f 3394 3386 3383
f 3247 3392 3257
f 3257 3392 3388
f 3257 3388 3256
f 3256 3388 3387
f 3256 3387 3255
f 3255 3387 3389
f 3255 3389 3265
f 3265 3389 3385
f 3265 3385 3264
f 3264 3385 3384
f 3264 3384 3263
f 3263 3384 3386
f 3263 3386 3240
f 3240 3386 3394
f 3240 3394 3241
f 3241 3394 3393
f 3241 3393 3242
f 3242 3393 3395
f 3242 3395 3249
f 3249 3395 3391
f 3249 3391 3248
f 3248 3391 3390
f 3248 3390 3247
f 3247 3390 3392
f 2119 2118 3396
f 3397 3398 3399
f 3398 3400 3401
f 1374 1372 3402
f 3402 1372 3403
f 3402 3403 3404
f 3404 3403 3405
f 3404 3405 3406
f 3406 3405 3407
f 3406 3408 3404
f 3404 3408 3409
f 3404 3409 3402
f 3402 3409 3410
f 3402 3410 1374
f 2089 2088 3400
f 1564 1357 3410
f 3410 1357 1375
f 3410 1375 1374
f 2088 2087 3400
f 3400 2087 2137
f 3400 2137 3401
f 3401 2137 2136
f 3401 2136 3411
f 3411 2136 2135
f 3411 2135 3412
f 3412 2135 2134
f 3412 2134 3413
f 3413 2134 2133
f 3413 2133 3414
f 2133 2129 3414
f 3414 2129 2130
f 3414 2130 3415
f 3415 2130 2131
f 3415 2131 3416
f 3416 2131 2132
f 3416 2132 3417
f 2132 2128 3417
f 3417 2128 2127
f 3417 2127 3418
f 3418 2127 2126
f 3418 2126 3419
f 3419 2126 2125
f 3419 2125 2124
f 2123 3420 2124
f 2124 3420 3421
f 2124 3421 3419
f 2123 2122 3420
f 3420 2122 2121
f 3420 2121 3422
f 3422 2121 2120
f 3422 2120 3423
f 3398 3401 3399
f 3399 3401 3411
f 3399 3411 3424
f 3424 3411 3412
f 3424 3412 3425
f 3425 3412 3413
f 3425 3413 3426
f 3426 3413 3414
f 3426 3414 3427
f 3427 3414 3415
f 3427 3415 3428
f 3428 3415 3416
f 3428 3416 3429
f 3429 3416 3417
f 3429 3417 3430
f 3430 3417 3418
f 3430 3418 3431
f 3431 3418 3419
f 3431 3419 3432
f 3432 3419 3421
f 3432 3421 3433
f 3433 3421 3420
f 3433 3420 3434
f 3434 3420 3422
f 3434 3422 3435
f 3435 3422 3423
f 3435 3423 3436
f 3397 3399 3437
f 3437 3399 3424
f 3437 3424 3438
f 3438 3424 3425
f 3438 3425 3439
f 3439 3425 3426
f 3439 3426 3440
f 3440 3426 3427
f 3440 3427 3441
f 3441 3427 3428
f 3441 3428 3442
f 3442 3428 3429
f 3442 3429 3443
f 3443 3429 3430
f 3443 3430 3444
f 3444 3430 3431
f 3444 3431 3445
f 3445 3431 3432
f 3445 3432 3446
f 3446 3432 3433
f 3446 3433 3447
f 3447 3433 3434
f 3447 3434 3448
f 3448 3434 3435
f 3448 3435 3449
f 3449 3435 3436
f 3449 3436 3450
f 1578 1577 3450
f 3450 1577 1575
f 3450 1575 3449
f 3449 1575 1574
f 3449 1574 3448
f 3448 1574 1573
f 3448 1573 3447
f 3447 1573 1572
f 3447 1572 3446
f 3446 1572 1571
f 3446 1571 3445
f 3445 1571 1561
f 3445 1561 3444
f 3444 1561 1560
f 3444 1560 3443
f 3443 1560 1570
f 3443 1570 3442
f 3442 1570 1569
f 3442 1569 3441
f 3441 1569 1568
f 3441 1568 3440
f 3440 1568 1567
f 3440 1567 3439
f 3439 1567 1566
f 3439 1566 3438
f 3438 1566 1565
f 3438 1565 3437
f 3437 1565 1564
f 3437 1564 3397
f 3397 1564 3410
f 3397 3410 3398
f 3398 3410 3409
f 3398 3409 3400
f 3400 3409 3408
f 3400 3408 2089
f 2089 3408 3406
f 2089 3406 2086
f 2086 3406 3407
f 2086 3407 2090
f 1549 1578 3451
f 3451 1578 3450
f 3451 3450 3452
f 3452 3450 3436
f 3452 3436 3396
f 3396 3436 3423
f 3396 3423 2119
f 2119 3423 2120
f 1550 1549 3453
f 3453 1549 3451
f 3453 3451 3454
f 3454 3451 3452
f 3454 3452 3455
f 3455 3452 3396
f 3455 3396 2117
f 2117 3396 2118
f 1551 1550 3456
f 3456 1550 3453
f 3456 3453 3457
f 3457 3453 3454
f 3457 3454 3458
f 3458 3454 3455
f 3458 3455 2116
f 2116 3455 2117
f 3457 3458 3459
f 3456 3457 3460
f 1551 3456 3461
f 2115 3459 2111
f 2111 3459 3458
f 2111 3458 2116
f 2114 3462 2115
f 2115 3462 3463
f 2115 3463 3459
f 1551 3461 1553
f 1553 3461 3464
f 1553 3464 1554
f 1554 3464 3465
f 1554 3465 1555
f 2114 2113 3462
f 3462 2113 2112
f 3462 2112 3466
f 3466 2112 2110
f 3466 2110 3467
f 3467 2110 2109
f 3467 2109 3468
f 3468 2109 2108
f 3468 2108 3469
f 3469 2108 2107
f 3469 2107 3470
f 2107 2103 3470
f 3470 2103 2104
f 3470 2104 3471
f 3471 2104 2105
f 3471 2105 3472
f 3472 2105 2106
f 3472 2106 3473
f 2106 2102 3473
f 3473 2102 2101
f 3473 2101 3474
f 3474 2101 2100
f 3474 2100 3475
f 3475 2100 2099
f 3475 2099 2098
f 2097 3476 2098
f 2098 3476 3477
f 2098 3477 3475
f 1555 3465 1556
f 1556 3465 3478
f 1556 3478 1558
f 1558 3478 3479
f 1558 3479 1559
f 1559 3479 3480
f 1559 3480 1537
f 1537 3480 3481
f 1537 3481 1538
f 1538 3481 3482
f 1538 3482 1540
f 1540 3482 3483
f 1540 3483 1541
f 1541 3483 3484
f 1541 3484 1534
f 1534 3484 3485
f 1534 3485 1535
f 1535 3485 3486
f 1535 3486 1542
f 1542 3486 3487
f 1542 3487 1543
f 1543 3487 3488
f 1543 3488 1544
f 1544 3488 3489
f 1544 3489 1546
f 1546 3489 3490
f 1546 3490 1545
f 2097 2096 3476
f 3476 2096 2095
f 3476 2095 3491
f 3491 2095 2094
f 3491 2094 3492
f 3492 2094 2093
f 3492 2093 3493
f 2093 2092 3493
f 3493 2092 2091
f 3493 2091 3494
f 3494 2091 2090
f 3494 2090 3407
f 3457 3459 3460
f 3460 3459 3463
f 3460 3463 3495
f 3495 3463 3462
f 3495 3462 3496
f 3496 3462 3466
f 3496 3466 3497
f 3497 3466 3467
f 3497 3467 3498
f 3498 3467 3468
f 3498 3468 3499
f 3499 3468 3469
f 3499 3469 3500
f 3500 3469 3470
f 3500 3470 3501
f 3501 3470 3471
f 3501 3471 3502
f 3502 3471 3472
f 3502 3472 3503
f 3503 3472 3473
f 3503 3473 3504
f 3504 3473 3474
f 3504 3474 3505
f 3505 3474 3475
f 3505 3475 3506
f 3506 3475 3477
f 3506 3477 3507
f 3507 3477 3476
f 3507 3476 3508
f 3508 3476 3491
f 3508 3491 3509
f 3509 3491 3492
f 3509 3492 3510
f 3510 3492 3493
f 3510 3493 3511
f 3511 3493 3494
f 3511 3494 3512
f 3512 3494 3407
f 3512 3407 3405
f 3456 3460 3461
f 3461 3460 3495
f 3461 3495 3464
f 3464 3495 3496
f 3464 3496 3465
f 3465 3496 3497
f 3465 3497 3478
f 3478 3497 3498
f 3478 3498 3479
f 3479 3498 3499
f 3479 3499 3480
f 3480 3499 3500
f 3480 3500 3481
f 3481 3500 3501
f 3481 3501 3482
f 3482 3501 3502
f 3482 3502 3483
f 3483 3502 3503
f 3483 3503 3484
f 3484 3503 3504
f 3484 3504 3485
f 3485 3504 3505
f 3485 3505 3486
f 3486 3505 3506
f 3486 3506 3487
f 3487 3506 3507
f 3487 3507 3488
f 3488 3507 3508
f 3488 3508 3489
f 3489 3508 3509
f 3489 3509 3490
f 3490 3509 3510
f 3490 3510 3513
f 3513 3510 3511
f 3513 3511 3514
f 3514 3511 3512
f 3514 3512 3515
f 3515 3512 3405
f 3515 3405 3403
f 1545 3490 1364
f 1364 3490 3513
f 1364 3513 1366
f 1366 3513 3514
f 1366 3514 1368
f 1368 3514 3515
f 1368 3515 1370
f 1370 3515 3403
f 1370 3403 1372
f 3516 2473 1354
f 1354 2473 1355
f 1360 1359 3517
f 3517 1359 2474
f 3516 3518 3519
f 3520 3521 3516
f 3516 3521 3522
f 3516 3522 3518
f 2474 2473 3517
f 3517 2473 3516
f 3517 3516 3523
f 3523 3516 3519
f 1371 3522 1369
f 1369 3522 3521
f 1369 3521 1367
f 1367 3521 3520
f 1367 3520 1365
f 3516 1354 3520
f 3520 1354 1363
f 3520 1363 1365
f 1360 3517 3523
f 1360 3523 1361
f 1361 3523 3519
f 1361 3519 1362
f 1362 3519 3518
f 1362 3518 1373
f 1373 3518 3522
f 1373 3522 1371
f 2543 2545 3524
f 3524 2545 2547
f 3524 2547 3525
f 3525 2547 2549
f 3525 2549 3526
f 3526 2549 2551
f 3526 2551 3527
f 3527 2551 2519
f 3527 2519 3528
f 3528 2519 2521
f 3528 2521 3529
f 3529 2521 2523
f 3529 2523 3530
f 3530 2523 2525
f 3530 2525 3531
f 3531 2525 2527
f 3531 2527 3532
f 3532 2527 2498
f 3532 2498 3533
f 3533 2498 2500
f 3533 2500 3534
f 3534 2500 2502
f 3534 2502 3535
f 3535 2502 2504
f 3535 2504 3536
f 3536 2504 2506
f 3536 2506 3537
f 3537 2506 2508
f 3537 2508 3538
f 3538 2508 2510
f 3538 2510 3539
f 3539 2510 2511
f 3539 2511 3540
f 3540 2511 2512
f 3540 2512 3541
f 3541 2512 2482
f 3541 2482 3542
f 3542 2482 2483
f 3542 2483 3543
f 3543 2483 2485
f 3543 2485 3544
f 3544 2485 2486
f 3544 2486 3545
f 3545 2486 2530
f 3545 2530 3546
f 3546 2530 2514
f 3546 2514 3547
f 3547 2514 2513
f 3547 2513 3548
f 3548 2513 2533
f 3548 2533 3549
f 3549 2533 2535
f 3549 2535 3550
f 3550 2535 2537
f 3550 2537 3551
f 3551 2537 2539
f 3551 2539 3552
f 3552 2539 2541
f 3552 2541 3553
f 3553 2541 2543
f 3553 2543 3524
f 3554 3555 1191
f 1191 1193 3554
f 3554 1193 1195
f 3554 1195 3556
f 3556 1195 1205
f 3556 1205 3557
f 3557 1205 1203
f 3557 1203 3558
f 3558 1203 1201
f 1201 1199 3558
f 3558 1199 1197
f 3558 1197 3559
f 1197 1208 3559
f 3559 1208 1207
f 3559 1207 3560
f 3560 1207 1206
f 3560 1206 3561
f 3561 1206 1211
f 3561 1211 3562
f 3562 1211 1212
f 3562 1212 3563
f 3563 1212 1221
f 3563 1221 3564
f 3564 1221 1219
f 3564 1219 3565
f 1219 1241 3565
f 3565 1241 1243
f 3565 1243 3566
f 3566 1243 1247
f 3566 1247 3567
f 1247 1246 3567
f 3567 1246 1248
f 3567 1248 3568
f 3568 1248 1250
f 1250 1252 3568
f 3568 1252 1253
f 3568 1253 3569
f 3569 1253 1255
f 3569 1255 3570
f 3570 1255 1271
f 3570 1271 3571
f 3571 1271 1161
f 3571 1161 3572
f 1161 1160 3572
f 3572 1160 1162
f 3572 1162 3573
f 3573 1162 1164
f 3573 1164 3574
f 1164 1166 3574
f 3574 1166 1169
f 3574 1169 3575
f 3575 1169 1170
f 3575 1170 3576
f 3576 1170 1157
f 3576 1157 3577
f 3577 1157 1156
f 3577 1156 3578
f 3578 1156 1172
f 3578 1172 3579
f 3579 1172 1173
f 3579 1173 3580
f 3580 1173 1175
f 3580 1175 3581
f 3581 1175 1177
f 3581 1177 3555
f 3555 1177 1188
f 3555 1188 1191
f 3582 3583 3584
f 3584 3583 3585
f 3584 3585 3586
f 3586 3585 3587
f 3586 3587 3588
f 3588 3587 3589
f 3588 3589 3590
f 3590 3589 3591
f 3590 3591 3592
f 3592 3591 3593
f 3592 3593 3594
f 3594 3593 3595
f 3594 3595 3596
f 3596 3595 3597
f 3596 3597 3598
f 3598 3597 3599
f 3598 3599 3600
f 3600 3599 3601
f 3600 3601 3602
f 3602 3601 3603
f 3602 3603 3604
f 3604 3603 3605
f 3604 3605 3606
f 3606 3605 3607
f 3606 3607 3608
f 3608 3607 3609
f 3608 3609 3610
f 3609 3611 3610
f 3610 3611 3612
f 3610 3612 3613
f 3613 3612 3614
f 3613 3614 3615
f 3615 3614 3616
f 3615 3616 3617
f 3617 3616 3618
f 3617 3618 3619
f 3619 3618 3620
f 3619 3620 3621
f 3621 3620 3622
f 3621 3622 3623
f 3623 3622 3624
f 3623 3624 3625
f 3625 3624 3626
f 3625 3626 3627
f 3627 3626 3628
f 3627 3628 3629
f 3629 3628 3630
f 3629 3630 3631
f 3631 3630 3632
f 3631 3632 3633
f 3633 3632 3634
f 3633 3634 3635
f 3635 3634 3636
f 3635 3636 3637
f 3637 3636 3638
f 3637 3638 3582
f 3582 3638 3639
f 3582 3639 3583
f 3546 3595 3545
f 3545 3595 3593
f 3545 3593 3544
f 3544 3593 3591
f 3544 3591 3543
f 3543 3591 3589
f 3543 3589 3542
f 3542 3589 3587
f 3542 3587 3541
f 3541 3587 3585
f 3541 3585 3540
f 3540 3585 3583
f 3540 3583 3539
f 3539 3583 3639
f 3539 3639 3538
f 3538 3639 3638
f 3538 3638 3537
f 3537 3638 3636
f 3537 3636 3536
f 3536 3636 3634
f 3536 3634 3535
f 3535 3634 3632
f 3535 3632 3534
f 3534 3632 3630
f 3534 3630 3533
f 3533 3630 3628
f 3533 3628 3532
f 3532 3628 3626
f 3532 3626 3531
f 3531 3626 3624
f 3531 3624 3530
f 3530 3624 3622
f 3530 3622 3529
f 3529 3622 3620
f 3529 3620 3528
f 3528 3620 3618
f 3528 3618 3527
f 3527 3618 3616
f 3527 3616 3526
f 3526 3616 3614
f 3526 3614 3525
f 3525 3614 3612
f 3525 3612 3524
f 3524 3612 3611
f 3524 3611 3553
f 3553 3611 3609
f 3553 3609 3552
f 3552 3609 3607
f 3552 3607 3551
f 3551 3607 3605
f 3551 3605 3550
f 3550 3605 3603
f 3550 3603 3549
f 3549 3603 3601
f 3549 3601 3548
f 3548 3601 3599
f 3548 3599 3547
f 3547 3599 3597
f 3547 3597 3546
f 3546 3597 3595
f 3562 3627 3561
f 3561 3627 3629
f 3561 3629 3560
f 3560 3629 3631
f 3560 3631 3559
f 3559 3631 3633
f 3559 3633 3558
f 3558 3633 3635
f 3558 3635 3557
f 3557 3635 3637
f 3557 3637 3556
f 3556 3637 3582
f 3556 3582 3554
f 3554 3582 3584
f 3554 3584 3555
f 3555 3584 3586
f 3555 3586 3581
f 3581 3586 3588
f 3581 3588 3580
f 3580 3588 3590
f 3580 3590 3579
f 3579 3590 3592
f 3579 3592 3578
f 3578 3592 3594
f 3578 3594 3577
f 3577 3594 3596
f 3577 3596 3576
f 3576 3596 3598
f 3576 3598 3575
f 3575 3598 3600
f 3575 3600 3574
f 3574 3600 3602
f 3574 3602 3573
f 3573 3602 3604
f 3573 3604 3572
f 3572 3604 3606
f 3572 3606 3571
f 3571 3606 3608
f 3571 3608 3570
f 3570 3608 3610
f 3570 3610 3569
f 3569 3610 3613
f 3569 3613 3568
f 3568 3613 3615
f 3568 3615 3567
f 3567 3615 3617
f 3567 3617 3566
f 3566 3617 3619
f 3566 3619 3565
f 3565 3619 3621
f 3565 3621 3564
f 3564 3621 3623
f 3564 3623 3563
f 3563 3623 3625
f 3563 3625 3562
f 3562 3625 3627
f 2476 2280 2477
f 2477 2280 2279
f 2477 2279 2497
f 2497 2279 2278
f 2497 2278 2496
f 2496 2278 2277
f 2496 2277 2494
f 2494 2277 2276
f 2494 2276 2480
f 2480 2276 2275
f 2480 2275 2481
f 2481 2275 2273
f 2481 2273 2484
f 2484 2273 2272
f 2484 2272 2487
f 2487 2272 2284
f 2487 2284 2488
f 2488 2284 2283
f 2488 2283 2491
f 2491 2283 2282
f 2491 2282 2516
f 2516 2282 2281
f 2516 2281 2476
f 2476 2281 2280
f 3640 3641 3642
f 3643 3644 3642
f 3642 3644 3645
f 3642 3645 3640
f 3646 3647 3642
f 3642 3647 3648
f 3642 3648 3643
f 3649 3650 3642
f 3642 3650 3651
f 3642 3651 3646
f 3652 3653 3642
f 3642 3653 3654
f 3642 3654 3649
f 3655 3656 3642
f 3642 3656 3657
f 3642 3657 3652
f 3658 3659 3642
f 3642 3659 3660
f 3642 3660 3655
f 3661 3662 3642
f 3642 3662 3663
f 3642 3663 3658
f 3664 3665 3642
f 3642 3665 3666
f 3642 3666 3661
f 3641 3667 3642
f 3642 3667 3668
f 3642 3668 3664
f 3669 3645 3670
f 3670 3645 3644
f 3670 3644 3671
f 3671 3644 3643
f 3671 3643 3672
f 3672 3643 3648
f 3672 3648 3673
f 3673 3648 3647
f 3673 3647 3674
f 3674 3647 3646
f 3674 3646 3675
f 3675 3646 3651
f 3675 3651 3676
f 3676 3651 3650
f 3676 3650 3677
f 3677 3650 3649
f 3677 3649 3678
f 3678 3649 3654
f 3678 3654 3679
f 3679 3654 3653
f 3679 3653 3680
f 3680 3653 3652
f 3680 3652 3681
f 3681 3652 3657
f 3681 3657 3682
f 3682 3657 3656
f 3682 3656 3683
f 3683 3656 3655
f 3683 3655 3684
f 3684 3655 3660
f 3684 3660 3685
f 3685 3660 3659
f 3685 3659 3686
f 3686 3659 3658
f 3686 3658 3687
f 3687 3658 3663
f 3687 3663 3688
f 3688 3663 3662
f 3688 3662 3689
f 3689 3662 3661
f 3689 3661 3690
f 3690 3661 3666
f 3690 3666 3691
f 3691 3666 3665
f 3691 3665 3692
f 3692 3665 3664
f 3692 3664 3693
f 3693 3664 3668
f 3693 3668 3694
f 3694 3668 3667
f 3694 3667 3695
f 3695 3667 3641
f 3695 3641 3696
f 3696 3641 3640
f 3696 3640 3669
f 3669 3640 3645
f 3697 3670 3698
f 3698 3670 3671
f 3698 3671 3699
f 3699 3671 3672
f 3699 3672 3700
f 3700 3672 3673
f 3700 3673 3701
f 3701 3673 3674
f 3701 3674 3702
f 3702 3674 3675
f 3702 3675 3703
f 3703 3675 3676
f 3703 3676 3704
f 3704 3676 3677
f 3704 3677 3705
f 3705 3677 3678
f 3705 3678 3706
f 3706 3678 3679
f 3706 3679 3707
f 3707 3679 3680
f 3707 3680 3708
f 3708 3680 3681
f 3708 3681 3709
f 3709 3681 3682
f 3709 3682 3710
f 3710 3682 3683
f 3710 3683 3711
f 3711 3683 3684
f 3711 3684 3712
f 3712 3684 3685
f 3712 3685 3713
f 3713 3685 3686
f 3713 3686 3714
f 3714 3686 3687
f 3714 3687 3715
f 3715 3687 3688
f 3715 3688 3716
f 3716 3688 3689
f 3716 3689 3717
f 3717 3689 3690
f 3717 3690 3718
f 3718 3690 3691
f 3718 3691 3719
f 3719 3691 3692
f 3719 3692 3720
f 3720 3692 3693
f 3720 3693 3721
f 3721 3693 3694
f 3721 3694 3722
f 3722 3694 3695
f 3722 3695 3723
f 3723 3695 3696
f 3723 3696 3724
f 3724 3696 3669
f 3724 3669 3697
f 3697 3669 3670
f 3712 3725 3711
f 3711 3725 3726
f 3711 3726 3710
f 3710 3726 3727
f 3710 3727 3709
f 3709 3727 3728
f 3709 3728 3708
f 3708 3728 3729
f 3708 3729 3707
f 3729 3730 3707
f 3707 3730 3731
f 3707 3731 3706
f 3706 3731 3732
f 3706 3732 3705
f 3705 3732 3733
f 3705 3733 3704
f 3716 3734 3715
f 3715 3734 3735
f 3715 3735 3714
f 3714 3735 3736
f 3714 3736 3713
f 3713 3736 3737
f 3713 3737 3712
f 3712 3737 3738
f 3712 3738 3725
f 3720 3739 3719
f 3719 3739 3740
f 3719 3740 3718
f 3718 3740 3741
f 3718 3741 3717
f 3717 3741 3742
f 3717 3742 3716
f 3716 3742 3743
f 3716 3743 3734
f 3724 3744 3723
f 3723 3744 3745
f 3723 3745 3722
f 3722 3745 3746
f 3722 3746 3721
f 3721 3746 3747
f 3721 3747 3720
f 3720 3747 3748
f 3720 3748 3739
f 3700 3749 3699
f 3699 3749 3750
f 3699 3750 3698
f 3698 3750 3751
f 3698 3751 3697
f 3697 3751 3752
f 3697 3752 3724
f 3724 3752 3753
f 3724 3753 3744
f 3733 3754 3704
f 3704 3754 3755
f 3704 3755 3703
f 3703 3755 3756
f 3703 3756 3702
f 3702 3756 3757
f 3702 3757 3701
f 3701 3757 3758
f 3701 3758 3700
f 3700 3758 3759
f 3700 3759 3749
f 3760 3761 3726
f 3726 3761 3762
f 3726 3762 3727
f 3727 3762 3763
f 3727 3763 3728
f 3728 3763 3764
f 3728 3764 3729
f 3729 3764 3765
f 3729 3765 3730
f 3730 3765 3766
f 3730 3766 3731
f 3731 3766 3767
f 3731 3767 3732
f 3732 3767 3768
f 3732 3768 3733
f 3733 3768 3769
f 3733 3769 3754
f 3754 3769 3770
f 3754 3770 3755
f 3755 3770 3771
f 3755 3771 3756
f 3756 3771 3772
f 3756 3772 3757
f 3757 3772 3773
f 3757 3773 3758
f 3758 3773 3774
f 3758 3774 3759
f 3759 3774 3775
f 3759 3775 3749
f 3749 3775 3776
f 3749 3776 3750
f 3750 3776 3777
f 3750 3777 3751
f 3751 3777 3778
f 3751 3778 3752
f 3752 3778 3779
f 3752 3779 3753
f 3753 3779 3780
f 3753 3780 3744
f 3744 3780 3781
f 3744 3781 3745
f 3745 3781 3782
f 3745 3782 3746
f 3746 3782 3783
f 3746 3783 3747
f 3747 3783 3784
f 3747 3784 3748
f 3748 3784 3785
f 3748 3785 3739
f 3739 3785 3786
f 3739 3786 3740
f 3740 3786 3787
f 3740 3787 3741
f 3741 3787 3788
f 3741 3788 3742
f 3742 3788 3789
f 3742 3789 3743
f 3743 3789 3790
f 3743 3790 3734
f 3734 3790 3791
f 3734 3791 3735
f 3735 3791 3792
f 3735 3792 3736
f 3736 3792 3793
f 3736 3793 3737
f 3737 3793 3794
f 3737 3794 3738
f 3738 3794 3795
f 3738 3795 3725
f 3725 3795 3760
f 3725 3760 3726
f 3796 3797 3798
f 3796 3798 3799
f 3800 3801 3798
f 3798 3801 3802
f 3798 3802 3799
f 3803 3804 3798
f 3798 3804 3805
f 3798 3805 3800
f 3806 3807 3798
f 3798 3807 3808
f 3798 3808 3803
f 3809 3810 3798
f 3798 3810 3811
f 3798 3811 3806
f 3812 3813 3798
f 3798 3813 3814
f 3798 3814 3809
f 3815 3816 3798
f 3798 3816 3817
f 3798 3817 3812
f 3818 3819 3798
f 3798 3819 3820
f 3798 3820 3815
f 3821 3822 3798
f 3798 3822 3823
f 3798 3823 3818
f 3824 3825 3798
f 3798 3825 3826
f 3798 3826 3821
f 3797 3827 3798
f 3798 3827 3828
f 3798 3828 3824
f 3760 3795 3829
f 3829 3795 3794
f 3829 3794 3830
f 3830 3794 3793
f 3830 3793 3831
f 3831 3793 3792
f 3831 3792 3832
f 3832 3792 3791
f 3832 3791 3833
f 3833 3791 3790
f 3833 3790 3834
f 3834 3790 3789
f 3834 3789 3835
f 3835 3789 3788
f 3835 3788 3836
f 3836 3788 3787
f 3836 3787 3837
f 3837 3787 3786
f 3837 3786 3838
f 3838 3786 3785
f 3838 3785 3839
f 3839 3785 3784
f 3839 3784 3840
f 3840 3784 3783
f 3840 3783 3841
f 3841 3783 3782
f 3841 3782 3842
f 3842 3782 3781
f 3842 3781 3843
f 3843 3781 3780
f 3843 3780 3844
f 3844 3780 3779
f 3844 3779 3845
f 3845 3779 3778
f 3845 3778 3846
f 3846 3778 3777
f 3846 3777 3847
f 3847 3777 3776
f 3847 3776 3848
f 3848 3776 3775
f 3848 3775 3849
f 3849 3775 3774
f 3849 3774 3850
f 3850 3774 3773
f 3850 3773 3851
f 3851 3773 3772
f 3851 3772 3852
f 3852 3772 3771
f 3852 3771 3853
f 3853 3771 3770
f 3853 3770 3854
f 3854 3770 3769
f 3854 3769 3855
f 3855 3769 3768
f 3855 3768 3856
f 3856 3768 3767
f 3856 3767 3857
f 3857 3767 3766
f 3857 3766 3858
f 3858 3766 3765
f 3858 3765 3859
f 3859 3765 3764
f 3859 3764 3860
f 3860 3764 3763
f 3860 3763 3861
f 3861 3763 3762
f 3861 3762 3862
f 3862 3762 3761
f 3862 3761 3863
f 3863 3761 3760
f 3863 3760 3829
f 3796 3864 3797
f 3797 3864 3865
f 3797 3865 3827
f 3827 3865 3866
f 3827 3866 3828
f 3828 3866 3867
f 3828 3867 3824
f 3824 3867 3868
f 3824 3868 3825
f 3825 3868 3869
f 3825 3869 3826
f 3826 3869 3870
f 3826 3870 3821
f 3821 3870 3871
f 3821 3871 3822
f 3822 3871 3872
f 3822 3872 3823
f 3823 3872 3873
f 3823 3873 3818
f 3818 3873 3874
f 3818 3874 3819
f 3819 3874 3875
f 3819 3875 3820
f 3820 3875 3876
f 3820 3876 3815
f 3815 3876 3877
f 3815 3877 3816
f 3816 3877 3878
f 3816 3878 3817
f 3817 3878 3879
f 3817 3879 3812
f 3812 3879 3880
f 3812 3880 3813
f 3813 3880 3881
f 3813 3881 3814
f 3814 3881 3882
f 3814 3882 3809
f 3809 3882 3883
f 3809 3883 3810
f 3810 3883 3884
f 3810 3884 3811
f 3811 3884 3885
f 3811 3885 3806
f 3806 3885 3886
f 3806 3886 3807
f 3807 3886 3887
f 3807 3887 3808
f 3808 3887 3888
f 3808 3888 3803
f 3803 3888 3889
f 3803 3889 3804
f 3804 3889 3890
f 3804 3890 3805
f 3805 3890 3891
f 3805 3891 3800
f 3800 3891 3892
f 3800 3892 3801
f 3801 3892 3893
f 3801 3893 3802
f 3802 3893 3894
f 3802 3894 3799
f 3799 3894 3895
f 3799 3895 3796
f 3796 3895 3864
f 3896 3855 3897
f 3897 3855 3856
f 3897 3856 3898
f 3898 3856 3857
f 3898 3857 3899
f 3899 3857 3858
f 3899 3858 3900
f 3900 3858 3859
f 3900 3859 3901
f 3901 3859 3860
f 3901 3860 3902
f 3902 3860 3861
f 3902 3861 3903
f 3903 3861 3862
f 3903 3862 3904
f 3904 3862 3863
f 3904 3863 3905
f 3905 3863 3829
f 3905 3829 3906
f 3906 3829 3830
f 3906 3830 3907
f 3907 3830 3831
f 3907 3831 3908
f 3908 3831 3832
f 3908 3832 3909
f 3909 3832 3833
f 3909 3833 3910
f 3910 3833 3834
f 3910 3834 3911
f 3911 3834 3835
f 3911 3835 3912
f 3912 3835 3836
f 3912 3836 3913
f 3836 3837 3913
f 3913 3837 3838
f 3913 3838 3914
f 3914 3838 3839
f 3914 3839 3915
f 3915 3839 3840
f 3915 3840 3916
f 3916 3840 3841
f 3916 3841 3917
f 3917 3841 3842
f 3917 3842 3918
f 3918 3842 3843
f 3918 3843 3919
f 3919 3843 3844
f 3919 3844 3920
f 3920 3844 3845
f 3920 3845 3921
f 3921 3845 3846
f 3921 3846 3922
f 3922 3846 3847
f 3922 3847 3923
f 3923 3847 3848
f 3923 3848 3924
f 3924 3848 3849
f 3924 3849 3925
f 3925 3849 3850
f 3925 3850 3926
f 3926 3850 3851
f 3926 3851 3927
f 3927 3851 3852
f 3927 3852 3928
f 3928 3852 3853
f 3928 3853 3896
f 3896 3853 3854
f 3896 3854 3855
f 3929 3930 3879
f 3879 3930 3931
f 3879 3931 3880
f 3880 3931 3932
f 3880 3932 3881
f 3881 3932 3933
f 3881 3933 3882
f 3882 3933 3934
f 3882 3934 3883
f 3883 3934 3935
f 3883 3935 3884
f 3884 3935 3936
f 3884 3936 3885
f 3885 3936 3937
f 3885 3937 3886
f 3886 3937 3938
f 3886 3938 3887
f 3887 3938 3939
f 3887 3939 3888
f 3888 3939 3940
f 3888 3940 3889
f 3889 3940 3941
f 3889 3941 3890
f 3890 3941 3942
f 3890 3942 3891
f 3891 3942 3943
f 3891 3943 3892
f 3892 3943 3944
f 3892 3944 3893
f 3893 3944 3945
f 3893 3945 3894
f 3894 3945 3946
f 3894 3946 3895
f 3895 3946 3947
f 3895 3947 3864
f 3864 3947 3948
f 3864 3948 3865
f 3865 3948 3949
f 3865 3949 3866
f 3866 3949 3950
f 3866 3950 3867
f 3867 3950 3951
f 3867 3951 3868
f 3868 3951 3952
f 3868 3952 3869
f 3869 3952 3953
f 3869 3953 3870
f 3870 3953 3954
f 3870 3954 3871
f 3871 3954 3955
f 3871 3955 3872
f 3872 3955 3956
f 3872 3956 3873
f 3873 3956 3957
f 3873 3957 3874
f 3874 3957 3958
f 3874 3958 3875
f 3875 3958 3959
f 3875 3959 3876
f 3876 3959 3960
f 3876 3960 3877
f 3877 3960 3961
f 3877 3961 3878
f 3878 3961 3929
f 3878 3929 3879
f 3947 3922 3948
f 3948 3922 3923
f 3948 3923 3949
f 3949 3923 3924
f 3949 3924 3950
f 3950 3924 3925
f 3950 3925 3951
f 3951 3925 3926
f 3951 3926 3952
f 3952 3926 3927
f 3952 3927 3953
f 3953 3927 3928
f 3953 3928 3954
f 3954 3928 3896
f 3954 3896 3955
f 3955 3896 3897
f 3955 3897 3956
f 3956 3897 3898
f 3956 3898 3957
f 3957 3898 3899
f 3957 3899 3958
f 3958 3899 3900
f 3958 3900 3959
f 3959 3900 3901
f 3959 3901 3960
f 3960 3901 3902
f 3960 3902 3961
f 3961 3902 3903
f 3961 3903 3929
f 3929 3903 3904
f 3929 3904 3930
f 3930 3904 3905
f 3930 3905 3931
f 3931 3905 3906
f 3931 3906 3932
f 3932 3906 3907
f 3932 3907 3933
f 3933 3907 3908
f 3933 3908 3934
f 3934 3908 3909
f 3934 3909 3935
f 3935 3909 3910
f 3935 3910 3936
f 3936 3910 3911
f 3936 3911 3937
f 3937 3911 3912
f 3937 3912 3938
f 3938 3912 3913
f 3938 3913 3939
f 3939 3913 3914
f 3939 3914 3940
f 3940 3914 3915
f 3940 3915 3941
f 3941 3915 3916
f 3941 3916 3942
f 3942 3916 3917
f 3942 3917 3943
f 3943 3917 3918
f 3943 3918 3944
f 3944 3918 3919
f 3944 3919 3945
f 3945 3919 3920
f 3945 3920 3946
f 3946 3920 3921
f 3946 3921 3947
f 3947 3921 3922
f 3962 3963 3964
f 3964 3963 3965
f 3964 3965 3966
f 3966 3965 3967
f 3966 3967 3968
f 3968 3967 3969
f 3968 3969 3970
f 3970 3969 3971
f 3970 3971 3972
f 3972 3971 3973
f 3972 3973 3962
f 3962 3973 3963
f 3974 3975 3966
f 3966 3975 3976
f 3977 3978 3964
f 3977 3964 3979
f 3980 3981 3968
f 3968 3981 3982
f 3983 3984 3962
f 3962 3984 3985
f 3986 3987 3970
f 3970 3987 3988
f 3982 3989 3968
f 3968 3989 3990
f 3968 3990 3966
f 3966 3990 3991
f 3966 3991 3974
f 3976 3992 3966
f 3966 3992 3993
f 3966 3993 3964
f 3964 3993 3994
f 3964 3994 3979
f 3995 3996 3972
f 3972 3996 3997
f 3978 3998 3964
f 3964 3998 3999
f 3964 3999 3962
f 3962 3999 4000
f 3962 4000 3983
f 3985 4001 3962
f 3962 4001 4002
f 3962 4002 3972
f 3972 4002 4003
f 3972 4003 3995
f 3988 4004 3970
f 3970 4004 4005
f 3970 4005 3968
f 3968 4005 4006
f 3968 4006 3980
f 3997 4007 3972
f 3972 4007 4008
f 3972 4008 3970
f 3970 4008 4009
f 3970 4009 3986
f 4010 4011 3969
f 4012 4013 3973
f 3973 4013 4014
f 4010 3969 4015
f 4016 4017 3963
f 3963 4017 4018
f 4019 3967 4020
f 4020 3967 4021
f 4022 4023 3971
f 3971 4023 4024
f 4014 4025 3973
f 3973 4025 4026
f 3973 4026 3963
f 3963 4026 4027
f 3963 4027 4016
f 4019 4028 3967
f 3967 4028 4029
f 3967 4029 3969
f 3969 4029 4030
f 3969 4030 4015
f 4011 4031 3969
f 3969 4031 4032
f 3969 4032 3971
f 3971 4032 4033
f 3971 4033 4022
f 4034 3965 4035
f 4035 3965 3963
f 4035 3963 4036
f 4036 3963 4018
f 4034 4037 3965
f 3965 4037 4038
f 3965 4038 4039
f 4039 4040 3965
f 3965 4040 4041
f 3965 4041 3967
f 3967 4041 4042
f 3967 4042 4021
f 4024 4043 3971
f 3971 4043 4044
f 3971 4044 3973
f 3973 4044 4045
f 3973 4045 4012
f 3996 4013 3997
f 3997 4013 4012
f 3997 4012 4007
f 4007 4012 4045
f 4007 4045 4008
f 4008 4045 4044
f 4008 4044 4009
f 4009 4044 4043
f 4009 4043 3986
f 3986 4043 4024
f 3986 4024 3987
f 3987 4024 4023
f 3987 4023 3988
f 3988 4023 4022
f 3988 4022 4004
f 4004 4022 4033
f 4004 4033 4005
f 4005 4033 4032
f 4005 4032 4006
f 4006 4032 4031
f 4006 4031 3980
f 3980 4031 4011
f 3980 4011 3981
f 3981 4011 4010
f 3981 4010 3982
f 3982 4010 4015
f 3982 4015 3989
f 3989 4015 4030
f 3989 4030 3990
f 3990 4030 4029
f 3990 4029 3991
f 3991 4029 4028
f 3991 4028 3974
f 3974 4028 4019
f 3974 4019 3975
f 3975 4019 4020
f 3975 4020 3976
f 3976 4020 4021
f 3976 4021 3992
f 3992 4021 4042
f 3992 4042 3993
f 3993 4042 4041
f 3993 4041 3994
f 3994 4041 4040
f 3994 4040 3979
f 3979 4040 4039
f 3979 4039 3977
f 3977 4039 4038
f 3977 4038 3978
f 3978 4038 4037
f 3978 4037 3998
f 3998 4037 4034
f 3998 4034 3999
f 3999 4034 4035
f 3999 4035 4000
f 4000 4035 4036
f 4000 4036 3983
f 3983 4036 4018
f 3983 4018 3984
f 3984 4018 4017
f 3984 4017 3985
f 3985 4017 4016
f 3985 4016 4001
f 4001 4016 4027
f 4001 4027 4002
f 4002 4027 4026
f 4002 4026 4003
f 4003 4026 4025
f 4003 4025 3995
f 3995 4025 4014
f 3995 4014 3996
f 3996 4014 4013
f 4046 4047 4048
f 4048 4047 4049
f 4050 4051 4047
f 4047 4051 4049
f 4051 4052 4049
f 4049 4052 4048
f 4052 4053 4048
f 4048 4053 4046
f 4053 4050 4046
f 4046 4050 4047
f 4051 4050 4052
f 4052 4050 4053
f 4054 4055 4056
f 4056 4055 4057
f 4058 4059 4055
f 4055 4059 4057
f 4059 4060 4057
f 4057 4060 4056
f 4060 4061 4056
f 4056 4061 4054
f 4061 4058 4054
f 4054 4058 4055
f 4059 4058 4060
f 4060 4058 4061
f 4062 4063 4064
f 4064 4063 4065
f 4063 4066 4065
f 4065 4066 4067
f 4065 4067 4064
f 4064 4067 4068
f 4064 4068 4062
f 4062 4068 4069
f 4062 4069 4063
f 4063 4069 4066
f 4067 4066 4068
f 4068 4066 4069
f 4070 4071 4072
f 4072 4071 4073
f 4071 4074 4073
f 4073 4074 4075
f 4073 4075 4072
f 4072 4075 4076
f 4072 4076 4070
f 4070 4076 4077
f 4070 4077 4071
f 4071 4077 4074
f 4075 4074 4076
f 4076 4074 4077
f 4078 4079 4080
f 4080 4079 4081
f 4079 4082 4081
f 4081 4082 4083
f 4081 4083 4080
f 4080 4083 4084
f 4080 4084 4078
f 4078 4084 4085
f 4078 4085 4079
f 4079 4085 4082
f 4083 4082 4084
f 4084 4082 4085
f 4086 4087 4088
f 4088 4087 4089
f 4090 4091 4087
f 4087 4091 4089
f 4091 4092 4089
f 4089 4092 4088
f 4092 4093 4088
f 4088 4093 4086
f 4093 4090 4086
f 4086 4090 4087
f 4091 4090 4092
f 4092 4090 4093
f 4094 4095 4096
f 4096 4095 4097
f 4098 4099 4095
f 4095 4099 4097
f 4099 4100 4097
f 4097 4100 4096
f 4100 4101 4096
f 4096 4101 4094
f 4101 4098 4094
f 4094 4098 4095
f 4099 4098 4100
f 4100 4098 4101
f 4102 4103 4104
f 4104 4103 4105
f 4103 4106 4105
f 4105 4106 4107
f 4105 4107 4104
f 4104 4107 4108
f 4104 4108 4102
f 4102 4108 4109
f 4102 4109 4103
f 4103 4109 4106
f 4107 4106 4108
f 4108 4106 4109
f 4110 4111 4112
f 4112 4111 4113
f 4114 4115 4111
f 4111 4115 4113
f 4115 4116 4113
f 4113 4116 4112
f 4116 4117 4112
f 4112 4117 4110
f 4117 4114 4110
f 4110 4114 4111
f 4115 4114 4116
f 4116 4114 4117
f 4118 4119 4120
f 4120 4119 4121
f 4119 4122 4121
f 4121 4122 4123
f 4121 4123 4120
f 4120 4123 4124
f 4120 4124 4118
f 4118 4124 4125
f 4118 4125 4119
f 4119 4125 4122
f 4123 4122 4124
f 4124 4122 4125
f 4126 4127 4128
f 4128 4127 4129
f 4127 4130 4129
f 4129 4130 4131
f 4129 4131 4128
f 4128 4131 4132
f 4128 4132 4126
f 4126 4132 4133
f 4126 4133 4127
f 4127 4133 4130
f 4131 4130 4132
f 4132 4130 4133
f 4134 4135 4136
f 4136 4135 4137
f 4135 4138 4137
f 4137 4138 4139
f 4137 4139 4136
f 4136 4139 4140
f 4136 4140 4134
f 4134 4140 4141
f 4134 4141 4135
f 4135 4141 4138
f 4139 4138 4140
f 4140 4138 4141
f 4142 4143 4144
f 4144 4143 4145
f 4146 4147 4143
f 4143 4147 4145
f 4147 4148 4145
f 4145 4148 4144
f 4148 4149 4144
f 4144 4149 4142
f 4149 4146 4142
f 4142 4146 4143
f 4147 4146 4148
f 4148 4146 4149
f 4150 4151 4152
f 4152 4151 4153
f 4151 4154 4153
f 4153 4154 4155
f 4153 4155 4152
f 4152 4155 4156
f 4152 4156 4150
f 4150 4156 4157
f 4150 4157 4151
f 4151 4157 4154
f 4155 4154 4156
f 4156 4154 4157
f 4158 4159 4160
f 4160 4159 4161
f 4159 4162 4161
f 4161 4162 4163
f 4161 4163 4160
f 4160 4163 4164
f 4160 4164 4158
f 4158 4164 4165
f 4158 4165 4159
f 4159 4165 4162
f 4163 4162 4164
f 4164 4162 4165
f 4166 4167 4168
f 4168 4167 4169
f 4170 4171 4167
f 4167 4171 4169
f 4171 4172 4169
f 4169 4172 4168
f 4172 4173 4168
f 4168 4173 4166
f 4173 4170 4166
f 4166 4170 4167
f 4171 4170 4172
f 4172 4170 4173
f 4174 4175 4176
f 4176 4175 4177
f 4178 4179 4175
f 4175 4179 4177
f 4179 4180 4177
f 4177 4180 4176
f 4180 4181 4176
f 4176 4181 4174
f 4181 4178 4174
f 4174 4178 4175
f 4179 4178 4180
f 4180 4178 4181
f 4182 4183 4184
f 4184 4183 4185
f 4183 4186 4185
f 4185 4186 4187
f 4185 4187 4184
f 4184 4187 4188
f 4184 4188 4182
f 4182 4188 4189
f 4182 4189 4183
f 4183 4189 4186
f 4187 4186 4188
f 4188 4186 4189
f 4190 4191 4192
f 4192 4191 4193
f 4194 4195 4191
f 4191 4195 4193
f 4195 4196 4193
f 4193 4196 4192
f 4196 4197 4192
f 4192 4197 4190
f 4197 4194 4190
f 4190 4194 4191
f 4195 4194 4196
f 4196 4194 4197
f 4198 4199 4200
f 4200 4199 4201
f 4199 4202 4201
f 4201 4202 4203
f 4201 4203 4200
f 4200 4203 4204
f 4200 4204 4198
f 4198 4204 4205
f 4198 4205 4199
f 4199 4205 4202
f 4203 4202 4204
f 4204 4202 4205
f 4206 4207 4208
f 4208 4207 4209
f 4207 4210 4209
f 4209 4210 4211
f 4209 4211 4208
f 4208 4211 4212
f 4208 4212 4206
f 4206 4212 4213
f 4206 4213 4207
f 4207 4213 4210
f 4211 4210 4212
f 4212 4210 4213
f 4214 4215 4216
f 4216 4215 4217
f 4215 4218 4217
f 4217 4218 4219
f 4217 4219 4216
f 4216 4219 4220
f 4216 4220 4214
f 4214 4220 4221
f 4214 4221 4215
f 4215 4221 4218
f 4219 4218 4220
f 4220 4218 4221
f 4222 4223 4224
f 4224 4223 4225
f 4226 4227 4223
f 4223 4227 4225
f 4227 4228 4225
f 4225 4228 4224
f 4228 4229 4224
f 4224 4229 4222
f 4229 4226 4222
f 4222 4226 4223
f 4227 4226 4228
f 4228 4226 4229
f 4230 4231 4232
f 4232 4231 4233
f 4231 4234 4233
f 4233 4234 4235
f 4233 4235 4232
f 4232 4235 4236
f 4232 4236 4230
f 4230 4236 4237
f 4230 4237 4231
f 4231 4237 4234
f 4235 4234 4236
f 4236 4234 4237
f 4238 4239 4240
f 4240 4239 4241
f 4242 4243 4239
f 4239 4243 4241
f 4243 4244 4241
f 4241 4244 4240
f 4244 4245 4240
f 4240 4245 4238
f 4245 4242 4238
f 4238 4242 4239
f 4243 4242 4244
f 4244 4242 4245
f 4246 4247 4248
f 4248 4247 4249
f 4250 4251 4247
f 4247 4251 4249
f 4251 4252 4249
f 4249 4252 4248
f 4252 4253 4248
f 4248 4253 4246
f 4253 4250 4246
f 4246 4250 4247
f 4251 4250 4252
f 4252 4250 4253
f 4254 4255 4256
f 4256 4255 4257
f 4255 4258 4257
f 4257 4258 4259
f 4257 4259 4256
f 4256 4259 4260
f 4256 4260 4254
f 4254 4260 4261
f 4254 4261 4255
f 4255 4261 4258
f 4259 4258 4260
f 4260 4258 4261
f 4262 4263 4264
f 4264 4263 4265
f 4263 4266 4265
f 4265 4266 4267
f 4265 4267 4264
f 4264 4267 4268
f 4264 4268 4262
f 4262 4268 4269
f 4262 4269 4263
f 4263 4269 4266
f 4267 4266 4268
f 4268 4266 4269
f 4270 4271 4272
f 4272 4271 4273
f 4271 4274 4273
f 4273 4274 4275
f 4273 4275 4272
f 4272 4275 4276
f 4272 4276 4270
f 4270 4276 4277
f 4270 4277 4271
f 4271 4277 4274
f 4275 4274 4276
f 4276 4274 4277
f 4278 4279 4280
f 4280 4279 4281
f 4279 4282 4281
f 4281 4282 4283
f 4281 4283 4280
f 4280 4283 4284
f 4280 4284 4278
f 4278 4284 4285
f 4278 4285 4279
f 4279 4285 4282
f 4283 4282 4284
f 4284 4282 4285
f 4286 4287 4288
f 4288 4287 4289
f 4287 4290 4289
f 4289 4290 4291
f 4289 4291 4288
f 4288 4291 4292
f 4288 4292 4286
f 4286 4292 4293
f 4286 4293 4287
f 4287 4293 4290
f 4291 4290 4292
f 4292 4290 4293
f 4294 4295 4296
f 4297 4298 4299
f 4300 4301 4302
f 4303 4304 4305
f 4306 4307 4308
f 4308 4307 4309
f 4308 4309 4310
f 4311 4312 4313
f 4314 4315 4299
f 4315 4316 4299
f 4299 4316 4312
f 4299 4312 4317
f 4318 4319 4320
f 4320 4319 4321
f 4322 4323 4324
f 4321 4322 4320
f 4320 4322 4324
f 4320 4324 4325
f 4325 4324 4326
f 4306 4327 4328
f 4328 4327 4329
f 4328 4329 4330
f 4330 4329 4331
f 4330 4331 4318
f 4318 4331 4332
f 4318 4332 4319
f 4333 4334 4335
f 4335 4334 4336
f 4335 4336 4302
f 4337 4338 4339
f 4339 4307 4340
f 4340 4307 4341
f 4306 4328 4307
f 4307 4328 4342
f 4307 4342 4341
f 4343 4344 4345
f 4346 4347 4330
f 4330 4347 4348
f 4330 4348 4328
f 4328 4348 4349
f 4328 4349 4342
f 4350 4351 4352
f 4352 4351 4353
f 4352 4353 4354
f 4354 4353 4355
f 4354 4355 4356
f 4356 4355 4357
f 4356 4357 4358
f 4359 4350 4360
f 4360 4350 4352
f 4360 4352 4361
f 4361 4352 4362
f 4359 4360 4363
f 4363 4360 4364
f 4363 4364 4365
f 4365 4364 4366
f 4365 4366 4367
f 4367 4366 4296
f 4367 4296 4368
f 4368 4296 4295
f 4368 4295 4369
f 4312 4311 4317
f 4317 4311 4370
f 4317 4370 4371
f 4372 4373 4302
f 4374 4375 4376
f 4376 4375 4377
f 4376 4377 4378
f 4379 4380 4352
f 4352 4380 4381
f 4352 4381 4362
f 4378 4377 4382
f 4382 4377 4383
f 4382 4383 4380
f 4380 4383 4384
f 4380 4384 4381
f 4338 4385 4354
f 4354 4385 4386
f 4354 4386 4352
f 4352 4386 4387
f 4352 4387 4379
f 4388 4300 4389
f 4389 4300 4390
f 4388 4389 4391
f 4391 4389 4392
f 4391 4392 4393
f 4394 4395 4396
f 4396 4395 4397
f 4398 4336 4399
f 4398 4400 4336
f 4336 4400 4401
f 4336 4401 4402
f 4403 4404 4405
f 4405 4404 4397
f 4405 4397 4406
f 4406 4397 4395
f 4407 4408 4399
f 4399 4408 4404
f 4403 4409 4404
f 4404 4409 4410
f 4404 4410 4399
f 4399 4410 4411
f 4399 4411 4398
f 4300 4302 4390
f 4390 4302 4336
f 4390 4336 4396
f 4396 4336 4402
f 4396 4402 4394
f 4412 4413 4343
f 4343 4413 4414
f 4415 4416 4417
f 4345 4346 4343
f 4343 4346 4330
f 4343 4330 4412
f 4412 4330 4418
f 4334 4419 4336
f 4336 4419 4420
f 4336 4420 4399
f 4399 4420 4421
f 4399 4421 4407
f 4407 4421 4344
f 4407 4344 4422
f 4422 4344 4343
f 4422 4343 4416
f 4416 4343 4414
f 4416 4414 4417
f 4417 4423 4415
f 4415 4423 4424
f 4415 4424 4425
f 4330 4426 4427
f 4424 4428 4425
f 4425 4428 4429
f 4425 4429 4430
f 4430 4429 4431
f 4430 4431 4427
f 4427 4431 4432
f 4427 4432 4330
f 4330 4432 4433
f 4330 4433 4418
f 4434 4435 4436
f 4436 4435 4437
f 4436 4437 4438
f 4437 4439 4438
f 4438 4439 4440
f 4438 4440 4441
f 4320 4442 4443
f 4320 4443 4318
f 4318 4443 4444
f 4318 4444 4445
f 4440 4446 4441
f 4441 4446 4447
f 4441 4447 4320
f 4320 4447 4448
f 4320 4448 4442
f 4445 4434 4318
f 4318 4434 4436
f 4318 4436 4330
f 4330 4436 4449
f 4330 4449 4426
f 4450 4451 4299
f 4299 4451 4324
f 4299 4324 4314
f 4314 4324 4323
f 4452 4453 4298
f 4298 4453 4454
f 4298 4454 4455
f 4451 4456 4324
f 4324 4456 4457
f 4324 4457 4326
f 4326 4457 4458
f 4326 4458 4452
f 4452 4458 4459
f 4452 4459 4453
f 4455 4460 4298
f 4298 4460 4461
f 4298 4461 4299
f 4299 4461 4462
f 4299 4462 4450
f 4463 4464 4317
f 4317 4464 4465
f 4317 4465 4299
f 4299 4465 4466
f 4299 4466 4297
f 4317 4467 4468
f 4468 4469 4317
f 4317 4469 4470
f 4317 4470 4463
f 4463 4470 4471
f 4463 4471 4472
f 4371 4369 4317
f 4317 4369 4295
f 4317 4295 4467
f 4467 4295 4473
f 4472 4474 4463
f 4463 4474 4475
f 4463 4475 4476
f 4476 4475 4477
f 4476 4477 4294
f 4294 4477 4478
f 4294 4478 4295
f 4295 4478 4479
f 4295 4479 4473
f 4374 4480 4375
f 4375 4480 4481
f 4375 4481 4482
f 4482 4481 4483
f 4484 4485 4301
f 4301 4485 4486
f 4301 4486 4302
f 4302 4486 4487
f 4302 4487 4488
f 4484 4301 4489
f 4489 4301 4490
f 4489 4490 4491
f 4491 4490 4483
f 4491 4483 4492
f 4488 4493 4302
f 4302 4493 4481
f 4302 4481 4372
f 4372 4481 4480
f 4493 4494 4481
f 4481 4494 4495
f 4481 4495 4483
f 4483 4495 4496
f 4483 4496 4492
f 4339 4338 4307
f 4307 4338 4354
f 4307 4354 4309
f 4309 4354 4356
f 4309 4356 4310
f 4310 4356 4358
f 4310 4358 4313
f 4313 4358 4497
f 4313 4497 4311
f 4339 4498 4337
f 4337 4498 4333
f 4337 4333 4303
f 4303 4333 4335
f 4303 4335 4304
f 4304 4335 4302
f 4304 4302 4305
f 4305 4302 4373
f 4499 4434 4500
f 4500 4434 4445
f 4500 4445 4501
f 4501 4445 4444
f 4501 4444 4502
f 4502 4444 4443
f 4502 4443 4503
f 4503 4443 4442
f 4503 4442 4504
f 4504 4442 4448
f 4504 4448 4505
f 4505 4448 4447
f 4505 4447 4506
f 4506 4447 4446
f 4506 4446 4507
f 4507 4446 4440
f 4507 4440 4508
f 4508 4440 4439
f 4508 4439 4509
f 4509 4439 4437
f 4509 4437 4510
f 4510 4437 4435
f 4510 4435 4499
f 4499 4435 4434
f 4511 4327 4512
f 4512 4327 4306
f 4512 4306 4513
f 4513 4306 4308
f 4513 4308 4514
f 4514 4308 4310
f 4514 4310 4515
f 4515 4310 4313
f 4515 4313 4516
f 4516 4313 4312
f 4516 4312 4517
f 4517 4312 4316
f 4517 4316 4518
f 4518 4316 4315
f 4518 4315 4519
f 4519 4315 4314
f 4519 4314 4520
f 4520 4314 4323
f 4520 4323 4521
f 4521 4323 4322
f 4521 4322 4522
f 4522 4322 4321
f 4522 4321 4523
f 4523 4321 4319
f 4523 4319 4524
f 4524 4319 4332
f 4524 4332 4525
f 4525 4332 4331
f 4525 4331 4526
f 4526 4331 4329
f 4526 4329 4511
f 4511 4329 4327
f 4527 4420 4528
f 4528 4420 4419
f 4528 4419 4529
f 4529 4419 4334
f 4529 4334 4530
f 4530 4334 4333
f 4530 4333 4531
f 4531 4333 4498
f 4531 4498 4532
f 4532 4498 4339
f 4532 4339 4533
f 4533 4339 4340
f 4533 4340 4534
f 4534 4340 4341
f 4534 4341 4535
f 4535 4341 4342
f 4535 4342 4536
f 4536 4342 4349
f 4536 4349 4537
f 4537 4349 4348
f 4537 4348 4538
f 4538 4348 4347
f 4538 4347 4539
f 4539 4347 4346
f 4539 4346 4540
f 4540 4346 4345
f 4540 4345 4541
f 4541 4345 4344
f 4541 4344 4542
f 4542 4344 4421
f 4542 4421 4527
f 4527 4421 4420
f 4543 4467 4544
f 4544 4467 4473
f 4544 4473 4545
f 4545 4473 4479
f 4545 4479 4546
f 4546 4479 4478
f 4546 4478 4547
f 4547 4478 4477
f 4547 4477 4548
f 4548 4477 4475
f 4548 4475 4549
f 4549 4475 4474
f 4549 4474 4550
f 4550 4474 4472
f 4550 4472 4551
f 4551 4472 4471
f 4551 4471 4552
f 4552 4471 4470
f 4552 4470 4553
f 4553 4470 4469
f 4553 4469 4554
f 4554 4469 4468
f 4554 4468 4543
f 4543 4468 4467
f 4555 4353 4556
f 4556 4353 4351
f 4556 4351 4557
f 4557 4351 4350
f 4557 4350 4558
f 4558 4350 4359
f 4558 4359 4559
f 4559 4359 4363
f 4559 4363 4560
f 4560 4363 4365
f 4560 4365 4561
f 4561 4365 4367
f 4561 4367 4562
f 4562 4367 4368
f 4562 4368 4563
f 4563 4368 4369
f 4563 4369 4564
f 4564 4369 4371
f 4564 4371 4565
f 4565 4371 4370
f 4565 4370 4566
f 4566 4370 4311
f 4566 4311 4567
f 4567 4311 4497
f 4567 4497 4568
f 4568 4497 4358
f 4568 4358 4569
f 4569 4358 4357
f 4569 4357 4570
f 4570 4357 4355
f 4570 4355 4555
f 4555 4355 4353
f 4571 4572 4396
f 4396 4572 4390
f 4390 4572 4573
f 4390 4573 4389
f 4396 4397 4571
f 4571 4397 4404
f 4571 4404 4574
f 4574 4404 4575
f 4575 4404 4408
f 4575 4408 4576
f 4576 4408 4407
f 4576 4407 4577
f 4577 4407 4422
f 4577 4422 4578
f 4422 4416 4578
f 4578 4416 4415
f 4578 4415 4579
f 4579 4415 4425
f 4579 4425 4580
f 4580 4425 4430
f 4580 4430 4581
f 4581 4430 4427
f 4581 4427 4582
f 4582 4427 4426
f 4582 4426 4583
f 4583 4426 4449
f 4583 4449 4584
f 4584 4449 4436
f 4584 4436 4585
f 4585 4436 4438
f 4585 4438 4586
f 4586 4438 4441
f 4586 4441 4587
f 4587 4441 4588
f 4588 4441 4320
f 4588 4320 4589
f 4589 4320 4325
f 4589 4325 4590
f 4590 4325 4326
f 4590 4326 4591
f 4326 4452 4591
f 4591 4452 4298
f 4591 4298 4592
f 4592 4298 4297
f 4592 4297 4593
f 4593 4297 4466
f 4593 4466 4594
f 4594 4466 4465
f 4594 4465 4595
f 4595 4465 4464
f 4595 4464 4596
f 4596 4464 4463
f 4596 4463 4597
f 4597 4463 4476
f 4597 4476 4598
f 4598 4476 4294
f 4598 4294 4599
f 4599 4294 4600
f 4600 4294 4296
f 4600 4296 4601
f 4296 4366 4601
f 4601 4366 4364
f 4601 4364 4602
f 4602 4364 4360
f 4602 4360 4603
f 4603 4360 4361
f 4603 4361 4604
f 4604 4361 4362
f 4604 4362 4605
f 4605 4362 4381
f 4605 4381 4606
f 4606 4381 4384
f 4606 4384 4607
f 4607 4384 4383
f 4607 4383 4608
f 4608 4383 4377
f 4608 4377 4609
f 4609 4377 4375
f 4609 4375 4610
f 4610 4375 4611
f 4611 4375 4482
f 4611 4482 4612
f 4482 4483 4612
f 4612 4483 4490
f 4612 4490 4613
f 4613 4490 4614
f 4614 4490 4301
f 4614 4301 4615
f 4615 4301 4300
f 4615 4300 4616
f 4573 4617 4389
f 4389 4617 4618
f 4389 4618 4392
f 4392 4618 4619
f 4392 4619 4393
f 4393 4619 4620
f 4393 4620 4391
f 4391 4620 4616
f 4391 4616 4388
f 4388 4616 4300
f 4621 4372 4622
f 4622 4372 4480
f 4622 4480 4623
f 4623 4480 4374
f 4623 4374 4624
f 4624 4374 4376
f 4624 4376 4625
f 4625 4376 4378
f 4625 4378 4626
f 4626 4378 4382
f 4626 4382 4627
f 4627 4382 4380
f 4627 4380 4628
f 4628 4380 4379
f 4628 4379 4629
f 4629 4379 4387
f 4629 4387 4630
f 4630 4387 4386
f 4630 4386 4631
f 4631 4386 4385
f 4631 4385 4632
f 4632 4385 4338
f 4632 4338 4633
f 4633 4338 4337
f 4633 4337 4634
f 4634 4337 4303
f 4634 4303 4635
f 4635 4303 4305
f 4635 4305 4636
f 4636 4305 4373
f 4636 4373 4621
f 4621 4373 4372
f 4637 4489 4638
f 4638 4489 4491
f 4638 4491 4639
f 4639 4491 4492
f 4639 4492 4640
f 4640 4492 4496
f 4640 4496 4641
f 4641 4496 4495
f 4641 4495 4642
f 4642 4495 4494
f 4642 4494 4643
f 4643 4494 4493
f 4643 4493 4644
f 4644 4493 4488
f 4644 4488 4645
f 4645 4488 4487
f 4645 4487 4646
f 4646 4487 4486
f 4646 4486 4647
f 4647 4486 4485
f 4647 4485 4648
f 4648 4485 4484
f 4648 4484 4637
f 4637 4484 4489
f 4649 4451 4650
f 4650 4451 4450
f 4650 4450 4651
f 4651 4450 4462
f 4651 4462 4652
f 4652 4462 4461
f 4652 4461 4653
f 4653 4461 4460
f 4653 4460 4654
f 4654 4460 4455
f 4654 4455 4655
f 4655 4455 4454
f 4655 4454 4656
f 4656 4454 4453
f 4656 4453 4657
f 4657 4453 4459
f 4657 4459 4658
f 4658 4459 4458
f 4658 4458 4659
f 4659 4458 4457
f 4659 4457 4660
f 4660 4457 4456
f 4660 4456 4649
f 4649 4456 4451
f 4661 4406 4662
f 4662 4406 4395
f 4662 4395 4663
f 4663 4395 4394
f 4663 4394 4664
f 4664 4394 4402
f 4664 4402 4665
f 4665 4402 4401
f 4665 4401 4666
f 4666 4401 4400
f 4666 4400 4667
f 4667 4400 4398
f 4667 4398 4668
f 4668 4398 4411
f 4668 4411 4669
f 4669 4411 4410
f 4669 4410 4670
f 4670 4410 4409
f 4670 4409 4671
f 4671 4409 4403
f 4671 4403 4672
f 4672 4403 4405
f 4672 4405 4661
f 4661 4405 4406
f 4673 4417 4674
f 4674 4417 4414
f 4674 4414 4675
f 4675 4414 4413
f 4675 4413 4676
f 4676 4413 4412
f 4676 4412 4677
f 4677 4412 4418
f 4677 4418 4678
f 4678 4418 4433
f 4678 4433 4679
f 4679 4433 4432
f 4679 4432 4680
f 4680 4432 4431
f 4680 4431 4681
f 4681 4431 4429
f 4681 4429 4682
f 4682 4429 4428
f 4682 4428 4683
f 4683 4428 4424
f 4683 4424 4684
f 4684 4424 4423
f 4684 4423 4673
f 4673 4423 4417
f 4685 4686 4687
f 4631 4632 4687
f 4635 4688 4634
f 4578 4689 4577
f 4590 4690 4589
f 4600 4691 4599
f 4573 4572 4692
f 4530 4693 4529
f 4541 4542 4694
f 4525 4526 4695
f 4695 4526 4511
f 4695 4511 4696
f 4696 4511 4512
f 4523 4524 4697
f 4697 4524 4525
f 4697 4525 4698
f 4519 4520 4690
f 4690 4520 4521
f 4589 4690 4588
f 4588 4690 4521
f 4588 4521 4522
f 4518 4699 4517
f 4517 4699 4516
f 4512 4513 4685
f 4685 4513 4514
f 4685 4514 4686
f 4568 4514 4515
f 4527 4528 4692
f 4692 4528 4529
f 4577 4689 4576
f 4537 4538 4698
f 4525 4695 4698
f 4698 4695 4536
f 4698 4536 4537
f 4532 4533 4696
f 4696 4533 4534
f 4696 4534 4695
f 4695 4534 4535
f 4695 4535 4536
f 4514 4568 4686
f 4686 4568 4569
f 4686 4569 4687
f 4687 4569 4570
f 4687 4570 4700
f 4563 4564 4701
f 4701 4564 4565
f 4701 4565 4566
f 4570 4555 4700
f 4700 4555 4556
f 4700 4556 4557
f 4618 4617 4619
f 4619 4617 4620
f 4702 4614 4615
f 4703 4643 4702
f 4702 4643 4644
f 4644 4645 4702
f 4702 4645 4646
f 4702 4646 4614
f 4646 4647 4614
f 4614 4647 4648
f 4614 4648 4613
f 4610 4611 4703
f 4703 4611 4612
f 4639 4612 4638
f 4638 4612 4613
f 4638 4613 4637
f 4637 4613 4648
f 4639 4640 4612
f 4612 4640 4641
f 4612 4641 4703
f 4703 4641 4642
f 4703 4642 4643
f 4609 4610 4623
f 4562 4691 4561
f 4561 4691 4600
f 4561 4600 4560
f 4560 4600 4601
f 4560 4601 4559
f 4559 4601 4602
f 4559 4602 4558
f 4558 4602 4603
f 4558 4603 4557
f 4557 4603 4604
f 4557 4604 4700
f 4700 4604 4605
f 4700 4605 4606
f 4550 4551 4597
f 4552 4553 4701
f 4701 4553 4554
f 4598 4548 4597
f 4597 4548 4549
f 4597 4549 4550
f 4554 4543 4701
f 4701 4543 4691
f 4701 4691 4563
f 4563 4691 4562
f 4543 4544 4691
f 4691 4544 4545
f 4691 4545 4599
f 4599 4545 4546
f 4599 4546 4598
f 4598 4546 4547
f 4598 4547 4548
f 4699 4592 4593
f 4594 4595 4701
f 4551 4552 4597
f 4597 4552 4701
f 4597 4701 4596
f 4596 4701 4595
f 4593 4594 4699
f 4699 4594 4701
f 4699 4701 4516
f 4516 4701 4566
f 4516 4566 4515
f 4515 4566 4567
f 4515 4567 4568
f 4649 4650 4699
f 4518 4519 4699
f 4699 4519 4690
f 4699 4690 4649
f 4649 4690 4660
f 4654 4655 4592
f 4592 4655 4656
f 4592 4656 4591
f 4591 4656 4657
f 4591 4657 4590
f 4590 4657 4658
f 4590 4658 4690
f 4690 4658 4659
f 4690 4659 4660
f 4650 4651 4699
f 4699 4651 4652
f 4699 4652 4592
f 4592 4652 4653
f 4592 4653 4654
f 4500 4501 4697
f 4585 4509 4510
f 4500 4697 4499
f 4501 4502 4697
f 4697 4502 4588
f 4697 4588 4523
f 4523 4588 4522
f 4509 4585 4508
f 4508 4585 4586
f 4508 4586 4507
f 4507 4586 4587
f 4507 4587 4506
f 4502 4503 4588
f 4588 4503 4504
f 4588 4504 4587
f 4587 4504 4505
f 4587 4505 4506
f 4676 4677 4698
f 4510 4499 4585
f 4585 4499 4697
f 4585 4697 4584
f 4584 4697 4698
f 4584 4698 4583
f 4583 4698 4582
f 4675 4676 4689
f 4689 4676 4698
f 4689 4698 4539
f 4539 4698 4538
f 4680 4681 4580
f 4677 4678 4698
f 4698 4678 4679
f 4698 4679 4582
f 4582 4679 4680
f 4582 4680 4581
f 4581 4680 4580
f 4681 4682 4580
f 4580 4682 4683
f 4580 4683 4579
f 4579 4683 4684
f 4579 4684 4578
f 4578 4684 4673
f 4578 4673 4689
f 4689 4673 4674
f 4689 4674 4675
f 4665 4666 4692
f 4666 4667 4692
f 4692 4667 4694
f 4692 4694 4527
f 4527 4694 4542
f 4539 4540 4689
f 4689 4540 4541
f 4689 4541 4576
f 4576 4541 4694
f 4576 4694 4575
f 4575 4694 4574
f 4665 4692 4664
f 4664 4692 4572
f 4664 4572 4663
f 4670 4574 4669
f 4669 4574 4694
f 4669 4694 4668
f 4668 4694 4667
f 4670 4671 4574
f 4574 4671 4672
f 4574 4672 4571
f 4571 4672 4661
f 4571 4661 4572
f 4572 4661 4662
f 4572 4662 4663
f 4623 4610 4622
f 4622 4610 4703
f 4622 4703 4621
f 4621 4703 4702
f 4621 4702 4636
f 4623 4624 4609
f 4609 4624 4625
f 4609 4625 4608
f 4608 4625 4626
f 4608 4626 4607
f 4607 4626 4627
f 4607 4627 4606
f 4606 4627 4628
f 4606 4628 4700
f 4700 4628 4629
f 4700 4629 4687
f 4687 4629 4630
f 4687 4630 4631
f 4512 4685 4696
f 4696 4685 4687
f 4696 4687 4532
f 4532 4687 4632
f 4532 4632 4531
f 4531 4632 4633
f 4531 4633 4530
f 4530 4633 4634
f 4530 4634 4693
f 4693 4634 4688
f 4693 4688 4702
f 4702 4688 4635
f 4702 4635 4636
f 4529 4693 4692
f 4692 4693 4702
f 4692 4702 4573
f 4573 4702 4615
f 4573 4615 4617
f 4617 4615 4616
f 4617 4616 4620
f 4704 4705 4706
f 4706 4705 4707
f 4705 4708 4707
f 4707 4708 4709
f 4707 4709 4706
f 4706 4709 4710
f 4706 4710 4704
f 4704 4710 4711
f 4704 4711 4705
f 4705 4711 4708
f 4709 4708 4710
f 4710 4708 4711
f 4712 4713 4714
f 4714 4713 4715
f 4713 4716 4715
f 4715 4716 4717
f 4715 4717 4714
f 4714 4717 4718
f 4714 4718 4712
f 4712 4718 4719
f 4712 4719 4713
f 4713 4719 4716
f 4717 4716 4718
f 4718 4716 4719
f 4720 4721 4722
f 4722 4721 4723
f 4721 4724 4723
f 4723 4724 4725
f 4723 4725 4722
f 4722 4725 4726
f 4722 4726 4720
f 4720 4726 4727
f 4720 4727 4721
f 4721 4727 4724
f 4725 4724 4726
f 4726 4724 4727
f 4728 4729 4730
f 4730 4729 4731
f 4729 4732 4731
f 4731 4732 4733
f 4731 4733 4730
f 4730 4733 4734
f 4730 4734 4728
f 4728 4734 4735
f 4728 4735 4729
f 4729 4735 4732
f 4733 4732 4734
f 4734 4732 4735
f 4736 4737 4738
f 4738 4737 4739
f 4737 4740 4739
f 4739 4740 4741
f 4739 4741 4738
f 4738 4741 4742
f 4738 4742 4736
f 4736 4742 4743
f 4736 4743 4737
f 4737 4743 4740
f 4741 4740 4742
f 4742 4740 4743
f 4744 4745 4746
f 4746 4745 4747
f 4745 4748 4747
f 4747 4748 4749
f 4747 4749 4746
f 4746 4749 4750
f 4746 4750 4744
f 4744 4750 4751
f 4744 4751 4745
f 4745 4751 4748
f 4749 4748 4750
f 4750 4748 4751
f 4752 4753 4754
f 4754 4753 4755
f 4756 4757 4753
f 4753 4757 4755
f 4757 4758 4755
f 4755 4758 4754
f 4758 4759 4754
f 4754 4759 4752
f 4759 4756 4752
f 4752 4756 4753
f 4757 4756 4758
f 4758 4756 4759
f 4760 4761 4762
f 4762 4761 4763
f 4761 4764 4763
f 4763 4764 4765
f 4763 4765 4762
f 4762 4765 4766
f 4762 4766 4760
f 4760 4766 4767
f 4760 4767 4761
f 4761 4767 4764
f 4765 4764 4766
f 4766 4764 4767
f 4768 4769 4770
f 4770 4769 4771
f 4769 4772 4771
f 4771 4772 4773
f 4771 4773 4770
f 4770 4773 4774
f 4770 4774 4768
f 4768 4774 4775
f 4768 4775 4769
f 4769 4775 4772
f 4773 4772 4774
f 4774 4772 4775
f 4776 4777 4778
f 4778 4777 4779
f 4780 4781 4777
f 4777 4781 4779
f 4781 4782 4779
f 4779 4782 4778
f 4782 4783 4778
f 4778 4783 4776
f 4783 4780 4776
f 4776 4780 4777
f 4781 4780 4782
f 4782 4780 4783
f 4784 4785 4786
f 4786 4785 4787
f 4785 4788 4787
f 4787 4788 4789
f 4787 4789 4786
f 4786 4789 4790
f 4786 4790 4784
f 4784 4790 4791
f 4784 4791 4785
f 4785 4791 4788
f 4789 4788 4790
f 4790 4788 4791
f 4792 4793 4794
f 4794 4793 4795
f 4793 4796 4795
f 4795 4796 4797
f 4795 4797 4794
f 4794 4797 4798
f 4794 4798 4792
f 4792 4798 4799
f 4792 4799 4793
f 4793 4799 4796
f 4797 4796 4798
f 4798 4796 4799
f 4800 4801 4802
f 4802 4801 4803
f 4801 4804 4803
f 4803 4804 4805
f 4803 4805 4802
f 4802 4805 4806
f 4802 4806 4800
f 4800 4806 4807
f 4800 4807 4801
f 4801 4807 4804
f 4805 4804 4806
f 4806 4804 4807
f 4808 4809 4810
f 4810 4809 4811
f 4812 4813 4809
f 4809 4813 4811
f 4813 4814 4811
f 4811 4814 4810
f 4814 4815 4810
f 4810 4815 4808
f 4815 4812 4808
f 4808 4812 4809
f 4813 4812 4814
f 4814 4812 4815
f 4816 4817 4818
f 4818 4817 4819
f 4817 4820 4819
f 4819 4820 4821
f 4819 4821 4818
f 4818 4821 4822
f 4818 4822 4816
f 4816 4822 4823
f 4816 4823 4817
f 4817 4823 4820
f 4821 4820 4822
f 4822 4820 4823
f 4824 4825 4826
f 4826 4825 4827
f 4828 4829 4825
f 4825 4829 4827
f 4829 4830 4827
f 4827 4830 4826
f 4830 4831 4826
f 4826 4831 4824
f 4831 4828 4824
f 4824 4828 4825
f 4829 4828 4830
f 4830 4828 4831
f 4832 4833 4834
f 4834 4833 4835
f 4836 4837 4833
f 4833 4837 4835
f 4837 4838 4835
f 4835 4838 4834
f 4838 4839 4834
f 4834 4839 4832
f 4839 4836 4832
f 4832 4836 4833
f 4837 4836 4838
f 4838 4836 4839
f 4840 4841 4842
f 4842 4841 4843
f 4844 4845 4841
f 4841 4845 4843
f 4845 4846 4843
f 4843 4846 4842
f 4846 4847 4842
f 4842 4847 4840
f 4847 4844 4840
f 4840 4844 4841
f 4845 4844 4846
f 4846 4844 4847
f 4848 4849 4850
f 4850 4849 4851
f 4849 4852 4851
f 4851 4852 4853
f 4851 4853 4850
f 4850 4853 4854
f 4850 4854 4848
f 4848 4854 4855
f 4848 4855 4849
f 4849 4855 4852
f 4853 4852 4854
f 4854 4852 4855
f 4856 4857 4858
f 4858 4857 4859
f 4857 4860 4859
f 4859 4860 4861
f 4859 4861 4858
f 4858 4861 4862
f 4858 4862 4856
f 4856 4862 4863
f 4856 4863 4857
f 4857 4863 4860
f 4861 4860 4862
f 4862 4860 4863
f 4864 4865 4866
f 4866 4865 4867
f 4865 4868 4867
f 4867 4868 4869
f 4867 4869 4866
f 4866 4869 4870
f 4866 4870 4864
f 4864 4870 4871
f 4864 4871 4865
f 4865 4871 4868
f 4869 4868 4870
f 4870 4868 4871
f 4872 4873 4874
f 4874 4873 4875
f 4873 4876 4875
f 4875 4876 4877
f 4875 4877 4874
f 4874 4877 4878
f 4874 4878 4872
f 4872 4878 4879
f 4872 4879 4873
f 4873 4879 4876
f 4877 4876 4878
f 4878 4876 4879
f 4880 4881 4882
f 4882 4881 4883
f 4884 4885 4881
f 4881 4885 4883
f 4885 4886 4883
f 4883 4886 4882
f 4886 4887 4882
f 4882 4887 4880
f 4887 4884 4880
f 4880 4884 4881
f 4885 4884 4886
f 4886 4884 4887
f 4888 4889 4890
f 4890 4889 4891
f 4889 4892 4891
f 4891 4892 4893
f 4891 4893 4890
f 4890 4893 4894
f 4890 4894 4888
f 4888 4894 4895
f 4888 4895 4889
f 4889 4895 4892
f 4893 4892 4894
f 4894 4892 4895
f 4896 4897 4898
f 4898 4897 4899
f 4897 4900 4899
f 4899 4900 4901
f 4899 4901 4898
f 4898 4901 4902
f 4898 4902 4896
f 4896 4902 4903
f 4896 4903 4897
f 4897 4903 4900
f 4901 4900 4902
f 4902 4900 4903
f 4904 4905 4906
f 4906 4905 4907
f 4908 4909 4905
f 4905 4909 4907
f 4909 4910 4907
f 4907 4910 4906
f 4910 4911 4906
f 4906 4911 4904
f 4911 4908 4904
f 4904 4908 4905
f 4909 4908 4910
f 4910 4908 4911
f 4912 4913 4914
f 4914 4913 4915
f 4913 4916 4915
f 4915 4916 4917
f 4915 4917 4914
f 4914 4917 4918
f 4914 4918 4912
f 4912 4918 4919
f 4912 4919 4913
f 4913 4919 4916
f 4917 4916 4918
f 4918 4916 4919
f 4920 4921 4922
f 4922 4921 4923
f 4921 4924 4923
f 4923 4924 4925
f 4923 4925 4922
f 4922 4925 4926
f 4922 4926 4920
f 4920 4926 4927
f 4920 4927 4921
f 4921 4927 4924
f 4925 4924 4926
f 4926 4924 4927
f 4928 4929 4930
f 4930 4929 4931
f 4929 4932 4931
f 4931 4932 4933
f 4931 4933 4930
f 4930 4933 4934
f 4930 4934 4928
f 4928 4934 4935
f 4928 4935 4929
f 4929 4935 4932
f 4933 4932 4934
f 4934 4932 4935
f 4936 4937 4938
f 4938 4937 4939
f 4937 4940 4939
f 4939 4940 4941
f 4939 4941 4938
f 4938 4941 4942
f 4938 4942 4936
f 4936 4942 4943
f 4936 4943 4937
f 4937 4943 4940
f 4941 4940 4942
f 4942 4940 4943
f 4944 4945 4946
f 4946 4945 4947
f 4945 4948 4947
f 4947 4948 4949
f 4947 4949 4946
f 4946 4949 4950
f 4946 4950 4944
f 4944 4950 4951
f 4944 4951 4945
f 4945 4951 4948
f 4949 4948 4950
f 4950 4948 4951
f 4952 4953 4954
f 4954 4953 4955
f 4953 4952 4956
f 4956 4952 4957
f 4957 4952 4958
f 4958 4952 4954
f 4958 4954 4959
f 4959 4954 4955
f 4953 4956 4955
f 4955 4956 4959
f 4956 4957 4959
f 4959 4957 4958
f 4960 4961 4962
f 4962 4961 4963
f 4964 4965 4961
f 4961 4965 4963
f 4965 4966 4963
f 4963 4966 4962
f 4966 4967 4962
f 4962 4967 4960
f 4967 4964 4960
f 4960 4964 4961
f 4965 4964 4966
f 4966 4964 4967
f 4968 4969 4970
f 4970 4969 4971
f 4969 4972 4971
f 4971 4972 4973
f 4971 4973 4970
f 4970 4973 4974
f 4970 4974 4968
f 4968 4974 4975
f 4968 4975 4969
f 4969 4975 4972
f 4973 4972 4974
f 4974 4972 4975
f 4976 4977 4978
f 4978 4977 4979
f 4977 4980 4979
f 4979 4980 4981
f 4979 4981 4978
f 4978 4981 4982
f 4978 4982 4976
f 4976 4982 4983
f 4976 4983 4977
f 4977 4983 4980
f 4981 4980 4982
f 4982 4980 4983
f 4984 4985 4986
f 4986 4985 4987
f 4985 4988 4987
f 4987 4988 4989
f 4987 4989 4986
f 4986 4989 4990
f 4986 4990 4984
f 4984 4990 4991
f 4984 4991 4985
f 4985 4991 4988
f 4989 4988 4990
f 4990 4988 4991
f 4992 4993 4994
f 4994 4993 4995
f 4993 4996 4995
f 4995 4996 4997
f 4995 4997 4994
f 4994 4997 4998
f 4994 4998 4992
f 4992 4998 4999
f 4992 4999 4993
f 4993 4999 4996
f 4997 4996 4998
f 4998 4996 4999
f 5000 5001 5002
f 5002 5001 5003
f 5004 5005 5001
f 5001 5005 5003
f 5005 5006 5003
f 5003 5006 5002
f 5006 5007 5002
f 5002 5007 5000
f 5007 5004 5000
f 5000 5004 5001
f 5005 5004 5006
f 5006 5004 5007
f 5008 5009 5010
f 5010 5009 5011
f 5009 5012 5011
f 5011 5012 5013
f 5011 5013 5010
f 5010 5013 5014
f 5010 5014 5008
f 5008 5014 5015
f 5008 5015 5009
f 5009 5015 5012
f 5013 5012 5014
f 5014 5012 5015
f 5016 5017 5018
f 5018 5017 5019
f 5020 5021 5017
f 5017 5021 5019
f 5021 5022 5019
f 5019 5022 5018
f 5022 5023 5018
f 5018 5023 5016
f 5023 5020 5016
f 5016 5020 5017
f 5021 5020 5022
f 5022 5020 5023
f 5024 5025 5026
f 5026 5025 5027
f 5025 5028 5027
f 5027 5028 5029
f 5027 5029 5026
f 5026 5029 5030
f 5026 5030 5024
f 5024 5030 5031
f 5024 5031 5025
f 5025 5031 5028
f 5029 5028 5030
f 5030 5028 5031
f 5032 5033 5034
f 5034 5033 5035
f 5036 5037 5033
f 5033 5037 5035
f 5037 5038 5035
f 5035 5038 5034
f 5038 5039 5034
f 5034 5039 5032
f 5039 5036 5032
f 5032 5036 5033
f 5037 5036 5038
f 5038 5036 5039
f 5040 5041 5042
f 5042 5041 5043
f 5044 5045 5041
f 5041 5045 5043
f 5045 5046 5043
f 5043 5046 5042
f 5046 5047 5042
f 5042 5047 5040
f 5047 5044 5040
f 5040 5044 5041
f 5045 5044 5046
f 5046 5044 5047
f 5048 5049 5050
f 5050 5049 5051
f 5049 5052 5051
f 5051 5052 5053
f 5051 5053 5050
f 5050 5053 5054
f 5050 5054 5048
f 5048 5054 5055
f 5048 5055 5049
f 5049 5055 5052
f 5053 5052 5054
f 5054 5052 5055
f 5056 5057 5058
f 5058 5057 5059
f 5057 5060 5059
f 5059 5060 5061
f 5059 5061 5058
f 5058 5061 5062
f 5058 5062 5056
f 5056 5062 5063
f 5056 5063 5057
f 5057 5063 5060
f 5061 5060 5062
f 5062 5060 5063
f 5064 5065 5066
f 5066 5065 5067
f 5065 5068 5067
f 5067 5068 5069
f 5067 5069 5066
f 5066 5069 5070
f 5066 5070 5064
f 5064 5070 5071
f 5064 5071 5065
f 5065 5071 5068
f 5069 5068 5070
f 5070 5068 5071
f 5072 5073 5074
f 5074 5073 5075
f 5073 5076 5075
f 5075 5076 5077
f 5075 5077 5074
f 5074 5077 5078
f 5074 5078 5072
f 5072 5078 5079
f 5072 5079 5073
f 5073 5079 5076
f 5077 5076 5078
f 5078 5076 5079
f 5080 5081 5082
f 5082 5081 5083
f 5081 5084 5083
f 5083 5084 5085
f 5083 5085 5082
f 5082 5085 5086
f 5082 5086 5080
f 5080 5086 5087
f 5080 5087 5081
f 5081 5087 5084
f 5085 5084 5086
f 5086 5084 5087
f 5088 5089 5090
f 5090 5089 5091
f 5092 5093 5089
f 5089 5093 5091
f 5093 5094 5091
f 5091 5094 5090
f 5094 5095 5090
f 5090 5095 5088
f 5095 5092 5088
f 5088 5092 5089
f 5093 5092 5094
f 5094 5092 5095
f 5096 5097 5098
f 5098 5097 5099
f 5097 5100 5099
f 5099 5100 5101
f 5099 5101 5098
f 5098 5101 5102
f 5098 5102 5096
f 5096 5102 5103
f 5096 5103 5097
f 5097 5103 5100
f 5101 5100 5102
f 5102 5100 5103
f 5104 5105 5106
f 5106 5105 5107
f 5105 5108 5107
f 5107 5108 5109
f 5107 5109 5106
f 5106 5109 5110
f 5106 5110 5104
f 5104 5110 5111
f 5104 5111 5105
f 5105 5111 5108
f 5109 5108 5110
f 5110 5108 5111
f 5112 5113 5114
f 5114 5113 5115
f 5113 5116 5115
f 5115 5116 5117
f 5115 5117 5114
f 5114 5117 5118
f 5114 5118 5112
f 5112 5118 5119
f 5112 5119 5113
f 5113 5119 5116
f 5117 5116 5118
f 5118 5116 5119
f 5120 5121 5122
f 5122 5121 5123
f 5121 5124 5123
f 5123 5124 5125
f 5123 5125 5122
f 5122 5125 5126
f 5122 5126 5120
f 5120 5126 5127
f 5120 5127 5121
f 5121 5127 5124
f 5125 5124 5126
f 5126 5124 5127
f 5128 5129 5130
f 5130 5129 5131
f 5129 5132 5131
f 5131 5132 5133
f 5131 5133 5130
f 5130 5133 5134
f 5130 5134 5128
f 5128 5134 5135
f 5128 5135 5129
f 5129 5135 5132
f 5133 5132 5134
f 5134 5132 5135
f 5136 5137 5138
f 5138 5137 5139
f 5137 5140 5139
f 5139 5140 5141
f 5139 5141 5138
f 5138 5141 5142
f 5138 5142 5136
f 5136 5142 5143
f 5136 5143 5137
f 5137 5143 5140
f 5141 5140 5142
f 5142 5140 5143
f 5144 5145 5146
f 5146 5145 5147
f 5145 5148 5147
f 5147 5148 5149
f 5147 5149 5146
f 5146 5149 5150
f 5146 5150 5144
f 5144 5150 5151
f 5144 5151 5145
f 5145 5151 5148
f 5149 5148 5150
f 5150 5148 5151
f 5152 5153 5154
f 5154 5153 5155
f 5153 5156 5155
f 5155 5156 5157
f 5155 5157 5154
f 5154 5157 5158
f 5154 5158 5152
f 5152 5158 5159
f 5152 5159 5153
f 5153 5159 5156
f 5157 5156 5158
f 5158 5156 5159
f 5160 5161 5162
f 5162 5161 5163
f 5161 5164 5163
f 5163 5164 5165
f 5163 5165 5162
f 5162 5165 5166
f 5162 5166 5160
f 5160 5166 5167
f 5160 5167 5161
f 5161 5167 5164
f 5165 5164 5166
f 5166 5164 5167
f 5168 5169 5170
f 5170 5169 5171
f 5169 5172 5171
f 5171 5172 5173
f 5171 5173 5170
f 5170 5173 5174
f 5170 5174 5168
f 5168 5174 5175
f 5168 5175 5169
f 5169 5175 5172
f 5173 5172 5174
f 5174 5172 5175
f 5176 5177 5178
f 5178 5177 5179
f 5177 5180 5179
f 5179 5180 5181
f 5179 5181 5178
f 5178 5181 5182
f 5178 5182 5176
f 5176 5182 5183
f 5176 5183 5177
f 5177 5183 5180
f 5181 5180 5182
f 5182 5180 5183
f 5184 5185 5186
f 5186 5185 5187
f 5185 5188 5187
f 5187 5188 5189
f 5187 5189 5186
f 5186 5189 5190
f 5186 5190 5184
f 5184 5190 5191
f 5184 5191 5185
f 5185 5191 5188
f 5189 5188 5190
f 5190 5188 5191
f 5192 5193 5194
f 5194 5193 5195
f 5193 5196 5195
f 5195 5196 5197
f 5195 5197 5194
f 5194 5197 5198
f 5194 5198 5192
f 5192 5198 5199
f 5192 5199 5193
f 5193 5199 5196
f 5197 5196 5198
f 5198 5196 5199
f 5200 5201 5202
f 5202 5201 5203
f 5201 5204 5203
f 5203 5204 5205
f 5203 5205 5202
f 5202 5205 5206
f 5202 5206 5200
f 5200 5206 5207
f 5200 5207 5201
f 5201 5207 5204
f 5205 5204 5206
f 5206 5204 5207
f 5208 5209 5210
f 5210 5209 5211
f 5209 5212 5211
f 5211 5212 5213
f 5211 5213 5210
f 5210 5213 5214
f 5210 5214 5208
f 5208 5214 5215
f 5208 5215 5209
f 5209 5215 5212
f 5213 5212 5214
f 5214 5212 5215
f 5216 5217 5218
f 5218 5217 5219
f 5220 5221 5217
f 5217 5221 5219
f 5221 5222 5219
f 5219 5222 5218
f 5222 5223 5218
f 5218 5223 5216
f 5223 5220 5216
f 5216 5220 5217
f 5221 5220 5222
f 5222 5220 5223
f 5224 5225 5226
f 5226 5225 5227
f 5228 5229 5225
f 5225 5229 5227
f 5229 5230 5227
f 5227 5230 5226
f 5230 5231 5226
f 5226 5231 5224
f 5231 5228 5224
f 5224 5228 5225
f 5229 5228 5230
f 5230 5228 5231
f 5232 5233 5234
f 5234 5233 5235
f 5233 5236 5235
f 5235 5236 5237
f 5235 5237 5234
f 5234 5237 5238
f 5234 5238 5232
f 5232 5238 5239
f 5232 5239 5233
f 5233 5239 5236
f 5237 5236 5238
f 5238 5236 5239
f 5240 5241 5242
f 5242 5241 5243
f 5241 5244 5243
f 5243 5244 5245
f 5243 5245 5242
f 5242 5245 5246
f 5242 5246 5240
f 5240 5246 5247
f 5240 5247 5241
f 5241 5247 5244
f 5245 5244 5246
f 5246 5244 5247
f 5248 5249 5250
f 5250 5249 5251
f 5252 5253 5249
f 5249 5253 5251
f 5253 5254 5251
f 5251 5254 5250
f 5254 5255 5250
f 5250 5255 5248
f 5255 5252 5248
f 5248 5252 5249
f 5253 5252 5254
f 5254 5252 5255
f 5256 5257 5258
f 5258 5257 5259
f 5260 5261 5257
f 5257 5261 5259
f 5261 5262 5259
f 5259 5262 5258
f 5262 5263 5258
f 5258 5263 5256
f 5263 5260 5256
f 5256 5260 5257
f 5261 5260 5262
f 5262 5260 5263
f 5264 5265 5266
f 5266 5265 5267
f 5265 5268 5267
f 5267 5268 5269
f 5267 5269 5266
f 5266 5269 5270
f 5266 5270 5264
f 5264 5270 5271
f 5264 5271 5265
f 5265 5271 5268
f 5269 5268 5270
f 5270 5268 5271
f 5272 5273 5274
f 5274 5273 5275
f 5273 5276 5275
f 5275 5276 5277
f 5275 5277 5274
f 5274 5277 5278
f 5274 5278 5272
f 5272 5278 5279
f 5272 5279 5273
f 5273 5279 5276
f 5277 5276 5278
f 5278 5276 5279
f 5280 5281 5282
f 5282 5281 5283
f 5281 5284 5283
f 5283 5284 5285
f 5283 5285 5282
f 5282 5285 5286
f 5282 5286 5280
f 5280 5286 5287
f 5280 5287 5281
f 5281 5287 5284
f 5285 5284 5286
f 5286 5284 5287
f 5288 5289 5290
f 5290 5289 5291
f 5289 5292 5291
f 5291 5292 5293
f 5291 5293 5290
f 5290 5293 5294
f 5290 5294 5288
f 5288 5294 5295
f 5288 5295 5289
f 5289 5295 5292
f 5293 5292 5294
f 5294 5292 5295
f 5296 5297 5298
f 5298 5297 5299
f 5297 5300 5299
f 5299 5300 5301
f 5299 5301 5298
f 5298 5301 5302
f 5298 5302 5296
f 5296 5302 5303
f 5296 5303 5297
f 5297 5303 5300
f 5301 5300 5302
f 5302 5300 5303
f 5304 5305 5306
f 5306 5305 5307
f 5305 5308 5307
f 5307 5308 5309
f 5307 5309 5306
f 5306 5309 5310
f 5306 5310 5304
f 5304 5310 5311
f 5304 5311 5305
f 5305 5311 5308
f 5309 5308 5310
f 5310 5308 5311
f 5312 5313 5314
f 5314 5313 5315
f 5313 5316 5315
f 5315 5316 5317
f 5315 5317 5314
f 5314 5317 5318
f 5314 5318 5312
f 5312 5318 5319
f 5312 5319 5313
f 5313 5319 5316
f 5317 5316 5318
f 5318 5316 5319
f 5320 5321 5322
f 5322 5321 5323
f 5324 5325 5321
f 5321 5325 5323
f 5325 5326 5323
f 5323 5326 5322
f 5326 5327 5322
f 5322 5327 5320
f 5327 5324 5320
f 5320 5324 5321
f 5325 5324 5326
f 5326 5324 5327
f 5328 5329 5330
f 5330 5329 5331
f 5332 5333 5329
f 5329 5333 5331
f 5333 5334 5331
f 5331 5334 5330
f 5334 5335 5330
f 5330 5335 5328
f 5335 5332 5328
f 5328 5332 5329
f 5333 5332 5334
f 5334 5332 5335
f 5336 5337 5338
f 5338 5337 5339
f 5337 5340 5339
f 5339 5340 5341
f 5339 5341 5338
f 5338 5341 5342
f 5338 5342 5336
f 5336 5342 5343
f 5336 5343 5337
f 5337 5343 5340
f 5341 5340 5342
f 5342 5340 5343
f 5344 5345 5346
f 5346 5345 5347
f 5345 5348 5347
f 5347 5348 5349
f 5347 5349 5346
f 5346 5349 5350
f 5346 5350 5344
f 5344 5350 5351
f 5344 5351 5345
f 5345 5351 5348
f 5349 5348 5350
f 5350 5348 5351
f 5352 5353 5354
f 5354 5353 5355
f 5353 5356 5355
f 5355 5356 5357
f 5355 5357 5354
f 5354 5357 5358
f 5354 5358 5352
f 5352 5358 5359
f 5352 5359 5353
f 5353 5359 5356
f 5357 5356 5358
f 5358 5356 5359
f 5360 5361 5362
f 5362 5361 5363
f 5361 5364 5363
f 5363 5364 5365
f 5363 5365 5362
f 5362 5365 5366
f 5362 5366 5360
f 5360 5366 5367
f 5360 5367 5361
f 5361 5367 5364
f 5365 5364 5366
f 5366 5364 5367
f 5368 5369 5370
f 5370 5369 5371
f 5369 5372 5371
f 5371 5372 5373
f 5371 5373 5370
f 5370 5373 5374
f 5370 5374 5368
f 5368 5374 5375
f 5368 5375 5369
f 5369 5375 5372
f 5373 5372 5374
f 5374 5372 5375
f 5376 5377 5378
f 5378 5377 5379
f 5377 5380 5379
f 5379 5380 5381
f 5379 5381 5378
f 5378 5381 5382
f 5378 5382 5376
f 5376 5382 5383
f 5376 5383 5377
f 5377 5383 5380
f 5381 5380 5382
f 5382 5380 5383
f 5384 5385 5386
f 5386 5385 5387
f 5385 5388 5387
f 5387 5388 5389
f 5387 5389 5386
f 5386 5389 5390
f 5386 5390 5384
f 5384 5390 5391
f 5384 5391 5385
f 5385 5391 5388
f 5389 5388 5390
f 5390 5388 5391
f 5392 5393 5394
f 5394 5393 5395
f 5393 5396 5395
f 5395 5396 5397
f 5395 5397 5394
f 5394 5397 5398
f 5394 5398 5392
f 5392 5398 5399
f 5392 5399 5393
f 5393 5399 5396
f 5397 5396 5398
f 5398 5396 5399
f 5400 5401 5402
f 5402 5401 5403
f 5401 5404 5403
f 5403 5404 5405
f 5403 5405 5402
f 5402 5405 5406
f 5402 5406 5400
f 5400 5406 5407
f 5400 5407 5401
f 5401 5407 5404
f 5405 5404 5406
f 5406 5404 5407
f 5408 5409 5410
f 5410 5409 5411
f 5409 5412 5411
f 5411 5412 5413
f 5411 5413 5410
f 5410 5413 5414
f 5410 5414 5408
f 5408 5414 5415
f 5408 5415 5409
f 5409 5415 5412
f 5413 5412 5414
f 5414 5412 5415
f 5416 5417 5418
f 5418 5417 5419
f 5417 5420 5419
f 5419 5420 5421
f 5419 5421 5418
f 5418 5421 5422
f 5418 5422 5416
f 5416 5422 5423
f 5416 5423 5417
f 5417 5423 5420
f 5421 5420 5422
f 5422 5420 5423
f 5424 5425 5426
f 5426 5425 5427
f 5425 5428 5427
f 5427 5428 5429
f 5427 5429 5426
f 5426 5429 5430
f 5426 5430 5424
f 5424 5430 5431
f 5424 5431 5425
f 5425 5431 5428
f 5429 5428 5430
f 5430 5428 5431
f 5432 5433 5434
f 5434 5433 5435
f 5436 5437 5433
f 5433 5437 5435
f 5437 5438 5435
f 5435 5438 5434
f 5438 5439 5434
f 5434 5439 5432
f 5439 5436 5432
f 5432 5436 5433
f 5437 5436 5438
f 5438 5436 5439
f 5440 5441 5442
f 5442 5441 5443
f 5441 5444 5443
f 5443 5444 5445
f 5443 5445 5442
f 5442 5445 5446
f 5442 5446 5440
f 5440 5446 5447
f 5440 5447 5441
f 5441 5447 5444
f 5445 5444 5446
f 5446 5444 5447
f 5448 5449 5450
f 5450 5449 5451
f 5449 5452 5451
f 5451 5452 5453
f 5451 5453 5450
f 5450 5453 5454
f 5450 5454 5448
f 5448 5454 5455
f 5448 5455 5449
f 5449 5455 5452
f 5453 5452 5454
f 5454 5452 5455
f 5456 5457 5458
f 5458 5457 5459
f 5460 5461 5457
f 5457 5461 5459
f 5461 5462 5459
f 5459 5462 5458
f 5462 5463 5458
f 5458 5463 5456
f 5463 5460 5456
f 5456 5460 5457
f 5461 5460 5462
f 5462 5460 5463
f 5464 5465 5466
f 5466 5465 5467
f 5465 5468 5467
f 5467 5468 5469
f 5467 5469 5466
f 5466 5469 5470
f 5466 5470 5464
f 5464 5470 5471
f 5464 5471 5465
f 5465 5471 5468
f 5469 5468 5470
f 5470 5468 5471
f 5472 5473 5474
f 5474 5473 5475
f 5473 5476 5475
f 5475 5476 5477
f 5475 5477 5474
f 5474 5477 5478
f 5474 5478 5472
f 5472 5478 5479
f 5472 5479 5473
f 5473 5479 5476
f 5477 5476 5478
f 5478 5476 5479
f 5480 5481 5482
f 5482 5481 5483
f 5481 5484 5483
f 5483 5484 5485
f 5483 5485 5482
f 5482 5485 5486
f 5482 5486 5480
f 5480 5486 5487
f 5480 5487 5481
f 5481 5487 5484
f 5485 5484 5486
f 5486 5484 5487
f 5488 5489 5490
f 5490 5489 5491
f 5489 5492 5491
f 5491 5492 5493
f 5491 5493 5490
f 5490 5493 5494
f 5490 5494 5488
f 5488 5494 5495
f 5488 5495 5489
f 5489 5495 5492
f 5493 5492 5494
f 5494 5492 5495
f 5496 5497 5498
f 5498 5497 5499
f 5497 5500 5499
f 5499 5500 5501
f 5499 5501 5498
f 5498 5501 5502
f 5498 5502 5496
f 5496 5502 5503
f 5496 5503 5497
f 5497 5503 5500
f 5501 5500 5502
f 5502 5500 5503
f 5504 5505 5506
f 5506 5505 5507
f 5508 5509 5505
f 5505 5509 5507
f 5509 5510 5507
f 5507 5510 5506
f 5510 5511 5506
f 5506 5511 5504
f 5511 5508 5504
f 5504 5508 5505
f 5509 5508 5510
f 5510 5508 5511
f 5512 5513 5514
f 5514 5513 5515
f 5513 5516 5515
f 5515 5516 5517
f 5515 5517 5514
f 5514 5517 5518
f 5514 5518 5512
f 5512 5518 5519
f 5512 5519 5513
f 5513 5519 5516
f 5517 5516 5518
f 5518 5516 5519
f 5520 5521 5522
f 5522 5521 5523
f 5521 5524 5523
f 5523 5524 5525
f 5523 5525 5522
f 5522 5525 5526
f 5522 5526 5520
f 5520 5526 5527
f 5520 5527 5521
f 5521 5527 5524
f 5525 5524 5526
f 5526 5524 5527
f 5528 5529 5530
f 5530 5529 5531
f 5529 5532 5531
f 5531 5532 5533
f 5531 5533 5530
f 5530 5533 5534
f 5530 5534 5528
f 5528 5534 5535
f 5528 5535 5529
f 5529 5535 5532
f 5533 5532 5534
f 5534 5532 5535
f 5536 5537 5538
f 5538 5537 5539
f 5537 5540 5539
f 5539 5540 5541
f 5539 5541 5538
f 5538 5541 5542
f 5538 5542 5536
f 5536 5542 5543
f 5536 5543 5537
f 5537 5543 5540
f 5541 5540 5542
f 5542 5540 5543
f 5544 5545 5546
f 5546 5545 5547
f 5545 5548 5547
f 5547 5548 5549
f 5547 5549 5546
f 5546 5549 5550
f 5546 5550 5544
f 5544 5550 5551
f 5544 5551 5545
f 5545 5551 5548
f 5549 5548 5550
f 5550 5548 5551
f 5552 5553 5554
f 5554 5553 5555
f 5553 5556 5555
f 5555 5556 5557
f 5555 5557 5554
f 5554 5557 5558
f 5554 5558 5552
f 5552 5558 5559
f 5552 5559 5553
f 5553 5559 5556
f 5557 5556 5558
f 5558 5556 5559
f 5560 5561 5562
f 5562 5561 5563
f 5561 5564 5563
f 5563 5564 5565
f 5563 5565 5562
f 5562 5565 5566
f 5562 5566 5560
f 5560 5566 5567
f 5560 5567 5561
f 5561 5567 5564
f 5565 5564 5566
f 5566 5564 5567
f 5568 5569 5570
f 5570 5569 5571
f 5572 5573 5569
f 5569 5573 5571
f 5573 5574 5571
f 5571 5574 5570
f 5574 5575 5570
f 5570 5575 5568
f 5575 5572 5568
f 5568 5572 5569
f 5573 5572 5574
f 5574 5572 5575
f 5576 5577 5578
f 5578 5577 5579
f 5577 5580 5579
f 5579 5580 5581
f 5579 5581 5578
f 5578 5581 5582
f 5578 5582 5576
f 5576 5582 5583
f 5576 5583 5577
f 5577 5583 5580
f 5581 5580 5582
f 5582 5580 5583
f 5584 5585 5586
f 5586 5585 5587
f 5585 5588 5587
f 5587 5588 5589
f 5587 5589 5586
f 5586 5589 5590
f 5586 5590 5584
f 5584 5590 5591
f 5584 5591 5585
f 5585 5591 5588
f 5589 5588 5590
f 5590 5588 5591
f 5592 5593 5594
f 5594 5593 5595
f 5593 5596 5595
f 5595 5596 5597
f 5595 5597 5594
f 5594 5597 5598
f 5594 5598 5592
f 5592 5598 5599
f 5592 5599 5593
f 5593 5599 5596
f 5597 5596 5598
f 5598 5596 5599
f 5600 5601 5602
f 5602 5601 5603
f 5604 5605 5601
f 5601 5605 5603
f 5605 5606 5603
f 5603 5606 5602
f 5606 5607 5602
f 5602 5607 5600
f 5607 5604 5600
f 5600 5604 5601
f 5605 5604 5606
f 5606 5604 5607
f 5608 5609 5610
f 5610 5609 5611
f 5612 5613 5609
f 5609 5613 5611
f 5613 5614 5611
f 5611 5614 5610
f 5614 5615 5610
f 5610 5615 5608
f 5615 5612 5608
f 5608 5612 5609
f 5613 5612 5614
f 5614 5612 5615
f 5616 5617 5618
f 5618 5617 5619
f 5617 5620 5619
f 5619 5620 5621
f 5619 5621 5618
f 5618 5621 5622
f 5618 5622 5616
f 5616 5622 5623
f 5616 5623 5617
f 5617 5623 5620
f 5621 5620 5622
f 5622 5620 5623
f 5624 5625 5626
f 5626 5625 5627
f 5625 5628 5627
f 5627 5628 5629
f 5627 5629 5626
f 5626 5629 5630
f 5626 5630 5624
f 5624 5630 5631
f 5624 5631 5625
f 5625 5631 5628
f 5629 5628 5630
f 5630 5628 5631
f 5632 5633 5634
f 5634 5633 5635
f 5636 5637 5633
f 5633 5637 5635
f 5637 5638 5635
f 5635 5638 5634
f 5638 5639 5634
f 5634 5639 5632
f 5639 5636 5632
f 5632 5636 5633
f 5637 5636 5638
f 5638 5636 5639
f 5640 5641 5642
f 5642 5641 5643
f 5641 5644 5643
f 5643 5644 5645
f 5643 5645 5642
f 5642 5645 5646
f 5642 5646 5640
f 5640 5646 5647
f 5640 5647 5641
f 5641 5647 5644
f 5645 5644 5646
f 5646 5644 5647
f 5648 5649 5650
f 5650 5649 5651
f 5649 5652 5651
f 5651 5652 5653
f 5651 5653 5650
f 5650 5653 5654
f 5650 5654 5648
f 5648 5654 5655
f 5648 5655 5649
f 5649 5655 5652
f 5653 5652 5654
f 5654 5652 5655
f 5656 5657 5658
f 5658 5657 5659
f 5657 5660 5659
f 5659 5660 5661
f 5659 5661 5658
f 5658 5661 5662
f 5658 5662 5656
f 5656 5662 5663
f 5656 5663 5657
f 5657 5663 5660
f 5661 5660 5662
f 5662 5660 5663
f 5664 5665 5666
f 5666 5665 5667
f 5665 5668 5667
f 5667 5668 5669
f 5667 5669 5666
f 5666 5669 5670
f 5666 5670 5664
f 5664 5670 5671
f 5664 5671 5665
f 5665 5671 5668
f 5669 5668 5670
f 5670 5668 5671
f 5672 5673 5674
f 5674 5673 5675
f 5673 5676 5675
f 5675 5676 5677
f 5675 5677 5674
f 5674 5677 5678
f 5674 5678 5672
f 5672 5678 5679
f 5672 5679 5673
f 5673 5679 5676
f 5677 5676 5678
f 5678 5676 5679
f 5680 5681 5682
f 5682 5681 5683
f 5681 5684 5683
f 5683 5684 5685
f 5683 5685 5682
f 5682 5685 5686
f 5682 5686 5680
f 5680 5686 5687
f 5680 5687 5681
f 5681 5687 5684
f 5685 5684 5686
f 5686 5684 5687
f 5688 5689 5690
f 5690 5689 5691
f 5689 5692 5691
f 5691 5692 5693
f 5691 5693 5690
f 5690 5693 5694
f 5690 5694 5688
f 5688 5694 5695
f 5688 5695 5689
f 5689 5695 5692
f 5693 5692 5694
f 5694 5692 5695
f 5696 5697 5698
f 5698 5697 5699
f 5700 5701 5697
f 5697 5701 5699
f 5701 5702 5699
f 5699 5702 5698
f 5702 5703 5698
f 5698 5703 5696
f 5703 5700 5696
f 5696 5700 5697
f 5701 5700 5702
f 5702 5700 5703
f 5704 5705 5706
f 5706 5705 5707
f 5705 5708 5707
f 5707 5708 5709
f 5707 5709 5706
f 5706 5709 5710
f 5706 5710 5704
f 5704 5710 5711
f 5704 5711 5705
f 5705 5711 5708
f 5709 5708 5710
f 5710 5708 5711
f 5712 5713 5714
f 5714 5713 5715
f 5713 5716 5715
f 5715 5716 5717
f 5715 5717 5714
f 5714 5717 5718
f 5714 5718 5712
f 5712 5718 5719
f 5712 5719 5713
f 5713 5719 5716
f 5717 5716 5718
f 5718 5716 5719
f 5720 5721 5722
f 5722 5721 5723
f 5721 5724 5723
f 5723 5724 5725
f 5723 5725 5722
f 5722 5725 5726
f 5722 5726 5720
f 5720 5726 5727
f 5720 5727 5721
f 5721 5727 5724
f 5725 5724 5726
f 5726 5724 5727
f 5728 5729 5730
f 5730 5729 5731
f 5732 5733 5729
f 5729 5733 5731
f 5733 5734 5731
f 5731 5734 5730
f 5734 5735 5730
f 5730 5735 5728
f 5735 5732 5728
f 5728 5732 5729
f 5733 5732 5734
f 5734 5732 5735
f 5736 5737 5738
f 5738 5737 5739
f 5737 5740 5739
f 5739 5740 5741
f 5739 5741 5738
f 5738 5741 5742
f 5738 5742 5736
f 5736 5742 5743
f 5736 5743 5737
f 5737 5743 5740
f 5741 5740 5742
f 5742 5740 5743
f 5744 5745 5746
f 5746 5745 5747
f 5748 5749 5745
f 5745 5749 5747
f 5749 5750 5747
f 5747 5750 5746
f 5750 5751 5746
f 5746 5751 5744
f 5751 5748 5744
f 5744 5748 5745
f 5749 5748 5750
f 5750 5748 5751
